ISIN,NAME,Country,Region,2009-01-30 00:00:00,2009-02-27 00:00:00,2009-03-31 00:00:00,2009-04-30 00:00:00,2009-05-29 00:00:00,2009-06-30 00:00:00,2009-07-31 00:00:00,2009-08-31 00:00:00,2009-09-30 00:00:00,2009-10-30 00:00:00,2009-11-30 00:00:00,2009-12-31 00:00:00,2010-01-29 00:00:00,2010-02-26 00:00:00,2010-03-31 00:00:00,2010-04-30 00:00:00,2010-05-31 00:00:00,2010-06-30 00:00:00,2010-07-30 00:00:00,2010-08-31 00:00:00,2010-09-30 00:00:00,2010-10-29 00:00:00,2010-11-30 00:00:00,2010-12-31 00:00:00,2011-01-31 00:00:00,2011-02-28 00:00:00,2011-03-31 00:00:00,2011-04-29 00:00:00,2011-05-31 00:00:00,2011-06-30 00:00:00,2011-07-29 00:00:00,2011-08-31 00:00:00,2011-09-30 00:00:00,2011-10-31 00:00:00,2011-11-30 00:00:00,2011-12-30 00:00:00,2012-01-31 00:00:00,2012-02-29 00:00:00,2012-03-30 00:00:00,2012-04-30 00:00:00,2012-05-31 00:00:00,2012-06-29 00:00:00,2012-07-31 00:00:00,2012-08-31 00:00:00,2012-09-28 00:00:00,2012-10-31 00:00:00,2012-11-30 00:00:00,2012-12-31 00:00:00,2013-01-31 00:00:00,2013-02-28 00:00:00,2013-03-29 00:00:00,2013-04-30 00:00:00,2013-05-31 00:00:00,2013-06-28 00:00:00,2013-07-31 00:00:00,2013-08-30 00:00:00,2013-09-30 00:00:00,2013-10-31 00:00:00,2013-11-29 00:00:00,2013-12-31 00:00:00,2014-01-31 00:00:00,2014-02-28 00:00:00,2014-03-31 00:00:00,2014-04-30 00:00:00,2014-05-30 00:00:00,2014-06-30 00:00:00,2014-07-31 00:00:00,2014-08-29 00:00:00,2014-09-30 00:00:00,2014-10-31 00:00:00,2014-11-28 00:00:00,2014-12-31 00:00:00,2015-01-30 00:00:00,2015-02-27 00:00:00,2015-03-31 00:00:00,2015-04-30 00:00:00,2015-05-29 00:00:00,2015-06-30 00:00:00,2015-07-31 00:00:00,2015-08-31 00:00:00,2015-09-30 00:00:00,2015-10-30 00:00:00,2015-11-30 00:00:00,2015-12-31 00:00:00,2016-01-29 00:00:00,2016-02-29 00:00:00,2016-03-31 00:00:00,2016-04-29 00:00:00,2016-05-31 00:00:00,2016-06-30 00:00:00,2016-07-29 00:00:00,2016-08-31 00:00:00,2016-09-30 00:00:00,2016-10-31 00:00:00,2016-11-30 00:00:00,2016-12-30 00:00:00,2017-01-31 00:00:00,2017-02-28 00:00:00,2017-03-31 00:00:00,2017-04-28 00:00:00,2017-05-31 00:00:00,2017-06-30 00:00:00,2017-07-31 00:00:00,2017-08-31 00:00:00,2017-09-29 00:00:00,2017-10-31 00:00:00,2017-11-30 00:00:00,2017-12-29 00:00:00,2018-01-31 00:00:00,2018-02-28 00:00:00,2018-03-30 00:00:00,2018-04-30 00:00:00,2018-05-31 00:00:00,2018-06-29 00:00:00,2018-07-31 00:00:00,2018-08-31 00:00:00,2018-09-28 00:00:00,2018-10-31 00:00:00,2018-11-30 00:00:00,2018-12-31 00:00:00
AT000000STR1,STRABAG SE,AT,EUR,37.65,26.48,39.79,47.36,45.32,46.42,50.92,66.98,67.95,65.11,65.84,62.44,57.6,51.79,53.54,55.49,49.54,46.99,49.61,45.4,51.33,55.69,50.23,59.41,62.79,63.58,68.76,72.65,66.74,65.91,64.05,77.61,68.42,68.92,66.26,63.67,65.16,67.06,67.48,59.25,48.45,52.62,51.82,51.6,55.54,57.51,60.41,61.69,62.14,56.45,51.43,52.8,49.27,47.94,51.91,49.68,57.9,61.08,68.17,68.14,69.13,63.24,60.1,64.8,68.66,72.96,63.25,64.92,55.76,51.2,54.54,52.02,52.41,56.78,52.95,55.24,56.46,54.08,59.19,60.08,54.5,55.94,61.1,62.09,58.97,62.24,73.41,76.23,76.76,74.7,77.6,80.13,82.84,83.14,83.57,88.06,90.9,92.54,97.11,101.47,103.45,109.83,112.4,109.26,110.62,106.31,98.74,103.93,110.26,101.28,100.72,104.63,106.58,103.28,106.29,104.0,104.28,92.9,93.74,77.43
AT00000VIE62,FLUGHAFEN WIEN,AT,EUR,252.17,172.2,183.43,211.36,270.31,283.46,269.67,296.03,362.86,352.34,353.16,349.14,327.64,320.47,348.4,393.01,368.14,388.22,424.44,430.23,426.45,455.85,452.69,505.73,484.26,494.67,467.3,463.96,449.85,393.59,381.83,379.23,331.95,350.67,297.77,293.67,284.75,288.71,300.79,354.04,311.87,315.38,311.01,364.15,369.63,360.86,393.68,451.48,491.68,477.93,475.05,494.29,491.87,464.93,516.91,520.02,551.77,630.0,653.45,684.58,655.11,739.57,807.04,798.25,781.54,772.79,779.05,745.81,693.2,761.72,804.06,771.62,719.25,714.5,721.65,744.15,760.19,734.57,734.78,774.63,763.25,802.17,791.85,806.23,743.08,739.03,926.83,968.74,936.07,935.33,1018.6,958.82,854.63,836.69,812.43,853.19,976.92,975.06,1094.17,1253.71,1313.47,1335.04,1378.19,1381.58,1373.39,1417.74,1406.19,1422.45,1556.91,1485.63,1443.89,1431.26,1377.42,1337.88,1355.47,1370.8,1464.38,1396.0,1395.08,1416.63
AT0000606306,RAIFFEISEN BANK INTL.,AT,EUR,50.76,47.13,69.71,86.9,104.1,89.05,113.87,135.65,167.08,151.84,152.11,145.37,128.28,115.52,122.18,126.19,110.48,98.94,117.29,105.8,120.52,145.3,127.26,141.97,151.99,155.09,143.44,142.55,140.98,137.18,133.67,111.02,79.15,75.39,62.73,69.36,90.63,96.83,93.96,88.41,73.04,90.79,91.89,93.1,100.75,111.07,114.43,115.23,124.66,105.21,94.6,98.15,95.06,80.9,89.05,100.48,96.12,108.03,108.36,103.64,117.81,106.9,102.24,96.7,102.77,101.85,87.91,81.96,69.41,68.04,66.19,48.4,37.44,48.32,44.62,53.6,48.98,46.39,46.89,43.15,41.71,50.69,49.91,47.16,40.05,42.54,48.42,51.0,42.71,39.97,42.1,45.27,48.6,52.22,58.17,58.49,70.86,71.07,72.19,72.72,84.14,80.43,93.75,104.55,106.96,111.18,113.19,115.71,137.66,124.5,123.96,107.94,100.9,100.29,109.06,93.13,94.11,89.21,96.33,82.91
AT0000652011,ERSTE GROUP BANK,AT,EUR,167.28,107.4,186.63,248.17,292.68,327.89,422.1,515.68,542.68,493.25,494.22,454.52,466.01,459.07,511.58,546.32,447.54,400.75,498.02,451.88,497.74,559.55,486.96,585.2,622.91,655.84,627.23,628.37,631.3,664.29,608.14,462.61,329.22,275.79,218.82,223.52,278.58,319.35,291.82,291.82,219.02,240.38,229.92,256.57,283.16,318.22,372.81,401.48,426.41,408.87,353.66,397.69,418.03,343.04,392.19,413.76,409.1,456.86,456.4,451.57,471.14,459.4,442.2,433.93,453.67,421.79,336.05,335.54,298.8,331.91,354.15,303.59,282.95,342.63,321.27,370.96,377.75,370.22,393.27,388.1,377.66,384.29,400.03,409.64,377.25,336.25,367.13,375.29,356.84,300.73,353.3,373.83,394.89,417.99,370.99,391.16,405.32,388.9,435.12,476.34,498.45,524.75,568.17,579.13,592.91,589.77,599.72,594.97,692.93,701.5,688.62,673.19,591.21,592.49,613.87,565.97,589.89,579.0,560.13,471.37
AT0000720008,TELEKOM AUSTRIA,AT,EUR,198.55,185.16,213.2,186.83,233.2,236.18,229.52,264.41,272.2,248.66,262.78,215.78,209.67,198.65,211.69,200.57,192.71,182.19,209.56,208.8,245.39,248.93,226.77,229.78,224.56,232.76,238.44,252.17,227.97,224.78,215.98,196.09,179.15,202.25,204.21,211.29,205.5,205.92,204.87,193.23,170.74,182.5,168.91,148.25,131.15,116.73,120.53,140.27,137.19,122.61,121.83,127.21,127.03,118.31,129.83,134.23,157.01,154.35,159.45,141.93,163.71,182.35,186.11,185.52,182.14,184.22,180.3,176.74,169.85,141.2,139.98,136.72,133.98,144.32,146.65,151.96,145.08,136.46,140.51,128.1,116.19,124.95,112.33,113.04,113.68,117.25,127.13,129.56,127.8,120.75,122.57,118.73,117.58,119.46,115.63,123.2,128.44,134.3,142.25,146.18,170.76,168.09,192.77,205.87,194.36,200.93,206.91,198.8,207.88,192.03,203.9,204.46,189.54,183.61,191.74,190.65,170.63,163.71,161.85,167.18
AT0000730007,ANDRITZ,AT,EUR,682.16,658.4,735.91,821.67,966.76,1003.68,1043.37,1088.69,1192.2,1328.03,1440.03,1391.29,1349.85,1361.99,1451.64,1510.29,1345.52,1378.52,1533.83,1492.57,1720.4,1871.58,1947.07,2257.7,2089.98,2067.69,2343.11,2595.5,2641.12,2583.38,2441.14,2334.99,2074.16,2241.43,2207.48,2088.34,2329.66,2498.45,2527.63,2707.51,2735.27,2660.23,2838.63,2674.48,2933.14,3115.33,3297.06,3310.84,3405.46,3653.58,3558.55,3453.89,2882.14,2713.31,2850.9,2911.32,3114.55,3265.86,3364.12,3326.34,2909.63,3329.93,3311.41,3322.49,3193.69,3095.08,2902.76,2873.08,2856.74,2585.18,2902.12,2961.47,2901.19,3097.18,3260.61,3189.56,3365.18,3016.37,3065.17,2610.1,2449.16,2758.82,2860.05,2668.52,2522.24,2614.92,2998.41,3143.0,2858.93,2647.05,2860.84,2858.25,3054.93,2930.45,2897.16,2822.34,3029.43,2939.6,2900.35,3197.76,3473.81,3479.23,3530.4,3143.26,3344.06,3270.67,3245.23,3270.19,3481.79,3365.06,3339.22,3219.81,2980.97,3174.33,3395.3,3548.69,3490.43,3100.81,2879.36,2742.8
AT0000743059,OMV,AT,EUR,1496.8,1381.45,1745.46,1640.41,2199.79,2030.78,2141.96,2139.21,2186.13,2249.86,2294.96,2389.33,2156.4,2013.71,2039.16,1952.46,1793.27,1707.31,1885.15,1820.24,2112.01,2102.1,1898.66,2350.5,2502.59,2396.71,2549.56,2573.45,2434.57,2562.31,2344.47,2322.87,1772.58,2068.27,1942.8,1785.15,1924.98,2191.93,2082.0,1985.95,1676.79,1934.99,1939.17,2046.41,2156.85,2249.48,2200.14,2220.12,2536.78,2683.07,2622.29,2895.16,2942.66,2864.55,2805.29,2925.17,3137.96,3034.53,3117.34,3044.74,2749.24,2892.06,2882.88,2968.97,2746.01,2991.8,2663.52,2564.47,2228.83,2081.27,1920.2,1763.66,1649.47,1912.23,1817.77,2207.64,1967.7,1909.11,1858.19,1776.81,1683.99,1856.07,1980.83,1970.76,1777.02,1824.11,1956.16,2084.28,2012.63,2021.72,1917.99,2019.1,2077.89,2252.77,2334.7,2554.7,2524.37,2765.42,2847.1,3322.46,3863.44,3836.71,4174.27,4250.62,4314.24,4448.8,4613.54,4696.74,4783.36,4253.25,4305.07,4606.88,4381.45,4326.27,4316.86,4050.15,4287.68,4246.77,3854.39,3335.71
AT0000746409,VERBUND,AT,EUR,2114.84,1712.77,2090.29,2369.56,3072.06,2907.26,2769.41,2901.48,2885.29,2578.56,2573.11,2435.25,2396.54,2331.32,2272.07,2226.86,1899.39,1836.55,2114.35,2124.95,2140.01,2378.83,1880.67,2229.24,2385.71,2282.04,2651.63,2747.82,2722.56,2639.12,2482.35,2341.31,1764.53,1780.29,1616.48,1633.25,1649.79,1707.79,1843.07,1743.88,1440.33,1428.84,1195.13,1264.83,1290.6,1449.74,1424.7,1541.15,1327.44,1296.82,1352.96,1416.86,1351.41,1225.94,1272.54,1242.37,1463.99,1519.97,1407.39,1382.09,1363.43,1370.52,1330.2,1339.8,1344.93,1339.01,1299.88,1357.97,1392.67,1396.93,1375.72,1279.7,1209.31,1309.9,1156.93,1196.72,1127.22,1023.81,1097.36,995.28,933.66,1001.87,975.3,907.9,850.54,768.37,901.79,1014.26,991.43,1024.87,1136.32,1119.57,1211.25,1209.77,1061.77,1161.74,1168.76,1209.33,1235.44,1227.36,1380.02,1406.89,1457.38,1586.02,1742.67,1796.46,1752.81,1787.8,2053.25,1965.14,2145.12,2336.01,2439.31,2429.31,2963.64,3055.27,3700.79,3029.84,3072.07,3197.6
AT0000908504,VIENNA INSURANCE GROUP A,AT,EUR,382.72,273.07,348.66,478.28,534.84,547.32,578.6,655.22,718.04,729.06,678.83,664.8,621.15,621.67,681.0,634.75,543.01,540.48,627.49,624.3,711.71,710.18,616.23,689.89,720.28,759.97,756.13,790.48,771.44,745.13,721.97,633.37,521.71,574.44,483.76,539.03,585.82,601.17,597.18,552.83,493.54,569.61,548.78,590.77,597.74,604.45,668.4,749.48,745.05,713.99,683.03,746.92,709.56,672.7,748.63,735.86,745.03,769.44,762.6,723.95,688.43,743.14,715.38,772.69,784.85,802.02,745.55,728.11,676.86,720.27,747.4,672.41,636.07,664.3,663.1,596.84,568.67,534.93,541.05,510.79,458.86,501.86,436.7,428.61,384.45,362.93,330.67,352.2,356.52,304.1,319.69,316.15,326.87,317.09,327.94,361.64,391.68,388.19,390.46,417.28,456.95,468.21,499.38,490.13,491.5,487.33,490.57,514.29,591.04,554.73,555.67,541.88,494.15,469.73,490.49,470.49,491.67,458.57,443.06,399.26
AT0000937503,VOESTALPINE,AT,EUR,519.78,415.65,348.53,517.36,766.12,730.79,778.99,909.15,1006.08,972.21,1001.53,1040.52,999.41,997.11,1143.66,1065.97,778.79,781.57,922.34,858.45,1063.79,1141.77,1173.68,1379.22,1295.87,1333.4,1355.83,1421.49,1441.98,1591.51,1530.44,1139.15,867.92,1027.93,852.18,829.24,967.24,1049.12,989.8,954.17,736.27,780.16,836.21,879.62,918.52,965.31,989.8,1117.94,1122.25,1036.38,942.96,958.02,1021.47,1081.03,1211.84,1352.07,1515.38,1497.81,1578.55,1524.52,1419.95,1428.49,1392.73,1444.83,1467.04,1507.06,1435.36,1399.72,1286.81,1303.05,1355.16,1291.55,1158.65,1275.13,1191.73,1364.75,1351.33,1353.67,1444.54,1222.11,1146.47,1217.26,1088.28,1030.19,877.5,970.63,1121.08,1206.34,1146.58,1115.79,1219.32,1143.08,1197.34,1222.18,1312.09,1360.61,1465.5,1460.23,1365.22,1444.84,1567.84,1609.77,1794.37,1840.23,1811.2,1953.96,2066.63,2125.33,2312.73,2061.56,1859.07,1875.3,1905.08,1635.59,1844.36,1652.98,1682.57,1307.72,1221.93,1097.0
AT0000938204,MAYR-MELNHOF KARTON,AT,EUR,344.9,335.67,363.46,362.74,467.53,449.18,496.95,508.5,539.53,503.95,530.37,550.43,504.88,494.07,504.72,518.89,470.7,486.6,560.55,521.42,554.61,589.47,562.16,637.74,649.06,622.59,638.73,664.27,662.41,659.82,590.58,567.59,506.85,522.57,474.15,475.53,526.31,554.57,562.19,585.44,518.49,528.5,506.36,532.88,538.36,568.03,607.7,612.54,680.69,652.51,630.14,635.44,645.27,633.72,646.28,632.36,637.6,660.01,731.17,732.03,721.55,756.61,738.66,750.57,768.65,742.38,744.24,728.62,662.06,668.15,649.58,648.53,642.87,663.01,642.52,722.45,726.34,721.39,744.63,750.54,736.62,758.31,723.29,806.69,734.72,710.68,779.7,761.41,751.21,713.44,719.45,737.64,721.82,725.68,661.89,696.87,740.61,727.84,765.91,793.05,856.39,880.15,885.99,915.45,967.27,979.07,968.76,991.37,1061.28,1017.66,1021.17,1024.39,988.88,932.62,941.1,890.77,868.35,875.3,893.5,868.87
BE0003470755,SOLVAY,BE,EUR,4987.84,4027.06,4920.69,6072.89,6561.93,6052.67,6997.24,7564.34,7442.75,7078.44,7571.96,7778.84,7240.1,6963.25,7482.08,6954.85,6480.11,6358.17,7237.24,6723.36,7902.19,7823.21,7168.82,7914.06,7839.34,8786.7,8877.85,10813.39,11328.18,11715.26,11431.75,9325.98,7224.19,7835.23,7111.64,6267.26,7583.68,9493.95,9083.58,9350.11,8174.66,7700.82,8126.43,8772.63,9039.44,9378.01,10573.47,11248.02,12364.17,11255.28,10671.24,11541.96,11518.18,10432.81,10774.13,11077.39,11960.11,12494.0,12165.49,12631.02,11250.59,12489.44,12634.9,13017.94,13179.0,14008.67,13163.05,12840.11,12534.57,11086.32,11213.52,11071.48,11222.32,12233.2,11867.42,12111.27,11487.26,11432.71,11185.22,9773.94,8466.78,9443.21,9576.73,9460.57,7377.33,8323.63,9001.04,9058.47,9245.11,8434.98,9450.71,9980.15,10534.9,10436.05,10408.32,10694.7,10753.93,10729.81,11251.48,11676.01,12171.6,12462.11,13298.94,13471.19,13895.62,13817.44,13105.93,12941.51,13612.07,12932.25,13011.17,13093.9,12752.51,11995.47,13032.85,12671.86,12743.65,10833.56,10274.62,9482.35
BE0003565737,KBC GROUP,BE,EUR,1742.36,1012.49,1536.19,2127.45,1948.01,1730.7,2013.18,3558.43,4762.28,4106.04,4223.55,4136.38,4165.55,4301.92,4605.05,4329.92,3713.65,3701.31,4191.82,3952.15,4263.78,4123.32,3339.02,3246.97,3806.99,3972.33,3574.11,3875.18,4092.94,3805.92,3435.37,2747.54,2274.37,2192.9,1082.32,1223.66,1838.07,2297.47,2426.38,1873.22,1484.86,2049.78,2033.92,2111.63,2328.02,2274.58,2920.21,3341.65,3819.9,3599.86,3344.16,3807.8,3951.82,3694.07,3977.52,4359.85,4884.01,5423.11,5681.51,5647.49,5875.74,6309.46,6114.01,6048.98,5920.34,5406.89,5406.7,5676.51,5291.83,5321.6,5697.52,5589.77,5349.23,6042.26,6141.74,6555.41,6821.45,6806.06,7145.31,6756.8,6412.42,6237.09,6081.14,6384.68,5821.25,5415.0,5264.97,5723.28,6036.79,4972.56,5297.58,6023.41,5934.68,6201.25,6197.73,6407.43,6697.91,6335.47,6868.16,7452.9,7921.69,7966.46,8680.25,8631.7,8915.14,8737.27,8705.67,9070.64,10243.12,10015.45,9239.25,9292.43,8373.94,8365.61,8338.01,7715.99,8067.59,7477.37,7868.29,7101.53
BE0003593044,COFINIMMO,BE,EUR,260.05,232.43,228.06,254.42,281.91,268.72,285.38,306.07,322.29,333.62,329.21,326.57,312.43,313.61,325.93,317.5,284.31,276.22,309.54,292.6,324.34,347.61,301.89,318.85,331.55,340.21,357.51,376.1,364.46,367.62,358.06,347.88,305.66,317.7,307.35,304.05,302.22,312.21,316.64,311.48,285.43,305.23,297.11,301.51,303.98,310.83,309.35,322.95,330.3,324.16,313.66,329.6,330.12,314.85,329.26,319.17,337.96,348.71,356.26,356.59,335.67,346.62,343.7,353.17,362.93,377.79,375.93,375.11,343.56,351.93,354.45,352.11,370.36,375.8,355.43,356.96,340.2,334.49,350.26,339.51,341.03,363.1,338.06,346.19,351.44,355.38,397.98,402.43,404.29,389.64,414.08,407.78,412.58,388.09,366.6,380.07,372.22,369.33,379.89,401.24,415.59,421.53,434.32,442.45,440.98,435.74,443.54,452.44,463.63,432.98,445.03,456.28,440.57,450.59,478.93,476.65,455.87,437.68,445.26,453.27
BE0003735496,ORANGE BELGIUM,BE,EUR,306.53,258.59,262.82,250.55,269.85,269.13,276.96,289.54,310.62,310.12,315.39,308.78,284.31,266.34,277.06,276.36,236.62,252.53,272.11,273.18,298.1,321.33,283.73,316.34,303.93,310.86,337.46,361.23,363.06,385.37,354.32,337.75,299.19,298.85,283.46,272.91,259.88,249.73,258.24,196.34,166.06,192.47,173.2,182.14,181.37,151.88,151.73,146.8,157.76,136.14,129.19,137.1,137.29,128.84,88.43,92.14,105.49,107.89,114.21,117.81,117.13,102.42,116.8,120.64,127.56,118.23,123.3,122.77,115.74,132.73,148.01,146.96,137.43,146.37,134.46,118.02,114.45,117.2,134.77,128.9,133.18,152.41,137.82,150.28,128.2,129.11,138.93,135.49,148.76,142.77,150.19,144.06,151.56,139.31,128.8,129.74,139.86,140.97,132.78,129.19,147.08,147.42,154.99,151.38,145.79,146.05,136.64,132.49,133.69,117.35,128.87,131.18,126.86,108.7,103.36,97.53,101.25,115.7,120.28,126.88
BE0003739530,UCB,BE,EUR,12260.05,10932.16,11563.92,10774.01,13513.86,13009.57,13375.13,15836.92,17141.88,17440.67,18100.19,17046.78,18261.0,18035.81,17395.48,15760.0,13762.2,13196.56,13437.45,11930.73,14468.56,16153.49,13521.62,14360.38,14936.2,15516.79,15856.41,20171.09,20341.75,19156.55,19651.86,19125.44,18354.08,18974.38,17833.03,17996.81,17355.67,17290.34,18370.46,20346.81,20424.25,22026.31,21868.53,21415.81,23983.1,25404.82,24730.78,24825.36,25141.66,25202.83,27859.28,25777.0,24288.69,23835.3,25490.53,25707.25,26984.93,29167.74,29799.75,33057.1,31364.28,35586.75,35493.22,36779.74,35821.74,38000.14,41229.84,43579.8,40760.38,36216.03,35301.72,34330.56,34935.98,34415.54,32470.18,32355.96,32442.48,32609.14,35383.88,34398.74,35439.03,39527.46,40573.09,41097.07,38666.87,33811.82,34828.29,34440.9,33268.83,34350.47,36001.68,37720.38,35589.61,31114.91,29627.37,29560.26,31685.02,32860.23,35780.69,36258.19,32868.4,31963.36,33770.75,32023.58,33130.64,33872.22,34808.14,36975.51,40691.99,38635.9,37870.55,35750.9,37149.42,37069.31,40525.46,43203.84,42384.13,39627.33,39633.25,38427.52
BE0003755692,AGFA-GEVAERT,BE,EUR,18.67,12.18,8.93,12.01,16.13,15.09,16.3,27.45,29.12,32.13,34.21,34.44,38.67,46.79,41.09,39.81,34.07,30.7,32.03,36.37,39.14,33.74,25.34,24.87,25.82,26.57,25.08,25.87,28.32,25.87,22.89,18.1,15.24,14.63,10.53,9.25,10.47,11.39,13.35,12.65,9.1,9.48,8.92,9.13,9.69,9.46,9.27,10.16,11.72,11.44,10.42,10.46,11.19,10.24,11.54,11.46,13.33,13.78,12.7,14.05,17.11,16.8,19.64,22.17,18.2,16.97,17.3,16.71,15.27,14.61,13.95,14.65,13.53,14.21,13.35,14.53,15.68,16.14,17.52,17.63,20.86,24.79,28.76,32.98,24.7,21.35,25.89,23.02,21.18,18.81,20.94,18.32,18.26,24.07,26.55,22.45,22.87,23.73,28.42,29.39,26.51,28.15,26.92,25.6,27.64,27.25,26.4,27.04,29.2,28.56,22.42,20.75,20.74,24.35,27.7,25.49,26.61,25.89,24.93,22.05
BE0003797140,GBL NEW,BE,EUR,2407.82,2113.33,2216.19,2455.02,2713.72,2463.42,2661.16,2954.28,3110.23,2986.71,3070.91,3194.46,3102.23,2958.19,2984.12,2934.74,2499.35,2424.52,2691.38,2562.84,2890.36,3063.54,2723.48,2924.36,3122.09,3186.48,3238.94,3541.33,3227.74,3170.24,3013.58,2883.96,2533.38,2777.0,2535.64,2384.1,2585.73,2689.03,2755.67,2568.49,2316.1,2513.82,2428.08,2562.13,2750.89,2732.95,2881.25,2935.84,3090.9,2961.93,2836.02,2967.52,3028.43,2876.53,3109.33,3043.75,3257.9,3422.9,3391.04,3520.11,3459.81,3768.2,3824.08,3975.97,4101.27,4088.55,3912.21,3878.24,3606.84,3512.91,3568.92,3368.91,3260.51,3452.05,3260.48,3454.55,3358.24,3253.64,3359.06,3138.43,3043.34,3302.39,3322.02,3463.65,3057.79,3094.84,3342.05,3573.22,3538.29,3394.68,3509.58,3644.46,3689.07,3573.0,3417.51,3497.61,3541.88,3536.43,3785.9,3986.52,4141.41,4093.71,4351.23,4328.97,4480.31,4572.68,4587.39,4601.33,5033.24,4884.11,4859.86,4885.55,4611.52,4592.17,4630.61,4580.13,4567.12,4054.78,3919.96,3787.18
BE0003810273,PROXIMUS,BE,EUR,174.79,163.95,156.27,154.34,165.16,168.18,187.94,197.98,205.21,198.42,199.64,193.87,195.65,200.26,208.85,196.3,171.27,176.88,200.41,199.54,218.02,218.75,189.42,190.91,203.81,212.6,219.71,233.97,206.79,211.77,207.59,195.3,180.55,181.58,188.31,189.89,188.53,192.89,193.71,181.16,167.97,181.74,183.87,189.39,194.87,186.37,187.38,191.94,200.06,183.51,163.28,162.08,157.42,157.38,171.87,167.67,186.87,192.59,209.19,211.98,204.41,215.92,224.09,231.86,251.4,251.51,247.69,270.95,263.9,285.97,300.0,279.45,285.66,289.29,268.42,292.85,272.08,276.88,297.27,282.19,270.3,273.19,259.1,259.06,273.08,251.13,272.07,274.09,264.8,257.7,254.29,248.86,243.37,232.89,230.51,238.42,237.19,243.66,259.91,258.88,304.55,295.72,296.36,298.04,291.76,281.14,290.63,281.41,289.93,275.81,265.88,270.62,235.55,198.58,215.7,203.37,210.53,225.04,243.74,241.31
BE0003822393,ELIA GROUP,BE,EUR,133.45,136.1,130.42,145.83,153.17,150.28,154.19,156.42,166.38,166.96,169.15,161.41,156.66,156.29,155.19,156.27,139.35,136.0,148.98,147.39,158.78,163.7,153.48,166.48,173.17,170.21,176.91,192.4,208.44,191.48,183.66,196.61,182.79,183.59,177.19,174.24,170.66,180.7,189.61,191.85,175.45,191.51,184.96,181.9,190.29,189.78,190.21,209.47,216.89,203.91,199.24,205.05,199.3,200.94,202.66,200.17,214.02,220.17,216.84,223.16,221.28,231.31,242.84,254.67,256.06,250.17,240.86,242.2,237.92,245.45,249.01,230.76,217.28,224.59,208.37,219.42,214.38,206.23,215.07,230.52,247.66,247.98,228.56,237.32,245.59,245.24,254.09,263.8,264.09,292.27,278.67,263.59,267.26,270.22,258.36,273.98,260.87,268.91,276.45,277.26,312.56,301.83,311.91,317.26,309.29,309.81,314.56,307.16,329.32,338.04,333.64,338.09,345.1,339.44,340.17,341.43,351.6,341.15,363.78,363.51
BE0974258874,BEKAERT (D),BE,EUR,3009.4,2537.4,3479.01,4833.28,5375.28,5454.09,6584.67,7069.5,7020.85,6871.98,7902.96,8268.1,7773.74,8615.2,9573.29,9547.91,9105.77,9079.85,11734.34,10975.11,14260.2,16542.91,15541.19,18792.83,16361.95,17697.83,18627.37,20441.34,17434.5,12532.85,10040.46,9391.56,6819.61,7537.71,6617.27,5381.36,6807.17,5614.74,5379.95,4954.5,4436.57,4206.28,4399.9,4445.45,4896.96,4636.39,4052.48,4899.79,5115.99,4627.52,4707.72,5476.17,5102.44,5557.28,6138.17,6211.88,6540.53,7350.06,6367.86,6200.14,6027.45,6809.9,7134.26,7114.26,6787.72,6691.42,6695.63,6672.77,5974.82,5622.1,6098.66,5710.45,5407.87,5446.96,4829.65,5220.04,5315.88,5171.23,5389.21,5315.67,4815.32,5469.63,5193.22,5654.58,5881.18,6563.51,7461.29,8068.75,8315.4,8083.56,8558.56,7701.19,8536.72,8294.46,7795.95,7580.12,8092.59,8289.3,9160.11,9399.82,9862.75,9637.97,9136.52,9030.4,9100.72,8973.45,7898.73,8301.8,8663.85,9444.77,8076.97,7994.55,7250.03,6299.82,5464.04,4954.44,4828.62,4191.53,5067.84,4672.54
BE0974264930,AGEAS (EX-FORTIS),BE,EUR,1027.33,868.42,949.73,1288.49,1976.61,1762.87,2001.93,2214.81,2420.06,2252.74,2178.05,1946.42,1835.33,1775.28,1844.87,1605.07,1350.58,1202.67,1460.13,1347.69,1520.69,1628.59,1215.22,1216.81,1506.09,1685.08,1509.22,1612.4,1506.74,1481.46,1126.18,1100.86,962.82,1112.19,955.76,850.77,1136.05,1164.55,1198.54,1037.33,901.39,1128.38,1137.83,1271.6,1368.3,1450.25,1523.43,1669.42,1880.42,1943.73,1931.11,2161.51,2170.38,2066.39,2355.09,2314.2,2388.53,2511.42,2491.52,2598.99,2619.43,2798.09,2716.59,2618.08,2655.16,2516.74,2267.24,2123.05,2094.96,2106.37,2262.2,2252.67,2159.35,2278.46,2263.58,2370.01,2444.99,2517.8,2709.1,2674.63,2679.35,2903.13,2859.7,3040.63,2642.58,2416.37,2598.64,2566.26,2745.45,2335.1,2282.95,2339.76,2474.86,2474.36,2534.09,2691.0,2901.65,2583.42,2658.28,2777.51,2853.01,2838.61,3167.76,3273.61,3317.78,3424.37,3474.67,3450.85,3740.71,3714.81,3642.46,3790.77,3697.44,3682.05,3915.44,3785.48,3925.55,3655.88,3523.73,3278.76
BE0974293251,ANHEUSER-BUSCH INBEV,BE,EUR,136.57,148.2,147.43,166.86,189.2,194.99,213.76,233.41,246.35,255.04,269.52,282.02,271.37,270.96,272.56,264.93,262.44,265.01,288.19,284.01,320.7,340.77,297.1,312.58,301.65,303.9,310.53,352.57,332.69,320.14,318.89,305.6,294.59,309.65,329.2,338.99,334.98,372.33,402.69,404.35,379.81,436.45,443.37,472.25,477.61,469.01,491.76,486.29,486.64,526.34,556.53,543.88,526.39,507.58,548.78,529.89,568.73,594.63,587.67,611.47,550.3,602.48,602.39,624.66,639.84,669.01,631.1,648.66,648.32,642.97,691.72,667.15,716.5,749.13,717.91,716.83,714.82,713.47,713.08,650.51,631.13,715.3,775.39,748.2,754.68,677.72,749.52,755.5,773.34,797.17,786.72,754.64,799.51,699.29,642.33,655.02,641.77,677.61,679.71,695.42,731.07,690.53,751.39,740.71,749.72,766.13,730.11,708.12,718.96,675.63,695.27,643.57,602.99,650.34,652.42,604.23,562.57,475.27,497.28,428.26
BE0974320526,UMICORE,BE,EUR,234.38,191.59,231.12,256.59,308.84,293.17,335.75,350.4,386.58,395.74,439.83,433.96,402.54,388.28,452.23,474.61,398.38,384.46,443.6,458.71,569.58,622.88,630.61,691.85,680.35,668.12,658.05,768.27,736.23,729.17,684.48,648.66,497.56,586.02,579.11,558.63,628.3,705.35,742.7,740.72,647.83,630.06,606.05,649.02,721.47,707.41,716.3,757.83,717.7,690.16,648.76,638.9,667.78,578.27,626.53,643.2,684.58,672.7,630.95,658.95,602.61,692.85,717.98,689.8,685.38,661.35,687.71,690.41,629.31,563.01,586.37,579.69,601.91,629.3,600.61,721.15,711.3,687.36,638.81,579.52,563.71,626.01,606.14,615.84,536.14,664.57,730.97,739.33,747.88,762.32,858.04,881.51,938.03,907.8,896.58,853.93,836.98,789.82,853.89,883.15,1000.36,1048.03,1207.54,1133.7,1257.39,1358.54,1420.96,1439.92,1603.89,1724.48,1604.66,1708.37,1726.89,1754.03,1788.21,1717.2,1718.86,1447.77,1333.06,1224.28
CH0000816824,OC OERLIKON CORPORATION,CH,EUR,32.46,18.84,30.24,54.71,55.33,52.61,54.04,59.01,76.89,60.24,51.48,28.94,27.04,31.9,32.13,43.92,34.38,28.92,28.05,25.64,29.76,35.74,31.36,35.88,41.69,46.55,52.66,59.72,56.57,55.03,58.1,50.1,39.29,41.46,38.39,36.71,46.75,51.89,60.4,69.0,58.27,57.91,57.19,62.15,67.16,70.26,74.76,78.95,85.88,86.04,82.95,80.8,86.76,84.59,93.44,88.52,95.62,100.22,103.99,107.27,112.84,122.1,120.54,115.77,111.58,105.5,98.49,103.35,90.68,91.92,90.3,91.59,83.09,91.39,84.71,97.95,95.31,91.41,91.99,81.01,73.0,71.83,71.86,66.71,66.19,73.41,77.29,74.45,68.6,67.55,72.32,74.11,77.11,72.55,71.33,75.82,87.48,83.49,82.38,95.13,100.74,104.26,116.21,110.49,122.03,127.2,129.11,133.77,141.59,134.58,139.44,132.04,131.23,123.96,126.14,118.31,111.67,96.59,94.95,90.76
CH0008038389,SWISS PRIME SITE,CH,EUR,116.05,103.48,123.3,129.25,139.2,134.47,139.86,142.84,154.97,162.02,167.43,164.79,166.34,169.19,184.02,173.55,163.59,178.12,193.66,202.42,221.53,222.89,205.78,232.2,226.37,229.19,245.72,270.43,278.61,278.93,298.18,289.01,262.33,268.6,248.57,245.6,247.43,255.29,270.11,284.8,272.15,285.36,285.98,281.37,282.13,284.93,277.98,288.33,292.13,278.73,280.54,297.65,272.27,266.16,265.76,265.63,280.51,275.52,278.5,281.54,282.29,304.24,308.5,319.4,306.28,315.19,301.95,304.36,282.18,288.84,294.04,279.38,329.83,348.19,330.85,348.65,320.87,305.37,322.25,315.48,293.1,308.49,301.11,315.44,321.12,337.02,356.21,368.32,359.95,380.28,387.02,369.77,369.16,348.5,343.05,344.46,350.37,365.73,369.91,379.54,403.83,398.4,396.1,395.64,394.1,374.2,378.27,404.56,424.08,409.73,422.9,429.42,427.3,419.36,419.25,422.06,394.24,374.37,379.57,371.5
CH0008742519,SWISSCOM 'R',CH,EUR,138.5,132.81,123.6,122.69,138.15,143.31,152.31,161.85,166.98,169.4,181.73,178.85,171.89,160.79,170.85,167.25,157.12,167.69,183.72,191.9,199.93,206.02,202.26,217.39,218.47,217.53,220.61,237.28,238.88,237.72,249.99,232.87,211.95,211.5,196.24,197.62,205.12,207.72,209.61,205.93,200.7,222.64,221.81,222.48,222.35,229.69,232.84,237.83,244.98,252.58,256.41,274.4,248.28,254.5,259.1,263.27,279.83,297.76,298.45,308.28,320.61,344.39,357.9,368.88,362.29,352.89,337.14,353.3,344.68,357.33,369.53,319.22,355.97,349.96,352.83,375.36,364.43,354.0,369.18,341.12,314.16,326.66,311.4,317.26,312.72,310.1,344.5,334.5,313.93,326.54,325.33,315.17,313.87,301.69,281.09,295.74,290.56,291.0,304.25,301.76,332.2,334.4,339.07,348.29,354.95,349.96,365.8,368.27,378.52,374.97,342.31,349.76,324.59,323.98,341.17,324.91,330.99,332.95,348.12,345.86
CH0010645932,GIVAUDAN 'N',CH,EUR,152.82,130.8,116.88,148.09,152.18,147.94,160.52,174.1,181.05,179.88,191.4,193.31,199.43,198.89,217.26,216.04,194.2,211.26,226.84,236.5,254.07,254.89,249.53,267.63,246.01,246.32,255.51,280.37,278.82,267.4,277.3,244.5,198.13,233.13,235.83,242.27,236.57,240.1,249.84,251.95,240.53,254.9,252.92,245.49,246.5,259.79,260.71,273.07,288.49,311.51,329.52,344.54,345.53,344.76,371.23,359.63,390.94,380.65,378.77,383.35,396.56,419.28,429.03,436.73,455.25,462.36,454.58,461.32,443.34,461.75,495.48,500.25,506.51,535.45,516.76,535.71,519.97,493.16,533.47,490.41,462.06,511.47,514.58,518.76,530.15,536.23,577.47,578.15,561.81,588.7,604.34,606.67,597.96,567.79,521.54,538.32,528.69,534.03,544.93,582.25,620.91,605.54,603.2,616.64,658.41,675.81,689.07,698.73,728.54,690.07,705.98,696.39,693.66,704.58,729.01,757.46,767.46,754.83,764.71,717.29
CH0011075394,ZURICH INSURANCE GROUP,CH,EUR,1410.61,1116.33,1234.94,1554.94,1538.21,1455.08,1613.37,1820.52,1964.18,1904.38,1781.7,1811.67,1785.25,1996.13,2123.27,1956.57,1799.82,1950.21,2041.11,1960.59,2069.94,2150.79,1967.3,2281.75,2410.12,2548.07,2467.65,2628.34,2512.24,2371.85,2239.36,2117.66,1975.28,2198.59,2065.23,2134.78,2257.49,2375.45,2521.32,2469.05,2063.07,2276.98,2252.86,2431.82,2515.63,2487.95,2577.01,2684.22,2902.41,2774.48,2816.46,3013.75,2856.77,2792.37,2891.06,2678.76,2777.59,2988.09,3018.18,3134.53,3135.39,3299.65,3313.4,3292.88,3456.66,3466.44,3347.73,3478.3,3427.86,3474.84,3614.21,3607.57,3817.34,3697.56,3899.1,3747.17,3853.97,3691.69,3712.01,3330.61,2967.66,3213.46,3194.72,3129.35,2671.51,2586.4,2826.9,2943.77,3179.12,3229.55,3167.05,3362.57,3389.22,3440.66,3438.1,3625.75,3776.35,3639.02,3734.16,3867.05,4112.9,4073.62,4270.56,4172.89,4267.48,4269.99,4230.37,4254.4,4599.49,4614.52,4574.59,4755.14,4405.34,4389.77,4561.85,4523.94,4706.82,4614.83,4649.29,4406.82
CH0012005267,NOVARTIS 'R',CH,EUR,3340.96,3093.34,3199.0,3217.3,3364.88,3419.02,3839.6,3921.14,4219.13,4431.1,4687.38,4614.95,4553.72,4702.56,4731.53,4465.77,3973.96,4265.58,4225.14,4601.1,5044.01,5072.63,4672.17,5155.59,4890.77,5112.99,4966.96,5392.92,5881.77,5578.8,5612.39,5314.69,5101.15,5196.58,4931.56,5238.14,4939.38,5216.7,5269.93,5257.54,4949.92,5328.66,5600.55,5629.54,5838.58,5739.0,5902.28,5983.97,6492.07,6742.78,7042.05,7348.64,7108.69,7010.85,7085.97,7194.27,7598.44,7691.59,7838.87,7914.69,7838.02,8519.24,8674.14,8853.31,9176.62,9250.78,8937.48,9186.05,9638.9,9479.18,9913.95,9494.96,10010.04,10501.72,10390.24,10827.28,10736.73,10349.02,10963.92,10277.67,9602.93,9566.77,8979.92,9101.11,8041.1,7835.04,7927.63,8317.88,8643.66,8960.89,9049.61,8579.79,8583.86,7753.74,7510.98,7940.86,7998.09,8526.68,8383.8,8679.4,9250.43,9404.84,9638.57,9501.3,9670.4,9307.64,9677.67,9543.83,10222.82,9453.78,9439.66,9064.91,8683.01,8869.76,9837.54,9723.76,10109.14,10263.27,10648.41,9974.27
CH0012032048,ROCHE HOLDING,CH,EUR,1253.86,1016.84,1265.02,1168.28,1257.25,1250.58,1441.78,1466.46,1486.51,1480.83,1506.61,1566.08,1559.38,1539.92,1545.87,1501.46,1307.11,1315.65,1232.34,1295.02,1307.09,1398.03,1315.58,1398.63,1454.22,1434.36,1431.65,1612.72,1755.71,1668.19,1793.44,1746.69,1616.72,1658.95,1590.44,1699.66,1691.32,1745.41,1810.07,1902.39,1624.7,1800.04,1850.17,1899.93,1947.02,2003.06,2050.44,2093.41,2303.5,2395.88,2514.02,2694.87,2683.97,2675.31,2643.13,2681.46,2905.42,2988.22,3012.32,3018.28,2965.26,3319.08,3327.31,3250.0,3269.11,3308.04,3228.57,3241.87,3286.12,3269.34,3331.32,3012.6,2996.77,3027.78,3157.1,3288.74,3348.75,3206.42,3321.29,3122.22,3008.25,3113.02,3065.3,3158.11,2945.78,2951.19,2918.2,2986.89,3098.14,3103.58,3023.4,2881.31,2935.03,2715.98,2627.29,2701.87,2788.11,2884.72,3115.38,3187.64,3348.84,3108.46,3094.03,3088.76,3114.51,2818.96,3081.14,3083.64,3008.83,2828.72,2894.02,2821.78,2715.36,2809.29,3105.33,3149.2,3078.57,3081.91,3279.13,3123.01
CH0012138530,CREDIT SUISSE GROUP DEAD - DELIST.14/06/23,CH,EUR,769.12,742.68,911.94,1174.11,1337.76,1367.44,1406.98,1530.64,1661.55,1623.33,1552.61,1485.12,1324.12,1333.18,1548.25,1382.38,1214.96,1186.26,1417.47,1374.72,1343.95,1292.08,1161.77,1263.45,1404.33,1445.66,1333.67,1414.97,1388.24,1255.69,1167.46,924.55,854.31,950.58,780.13,763.14,839.61,872.54,920.42,773.4,636.35,612.5,577.99,655.06,717.7,784.67,801.48,822.99,999.81,910.57,890.26,942.83,1017.86,899.42,1018.38,1001.08,1063.01,1084.98,1039.09,1067.12,1052.95,1094.47,1126.4,1103.2,1063.88,1021.72,972.06,1009.6,989.77,949.6,957.44,901.78,755.28,876.99,963.03,945.72,970.63,1010.82,1089.2,986.32,881.03,920.3,790.97,796.47,645.74,496.0,522.43,558.76,530.11,421.35,459.33,519.06,522.0,556.39,528.4,572.31,604.9,602.3,592.67,605.13,572.84,603.12,642.65,611.42,660.27,657.64,732.71,771.16,834.38,802.46,721.15,732.7,669.89,660.12,707.3,658.04,662.08,576.23,516.8,480.36
CH0012138605,ADECCO GROUP,CH,EUR,171.46,156.67,159.44,202.29,228.76,218.81,251.6,252.98,279.2,236.15,262.31,290.18,286.56,261.71,298.97,309.72,258.44,255.64,270.36,248.7,279.99,297.89,305.45,350.06,346.67,358.51,351.69,385.64,369.16,347.21,326.93,253.09,215.98,264.17,234.92,228.25,257.33,272.99,283.84,264.14,219.61,251.18,249.53,257.28,269.6,273.8,279.79,297.08,325.14,324.2,310.85,314.04,328.89,333.86,370.9,368.69,417.78,433.72,453.12,465.68,462.17,505.83,488.44,503.51,503.99,496.17,452.07,457.4,409.09,407.39,424.45,417.64,451.37,476.85,502.67,506.84,490.26,502.81,519.51,486.22,451.45,462.26,424.0,426.14,377.65,362.08,405.06,414.36,389.78,322.78,354.05,370.51,362.93,382.76,395.56,421.79,458.95,463.71,457.2,487.18,489.7,499.55,508.22,480.54,517.81,527.63,503.44,508.34,547.52,536.18,471.85,459.65,414.98,408.34,425.06,423.68,364.1,338.48,341.09,321.51
CH0012142631,CLARIANT,CH,EUR,33.39,25.33,26.01,38.33,39.24,42.3,49.85,60.72,60.94,64.42,70.25,79.27,74.81,72.76,85.43,93.18,78.24,85.56,88.45,86.37,98.63,113.45,121.91,136.26,118.97,110.53,121.45,139.44,148.24,128.77,106.48,75.75,61.65,74.34,66.16,66.89,82.02,94.74,93.01,85.78,68.7,68.59,73.73,78.27,82.9,74.54,83.94,93.93,95.35,106.45,99.47,104.47,103.66,100.76,111.13,115.49,120.35,126.09,125.4,130.87,134.98,145.99,141.73,143.35,150.8,142.65,136.08,128.58,124.77,126.82,132.36,122.62,117.22,132.67,145.85,163.46,158.57,152.42,149.13,134.15,124.86,137.26,137.2,141.19,120.81,124.8,135.09,144.2,136.04,128.43,132.93,132.77,131.35,126.22,122.82,131.65,142.72,142.73,147.27,157.87,163.39,172.0,181.87,187.8,187.01,196.4,212.86,218.1,223.5,195.59,189.91,185.31,192.85,191.25,190.78,199.66,208.46,172.07,157.75,146.3
CH0012214059,HOLCIM,CH,EUR,1146.63,949.19,1011.9,1455.03,1566.1,1688.94,1869.12,2094.0,2123.8,1983.7,2231.48,2413.7,2155.31,2052.72,2314.52,2324.6,2005.77,2134.22,2101.59,1903.65,2040.47,1970.65,2049.21,2394.64,2222.41,2318.2,2389.59,2739.1,2569.01,2431.73,2218.99,2038.76,1730.15,2075.33,1802.9,1734.16,1840.51,2113.5,2102.87,2045.48,1744.83,1817.38,1943.66,2019.5,2094.38,2242.55,2252.3,2401.56,2556.81,2667.14,2625.12,2605.92,2601.0,2325.32,2405.64,2263.03,2486.76,2494.37,2431.15,2507.75,2435.04,2708.49,2768.83,3058.69,2984.56,2985.7,2723.13,2707.41,2475.99,2405.2,2515.34,2439.03,2379.36,2635.29,2540.7,2788.64,2716.5,2551.56,2419.92,2197.73,1895.85,2052.27,1941.52,1823.41,1520.02,1441.65,1713.97,1838.81,1688.0,1562.34,1791.63,1992.66,2033.26,2006.45,1984.63,1981.81,2013.02,2142.52,2220.54,2127.16,2338.6,2230.68,2332.95,2281.63,2276.27,2199.78,2131.86,2194.22,2385.89,2280.18,2125.2,2176.01,2072.01,1967.57,2065.76,1970.88,2003.07,1872.85,1809.87,1659.13
CH0012221716,ABB LTD N,CH,EUR,1202.5,1130.83,1288.32,1324.99,1511.07,1447.79,1715.16,1818.18,1895.58,1775.48,1732.64,1824.09,1744.86,1915.41,2069.03,1828.98,1621.48,1663.5,1950.25,1878.3,2057.78,2011.5,1894.33,2169.39,2302.78,2372.98,2340.68,2669.11,2673.13,2578.8,2398.45,2134.25,1729.28,1912.55,1891.05,1883.27,2081.73,2047.72,2040.87,1886.45,1620.31,1689.75,1812.58,1804.89,1943.09,1865.45,2018.07,2120.47,2219.24,2374.9,2340.57,2421.5,2357.49,2316.34,2350.69,2280.76,2527.78,2734.32,2742.37,2821.24,2669.09,2728.53,2758.22,2565.76,2629.12,2544.46,2549.51,2513.22,2484.12,2417.99,2487.55,2350.92,2126.99,2383.68,2347.07,2427.24,2474.9,2379.07,2340.02,2211.85,2019.14,2168.83,2174.51,2055.64,1964.65,2059.06,2242.19,2424.16,2383.21,2248.67,2536.62,2581.03,2677.44,2454.95,2420.55,2515.12,2826.15,2699.89,2785.73,3011.59,3094.61,3043.02,2895.25,2842.9,3045.01,3219.95,3156.9,3298.7,3435.35,3002.85,2919.88,2996.08,2893.64,2790.24,2927.66,3015.24,3029.85,2575.52,2580.77,2420.3
CH0012549785,SONOVA N,CH,EUR,978.55,1003.7,1227.23,1331.11,1496.78,1665.56,1796.59,1966.36,2066.02,2119.16,2437.08,2490.61,2567.0,2562.39,2553.19,2555.76,2224.95,2555.44,2501.28,2652.35,2543.07,2399.81,2602.83,2681.1,2611.06,2753.36,1852.3,2082.35,2177.43,1959.61,1988.01,1793.19,1914.87,2256.97,2200.85,2208.52,2149.65,2356.61,2332.45,2320.47,1968.37,2057.04,2017.81,1977.84,2153.33,2141.24,2325.75,2358.49,2462.16,2559.68,2560.91,2319.4,2340.7,2289.41,2377.85,2388.27,2687.29,2819.64,3021.68,2917.05,2974.46,3053.37,3162.11,3118.41,3303.44,3343.86,3410.51,3513.0,3500.29,3411.29,3325.6,3240.15,2884.71,3054.0,3053.06,3036.36,3292.12,3010.8,3186.99,2898.02,2856.9,3048.68,2810.88,2830.96,2663.59,2684.25,2854.72,2977.45,2971.3,3000.22,3113.35,3138.41,3213.72,3040.36,2733.49,2750.94,2994.62,2984.18,3144.21,3348.16,3756.14,3735.79,3736.4,3875.81,3901.87,4151.71,3666.68,3588.85,3710.09,3608.1,3642.49,3811.24,4020.12,4176.89,4306.23,4434.4,4662.73,3814.92,3765.05,3799.33
CH0013841017,LONZA GROUP,CH,EUR,117.63,124.27,127.32,120.93,135.29,129.9,128.84,128.84,142.58,102.2,101.37,92.46,93.96,103.25,106.98,104.79,87.94,89.57,103.37,111.07,114.87,117.1,103.88,107.5,105.78,113.05,112.59,117.83,119.01,107.63,117.51,90.6,83.4,92.69,84.44,81.75,74.42,71.88,71.1,65.14,51.31,60.1,65.39,67.04,75.61,73.24,69.62,77.89,85.03,90.63,93.97,104.36,111.47,112.58,114.72,105.82,122.52,134.09,139.92,142.42,150.69,158.08,152.79,160.37,165.33,167.1,170.57,176.22,185.47,168.97,181.05,173.4,182.26,190.33,192.1,222.41,219.07,209.23,228.21,214.66,204.77,230.61,247.64,255.09,238.82,238.92,266.0,264.69,274.38,263.04,300.51,301.57,304.35,300.28,283.38,275.75,291.47,293.66,300.8,329.3,360.55,376.43,414.53,439.36,456.53,462.33,455.3,469.88,484.32,443.1,408.97,428.98,471.36,466.31,541.93,566.71,602.67,553.26,567.76,454.03
CH0014786500,VALIANT 'R',CH,EUR,545.07,536.61,553.1,552.99,597.33,587.47,593.39,607.88,624.04,628.81,644.8,622.4,610.37,605.07,621.84,604.81,570.53,603.43,626.59,634.4,652.82,506.01,454.52,454.78,477.99,470.7,444.94,457.9,475.66,497.62,526.94,490.69,449.93,465.91,418.34,422.84,414.4,415.65,408.38,403.75,375.43,384.36,298.32,276.34,297.99,337.16,364.23,325.21,340.1,314.58,305.69,321.19,311.29,298.79,333.15,334.11,349.81,333.03,321.32,319.28,346.34,360.74,358.1,393.6,393.69,382.78,349.25,344.55,292.75,321.38,322.93,305.37,299.63,303.01,310.7,330.14,346.06,372.2,381.98,430.98,440.24,442.98,421.81,450.34,414.24,388.17,408.53,423.69,422.87,380.19,378.12,373.74,364.53,375.34,377.95,394.58,421.31,415.46,421.21,453.72,476.0,470.67,482.82,445.65,444.33,421.05,445.29,442.01,494.11,497.27,483.09,492.06,465.92,479.18,452.42,486.73,481.92,478.92,467.63,463.78
CH0014852781,SWISS LIFE HOLDING,CH,EUR,52.18,47.3,66.2,75.17,80.29,82.65,99.91,113.8,118.62,120.96,123.36,128.2,128.67,126.71,132.1,122.93,108.19,96.82,107.49,107.27,117.64,125.84,115.11,148.98,164.73,169.74,170.42,186.62,171.36,168.21,158.49,146.33,118.2,132.96,111.07,98.32,105.76,123.2,126.44,114.11,89.36,104.94,107.09,126.92,132.81,140.39,149.3,147.93,167.58,183.82,165.74,181.96,192.09,186.67,205.68,214.96,217.71,228.96,238.72,239.45,248.36,285.77,282.48,289.6,284.03,279.68,273.53,297.98,281.67,270.08,271.0,280.58,263.54,281.53,292.03,288.5,290.13,278.05,288.17,284.13,270.04,290.7,306.39,328.95,307.51,297.33,324.09,317.25,325.57,288.67,287.87,314.47,325.86,332.77,344.74,356.16,380.78,396.33,405.57,422.44,433.68,438.84,475.12,463.8,457.84,451.85,436.7,459.79,488.26,471.35,461.52,475.0,461.16,468.79,484.8,489.97,513.86,509.99,529.1,518.21
CH0018294154,PSP SWISS PROPERTY AG,CH,EUR,147.52,139.95,147.06,164.55,178.19,174.04,192.32,200.67,210.89,205.11,206.64,206.4,210.88,216.72,234.57,217.37,201.25,227.92,249.81,257.57,282.7,292.22,268.91,305.9,298.39,303.1,314.36,344.5,360.82,373.43,398.67,388.68,354.18,362.46,342.01,331.0,329.07,343.14,349.4,366.98,344.87,361.19,367.43,380.73,371.6,375.26,382.48,386.43,391.62,372.67,373.33,398.61,384.55,366.89,372.47,363.91,368.42,365.57,365.15,360.28,365.99,392.93,399.25,423.6,400.9,415.59,390.98,400.0,370.47,378.34,385.02,381.12,455.49,460.92,416.48,425.58,391.42,391.42,412.72,395.75,374.84,399.16,379.66,401.98,388.25,391.38,441.7,457.2,444.12,460.06,479.69,454.69,452.55,424.44,407.84,410.64,427.11,443.27,431.9,441.36,465.03,460.83,449.21,451.02,454.09,433.86,439.89,466.78,485.06,467.75,479.38,479.31,469.39,473.46,481.61,508.83,497.26,494.05,495.47,502.06
CH0024608827,PARTNERS GROUP HOLDING,CH,EUR,83.12,68.35,75.03,109.58,129.13,125.9,135.8,149.97,158.26,159.95,159.12,164.13,162.69,164.45,184.27,174.14,155.27,162.25,188.51,186.84,223.58,245.56,235.58,255.37,233.75,240.36,257.53,283.8,270.94,243.81,262.37,234.37,227.83,260.63,255.56,241.82,241.53,258.05,268.79,262.51,236.28,254.02,260.67,275.14,296.97,301.86,310.95,329.04,334.7,330.99,352.86,366.14,371.15,395.51,385.35,374.3,358.75,379.91,365.48,391.42,347.22,380.6,411.48,400.19,401.45,412.87,379.06,399.44,397.57,401.38,435.03,440.07,404.84,466.44,451.77,474.78,485.86,465.05,523.38,502.06,525.56,564.73,561.96,561.17,558.86,566.33,627.62,640.82,672.6,682.73,732.37,732.55,806.69,808.54,773.93,749.41,806.78,837.45,858.62,964.35,1003.1,1015.16,1064.33,1058.42,1110.42,1100.84,1125.74,1121.0,1272.71,1188.75,1212.48,1200.1,1215.06,1229.14,1275.25,1320.09,1337.1,1196.68,1098.7,1014.32
CH0024638212,SCHINDLER 'R',CH,EUR,2898.42,3189.69,3151.41,3602.85,4015.92,4267.32,4418.09,4570.77,4847.97,4783.72,5132.75,5223.0,5203.7,5475.88,6134.28,6136.68,5466.79,5909.1,6164.55,6948.17,7575.86,7668.7,8111.9,8462.55,7876.87,7993.73,8798.87,9302.23,9089.18,8801.72,8472.32,8838.78,7971.23,8611.08,8860.41,8469.07,8461.47,8863.42,8828.17,9451.56,8234.38,8352.31,8688.16,8748.65,9136.1,9570.05,10345.65,10486.74,10688.43,11173.32,10746.27,11010.92,10666.93,10166.7,10449.85,10148.1,10920.86,10706.48,10487.55,11120.69,11062.01,11399.3,11243.65,11653.77,11700.01,11527.29,11317.56,11144.98,10194.45,10343.4,10712.77,10972.58,11135.46,12484.82,12775.25,12994.01,13492.36,12742.82,12739.57,12144.87,11397.7,12722.02,12798.96,13166.92,11988.07,13295.66,14567.78,14570.6,14597.2,14400.89,15344.18,14979.76,15003.25,14659.3,13872.94,13865.92,14934.28,15195.49,15424.47,16138.27,16922.87,16876.81,17138.08,17046.5,17502.69,17968.33,18123.0,18396.27,19817.29,18426.59,17326.34,16684.56,17062.46,17443.68,18787.35,19213.63,20110.77,17252.7,15721.35,16039.59
CH0025238863,KUEHNE UND NAGEL INTERNATIONAL,CH,EUR,1041.0,915.64,1103.34,1436.3,1510.29,1519.32,1605.74,1545.14,1685.08,1766.9,1875.52,1887.77,1899.15,1763.77,1968.32,2040.77,1866.92,2059.04,2120.34,2074.22,2398.81,2457.54,2564.54,2770.04,2580.78,2668.97,2789.54,3160.35,3216.03,3104.41,2869.26,2855.18,2318.42,2571.36,2496.07,2311.26,2577.33,2708.36,2767.3,2489.5,2256.19,2249.0,2423.99,2424.04,2400.74,2479.99,2559.23,2553.0,2494.19,2454.0,2322.06,2433.32,2457.41,2404.12,2644.07,2726.78,2874.67,2778.61,2849.93,2888.29,2918.76,3128.02,3071.88,2994.71,3146.52,3065.44,3075.68,3111.59,2907.75,2996.9,3110.72,3136.91,3169.95,3373.0,3427.41,3457.2,3394.16,3220.98,3366.67,3230.53,3108.02,3373.63,3282.29,3339.16,3195.9,3165.96,3462.71,3497.42,3540.07,3519.72,3542.72,3517.95,3661.78,3416.45,3281.95,3334.1,3439.71,3594.88,3559.04,3803.72,4215.93,4360.28,4554.84,4717.15,4836.33,4561.02,4592.49,4619.88,4797.85,4272.05,4096.25,4086.26,4092.33,4067.87,4330.51,4380.94,4309.91,3770.72,3806.07,3470.06
CH0025751329,LOGITECH 'R',CH,EUR,503.35,444.99,537.53,701.38,728.67,717.37,867.05,957.5,943.75,891.34,855.89,899.19,891.63,799.25,854.51,855.03,744.43,709.56,811.11,771.48,908.44,983.56,998.64,990.01,975.98,985.59,937.23,715.09,640.63,579.97,499.19,607.47,405.21,507.83,426.61,406.65,397.14,443.11,403.78,529.47,527.08,559.76,461.03,483.22,518.91,407.66,399.38,428.3,380.24,383.72,384.15,360.53,392.05,389.23,401.22,413.2,511.22,595.81,665.17,799.92,917.01,926.36,867.83,784.92,763.31,756.38,855.81,798.97,747.59,820.64,864.93,800.94,871.43,883.19,782.84,893.65,950.28,867.4,855.74,786.22,798.45,906.75,923.3,945.09,968.27,956.0,981.53,942.15,945.39,996.33,1229.98,1287.96,1418.13,1527.27,1550.7,1575.99,1805.66,1829.28,2006.66,2106.39,2307.25,2321.19,2297.28,2237.65,2341.23,2293.84,2238.22,2165.95,2695.55,2538.12,2342.13,2389.99,2624.61,2821.32,2826.68,3173.32,2924.11,2412.87,2188.11,2042.62
CH0030170408,GEBERIT 'R',CH,EUR,361.2,336.54,334.98,400.45,476.76,477.5,538.53,599.16,596.39,645.96,670.42,690.03,692.17,666.33,696.87,690.89,609.98,629.23,655.46,649.72,721.33,771.8,818.97,934.07,853.71,868.72,880.32,967.3,1000.53,981.46,980.03,868.87,770.5,859.96,795.39,803.03,857.58,894.34,867.02,908.01,830.87,847.12,845.31,907.47,934.53,885.52,907.69,944.92,1003.69,1042.78,1059.91,1081.37,1102.59,1095.3,1181.04,1074.06,1194.53,1325.25,1303.53,1345.35,1285.53,1389.04,1449.66,1512.36,1505.75,1593.69,1525.77,1544.13,1467.24,1546.29,1586.03,1546.14,1555.32,1626.33,1706.1,1651.85,1663.71,1548.66,1616.01,1475.45,1414.69,1504.05,1554.31,1578.07,1639.57,1684.36,1742.24,1826.43,1816.79,1795.54,1839.44,2075.36,2085.87,2012.53,1878.09,1909.07,2031.18,2062.79,2050.58,2215.13,2280.0,2272.03,2345.79,2218.05,2303.64,2204.38,2119.65,2142.49,2308.14,2204.5,2146.2,2139.36,2160.36,2139.32,2225.45,2273.33,2324.39,1955.16,1942.42,1934.35
CH0038388911,SULZER 'R',CH,EUR,623.65,490.67,644.31,717.37,870.64,824.36,853.66,1009.87,1124.01,1020.42,1038.12,1022.38,1112.63,1166.11,1269.01,1334.77,1113.06,1255.03,1379.1,1326.81,1558.97,1627.37,1749.29,2042.57,1856.95,2071.4,2021.09,2448.84,2469.58,2216.41,1986.91,1835.41,1416.27,1613.68,1518.35,1464.76,1708.94,1967.16,1936.43,2010.59,1666.41,1654.68,1812.0,1895.01,2038.53,2024.35,2166.07,2201.4,2199.23,2458.89,2395.29,2435.28,2397.6,2277.79,2126.07,2075.96,2208.36,2238.36,2225.65,2307.89,2156.19,2016.14,2016.1,2254.08,2229.85,2056.14,1942.37,1949.32,1802.48,1666.12,1641.45,1563.62,1557.25,1791.98,1614.75,1699.14,1657.07,1556.86,1561.85,1543.61,1478.99,1533.58,1581.02,1426.3,1377.18,1431.18,1509.15,1698.93,1640.73,1611.41,1895.69,1769.96,1949.39,1833.83,1898.89,1921.56,2105.8,1939.01,1947.47,2240.89,2241.96,2180.83,2160.53,2119.26,2271.75,2463.45,2250.1,2330.54,2736.47,2569.75,2518.08,2291.84,2269.65,2398.15,2423.41,2474.48,2383.31,1986.54,1844.36,1563.38
CH0038863350,NESTLE 'N',CH,EUR,4153.97,3949.23,4060.98,4083.36,4517.53,4683.81,5087.29,5180.51,5298.0,5812.35,5885.79,6045.48,5963.99,6202.31,6386.61,6293.68,5822.58,6214.17,6318.99,6659.37,6878.9,7035.37,7026.09,7540.77,6974.61,7265.32,7387.83,8218.92,8532.69,8248.53,8474.21,8226.53,7331.6,7770.04,7470.23,7676.33,7624.69,8159.86,8353.16,8428.89,7794.91,8220.75,8470.45,8572.11,8682.27,8733.03,9008.12,8959.06,9656.27,9657.27,9975.4,10142.8,9382.5,9290.43,9575.02,9291.15,9925.37,10264.15,10395.41,10418.7,10309.9,10729.28,10690.55,11302.77,11508.75,11345.78,10879.64,11393.69,10767.69,10712.89,11027.76,10752.17,11214.14,11493.86,11067.79,11734.29,11654.24,10892.29,11485.63,11118.49,11305.38,11565.93,11201.02,11231.4,11068.15,10614.0,11315.49,11611.11,11491.66,12007.22,12514.16,12404.05,12291.38,11293.45,10451.34,11187.57,11406.5,11540.55,11950.96,12350.11,13700.81,13976.21,13580.7,13577.09,13443.91,13500.33,13760.79,13792.85,13875.14,12775.98,12665.81,12864.71,12516.86,12811.87,13485.97,13920.59,13857.51,13999.28,14093.6,13392.2
CH0044328745,CHUBB,CH,EUR,605.11,506.01,563.55,646.13,613.63,616.98,688.74,732.54,754.87,725.21,687.79,716.13,700.07,710.3,747.5,760.22,702.62,735.78,763.39,769.0,842.54,859.46,846.44,905.29,895.69,919.83,945.76,983.03,1005.98,967.33,984.38,949.11,895.8,1066.53,1027.8,1036.52,1035.67,1067.06,1096.22,1137.7,1083.19,1110.14,1108.04,1111.51,1147.12,1193.4,1202.2,1218.29,1302.72,1303.63,1365.83,1368.44,1376.73,1373.66,1410.38,1353.89,1451.8,1480.97,1594.87,1606.51,1465.14,1528.55,1557.12,1608.36,1630.21,1630.05,1583.34,1681.88,1668.97,1739.48,1819.69,1838.93,1728.16,1825.0,1795.12,1722.67,1714.46,1647.77,1762.67,1655.55,1686.77,1852.19,1873.56,1916.87,1854.86,1895.22,1965.57,1944.29,2088.63,2168.15,2077.75,2105.45,2095.66,2118.18,2134.86,2215.08,2204.52,2316.51,2295.87,2312.72,2412.81,2461.65,2479.94,2394.6,2425.79,2566.52,2588.47,2498.79,2670.13,2426.8,2350.74,2331.84,2246.24,2195.92,2415.48,2338.03,2322.41,2170.7,2324.15,2258.1
CH0048265513,TRANSOCEAN,CH,EUR,486.98,532.9,524.61,601.64,708.63,662.36,710.5,676.18,762.57,748.13,761.32,738.23,755.53,711.66,770.15,644.79,506.15,413.07,412.0,453.81,573.2,564.91,597.63,619.74,712.64,754.55,694.99,648.63,625.14,582.3,555.24,513.04,437.21,523.39,399.22,357.67,440.68,504.97,517.84,477.04,386.54,423.46,443.34,464.17,424.97,432.55,437.37,422.79,536.87,495.12,491.9,487.26,480.64,458.82,451.27,437.11,431.01,455.9,492.9,483.51,423.44,420.25,409.75,426.9,428.66,454.29,406.97,397.48,328.78,306.77,222.05,193.73,172.27,177.67,161.59,207.3,209.25,178.94,147.2,159.82,145.1,177.79,161.28,139.04,117.03,97.15,102.65,124.44,109.95,133.54,123.43,108.94,119.72,107.93,144.88,165.55,156.9,155.21,139.83,123.88,102.09,92.43,97.15,91.65,120.85,117.93,113.88,119.95,121.18,102.31,111.19,138.93,142.07,150.95,144.54,136.01,156.67,123.65,104.22,77.94
CH0102484968,JULIUS BAER GRUPPE,CH,EUR,,,,,,,,,,98.45,86.19,91.89,87.34,81.34,94.88,91.16,76.72,75.74,91.9,93.16,96.59,111.42,100.84,123.97,119.94,118.22,114.94,124.6,117.27,110.43,114.16,109.88,90.48,102.51,95.77,105.19,108.88,105.35,107.93,105.43,86.32,99.67,98.8,90.68,96.11,97.78,96.57,99.56,115.32,107.29,109.87,114.25,113.47,111.71,129.64,126.0,133.72,141.1,134.7,138.02,139.37,134.09,127.26,135.91,126.08,119.89,123.92,132.5,130.41,127.14,132.13,134.07,118.84,135.0,145.99,156.32,161.29,166.46,164.94,144.36,134.23,147.8,142.07,144.18,125.2,119.29,127.92,130.38,135.57,121.4,125.43,127.87,124.26,123.6,134.4,135.61,142.82,149.56,152.22,162.72,161.92,164.57,177.1,174.24,185.01,184.91,183.88,191.07,214.74,203.63,191.63,191.52,187.19,187.84,175.99,170.49,160.9,146.48,129.15,113.66
CH0126881561,SWISS RE,CH,EUR,1059.67,495.82,655.84,965.23,1297.23,1322.04,1524.11,1848.06,1803.62,1641.34,1903.05,1931.6,1765.2,1800.42,1972.63,1791.02,1666.6,1690.23,1869.52,1692.62,1798.08,1960.6,1896.23,2200.03,2340.7,2495.8,2341.64,2553.79,2560.08,2412.35,2418.69,2255.16,2014.05,2383.08,2269.06,2202.62,2336.02,2564.76,2744.21,2845.35,2615.59,2855.54,2854.54,2851.41,2919.46,3136.56,3270.26,3267.61,3377.12,3645.13,3700.29,3983.32,3683.97,3717.63,3968.77,3831.76,4139.08,4404.09,4465.85,4616.31,4331.73,4669.65,4642.13,4840.89,4941.44,4934.47,4723.85,4556.92,4420.1,4477.55,4754.62,4668.98,5009.24,5127.8,5373.29,5331.96,5378.43,5322.8,5441.51,5162.41,5143.29,5604.42,5733.93,5894.31,5561.89,5362.6,5580.91,5613.81,5679.35,5500.64,5322.29,5341.21,5716.99,5875.99,5809.68,6003.48,5902.47,5669.79,5682.25,5807.04,6091.76,6109.33,6451.01,6032.5,6050.38,6284.85,6267.33,6250.6,6591.65,6815.85,6781.07,6720.96,6090.03,6066.1,6445.28,6334.32,6519.24,6355.76,6418.18,6425.59
CH0198251305,COCA-COLA HBC,CH,EUR,,,,,,,,,,,,,,,,,,,,,,,,,,,,,,,,,,,,,,,,,,,,,,,,,,,,150.3,160.1,136.01,151.23,160.62,174.56,168.69,163.88,170.04,154.46,145.01,145.13,147.38,134.09,133.7,139.77,139.77,128.62,129.4,135.34,113.96,95.74,106.88,107.35,126.13,130.15,128.05,126.61,124.69,128.32,145.16,147.05,129.42,122.92,116.2,128.99,124.36,118.53,125.1,128.44,135.87,144.26,133.62,131.63,135.54,141.28,150.0,159.72,171.74,180.25,184.9,190.48,214.77,213.56,213.05,202.15,206.37,212.1,207.16,232.93,212.21,215.58,214.69,230.42,220.29,218.93,189.64,191.33,200.64
CH0210483332,RICHEMONT N,CH,EUR,881.46,798.16,941.08,1088.49,1308.13,1249.5,1468.5,1641.19,1716.03,1713.6,1966.89,2043.16,2088.45,2053.17,2358.99,2248.05,2016.05,2140.15,2362.76,2366.59,2968.29,3058.82,3327.11,3616.97,3349.77,3505.28,3554.31,3945.28,3995.79,4007.5,3969.94,3555.62,2790.82,3572.39,3347.03,3145.3,3507.15,3817.32,3876.47,3826.3,3526.08,3391.16,3518.97,3804.65,3747.02,4049.88,4815.41,4870.15,5132.49,5041.09,4912.18,5047.59,5585.74,5513.09,6087.71,5919.56,6322.78,6484.73,6431.87,6300.97,5863.76,6276.17,6029.6,6400.49,6660.24,6621.56,6013.45,6032.56,5262.79,5398.23,6051.67,5735.68,5339.87,5686.87,5174.01,5730.24,5524.46,5222.66,5569.13,4801.45,5076.84,5637.34,4908.61,4719.99,4237.04,4197.6,4348.92,4361.93,3859.26,3817.41,3997.18,3778.25,4120.53,4342.89,4401.36,4477.89,5245.48,4985.83,5339.0,5636.14,5634.76,5566.09,5744.71,6020.65,6300.7,6357.86,5941.52,6241.83,6618.56,6068.65,6169.1,6579.78,6329.96,5835.36,6053.54,6103.83,5777.53,5168.54,4582.4,4508.34
CH0244767585,UBS GROUP,CH,EUR,902.62,679.4,673.43,1002.14,1068.97,874.47,1037.99,1323.12,1308.3,1208.78,1110.25,1111.12,952.49,987.91,1165.32,1119.91,961.97,959.6,1217.5,1212.49,1221.82,1212.22,1079.16,1178.55,1289.4,1420.6,1289.09,1424.68,1371.0,1302.91,1190.28,1035.58,830.39,921.28,879.05,855.62,975.06,1004.92,1001.56,893.33,813.45,842.76,761.5,809.28,879.52,1082.24,1129.88,1125.39,1251.06,1147.14,1109.21,1289.99,1291.07,1237.77,1428.95,1407.66,1490.11,1412.43,1392.79,1385.67,1446.83,1560.37,1505.61,1522.11,1485.08,1354.7,1272.44,1327.05,1287.45,1281.24,1329.62,1269.97,1235.1,1304.63,1392.74,1486.37,1622.61,1606.26,1752.47,1567.88,1413.98,1539.35,1473.9,1495.96,1260.07,1181.52,1240.94,1328.62,1254.37,1047.6,1121.53,1175.03,1108.06,1149.43,1288.77,1274.16,1314.22,1254.2,1300.29,1386.56,1337.97,1425.51,1465.37,1382.06,1437.89,1432.0,1454.42,1547.59,1709.06,1607.29,1474.34,1424.03,1321.35,1350.02,1441.61,1368.91,1388.06,1225.28,1181.17,1085.69
CH0319416936,FLUGHAFEN ZURICH,CH,EUR,327.44,308.97,263.8,308.31,349.76,333.35,406.19,403.76,434.23,435.56,414.51,449.23,424.62,445.03,531.55,501.56,435.05,451.96,497.13,506.94,556.56,561.75,555.47,624.21,641.48,618.21,636.78,680.92,693.36,707.41,713.84,685.67,586.97,601.16,568.31,541.14,590.74,603.05,600.18,594.27,532.48,561.43,576.67,615.6,655.45,682.93,705.39,737.01,710.24,740.84,744.45,794.27,800.77,818.14,879.65,827.21,860.15,906.25,937.02,956.65,960.18,1033.54,1049.98,1046.2,1037.82,1020.92,1035.83,1088.3,1042.28,1057.2,1094.81,1114.26,1130.25,1195.95,1310.12,1317.38,1333.5,1309.82,1395.96,1346.24,1173.99,1285.58,1213.03,1273.58,1243.4,1349.62,1521.27,1554.26,1535.83,1548.48,1647.01,1622.68,1715.19,1612.26,1504.92,1628.2,1723.45,1774.02,1868.6,1986.53,2237.74,2217.5,2306.56,2206.03,2041.94,1963.98,2032.14,2063.55,2301.88,2149.7,1985.92,1956.06,1958.34,1897.55,1952.24,1929.01,1890.88,1843.58,1520.22,1534.62
CH0418792922,SIKA,CH,EUR,3815.16,3315.14,3596.59,4627.19,5227.04,5619.33,6022.48,6444.51,6832.41,6897.29,7619.82,7917.23,7841.02,7104.39,8569.79,9232.58,8080.63,9234.27,9720.9,9124.96,9624.73,10283.03,10407.29,11412.62,11431.24,11104.8,12539.85,13466.77,13501.6,12751.69,12456.84,12003.66,9462.72,10549.0,9969.66,10068.07,10989.21,11631.53,11498.48,11536.2,9833.74,10515.81,10186.94,10545.11,11112.58,11361.55,11960.66,12551.23,13729.92,13570.96,13259.79,13482.95,13755.63,14422.15,15496.68,15246.21,16263.36,17626.99,18379.82,19891.86,18407.21,20547.36,22838.07,22918.73,22508.93,23183.15,22072.92,21482.07,19653.22,20206.69,21643.55,16753.05,19423.98,20143.38,20308.9,19937.71,19820.12,20433.74,21104.05,19165.67,17831.25,19055.55,19630.57,20939.99,20666.37,22109.01,23014.27,25173.39,25559.34,24725.33,27797.41,28183.72,28797.81,28421.12,28616.84,28444.37,31056.84,33370.07,35483.59,38274.12,38695.52,38593.69,41445.08,42455.18,44679.8,44453.44,46436.51,47656.67,52053.55,49393.15,46898.7,44475.23,48749.68,50556.08,52002.0,54287.18,53451.32,46928.55,45222.91,46181.46
CH1169151003,GEORG FISCHER,CH,EUR,193.09,137.39,137.16,198.62,228.14,205.01,250.91,294.82,314.45,316.52,312.06,304.03,325.77,363.74,441.46,428.82,373.1,394.99,471.66,442.27,483.0,515.18,593.3,679.52,650.42,675.65,677.86,781.11,746.11,674.35,653.36,549.86,431.39,516.3,453.13,421.68,515.92,585.99,581.53,564.05,445.3,438.69,443.28,462.57,450.29,446.26,471.9,511.67,543.73,580.28,560.52,574.56,610.55,581.53,688.79,714.4,803.79,912.75,913.19,931.56,907.54,1056.78,1024.61,1045.2,996.91,946.16,897.17,897.42,797.12,780.12,831.25,857.13,811.63,977.67,950.28,982.91,1046.83,954.18,929.98,833.83,784.79,856.06,905.29,941.45,914.33,949.66,1152.56,1154.44,1133.71,1132.93,1161.85,1143.52,1245.49,1260.43,1213.12,1165.6,1169.78,1234.71,1292.84,1368.45,1371.13,1408.03,1655.61,1669.85,1792.15,1790.61,1913.7,1919.52,2105.86,2126.75,1938.18,1849.83,1918.39,1893.3,1909.54,1940.84,1680.88,1378.59,1150.0,1180.15
CH1175448666,STRAUMANN HLDG.,CH,EUR,793.61,852.42,819.63,974.09,990.81,961.34,1149.22,1203.77,1365.81,1279.27,1295.24,1494.94,1414.65,1290.26,1336.4,1327.24,1138.71,1164.3,1169.3,1130.94,1202.87,1122.39,1135.51,1230.33,1317.96,1316.3,1406.15,1417.91,1497.45,1309.85,1241.01,1039.38,856.24,969.49,957.45,944.17,980.77,866.99,925.55,926.54,856.21,820.63,751.05,665.28,743.32,689.03,652.19,683.24,751.87,775.46,754.23,756.05,793.73,863.43,866.21,1049.24,1046.83,1149.09,1076.24,1080.56,1150.86,1238.88,1225.56,1303.57,1308.87,1362.57,1390.29,1443.32,1333.57,1447.43,1526.41,1484.54,1330.57,1625.83,1611.12,1694.04,1577.48,1637.63,1775.51,1787.69,1711.34,1694.84,1767.45,1818.02,1805.22,1943.96,2065.58,2094.41,2309.19,2378.29,2313.01,2344.22,2365.13,2268.12,2160.31,2361.32,2435.57,2565.27,2803.37,3212.82,3377.86,3469.97,3450.31,3895.28,3916.18,4256.68,4541.0,4304.1,4659.19,4128.59,3829.66,4202.03,4056.45,4668.32,4775.59,4904.18,4638.84,4196.38,3753.68,3849.15
CH1256740924,SGS 'N',CH,EUR,888.57,762.96,917.88,986.86,1090.02,1080.88,1024.14,1081.75,1174.15,1172.5,1120.16,1141.43,1135.93,1170.67,1256.06,1183.41,1141.23,1232.76,1271.46,1318.21,1477.99,1456.12,1498.91,1530.64,1486.4,1581.97,1695.43,1875.55,1879.78,1798.21,1848.72,1764.57,1451.75,1645.13,1604.15,1577.64,1704.23,1785.03,1913.55,1902.37,1774.83,1847.11,1975.05,1991.31,2024.89,2085.93,2210.41,2180.08,2345.22,2514.03,2482.25,2442.26,2274.79,2165.08,2276.43,2294.63,2410.66,2370.52,2282.71,2329.57,2288.84,2497.77,2567.64,2594.94,2613.94,2494.21,2274.49,2315.09,2158.03,2284.15,2257.84,2142.2,1979.79,2117.98,2065.79,2095.49,2065.19,1969.16,2070.74,1902.92,1876.78,2061.7,2065.19,2059.36,2087.69,2185.59,2366.65,2456.34,2379.36,2548.43,2475.38,2452.96,2502.35,2262.4,2236.75,2273.73,2364.88,2377.72,2460.39,2592.02,2745.36,2794.15,2553.48,2569.78,2766.81,2848.71,2854.05,3004.97,3102.84,2935.05,2914.81,2902.39,3082.24,3162.83,3105.23,3137.96,3144.67,2826.78,2814.23,2665.01
DE0005089031,UNITED INTERNET,DE,EUR,801.88,776.65,929.76,1125.43,1389.83,1283.5,1385.94,1541.2,1651.55,1426.13,1474.14,1441.79,1623.74,1693.05,1660.12,1647.25,1397.2,1266.04,1408.8,1482.32,1844.04,2042.85,1619.67,1833.46,1888.6,1969.51,2047.75,2226.95,2234.21,2424.08,2344.47,2102.66,1974.88,2306.35,2199.42,2073.68,2162.59,2235.11,2175.71,2278.88,1973.04,2038.85,2092.65,2404.15,2417.66,2368.97,2660.88,2549.9,2751.29,2795.25,2884.4,3244.67,3416.99,3388.11,3910.32,4128.23,4562.81,4872.8,4837.33,5114.15,5228.18,5597.35,5671.49,5158.03,5637.12,5370.36,4841.42,5205.67,5119.61,4759.88,5333.17,5515.25,5244.35,5467.76,5533.75,5443.58,5737.05,5492.59,6109.37,5965.99,6190.74,6427.15,6578.0,6814.9,6234.61,6063.46,6209.11,6038.62,5885.88,5230.54,5497.78,5171.09,5605.67,5126.76,4775.57,4893.01,5215.6,5160.87,5537.11,5749.29,6959.11,6951.49,7691.02,7570.01,7955.79,8033.86,8660.28,8762.56,9341.32,8652.41,7967.75,8248.53,8288.98,7354.66,6926.39,6761.08,6136.04,5402.29,5808.05,5640.71
DE0005140008,DEUTSCHE BANK,DE,EUR,605.91,607.55,946.87,1228.64,1561.92,1413.12,1510.02,1576.55,1804.47,1681.45,1682.91,1657.78,1437.58,1481.84,1800.68,1602.32,1410.0,1351.28,1648.65,1496.73,1425.45,1504.4,1252.53,1362.71,1543.85,1666.87,1538.19,1698.93,1576.69,1559.88,1468.24,1081.41,932.56,1132.79,1020.9,1007.99,1130.93,1249.2,1319.01,1153.3,953.27,983.39,831.29,964.34,1082.73,1236.15,1201.66,1184.67,1403.4,1256.11,1066.0,1251.87,1294.53,1168.18,1246.19,1205.98,1277.57,1349.01,1335.36,1328.51,1343.1,1353.4,1247.89,1222.32,1154.68,1055.08,1025.77,1029.5,1043.08,933.9,979.94,910.27,871.0,981.32,1040.46,965.08,924.65,926.99,1079.94,906.81,823.35,861.14,787.58,752.97,546.89,532.05,523.19,580.04,547.32,426.15,413.2,450.99,403.72,441.38,483.45,558.54,608.94,605.87,590.81,620.41,614.17,617.79,620.35,557.97,598.08,564.75,658.62,661.47,642.07,559.12,483.7,476.71,380.17,375.58,461.32,396.2,399.39,346.65,321.69,280.01
DE0005190003,BMW,DE,EUR,3715.05,3903.19,4479.84,5392.02,5646.95,5922.6,7194.93,7184.21,7570.86,7716.19,7447.3,7225.48,6768.03,6396.34,7288.55,7761.2,7390.7,7801.35,8541.93,8370.09,11138.77,11336.08,11985.83,12495.05,12228.14,12950.24,13251.25,14947.66,14311.57,16161.11,16243.86,13133.86,10832.53,13345.16,12186.07,10839.74,13888.09,15061.29,14550.39,15401.87,12749.07,12125.56,12563.39,12243.86,12366.45,13382.79,14928.53,16181.99,16907.92,15533.46,14628.56,15501.17,16584.75,15193.08,16973.37,16333.1,18724.28,19769.31,19957.53,20474.32,18915.87,20211.06,21953.84,21772.66,22521.34,22734.47,21401.71,20874.83,19509.22,19173.09,20514.77,19509.84,20926.24,22658.76,22368.05,21200.81,20439.62,20216.71,18597.73,17028.01,16234.85,18953.12,20089.59,19609.41,15337.71,15059.69,17002.26,17088.79,16260.19,14174.01,16501.13,16606.72,16148.99,16751.26,16341.94,17984.94,17507.36,17177.58,17555.51,18300.06,18781.58,18469.78,18156.53,18496.45,20171.13,20303.18,20239.14,20874.32,22910.4,21248.98,21610.19,22219.38,20766.59,18958.51,20278.71,20229.71,18805.97,18095.39,17084.08,16832.34
DE0005200000,BEIERSDORF,DE,EUR,5536.41,4719.85,5049.34,4630.16,5686.16,5439.62,5809.13,5906.41,6795.82,7116.16,7564.54,7678.25,6822.96,7081.55,6943.67,6659.41,6408.45,6519.89,7000.93,6326.3,7201.3,7704.36,6864.13,6592.68,6479.09,7087.27,7203.8,7790.83,7935.35,7753.3,7725.1,7056.7,6423.96,6991.68,6867.01,6770.8,7185.65,7523.97,7783.73,8511.69,7639.67,7857.15,8050.94,8677.01,8901.48,8817.03,9515.85,9891.72,10664.79,10613.56,11221.52,11079.53,11071.7,10709.78,11341.68,10535.5,10864.89,11782.19,12441.56,12458.3,12109.91,12527.43,11987.4,12370.04,12452.17,11985.03,11178.92,10961.62,10342.4,9996.03,11006.99,10154.12,10904.71,10731.42,10783.72,10931.56,11318.53,10477.8,10707.7,10345.39,11060.11,11914.1,11577.28,11491.52,11438.8,10804.91,11313.04,11402.52,11456.73,11887.95,11717.25,11531.79,11950.36,11094.81,10372.43,10742.67,11192.86,11511.73,11983.55,12640.93,13622.99,13393.03,13954.49,13520.09,13712.25,14286.06,15156.63,14920.66,15138.29,14040.58,14360.53,14479.87,14598.87,14530.32,14819.06,14888.63,14421.59,13277.59,13726.49,13334.25
DE0005408884,LEONI DEAD - DELIST.21/08/23,DE,EUR,414.83,320.43,323.18,511.83,566.81,599.78,698.16,767.96,828.29,737.23,823.52,846.23,817.29,686.87,848.1,842.48,738.65,770.4,1080.19,947.34,1226.13,1320.05,1348.92,1591.28,1538.89,1520.09,1563.82,1986.43,2072.1,2116.09,2078.0,1586.79,1219.42,1567.62,1366.85,1225.38,1664.51,1861.98,1921.42,1891.49,1584.81,1476.89,1428.93,1445.93,1450.22,1291.05,1337.65,1455.22,1663.15,1748.92,1496.88,1747.19,2057.92,2011.84,2006.85,2204.27,2459.44,2756.69,3029.69,3031.73,3142.07,3068.29,2964.2,2997.81,3304.59,3283.55,2794.68,2558.33,2251.3,2360.08,2474.22,2464.66,2566.12,2647.95,2599.58,2660.25,2743.33,2662.6,2682.12,2556.5,2230.49,1725.26,1608.42,1668.85,1456.86,1226.06,1454.74,1511.42,1444.69,1201.67,1610.71,1608.75,1574.77,1652.6,1378.71,1558.63,1745.69,1752.78,2231.86,2352.91,2417.79,2250.89,2588.56,2638.16,2908.23,2906.07,3254.39,3290.51,3389.27,3024.94,2796.5,2773.84,2708.85,2309.07,2330.39,1936.62,1863.13,1646.01,1408.19,1563.3
DE0005439004,CONTINENTAL,DE,EUR,688.19,586.73,633.81,999.86,1220.58,1090.21,1331.79,1580.02,2077.6,2061.87,2030.94,2024.29,2188.59,1817.48,2038.17,2239.22,1870.49,2064.66,2537.64,2430.33,3077.14,3497.54,3104.81,3110.19,3161.12,3376.28,3603.67,3994.44,4076.01,4169.82,3963.82,2946.49,2306.2,3016.95,2782.72,2471.82,3177.69,3645.55,3757.94,3930.5,3382.9,3360.36,3679.54,4053.3,3988.93,4064.14,4473.5,4677.57,4751.95,4768.89,4851.32,4821.96,5475.92,5540.58,6515.53,6229.21,7039.86,7614.8,8675.09,9128.24,8926.88,10092.11,9999.28,9848.09,9973.29,9775.87,9103.46,9028.28,7995.48,8276.15,8843.94,8968.11,9523.61,10064.57,9921.91,9930.5,9916.75,10142.43,9656.12,9106.76,9079.39,10348.72,10320.45,10454.98,8932.89,8572.05,9739.32,9405.02,9381.55,8276.79,9155.31,9126.78,9176.69,8335.68,7753.75,8451.82,8535.61,8875.72,9591.26,9767.97,9920.92,9615.5,9992.76,10040.76,11280.86,11291.37,11885.05,12063.77,13399.65,12303.94,12214.74,12118.36,11570.22,10431.88,10504.89,8393.98,7891.17,7551.4,6826.0,6234.07
DE0005470405,LANXESS,DE,EUR,102.89,104.02,118.89,150.06,168.35,177.97,208.75,218.75,248.24,227.78,274.24,273.68,275.67,264.97,332.54,341.0,293.15,314.71,352.85,320.97,403.32,509.27,518.93,577.07,532.89,547.99,548.04,672.31,637.6,600.95,597.44,460.14,361.28,439.15,408.31,382.1,482.97,557.37,613.19,592.8,497.86,472.89,525.01,573.62,629.42,620.72,656.88,655.07,637.93,640.66,536.49,549.24,572.43,461.69,479.27,491.16,495.73,538.9,507.9,513.01,506.04,567.91,578.11,579.43,548.19,520.12,491.21,479.4,426.05,401.93,384.52,361.9,369.26,399.89,413.73,416.76,434.64,459.09,452.92,396.97,365.13,419.72,398.68,364.71,321.3,323.64,376.11,413.24,379.28,344.92,373.55,419.93,493.0,504.39,489.58,516.46,576.05,537.7,534.49,569.87,597.5,604.89,621.24,595.57,629.25,624.63,611.94,637.99,701.4,673.62,612.29,597.85,638.22,630.03,666.83,641.96,593.63,504.43,444.68,374.88
DE0005552004,DEUTSCHE POST,DE,EUR,75.01,58.26,64.4,73.17,88.08,82.59,100.34,110.03,119.48,107.25,119.37,123.95,111.93,103.73,110.52,108.9,99.44,98.52,116.01,109.36,121.94,124.89,108.44,113.28,122.73,122.95,120.87,132.11,131.88,134.92,124.76,106.68,90.25,107.55,106.21,108.7,116.85,123.86,134.86,131.61,121.56,129.89,133.24,142.94,144.95,146.83,153.26,161.02,173.8,166.4,170.41,175.14,193.72,189.64,213.76,220.74,253.72,258.64,270.04,279.5,264.12,286.43,285.39,287.2,290.54,283.78,252.22,257.89,251.71,247.77,261.5,258.99,255.06,267.44,245.46,259.44,244.39,237.08,246.39,222.93,222.42,241.38,236.93,228.51,195.36,192.63,226.63,237.63,243.61,234.75,249.82,264.01,262.28,258.6,261.51,274.45,279.39,287.95,287.45,299.76,315.07,323.49,333.45,358.07,385.48,395.49,410.9,412.03,408.82,395.62,378.33,389.01,337.7,291.09,314.64,324.26,316.77,282.89,284.82,242.86
DE0005557508,DEUTSCHE TELEKOM,DE,EUR,117.1,117.16,119.29,117.21,119.89,122.91,133.15,139.58,143.17,142.97,155.14,155.32,136.86,135.43,142.66,137.55,127.0,135.52,152.7,150.21,156.29,164.5,146.65,146.91,152.35,153.35,175.54,189.84,180.62,189.45,187.86,156.91,143.97,156.36,156.86,139.46,136.96,143.2,146.29,137.07,130.23,144.36,148.07,157.78,162.37,151.17,145.15,149.43,161.94,142.59,140.07,156.55,162.66,164.78,172.1,180.25,204.62,223.24,225.51,243.65,229.81,240.88,229.93,236.22,247.28,258.42,243.09,221.24,222.77,220.66,251.03,237.84,253.75,275.4,270.88,272.21,261.45,262.46,276.14,259.96,267.97,285.09,280.25,275.54,262.61,255.2,273.86,267.58,277.44,267.66,266.79,262.79,264.04,255.57,247.33,270.11,274.37,272.11,275.75,276.23,313.17,293.28,296.72,293.54,303.02,293.01,292.25,288.94,287.31,263.04,266.13,283.46,263.3,264.65,282.08,275.73,275.45,280.69,298.26,288.44
DE0005773303,FRAPORT,DE,EUR,121.18,99.75,103.59,131.85,139.38,143.54,152.76,170.25,179.01,158.13,166.25,173.3,171.67,169.43,177.4,175.3,153.91,148.44,182.14,180.72,211.74,219.24,204.52,218.82,244.15,247.74,253.49,277.87,283.43,285.07,285.1,247.58,211.27,228.05,200.59,176.37,213.61,219.72,221.43,230.98,184.52,196.25,207.86,202.71,211.77,212.2,203.45,211.25,222.54,217.2,205.37,218.25,215.92,227.53,242.67,239.91,262.48,291.98,277.46,281.85,277.4,300.33,280.95,275.35,289.97,269.96,252.83,260.55,251.99,235.06,234.38,224.34,234.44,231.17,231.16,242.33,251.98,249.58,259.05,237.85,240.15,250.24,239.23,253.49,234.44,227.33,238.01,238.34,230.67,214.76,220.12,224.1,218.71,239.31,233.29,237.84,240.98,252.98,284.89,317.9,333.73,363.13,411.3,401.24,396.42,390.23,412.58,452.74,487.57,424.59,409.58,399.79,393.59,405.53,419.86,377.94,367.83,325.07,308.89,300.13
DE0005785604,FRESENIUS,DE,EUR,1681.08,1580.38,1317.01,1461.23,1712.23,1648.2,1731.13,1784.12,1729.53,1761.39,2041.99,2201.77,2176.24,2314.46,2601.85,2501.62,2263.65,2380.79,2516.19,2507.7,2894.54,3165.06,3096.65,3039.97,3118.1,3266.51,3330.13,3772.68,3802.41,3788.28,3873.52,3757.4,3242.09,3618.34,3483.31,3364.7,3666.81,3782.46,3725.26,3611.63,3462.83,3767.57,3926.4,3923.25,4285.6,4198.23,4239.64,4208.38,4471.72,4517.58,4547.02,4619.7,4396.05,4581.69,4682.68,4460.36,4608.16,4831.82,5261.24,5725.06,5798.73,5773.43,5782.62,5631.04,5620.96,5607.39,5582.39,5516.78,5585.47,5807.75,6108.27,5864.62,6438.15,6461.18,6690.44,6756.03,7233.42,7312.05,7893.9,8069.62,7582.63,8329.86,8315.42,8119.45,7510.17,7580.4,8292.72,8290.9,8637.92,8403.68,8563.3,8370.6,9150.05,8452.64,8242.72,8943.72,8999.77,9150.47,9233.54,9288.06,9906.05,9906.72,9742.33,9771.16,9342.87,9669.6,8374.88,8979.81,10133.79,9448.52,8812.06,8813.25,8936.82,9352.71,9034.43,8904.69,8528.9,7469.24,6656.08,5629.08
DE0005785802,FRESENIUS MED.CARE,DE,EUR,238.64,218.95,206.49,209.4,229.18,243.09,248.1,244.19,270.31,262.92,288.37,288.2,276.26,283.85,306.73,294.07,278.23,299.28,301.82,313.44,340.69,351.04,319.08,322.22,322.62,365.47,371.86,433.39,403.89,416.44,428.96,379.89,381.48,411.32,381.94,380.41,397.73,393.87,395.74,397.41,375.03,400.72,411.14,406.69,416.33,398.55,388.72,389.63,399.12,390.55,383.02,390.37,389.27,406.36,362.25,370.55,373.87,381.27,400.91,409.02,402.02,393.11,401.14,394.74,387.08,391.22,404.72,412.3,405.09,426.87,430.54,432.62,431.73,478.58,483.27,491.77,501.54,485.51,481.39,450.76,457.6,533.12,485.28,498.87,519.29,497.66,522.62,511.91,520.37,515.08,544.65,525.13,515.81,484.18,465.52,506.55,484.18,497.98,502.82,528.37,575.54,580.2,566.39,564.8,589.59,584.57,601.88,634.32,697.87,640.82,615.07,614.43,609.02,614.55,595.35,618.78,629.02,479.73,495.28,392.07
DE0005810055,DEUTSCHE BOERSE,DE,EUR,338.82,310.68,403.76,488.88,600.94,535.86,544.6,525.52,566.83,562.66,581.34,574.61,458.45,480.53,513.22,532.05,441.29,441.75,505.57,442.99,481.61,507.96,439.38,502.26,550.14,553.83,549.49,600.0,591.16,568.6,552.7,446.04,380.51,421.68,456.33,408.14,439.35,501.51,502.68,471.41,385.95,434.6,401.72,419.61,449.41,439.18,455.95,493.55,535.08,501.1,492.83,505.99,543.27,552.77,596.0,590.85,634.6,636.53,655.57,699.03,650.85,693.38,675.02,621.89,671.05,680.83,633.81,626.26,592.25,599.08,642.15,631.31,675.3,718.59,720.41,731.7,726.5,749.46,823.59,810.46,774.21,837.15,772.41,799.44,766.48,746.62,772.72,744.58,811.19,763.72,775.16,744.29,724.7,692.91,726.46,746.67,831.16,794.72,856.98,915.59,994.18,1008.81,1005.75,1018.97,1038.75,989.86,1082.68,1110.22,1231.8,1277.68,1298.31,1291.65,1305.08,1299.66,1290.47,1346.23,1309.87,1240.77,1246.59,1170.88
DE0006047004,HEIDELBERG MATERIALS,DE,EUR,705.95,487.23,595.05,765.66,671.09,755.83,793.73,1060.11,1276.2,1181.55,1310.73,1352.33,1197.87,1015.04,1107.94,1219.25,1078.01,953.15,996.95,797.25,958.23,1036.13,1081.97,1242.17,1296.48,1387.36,1387.6,1516.58,1378.97,1262.09,1107.37,861.84,728.48,922.5,832.05,850.03,977.02,1077.19,1206.24,1097.89,878.79,960.59,935.44,1009.56,1060.26,1065.61,1094.36,1207.73,1270.19,1388.22,1443.72,1448.97,1526.78,1359.34,1549.15,1397.49,1567.77,1598.88,1578.31,1540.8,1510.23,1669.53,1738.86,1757.16,1760.74,1745.76,1522.06,1542.44,1351.71,1391.81,1551.17,1458.09,1503.47,1633.22,1622.53,1576.52,1669.95,1649.27,1580.8,1549.91,1429.08,1546.92,1643.86,1699.72,1509.43,1515.52,1770.76,1848.36,1796.72,1572.38,1771.75,1947.22,1978.54,1984.93,1889.74,1966.89,2024.28,1973.97,1969.37,1944.18,1986.72,2065.74,2110.93,2059.83,2196.15,2181.55,2282.95,2324.35,2332.67,2160.64,2097.09,2096.92,1940.99,1848.37,1864.65,1750.72,1715.64,1493.12,1456.94,1329.73
DE0006048432,HENKEL PREFERENCE,DE,EUR,615.43,562.57,643.32,661.52,749.8,758.77,892.96,963.03,1049.81,1098.55,1230.67,1268.22,1260.52,1257.69,1314.71,1322.97,1161.18,1213.68,1232.62,1167.85,1331.71,1455.36,1521.27,1552.37,1510.53,1498.54,1537.16,1715.48,1780.99,1741.9,1702.45,1493.78,1346.25,1505.89,1492.45,1456.68,1548.55,1640.08,1841.89,1901.84,1644.71,1690.67,1841.89,1927.6,2038.04,2041.2,2133.57,2088.97,2261.5,2255.79,2461.33,2434.85,2501.02,2422.22,2522.05,2498.47,2656.02,2808.32,2922.25,3005.72,2809.05,2890.21,2805.79,2908.46,3022.8,3035.76,2917.79,2760.61,2605.05,2593.93,2909.77,2847.67,3010.86,3122.5,3099.77,3102.18,3188.71,2974.56,3165.7,2762.56,2720.32,2900.26,3015.99,2987.13,2770.64,2684.68,2927.31,3085.92,3147.36,3289.77,3363.81,3541.77,3631.65,3447.93,3120.77,3230.86,3289.3,3373.16,3456.34,3710.43,3871.29,3763.04,3849.59,3661.71,3713.79,3841.96,3723.29,3615.55,3846.41,3635.81,3610.66,3547.87,3443.99,3555.07,3515.58,3558.77,3274.98,3040.25,3219.52,3048.22
DE0006070006,HOCHTIEF,DE,EUR,2529.77,2046.6,2745.11,3510.47,3644.03,3814.95,4509.82,5581.47,5740.59,5679.4,5966.39,5772.43,5686.92,5333.94,6407.13,6254.35,4968.26,4691.44,5014.8,5158.93,6717.24,6709.44,5801.77,6579.97,6888.47,7636.51,8342.57,7362.96,6760.26,6718.4,6347.34,5734.76,5085.32,5865.44,4605.08,4619.6,5216.35,5634.91,4882.04,4694.26,3605.54,3863.03,3844.93,3778.55,3776.34,4008.98,4275.3,4622.82,5251.88,5438.63,5233.8,5603.99,5765.7,5409.93,6205.24,5801.51,7134.56,7411.79,7249.05,7016.48,6487.08,7592.14,7432.09,7585.55,7532.11,7176.54,7053.34,6617.52,5770.75,6192.14,6273.31,5910.58,5903.03,6686.04,6327.69,6472.15,6571.62,6649.66,7555.5,7148.14,7200.83,8046.56,8111.05,8068.67,7777.45,9344.16,10546.45,11051.74,11083.23,10815.67,11418.67,11730.91,12173.38,11858.69,12395.21,12342.86,12399.45,13428.57,14530.53,15845.55,16322.69,16268.26,15807.7,15699.06,14954.14,15727.31,15691.94,15554.79,16130.87,14990.64,16274.06,16191.94,16706.56,16264.54,16257.08,14833.12,14912.92,13508.28,12954.05,12028.72
DE0006202005,SALZGITTER,DE,EUR,2402.38,2071.33,1853.41,2329.62,3133.92,2941.79,3382.78,3197.11,3265.89,3035.1,3199.09,3303.75,2994.91,2963.13,3117.29,2728.4,2170.91,2032.27,2256.31,2069.08,2202.13,2416.16,2184.68,2575.48,2740.3,2798.43,2665.03,2659.01,2510.69,2580.13,2483.16,2123.93,1648.33,1948.48,1755.76,1700.84,2044.11,2083.23,1892.95,1762.95,1475.1,1410.97,1256.41,1268.89,1339.38,1493.31,1586.25,1785.39,1597.03,1634.07,1388.41,1348.05,1339.12,1145.87,1283.19,1324.29,1405.59,1537.15,1521.81,1478.73,1528.25,1463.39,1371.93,1468.2,1495.22,1464.01,1301.78,1306.83,1189.74,1052.08,1149.45,992.62,950.89,1002.35,1011.5,1201.74,1270.63,1252.1,1240.75,1085.53,868.54,1019.59,864.7,869.62,746.21,776.01,992.89,1189.64,1119.04,935.32,1105.09,1066.49,1150.92,1162.49,1152.27,1251.89,1354.77,1299.56,1288.41,1218.15,1343.37,1457.02,1616.09,1599.27,1618.99,1723.76,1841.45,2047.76,2153.46,2050.82,1820.61,1971.56,1847.28,1606.82,1779.5,1641.05,1798.63,1428.55,1132.37,1040.13
DE0006231004,INFINEON TECHNOLOGIES,DE,EUR,2.62,1.79,3.38,7.58,9.1,10.28,13.23,17.28,18.45,14.72,15.54,18.06,18.15,17.72,22.53,22.97,18.59,19.22,21.85,18.32,22.47,25.62,28.94,30.51,34.7,35.98,33.83,37.2,37.97,36.88,32.96,28.12,24.5,29.84,27.02,24.74,30.02,33.52,34.06,33.15,26.43,22.48,24.14,23.14,21.33,22.79,25.61,27.06,30.22,28.69,26.86,26.99,28.89,28.43,30.1,30.72,34.13,32.99,34.61,36.42,35.05,39.06,41.19,40.17,42.77,43.15,38.33,40.07,35.66,33.49,33.93,36.83,38.72,40.7,42.06,41.66,46.14,43.84,39.98,38.19,39.14,43.42,52.24,51.68,46.67,43.63,50.6,51.06,53.53,51.82,59.37,59.77,63.69,64.09,59.82,62.58,65.85,64.6,74.48,75.01,80.53,76.98,78.32,83.63,90.97,99.27,100.34,99.56,106.02,99.88,98.14,93.72,100.16,93.64,98.13,93.23,83.52,73.94,76.63,73.05
DE0006569908,MLP,DE,EUR,681.08,504.1,642.26,871.09,828.64,765.09,862.32,719.38,740.24,705.62,719.9,734.83,645.68,615.03,675.99,636.98,554.02,592.77,694.24,614.99,674.71,705.4,638.23,677.54,708.11,666.84,612.13,660.05,649.18,704.9,631.07,556.09,438.51,466.72,413.08,463.55,486.71,591.0,610.4,591.84,537.87,494.81,422.03,458.44,506.4,499.16,553.96,518.15,660.89,648.54,519.63,554.48,530.68,493.47,505.41,538.02,524.15,517.81,548.16,595.03,632.46,600.71,539.79,555.72,576.53,574.53,567.76,521.24,476.71,438.81,412.39,382.62,339.36,352.57,350.89,361.46,393.66,374.33,407.87,393.02,393.29,385.91,353.79,353.43,287.37,253.95,281.87,346.69,344.84,324.89,352.77,385.25,388.22,372.05,407.14,401.92,471.88,487.07,529.49,582.27,626.85,629.84,675.84,655.53,645.03,636.16,565.34,620.12,657.84,617.97,560.81,562.74,597.95,598.27,626.61,623.07,610.8,547.84,485.86,480.6
DE0006599905,MERCK KGAA,DE,EUR,397.7,352.77,411.55,428.95,458.53,486.33,441.28,433.29,474.44,450.98,452.5,443.33,430.29,376.74,387.75,398.9,350.27,357.27,432.46,423.46,409.18,404.24,381.18,392.44,415.98,439.8,439.25,524.54,544.81,538.01,531.47,444.58,406.97,466.25,489.35,495.39,516.77,512.87,547.89,555.34,462.98,498.63,507.91,577.52,623.56,644.72,673.14,661.38,697.73,712.53,760.23,775.41,811.85,779.58,841.9,768.79,793.42,853.5,887.6,915.61,793.16,898.79,860.83,862.33,891.37,901.84,920.99,905.3,956.55,936.93,1037.64,988.29,1041.6,1076.32,1168.6,1132.46,1127.89,1049.21,1072.85,997.6,926.19,1035.89,1072.61,1024.13,906.57,897.89,880.86,989.65,1062.11,1080.99,1171.31,1110.58,1142.7,1088.4,1067.24,1113.58,1166.08,1166.61,1211.65,1249.08,1298.04,1294.84,1173.16,1180.7,1201.18,1152.22,1148.67,1157.5,1182.3,1071.32,1030.32,1071.5,1113.14,1070.6,1117.31,1149.58,1134.66,1168.94,1201.26,1125.48
DE0006602006,GEA GROUP,DE,EUR,90.11,85.76,82.55,105.02,126.01,122.16,131.49,143.53,169.34,153.17,171.38,180.12,166.75,151.49,187.92,183.04,165.5,165.41,183.84,171.05,204.99,214.36,198.72,238.21,235.16,253.71,270.76,303.28,279.73,299.35,291.96,244.14,197.19,231.68,245.41,232.95,269.61,283.74,286.91,281.32,215.26,226.37,230.1,225.16,257.66,266.09,279.46,274.83,308.98,304.56,282.31,295.05,317.6,308.31,359.23,352.12,358.12,382.03,407.62,416.79,409.43,423.4,399.95,397.5,382.89,421.16,399.06,402.04,387.97,407.15,425.61,394.52,403.29,439.13,429.2,435.94,436.86,403.36,384.69,351.62,342.03,364.0,373.96,366.95,376.41,400.09,441.46,430.28,425.73,435.53,490.12,492.12,512.18,354.78,343.37,370.51,380.57,359.38,391.44,399.45,386.92,386.34,377.76,412.89,426.33,453.66,454.17,449.45,467.75,447.64,400.06,374.36,356.63,328.26,376.19,367.34,347.79,293.56,253.45,248.72
DE0006969603,PUMA,DE,EUR,580.35,489.22,490.03,691.73,760.65,721.92,828.15,927.95,1086.87,1004.82,1125.89,1099.56,977.37,925.41,1039.23,1105.39,941.07,898.92,968.31,884.64,1087.6,1089.65,984.1,1095.36,1021.77,986.36,977.85,1116.54,1049.63,1050.81,1022.72,1156.0,979.81,1081.25,1047.92,961.74,1041.25,1159.28,1182.42,1175.53,1010.49,973.48,941.03,977.08,925.07,955.89,974.89,993.86,1059.05,1022.63,1047.91,1039.2,971.74,948.74,937.34,956.49,1010.53,1003.57,1074.18,1088.67,953.49,952.35,945.47,985.02,983.63,961.73,860.69,834.26,776.44,706.8,773.32,705.9,638.01,649.05,621.74,682.6,538.18,533.3,641.53,673.08,695.08,756.74,718.27,732.12,680.13,728.33,746.76,771.24,787.37,758.73,841.11,846.96,911.07,839.55,836.87,891.33,1032.87,1055.05,1062.06,1324.63,1352.37,1302.25,1355.86,1396.66,1320.76,1537.64,1515.72,1490.67,1442.75,1501.7,1673.16,1706.21,2079.46,2067.65,1764.98,1915.85,1731.64,1816.18,1757.52,1680.3
DE0007030009,RHEINMETALL,DE,EUR,1402.1,1488.2,1527.76,1906.39,1956.26,2024.45,2310.07,2285.46,2787.77,2563.79,2817.95,3002.44,3008.19,2962.72,3361.27,3300.89,2673.23,2734.95,2844.25,2624.46,3137.34,3414.34,3077.45,3797.39,4049.03,3837.8,3937.64,4246.5,4181.68,4273.31,4013.7,3247.64,2308.72,2600.26,2327.9,2158.8,2626.49,2976.55,2875.37,2719.3,2114.24,2484.05,2579.37,2539.73,2396.79,2430.72,2357.3,2431.58,2705.98,2803.18,2368.85,2441.97,2685.78,2498.13,2507.02,2627.66,3066.18,3316.09,3304.68,3286.45,3420.85,4034.34,3779.54,3547.93,3716.35,3809.41,3285.48,2910.6,2612.32,2333.79,2300.32,2378.05,2333.51,2735.35,2617.54,2742.63,2874.14,2763.79,2962.73,3345.86,3299.11,3417.43,3431.67,3620.69,3854.54,3867.59,4328.24,4251.49,3805.31,3272.15,3857.34,4012.57,3862.45,3812.07,3947.3,3711.42,4212.65,4247.16,4661.03,5074.06,5371.56,5358.23,5586.71,5748.34,6354.53,6592.99,7244.06,7132.04,7960.43,7502.51,8000.07,7384.52,7193.27,6319.99,6856.98,6228.9,5982.5,4983.99,5281.35,5047.85
DE0007037129,RWE,DE,EUR,4918.95,4032.78,4424.98,4922.89,5648.84,5378.07,5730.74,6303.77,6339.37,5978.82,6256.32,6666.8,6084.76,5790.56,6061.1,5905.28,5155.3,4739.33,5078.86,4718.41,4874.65,5155.81,4513.19,4823.9,5203.01,4867.83,4610.49,5076.36,4510.7,4328.42,4082.83,2913.06,2904.4,3356.8,3207.76,2726.68,3000.27,3573.31,3738.73,3546.58,3029.69,3353.93,3237.25,3467.71,3727.98,3777.41,3442.6,3398.04,3127.14,3059.36,3098.28,3203.56,3056.2,2837.89,2675.24,2442.06,3028.18,3287.25,3421.66,3271.66,3290.47,3536.16,3599.55,3510.47,3687.51,3956.39,3705.84,3575.36,3589.49,3269.91,3345.64,2866.31,2562.94,2592.04,2371.1,2412.28,2243.97,2074.52,2020.0,1444.56,1086.66,1318.79,1097.9,1225.74,1338.18,1098.4,1248.93,1438.72,1259.31,1535.33,1706.38,1575.6,1663.94,1523.27,1211.23,1198.22,1275.47,1380.02,1596.79,1599.81,1959.03,1920.58,2017.01,2395.37,2193.19,2408.38,2215.84,1965.47,1942.37,1931.59,2384.58,2482.14,2347.34,2355.7,2717.08,2641.48,2557.5,2024.36,2235.3,2223.51
DE0007042301,RHOEN-KLINIKUM,DE,EUR,1711.34,1608.83,1616.53,1776.37,1694.49,1911.79,2050.57,2023.89,2273.2,2180.4,2217.23,2202.8,2215.92,2223.05,2305.17,2313.48,2058.41,2038.29,2091.57,2001.67,2025.17,2140.0,1930.4,2010.92,2138.48,2018.01,1981.22,2099.03,2289.74,2261.43,2335.39,2292.21,1922.27,1887.67,1774.02,1796.73,1943.22,1841.62,1879.81,2624.41,2552.86,2258.75,2044.29,2284.45,1894.7,1864.57,1938.94,1916.32,1987.55,2032.11,2030.14,2024.21,2059.56,2218.89,2344.17,2216.23,2494.65,2694.68,2714.53,2843.97,2851.64,3115.82,3096.97,3128.14,3209.64,3201.65,3033.13,3064.04,2972.94,2911.53,2859.31,2748.41,2597.85,2549.15,2456.2,2717.28,2747.75,2721.83,2801.44,2692.19,2847.43,3006.08,2924.79,3010.67,2909.66,2959.3,3143.81,3146.98,3130.49,3022.29,3085.54,3068.58,3147.94,2895.97,2756.17,2824.56,2865.19,2622.62,2824.61,2977.96,3128.56,3053.6,3235.56,3484.48,3524.29,3681.01,3642.66,3795.85,4168.23,3721.08,3485.19,3479.91,3212.09,3107.93,3099.72,2807.85,2726.49,2693.5,2670.07,2683.45
DE0007100000,MERCEDES-BENZ GROUP N,DE,EUR,59.18,48.37,54.08,76.93,78.64,77.57,98.81,97.01,108.81,104.39,109.07,114.66,99.89,90.19,101.61,110.36,107.93,110.44,115.26,104.84,136.3,142.24,140.5,146.87,158.0,151.61,152.56,171.91,157.61,167.09,161.26,121.31,100.15,115.57,100.5,97.74,123.61,136.13,134.95,129.56,108.83,105.16,116.74,114.97,113.99,109.88,115.8,128.05,136.34,140.3,128.29,136.28,157.56,148.96,170.55,168.98,192.31,202.7,204.97,214.66,206.4,229.58,234.63,236.64,242.89,238.7,211.61,208.6,195.12,198.28,214.87,214.72,230.56,246.79,247.51,254.45,247.08,239.84,236.38,210.55,190.07,228.64,234.96,222.01,183.44,178.88,202.8,193.94,189.02,166.53,187.85,191.07,194.65,196.83,184.72,206.3,208.22,201.45,214.29,215.79,210.67,209.84,202.77,210.86,230.43,240.1,240.57,245.89,266.63,249.32,245.94,240.93,219.83,197.46,212.41,198.12,193.16,182.48,172.83,159.98
DE0007236101,SIEMENS,DE,EUR,1795.68,1642.18,1828.36,2134.09,2331.39,2199.09,2525.85,2759.03,2967.22,2878.06,3121.14,2941.17,2942.32,2811.59,3277.16,3191.93,2961.05,2963.83,3176.79,2974.59,3454.61,3726.62,3600.52,4076.9,4318.25,4520.46,4605.83,4893.21,4483.28,4598.98,4281.07,3485.17,3058.15,3577.58,3365.59,3215.66,3295.9,3509.49,3519.16,3243.76,2887.8,2927.07,2962.17,3310.74,3499.6,3517.3,3602.93,3777.01,3965.93,3777.1,3901.03,3780.28,3814.85,3656.54,4077.19,3959.58,4510.39,4783.29,4951.19,5121.59,4869.84,5134.02,5186.86,5083.56,5130.64,5087.66,4768.03,4838.0,4571.42,4341.08,4582.65,4383.39,4182.57,4452.9,4306.4,4340.57,4190.11,4052.23,4288.72,3952.5,3541.06,4026.42,4144.3,3896.73,3936.8,3854.78,4407.65,4349.47,4459.51,4266.11,4487.53,4949.47,4863.65,4703.75,4681.83,5089.66,5266.44,5568.81,5850.35,6098.21,6111.24,5881.51,5774.64,5589.0,6030.97,6099.19,5830.97,5966.8,6489.04,5850.84,5624.34,5605.29,5754.99,5823.1,6236.73,5738.1,5647.29,5102.81,5106.44,4922.06
DE0007257503,CECONOMY,DE,EUR,164.66,132.28,149.36,193.39,253.54,224.18,270.4,255.77,265.4,259.79,295.0,288.99,259.15,241.29,279.04,281.55,252.96,248.14,267.84,242.91,315.79,337.88,347.28,348.97,340.63,353.83,330.65,355.13,330.65,302.07,273.64,220.35,213.66,233.76,243.48,181.73,191.28,198.29,192.42,160.78,151.91,153.61,144.18,158.54,157.95,152.73,147.65,145.25,164.27,164.06,150.4,164.85,184.22,173.15,188.15,200.62,216.99,256.27,274.68,266.52,225.95,227.46,223.82,218.39,228.52,238.81,197.82,192.28,180.03,175.35,186.42,167.16,169.04,188.91,190.81,203.9,195.14,178.0,178.91,164.77,155.03,174.24,187.85,180.53,159.19,145.03,183.22,188.35,193.65,179.53,188.64,174.84,175.79,175.93,175.55,194.27,201.23,189.33,195.24,199.91,204.14,204.56,210.99,205.98,222.97,246.44,245.82,283.78,273.65,252.42,222.34,217.13,188.12,178.78,159.09,147.93,137.22,99.07,90.36,70.69
DE0007297004,SUEDZUCKER,DE,EUR,1621.97,1837.57,1979.73,1994.93,2123.62,2084.21,2223.55,2065.58,2134.89,2192.34,2303.71,2206.12,2467.74,2466.33,2341.68,2144.96,1930.3,1925.62,2110.8,1961.83,2443.04,2567.46,2323.76,2897.18,2902.66,3019.74,3030.7,3351.67,3432.62,3875.09,3925.42,3920.29,3184.53,3292.12,3534.36,3559.31,3283.37,3242.85,3528.84,3385.33,3388.73,3950.81,3933.57,3830.05,4042.07,4431.84,4516.58,4659.63,4894.77,5001.89,4817.87,4594.64,3868.77,3534.65,3703.07,3806.6,3502.04,3808.85,3001.75,3215.05,2958.04,3270.64,3364.91,2513.47,2423.45,2399.44,2176.62,2136.75,1918.88,1705.58,1906.12,1777.92,1545.03,1866.67,1515.55,1813.54,1928.0,2044.09,2071.5,1807.64,2259.2,2337.55,2345.85,2471.81,1868.97,1880.5,2205.57,2208.18,2439.46,2735.97,3119.65,3310.8,3518.03,3230.08,2860.28,3029.03,3328.67,3239.74,3182.8,2719.26,2715.87,2639.04,2762.02,2751.01,2804.7,2563.24,2705.36,2826.54,2481.52,2336.36,2201.42,2159.59,2331.24,2065.78,1978.14,1842.08,1803.82,2084.28,1915.03,1734.7
DE0007314007,HEIDELB.DRUCKMASCHINEN,DE,EUR,19.66,20.55,24.08,35.4,34.76,27.64,35.52,43.26,51.45,36.16,40.33,38.61,35.26,34.38,35.45,41.17,42.79,44.9,48.21,37.96,37.88,36.08,34.65,38.57,37.19,38.52,36.84,34.87,32.43,28.12,22.11,16.53,16.44,15.87,15.14,12.65,17.35,14.51,15.59,13.83,10.28,10.88,9.98,10.0,11.81,11.64,9.83,12.54,16.9,22.01,18.15,16.81,19.3,19.67,19.16,20.84,20.97,21.04,28.98,27.81,31.48,28.33,23.98,24.65,26.36,28.41,25.64,24.54,21.87,19.73,21.2,19.7,18.38,19.85,20.7,20.66,20.77,17.28,20.02,18.74,19.63,22.34,19.42,19.13,15.44,15.71,17.7,17.84,22.56,21.32,22.36,19.0,18.91,20.67,19.75,20.83,20.52,19.38,19.47,21.59,21.22,23.92,26.41,29.26,32.11,30.79,27.11,26.76,27.89,29.19,29.37,29.04,27.3,21.42,22.49,22.09,20.9,18.0,16.59,14.17
DE0007500001,THYSSENKRUPP,DE,EUR,2432.62,2151.64,2096.42,2553.23,3029.72,2949.05,3628.98,4020.67,4104.11,3827.32,4332.8,4527.33,3860.0,3809.79,4137.57,3933.74,3248.54,3006.57,3559.23,3304.5,3938.16,4412.01,4639.62,5012.08,4959.55,5072.3,4986.28,5628.2,5779.42,6306.71,5400.61,4142.04,3024.12,3568.55,3136.1,2811.53,3548.44,3389.81,3106.75,2957.16,2063.33,2024.03,2289.87,2490.39,2676.6,2842.02,2517.93,2916.56,3030.27,2810.19,2552.62,2277.84,2502.58,2450.25,2697.53,2622.36,2981.63,3193.43,3277.48,3045.04,3193.38,3414.7,3337.91,3551.09,3749.94,3637.21,3535.3,3463.99,3258.79,2990.39,3285.87,3223.49,3237.53,3330.67,3302.17,3339.89,3312.93,3266.9,3176.54,2718.37,2186.67,2526.61,2655.94,2496.02,1937.84,2127.34,2646.28,2961.38,2793.96,2543.42,2898.54,2942.0,3021.77,2924.58,2875.83,3027.49,3227.09,3184.63,3138.48,3031.58,3391.03,3602.75,3772.28,3825.7,3777.23,3405.03,3501.57,3679.05,4058.53,3493.77,3368.47,3330.92,3370.7,3120.13,3350.21,2973.56,3239.21,2721.62,2402.87,2182.74
DE0007507501,WASHTEC,DE,EUR,87.9,79.27,78.6,86.96,126.87,108.05,106.35,123.85,123.38,122.78,118.68,119.39,128.06,124.93,136.73,130.31,118.41,118.2,117.85,122.34,131.74,139.65,137.39,145.63,145.53,174.93,183.15,209.37,185.05,168.22,185.41,175.27,158.13,155.75,110.23,117.75,120.25,136.75,152.49,148.61,139.91,130.68,135.52,137.63,143.65,145.18,144.42,147.54,148.21,175.17,168.87,175.34,170.67,174.58,176.6,167.89,178.26,176.71,178.5,192.84,187.74,191.74,217.45,224.2,221.8,217.2,225.1,222.69,217.91,207.32,206.49,216.33,233.16,252.47,276.86,330.84,330.33,327.5,328.66,389.54,362.37,469.46,522.07,492.58,431.06,497.71,635.89,610.97,567.49,548.95,629.08,692.8,741.54,790.37,805.33,821.28,888.88,979.99,939.88,1158.82,1253.45,1241.62,1293.17,1281.8,1394.34,1434.96,1476.03,1527.24,1376.25,1359.19,1542.82,1577.95,1512.5,1476.02,1417.08,1573.15,1456.73,1255.68,1266.13,1149.27
DE0007664039,VOLKSWAGEN PREF.,DE,EUR,407.92,373.08,474.54,538.49,624.09,598.13,667.93,805.48,988.76,848.77,730.68,800.87,700.2,700.27,792.51,841.96,775.75,784.0,934.35,882.66,1066.55,1330.66,1425.31,1441.22,1430.34,1488.99,1434.31,1739.57,1595.79,1852.89,1798.18,1497.21,1211.52,1585.68,1532.17,1341.72,1597.8,1692.21,1576.61,1736.29,1471.23,1458.63,1569.99,1622.6,1688.48,1908.88,1996.05,2088.43,2285.11,2016.92,1837.23,1915.42,2059.89,1902.01,2233.57,2139.79,2222.21,2387.34,2501.17,2651.65,2390.54,2462.74,2446.57,2535.36,2559.16,2517.73,2247.0,2161.96,1994.32,2050.88,2218.2,2152.44,2162.5,2432.69,2574.58,2500.44,2398.01,2291.79,1983.68,1873.37,1077.31,1188.02,1365.18,1434.75,1143.94,1141.82,1260.08,1429.94,1472.96,1194.68,1382.51,1361.64,1292.39,1352.82,1270.75,1385.34,1531.81,1465.35,1440.48,1560.66,1514.26,1518.39,1533.35,1492.5,1624.74,1816.25,2133.35,1999.56,2201.58,1969.11,1985.52,2067.62,1909.86,1691.82,1825.96,1668.3,1798.26,1725.35,1729.99,1626.98
DE0008232125,DEUTSCHE LUFTHANSA,DE,EUR,999.26,906.54,888.2,1110.14,1221.91,1104.15,1180.32,1419.98,1562.74,1357.43,1407.62,1484.65,1420.57,1315.62,1458.56,1458.32,1166.72,1229.85,1428.88,1389.59,1616.24,1885.12,1882.27,1941.03,1851.05,1802.87,1877.26,2003.64,1987.95,1989.47,1852.73,1552.35,1206.65,1280.28,1181.23,1088.08,1264.76,1285.93,1289.38,1192.96,993.82,1083.89,1182.71,1164.82,1279.98,1426.98,1560.18,1770.92,1870.5,1907.36,1836.8,1882.85,2023.73,1903.23,1874.9,1680.37,1832.36,1832.47,2037.71,2006.83,2237.45,2438.87,2472.11,2412.51,2555.32,2081.75,1716.25,1678.72,1527.37,1431.05,1717.6,1619.55,1636.72,1411.3,1354.71,1345.65,1360.06,1252.27,1318.94,1176.15,1330.38,1422.28,1391.81,1527.53,1409.89,1442.03,1563.46,1555.89,1406.3,1186.6,1190.6,1166.48,1114.86,1275.43,1302.81,1299.6,1333.53,1462.0,1614.34,1729.62,1999.47,2339.43,2198.24,2573.36,2863.38,3277.86,3544.27,3812.94,3688.95,3477.11,3299.47,2994.89,2885.55,2566.72,2990.8,2786.87,2622.53,2157.92,2598.89,2383.39
DE0008404005,ALLIANZ,DE,EUR,2010.46,1626.28,2005.75,2302.12,2451.61,2289.12,2454.67,2882.32,3140.17,2871.07,3067.81,3136.9,2788.24,2875.66,3138.19,2862.96,2625.1,2624.34,3033.19,2699.72,2978.6,3285.37,2912.87,3132.61,3658.87,3792.34,3702.24,4139.52,3799.83,3815.64,3575.84,2849.84,2592.72,3103.1,2812.52,2613.15,3034.7,3336.45,3281.98,3055.32,2620.82,2902.95,2880.54,3175.26,3458.88,3592.8,3766.12,3992.55,4150.56,3974.81,3946.86,4279.33,4674.57,4395.05,4665.47,4312.59,4733.82,5062.79,5231.46,5402.78,5030.12,5374.11,5107.79,5207.75,5320.6,5245.86,5225.81,5360.61,5081.69,4967.89,5402.41,5234.58,5182.36,5256.25,5453.18,5388.67,5169.38,5129.75,5411.76,5245.07,5133.6,5765.0,5797.87,5851.33,5310.38,4889.79,5371.98,5618.8,5623.03,4936.06,4963.35,5128.68,5132.24,5374.01,5499.03,5699.54,5872.24,6022.84,6409.37,6591.46,6956.51,7124.62,7662.33,7719.77,8063.54,8358.2,8548.47,8319.93,9156.07,8465.91,8184.38,8546.66,7733.05,7768.04,8299.79,7997.73,8375.55,7846.45,7916.97,7544.45
DE0008430026,MUNCH. RVRS.GESELL. MUNCH.N,DE,EUR,7178.61,6658.95,6592.21,7798.65,7946.78,7689.38,8594.84,8494.79,9111.25,9091.54,8949.39,8907.68,8643.86,8818.13,9283.32,8495.92,7638.24,7599.07,8336.16,7694.13,8322.46,9369.65,8412.31,9135.3,9436.56,10069.2,9493.88,10490.05,9744.83,9693.74,9423.72,8317.28,7953.1,8655.13,8013.98,7793.51,8303.31,9333.08,9592.52,9727.76,8291.46,9436.84,9483.79,9948.15,10507.66,10775.0,11447.1,12030.63,12344.8,12099.15,12562.52,14050.66,13161.15,12870.97,13843.84,12760.57,13727.25,14660.81,15356.9,15551.09,14509.45,15354.82,15399.97,16244.4,16311.33,16245.24,15658.84,14766.96,14490.82,14392.24,15130.59,14791.68,14699.94,15260.14,15816.57,15003.39,14134.84,13613.8,14156.53,14118.99,14226.04,15277.82,15386.63,15383.34,14659.95,15114.05,15712.05,14992.54,15040.42,13469.32,13414.35,14467.23,14953.8,15518.53,14625.4,15150.78,15061.32,15173.0,15754.37,16184.4,16675.03,17025.51,17966.36,17414.75,17998.41,18803.26,18867.47,18323.34,19954.01,18873.59,19491.47,20146.98,18247.78,18601.01,19480.26,19022.12,19541.0,19003.23,19120.24,19111.86
DE000A0D6554,NORDEX,DE,EUR,12.76,11.13,14.52,19.3,19.36,17.58,17.85,20.25,19.47,18.28,17.77,16.69,15.12,13.74,12.73,11.57,10.52,10.17,11.37,10.54,10.33,10.75,6.78,8.26,8.22,9.94,12.18,11.24,11.32,9.99,7.98,7.12,5.52,6.92,6.22,5.63,6.69,6.73,6.69,4.97,4.45,4.14,4.15,4.41,4.49,3.86,4.23,4.36,6.0,5.8,6.92,8.42,8.55,7.63,9.23,13.0,16.19,19.64,16.18,14.67,14.85,18.03,17.92,17.63,24.41,24.64,20.44,20.17,20.56,18.79,21.69,20.29,21.69,23.31,22.55,24.2,26.67,26.86,31.7,31.97,29.99,36.62,37.31,39.66,35.47,32.34,30.55,31.05,32.09,31.6,30.8,30.71,33.76,29.05,22.9,23.95,23.3,16.42,15.52,16.82,15.96,13.59,15.07,15.35,12.77,11.41,11.26,11.84,14.65,12.78,9.7,12.75,13.53,11.42,12.42,11.64,11.81,10.56,10.87,9.62
DE000A0D9PT0,MTU AERO ENGINES HLDG.,DE,EUR,143.85,133.25,119.21,173.22,173.28,194.11,192.44,225.56,251.31,242.12,272.09,290.42,277.81,267.98,311.51,298.91,297.26,305.7,316.34,301.96,312.38,328.05,319.34,365.23,385.56,363.23,365.58,417.37,426.12,443.1,406.59,365.29,352.37,377.18,355.19,354.61,389.24,424.95,445.88,469.09,417.05,417.99,430.93,433.38,447.97,477.46,505.41,516.17,539.31,529.01,539.27,538.84,582.11,557.27,524.98,521.63,537.46,577.16,544.74,568.17,510.37,485.57,536.98,543.02,548.46,543.83,508.04,514.51,504.23,517.0,525.28,514.6,538.63,560.39,575.17,588.14,575.58,559.66,550.32,530.07,500.81,557.71,584.81,585.12,543.53,535.53,578.99,581.43,581.08,571.37,623.99,624.11,611.82,636.06,641.43,703.09,729.68,778.17,792.15,876.64,876.84,870.85,910.95,866.19,985.99,1045.93,1119.64,1112.01,1115.39,1041.38,1043.96,1090.28,1190.93,1209.58,1333.85,1389.37,1430.87,1351.61,1312.9,1138.15
DE000A0S8488,HAMB.HAFEN UD.LOGISTIK,DE,EUR,48.91,44.02,47.11,68.4,79.93,76.38,90.68,83.27,89.55,77.57,77.29,76.91,73.9,72.93,76.11,72.33,62.82,65.0,73.71,70.97,78.81,88.27,81.49,94.02,89.43,92.15,93.53,97.0,97.36,89.59,82.08,70.18,57.97,63.53,61.36,61.32,66.1,73.29,69.19,68.33,51.31,54.08,46.86,51.54,54.46,51.67,47.99,49.76,52.07,50.32,46.52,45.65,51.33,46.61,52.14,48.95,53.51,55.2,55.57,53.64,55.05,59.6,52.68,52.98,55.62,59.33,57.37,55.02,53.93,47.88,51.71,47.58,46.81,50.22,47.69,49.27,48.54,47.0,43.65,42.09,37.84,33.66,33.54,35.35,31.69,31.78,34.45,36.52,39.48,35.63,38.43,38.69,37.04,38.24,42.2,44.43,49.35,47.77,45.28,45.88,51.57,54.07,69.4,78.85,78.16,79.34,73.27,70.86,67.98,61.11,55.88,59.81,60.75,56.06,59.03,62.3,60.41,54.75,56.17,50.87
DE000A0WMPJ6,AIXTRON,DE,EUR,253.38,200.4,255.98,375.04,592.24,610.0,810.57,974.48,1368.48,1500.66,1793.05,1669.14,1520.56,1469.86,1791.13,1581.04,1362.65,1216.54,1504.62,1248.58,1512.59,1641.94,1553.44,1849.36,2083.94,2088.7,2189.1,2147.28,2043.87,1754.03,1382.47,1163.37,758.89,734.17,675.17,655.68,697.84,861.41,894.78,937.97,759.99,745.25,694.98,772.01,699.08,692.82,650.99,608.07,720.82,688.97,761.82,742.67,936.29,874.04,820.86,820.8,887.14,765.22,729.16,759.25,793.49,874.43,848.85,834.23,768.61,760.86,709.72,690.74,794.6,640.82,623.45,592.29,417.21,424.42,398.16,346.11,398.85,354.63,312.27,340.22,318.06,334.96,415.49,235.84,186.93,189.82,258.43,262.03,326.94,317.6,327.48,321.42,318.85,259.61,216.02,169.4,194.39,182.96,194.95,287.82,346.02,370.78,464.88,502.2,703.54,814.02,764.64,725.66,802.17,1038.2,1014.98,748.56,782.19,676.62,757.4,654.76,525.94,661.66,579.6,502.19
DE000A1EWWW0,ADIDAS,DE,EUR,406.21,339.05,387.19,441.02,434.55,450.27,498.74,559.66,630.46,551.77,679.96,646.23,608.24,589.12,635.68,693.44,601.56,586.34,647.7,611.91,742.5,781.99,749.12,791.79,748.13,770.57,755.92,891.79,918.17,961.01,906.37,845.2,750.65,866.56,850.73,795.66,876.34,957.91,949.39,1010.63,915.27,887.03,927.3,962.76,1017.82,1054.79,1090.63,1097.43,1151.34,1131.89,1281.93,1295.97,1368.15,1358.96,1400.2,1328.45,1364.01,1439.49,1534.95,1602.51,1404.06,1463.85,1363.23,1340.18,1377.45,1299.82,1017.83,958.05,954.48,929.23,1021.8,890.95,884.49,994.56,1016.24,1049.32,1024.08,1003.49,1076.4,973.9,1045.59,1175.52,1261.01,1277.03,1339.74,1397.81,1531.77,1693.55,1691.01,1899.42,2176.68,2193.97,2305.6,2173.86,1948.88,2094.11,2097.28,2232.19,2526.48,2654.58,2573.43,2579.55,3045.68,3008.02,3033.48,2984.65,2806.26,2693.55,3134.35,2995.08,3239.28,3295.7,3084.85,2966.53,3006.31,3390.86,3321.85,3202.12,3003.08,2845.4
DE000A2GS401,SOFTWARE N DEAD - DELIST.26/08/24,DE,EUR,229.64,234.21,261.38,242.71,283.86,265.8,278.37,297.66,328.6,354.94,419.14,420.68,445.55,441.07,458.85,448.45,381.12,404.36,447.36,410.61,470.89,550.79,484.71,573.41,620.41,631.8,653.57,727.45,653.58,697.43,573.7,528.46,382.05,512.96,478.98,437.84,387.31,453.96,446.21,413.63,348.31,367.08,395.94,416.46,441.58,478.03,510.57,514.61,464.92,476.65,461.56,426.97,428.97,376.28,371.96,379.44,431.54,452.82,471.1,428.61,455.81,481.8,443.53,458.84,479.98,450.89,316.85,321.65,306.08,315.2,335.95,303.81,325.27,343.49,331.91,366.67,365.09,345.5,384.89,350.39,370.06,362.01,340.5,366.11,426.59,446.27,505.47,486.43,493.09,436.57,516.43,521.91,543.38,470.57,459.85,471.86,475.83,481.7,510.49,572.43,632.77,566.11,573.65,566.88,642.0,671.56,710.58,732.65,712.75,699.57,679.35,651.67,632.84,623.46,633.25,659.37,606.07,592.91,554.38,471.67
DE000BASF111,BASF,DE,EUR,3266.59,3127.16,3397.81,4228.21,5014.36,4738.77,5904.89,6231.08,6319.13,6441.6,7181.28,7465.35,6782.55,6678.41,7403.14,7247.4,6537.04,6840.32,7179.97,6552.78,7842.85,9008.31,9282.54,9946.02,9556.58,10303.47,10717.43,12685.27,11867.73,12456.64,11605.23,9135.44,7867.1,9464.55,9263.23,8888.87,9862.86,11288.91,11154.13,10948.19,9276.86,9217.8,9705.63,10316.42,11230.79,11012.88,11930.73,12483.49,13534.96,12586.11,11743.76,12819.81,13414.51,12344.36,12158.32,12027.12,13172.45,14277.24,14710.97,14729.43,14748.54,15806.95,15301.0,15943.0,16382.19,16582.5,14825.54,14664.91,13025.87,12508.78,12912.0,12083.4,12751.03,13632.39,14167.71,14293.62,13575.13,12978.07,12739.39,11802.52,11135.07,12070.58,12116.47,11265.69,9817.81,9611.77,11150.62,12145.57,11820.02,11754.78,11931.2,12370.83,13015.05,13446.15,13107.44,14175.91,14676.53,14274.49,15206.86,14946.35,14964.02,14759.18,15058.29,15306.94,16751.57,17198.75,17816.02,17414.27,18509.97,16703.81,15997.82,16491.49,16121.43,15654.73,15772.76,15188.49,14557.55,12647.24,11938.29,11292.69
DE000BAY0017,BAYER,DE,EUR,3779.4,3431.76,3432.79,3514.96,4168.89,3931.64,4467.04,4508.75,5100.74,5091.24,5620.82,5912.44,5049.98,4874.46,4963.02,4704.53,4234.02,4245.08,4338.73,4620.71,5265.1,5656.38,5511.67,5575.93,5581.54,5855.64,5882.25,6619.92,6335.86,6208.6,6215.97,5015.96,4311.96,5008.97,5074.54,4946.81,5429.72,5760.68,5446.0,5640.58,5042.12,5728.14,6057.29,6191.54,6877.42,6948.03,7220.84,7564.49,7879.49,7945.97,8241.4,8530.51,8785.03,8691.39,9455.12,9069.09,9634.02,10196.3,10919.47,11500.87,10790.85,11555.4,11083.71,11558.09,12089.09,11763.78,11028.23,11247.87,11676.38,11813.53,12557.59,11436.63,12059.43,12362.85,12531.08,12133.51,12117.99,11932.16,12584.16,11535.12,10804.72,11372.46,11320.4,10709.92,9484.23,8886.96,9988.02,9863.18,8295.3,8766.36,9362.94,9314.36,8733.58,8624.99,8185.19,9064.74,9596.74,9634.52,10043.33,10748.12,11821.12,11508.69,11244.89,11402.65,12149.86,11598.24,11431.59,11108.48,11714.12,10488.78,10104.09,10663.53,10880.12,10297.94,10371.31,8670.61,8225.49,7186.24,6837.02,6461.0
DE000CBK1001,COMMERZBANK,DE,EUR,178.29,135.91,211.45,260.27,305.12,238.04,303.16,358.5,493.3,405.71,361.98,327.6,303.87,288.86,332.49,305.3,275.92,274.96,349.91,308.08,323.83,348.57,283.68,289.71,297.03,333.62,302.56,246.89,220.22,209.04,184.31,144.48,123.27,120.8,89.62,81.84,116.22,122.58,122.42,104.64,79.93,82.15,75.37,76.78,86.71,93.11,86.9,91.41,105.74,90.07,71.45,65.13,67.66,56.53,55.15,75.05,74.53,83.3,96.68,104.73,110.63,117.08,119.15,115.26,102.82,101.53,93.9,98.32,96.68,97.49,99.2,86.16,78.19,87.65,89.36,87.93,86.21,83.22,84.62,72.79,68.08,72.07,71.16,67.62,52.77,52.84,56.75,62.01,56.75,43.83,43.82,46.24,43.16,44.78,46.36,50.81,57.6,50.78,60.17,65.01,70.81,79.04,86.91,82.36,90.07,90.92,96.7,99.58,109.74,103.34,86.18,85.87,68.25,63.78,71.82,62.84,68.82,62.93,57.31,43.74
DE000ENAG999,E ON N,DE,EUR,5734.94,4592.33,4922.4,5939.6,6646.75,6623.42,7087.8,7888.46,7955.81,7182.67,7412.43,7816.85,6932.85,6674.5,6924.19,6928.1,6030.74,5401.98,5923.44,5610.25,5877.07,6212.25,5743.16,6082.43,6634.8,6503.42,6095.01,6804.34,6010.68,6038.4,5829.5,4645.24,4634.58,5201.4,5224.1,4551.73,4551.46,4916.33,5091.5,4820.97,4122.68,4844.31,4800.16,5176.9,5377.68,5128.67,4081.49,4187.02,3933.07,3778.92,3968.75,4117.47,4141.33,4020.66,4131.66,3865.14,4356.53,4493.59,4718.53,4524.42,4431.95,4652.86,4765.58,4649.04,4956.47,5268.52,4829.93,4649.39,4659.73,4391.38,4528.95,4413.93,3962.36,4111.51,3806.39,3997.73,3899.29,3535.04,3520.0,2995.91,2268.46,2801.94,2504.87,2564.76,2699.76,2415.84,2545.68,2747.25,2601.17,2818.37,2991.13,2567.72,2257.37,2332.36,2097.41,2253.62,2462.45,2473.69,2528.0,2484.0,2860.09,3090.71,3231.3,3716.45,3712.62,3878.28,3820.08,3582.19,3455.23,3360.39,3650.33,3600.43,3579.98,3610.79,3831.72,3611.53,3453.47,3286.14,3465.31,3326.97
DE000KSAG888,K S N,DE,EUR,11344.74,10731.38,11076.73,14247.17,18624.51,14091.88,13907.69,12785.73,13600.7,13599.23,15878.2,15140.11,14993.71,16036.08,16021.06,15096.95,11960.26,12319.03,14058.04,13860.34,15918.43,18453.52,17834.38,20125.45,19630.48,20497.69,20119.49,21540.65,21446.04,20867.84,21532.81,18912.07,14489.75,17304.75,14774.65,12216.49,12939.67,13688.62,14119.54,13508.55,11270.11,12778.21,13882.33,13661.56,13804.11,13328.62,12703.9,12863.86,12699.67,13225.72,13227.32,12510.49,12284.36,10853.08,7075.1,7095.02,7556.17,7497.62,8140.25,8992.96,8727.1,9816.31,9607.04,10069.02,10226.57,9666.53,9049.25,9158.86,8343.24,8196.05,8864.92,8161.83,9152.76,9464.77,9657.76,9724.78,9947.67,12722.84,12521.58,11289.88,10981.1,7736.9,8598.06,7807.02,6392.77,6359.69,7116.86,7577.03,7878.83,6561.66,6638.81,6656.32,6058.48,6488.85,6500.02,7677.49,8056.62,7515.97,7427.67,7642.47,8295.26,8293.18,8437.11,7783.46,8866.28,7856.79,7605.22,8073.1,9100.85,9052.45,9299.35,9511.93,8783.73,8110.1,8673.78,7475.45,6947.04,6164.41,5765.78,5978.72
DE000PSM7770,PROSIEBENSAT 1 MEDIA,DE,EUR,26.09,20.9,19.33,33.73,75.4,65.27,74.42,111.87,130.13,122.75,154.38,139.0,159.44,173.72,202.12,221.86,181.54,178.16,210.21,215.32,286.77,314.33,314.87,360.8,369.55,383.99,351.8,342.4,308.5,337.9,327.66,260.64,225.64,275.7,245.82,228.98,296.86,331.97,321.96,319.45,282.57,298.45,281.42,323.31,341.2,374.81,393.84,378.15,460.71,468.0,482.66,516.65,540.37,579.36,659.72,673.91,683.43,764.21,724.74,797.65,716.62,770.6,737.95,701.94,730.61,748.08,708.47,676.4,668.0,676.73,719.08,710.77,741.49,823.08,824.16,862.77,833.57,856.99,889.14,844.63,848.87,947.06,913.63,887.43,862.67,897.02,896.05,887.7,875.64,760.04,830.27,786.68,783.11,787.22,624.69,702.52,774.81,734.58,808.0,772.63,813.11,806.27,761.73,643.02,651.75,667.49,610.19,659.97,731.9,764.63,659.95,696.42,602.98,520.16,556.74,539.06,530.99,475.32,415.43,362.29
DK0010181759,CARLSBERG B,DK,EUR,349.15,356.95,436.44,518.89,675.93,682.71,734.75,765.51,770.19,753.41,762.93,788.18,802.81,823.91,901.82,872.82,817.34,823.48,950.77,1013.6,1119.99,1171.6,1015.36,1078.4,1070.1,1142.5,1166.64,1287.23,1249.79,1176.75,1064.28,813.55,645.37,742.36,795.78,765.4,822.31,855.26,903.68,943.81,816.01,862.15,888.64,950.33,971.4,944.52,1066.32,1072.06,1171.48,1127.18,1078.87,1028.34,1054.09,989.32,1094.88,1070.94,1140.82,1106.36,1214.99,1226.36,1077.97,1168.43,1118.14,1122.06,1169.08,1210.37,1079.01,1027.2,999.28,989.28,1003.49,874.34,826.17,963.62,942.04,1040.48,1047.72,1035.85,1000.71,860.36,875.44,940.18,970.53,1017.84,956.75,986.98,1106.18,1128.98,1118.8,1098.11,1150.9,1084.84,1105.48,1043.52,986.54,1002.06,1047.55,1021.49,1090.2,1174.45,1282.7,1255.75,1303.38,1348.97,1288.29,1344.2,1396.35,1414.21,1516.6,1446.37,1431.07,1349.16,1336.07,1417.26,1451.79,1472.32,1443.91,1327.84,1332.69,1276.7
DK0010234467,FLSMIDTH AND B,DK,EUR,220.91,188.74,203.06,259.54,294.83,283.82,345.52,446.54,438.15,430.43,524.16,570.09,521.24,514.07,559.93,620.03,511.0,531.55,580.57,483.0,596.51,601.79,672.1,780.8,701.38,717.39,695.46,736.33,688.38,706.03,646.32,510.63,420.71,537.16,534.36,490.19,614.98,664.32,582.89,597.67,446.75,464.54,513.73,479.2,493.86,502.29,486.91,491.71,527.74,581.57,515.78,508.41,438.28,396.97,413.95,475.02,470.64,436.84,457.54,477.49,465.16,459.39,443.91,469.75,511.87,491.36,451.63,470.72,420.91,398.25,372.82,389.19,372.25,403.22,407.33,387.24,449.11,435.36,407.47,342.19,300.02,344.33,328.97,316.25,315.27,335.59,380.07,356.95,331.33,326.47,369.59,338.58,345.63,333.41,377.11,381.96,427.07,451.95,500.96,561.52,568.95,589.31,569.21,587.2,617.55,640.3,514.94,544.12,552.37,637.38,598.86,591.31,638.24,570.66,628.09,593.78,593.64,500.92,477.69,428.14
DK0010244508,A P MOLLER MAERSK B,DK,EUR,697.43,684.22,633.12,850.16,907.03,882.01,911.26,1061.78,1011.93,1015.93,1075.43,1039.2,1167.44,1128.93,1124.1,1254.35,1130.7,1181.62,1250.14,1120.27,1241.41,1285.27,1204.05,1348.33,1443.96,1473.74,1396.72,1534.96,1455.16,1304.51,1161.88,1060.9,898.0,1040.25,1035.18,1002.02,1115.67,1224.97,1166.65,1211.95,961.24,1016.77,1076.09,1015.47,1110.3,1081.02,1106.55,1166.45,1237.01,1241.16,1211.77,1135.45,1142.7,1140.1,1248.12,1352.51,1462.54,1544.33,1620.72,1732.72,1777.54,1950.13,1912.76,1939.69,2123.54,2023.75,1898.85,2044.84,1935.05,1897.41,1702.98,1637.21,1651.94,1881.63,1933.25,1834.48,1780.53,1674.24,1584.48,1573.16,1421.24,1369.95,1411.49,1208.3,1182.79,1217.25,1215.17,1346.58,1233.68,1244.48,1299.75,1429.08,1404.44,1467.23,1270.85,1530.56,1598.48,1565.78,1614.37,1677.52,1849.07,1948.03,2110.13,1997.32,1843.21,1863.51,1743.87,1696.04,1737.51,1593.08,1495.61,1591.51,1472.95,1227.75,1418.43,1524.89,1384.9,1252.14,1402.81,1235.84
DK0010272632,GN STORE NORD,DK,EUR,406.91,377.69,506.33,613.11,806.4,756.15,908.62,1011.27,1029.88,1073.68,1042.94,1015.05,1166.52,1027.79,1135.78,1539.28,1468.01,1326.5,1291.22,1222.1,1460.45,1577.81,1574.33,1733.46,1816.13,1852.21,1787.83,1889.13,1889.78,1829.94,1723.29,1336.45,1176.08,1423.72,1686.24,1606.47,1929.86,2100.29,2035.89,2140.82,2235.81,2309.89,2286.98,2589.53,2941.73,2992.67,2698.84,2760.73,3111.61,3422.67,3421.08,3508.78,3679.12,3621.77,3964.71,3941.48,4040.17,4382.71,4592.09,4721.09,4550.12,4748.42,4796.76,4658.33,5316.04,5534.7,4937.44,4402.86,4262.04,4494.12,4136.54,4231.91,4334.21,4498.03,4334.93,4192.11,4191.49,4016.21,3970.07,3465.16,3485.64,3559.91,3562.01,3543.7,3619.98,3891.53,4098.53,3849.42,4001.55,3516.12,3699.0,4197.27,4212.46,3963.06,3823.36,4062.07,4371.6,4474.36,4618.03,5125.39,6018.06,5747.86,5974.6,6528.13,6757.13,6520.1,6214.59,6373.66,6671.0,6828.58,6978.93,6987.83,7556.65,9032.45,9463.48,10304.11,9660.0,8419.6,6925.48,7387.5
DK0010274414,DANSKE BANK,DK,EUR,1181.57,740.76,980.18,1300.46,1976.64,2007.74,2412.28,3133.13,3047.82,2707.93,2508.89,2650.58,2816.2,2659.47,2871.14,3065.66,2361.55,2262.37,2743.59,2599.6,2814.92,3094.41,2897.43,2998.99,3127.96,2738.63,2791.42,3030.41,2646.06,2330.83,2440.15,1868.78,1783.0,1758.14,1754.7,1604.06,1839.9,2276.49,2129.54,2043.87,1666.45,1749.27,1875.2,2193.49,2274.69,1968.23,2158.64,2127.83,2414.02,2346.54,2255.22,2382.06,2481.51,2150.07,2316.26,2514.58,2712.22,2944.09,2867.85,2892.63,2839.47,3336.53,3557.48,3603.63,3591.12,3607.02,3694.59,3596.75,3469.58,3499.43,3634.92,3471.7,3310.08,3387.68,3474.15,3737.33,3857.21,3871.05,4137.97,4072.84,3970.64,3638.07,3533.12,3550.34,3526.9,3598.93,3888.1,3886.44,3966.9,3598.89,3734.98,4026.01,4010.64,4235.91,4018.2,4175.08,4578.38,4600.56,4869.06,5175.84,5358.29,5475.24,5751.15,5532.13,5701.8,5438.2,5334.65,5554.14,5809.71,5748.49,5526.99,5191.21,4927.08,4651.99,4323.91,4382.51,3905.06,2851.77,2962.73,2934.6
DK0010287663,NKT,DK,EUR,554.08,504.42,457.99,730.84,981.91,889.48,1002.31,1377.77,1540.58,1513.66,1497.7,1482.38,1558.43,1460.56,1478.89,1568.71,1242.93,1202.66,1313.31,1013.29,1323.67,1436.52,1192.0,1429.69,1558.32,1518.23,1579.08,1658.01,1780.83,1717.76,1664.44,1026.11,977.56,1041.04,925.91,896.24,1015.76,1153.12,1232.38,1320.89,944.46,879.11,861.32,889.06,944.89,906.87,901.65,974.7,959.12,1092.2,1043.96,1038.95,1140.46,1019.96,1139.06,1264.6,1397.48,1366.04,1315.64,1389.43,1634.89,1898.99,1647.61,1790.01,1949.38,1952.27,1785.5,1678.52,1567.68,1473.14,1549.61,1531.19,1460.22,1706.82,1834.7,1821.92,1692.97,1645.65,1617.02,1551.19,1510.84,1568.72,1416.9,1490.27,1585.1,1537.31,1657.61,1652.26,1593.46,1460.41,1496.52,1700.42,1870.29,1950.06,1976.11,2052.0,2239.39,2052.27,2133.12,2286.15,2386.37,2321.82,2539.73,2316.02,2480.45,2582.8,2758.09,2754.12,2637.41,2116.93,1955.24,1801.48,1712.87,1648.27,1623.54,1543.71,1565.99,1135.12,937.35,821.34
DK0010307958,JYSKE BANK,DK,EUR,1724.67,1330.93,1721.16,1959.23,2086.56,2159.62,2764.89,3199.45,3139.83,2841.37,2620.1,3169.33,3039.54,2832.36,2888.63,3280.18,2594.68,2373.18,2829.83,2681.61,3170.24,3631.27,3318.86,3784.63,3649.81,3503.57,3619.68,4041.8,3787.79,3204.45,3238.98,2494.55,2425.08,2394.97,2409.65,1999.0,2395.45,2923.9,2564.47,2541.74,2107.04,2189.21,2180.33,2327.38,2414.96,2474.61,2320.85,2253.33,2643.33,2702.82,2768.34,3162.15,3222.52,3055.47,3553.59,3737.6,4033.72,4588.01,4397.47,4385.26,4150.05,4882.39,4462.3,4455.76,4492.34,4607.62,4604.95,4434.55,4387.25,4372.16,4200.81,4125.93,3677.76,3522.3,3417.86,3980.5,3906.6,4075.9,4264.3,4530.66,4482.83,3980.83,3689.87,3687.61,3546.07,3537.72,3733.88,3381.75,3318.59,3117.5,3435.5,3958.3,3851.29,3742.14,3607.82,3944.37,4248.16,4265.62,4251.72,4476.7,4488.48,4921.1,5311.09,5112.91,4911.03,4809.04,4605.15,4847.21,4938.11,5047.14,5103.68,5199.81,4704.6,4741.63,4980.53,4470.33,4260.14,3595.73,3449.34,3167.71
DK0010311471,AL SYDBANK,DK,EUR,557.95,489.45,530.35,708.79,893.91,958.14,1045.84,1167.25,1088.64,1027.04,994.78,1073.12,1086.69,1026.23,1117.8,1223.62,975.29,853.93,1036.72,880.94,971.15,1093.65,1024.75,1133.37,1202.97,1079.18,1059.88,1217.94,1059.26,935.72,984.23,851.03,748.13,787.63,747.66,659.9,715.11,808.82,761.86,728.91,686.6,679.65,680.82,715.73,791.68,767.04,753.74,738.76,826.96,852.19,860.25,956.57,937.35,833.08,935.83,1009.54,1094.44,1240.51,1181.81,1115.3,1066.29,1131.53,1073.67,1117.05,1120.13,1106.61,1148.46,1292.25,1278.05,1329.8,1315.87,1296.06,1182.31,1311.0,1360.11,1630.3,1678.51,1657.34,1650.11,1648.92,1647.99,1433.5,1422.92,1400.55,1261.09,1180.38,1317.32,1297.82,1308.89,1145.61,1232.76,1451.54,1394.69,1432.77,1350.98,1426.75,1520.21,1592.7,1663.88,1740.79,1718.22,1801.81,1988.08,1864.51,1986.83,1867.3,1874.89,1929.08,1962.85,1876.96,1841.61,1863.8,1701.6,1727.06,1865.03,1473.85,1478.74,1161.87,1239.19,1193.51
DK0060079531,DSV,DK,EUR,1266.48,967.76,934.64,1458.14,1582.49,1579.87,1748.93,1973.74,2271.8,2005.58,2272.56,2312.22,2293.3,1989.49,2289.67,2300.86,1897.52,1858.07,2280.83,2032.92,2614.72,2617.62,2526.43,2838.86,2674.3,2959.2,3174.47,3361.51,3208.78,3077.31,2852.76,2697.68,2333.61,2616.31,2498.52,2309.91,2624.89,3003.35,2930.42,2947.24,2513.08,2564.78,2782.27,2821.87,2912.31,2909.05,3054.98,3331.93,3319.74,3183.74,3159.6,3289.91,3138.51,3178.5,3418.25,3417.76,3706.05,3824.2,4003.59,4287.49,4185.78,4185.03,4253.18,4392.57,4393.14,4294.04,4161.05,4050.23,3710.91,3938.02,4135.94,4028.69,4149.47,4264.96,4126.25,4608.52,4606.08,4296.83,4562.36,4733.29,4949.87,5405.19,5158.64,5248.13,5139.09,5435.53,5566.08,5618.5,6091.63,5585.54,5944.74,6610.22,6648.58,6460.19,6012.75,5949.88,6486.81,6591.79,6967.38,7473.97,8176.07,8233.99,8628.71,9502.31,10153.55,10377.86,10345.22,10574.37,11073.46,10559.66,10545.08,10713.87,11187.43,10887.45,11309.57,12655.82,12257.06,10838.0,10311.76,8859.67
DK0060336014,NOVOZYMES B,DK,EUR,58.7,54.53,53.54,50.59,58.79,60.2,66.3,63.7,69.71,68.44,75.11,77.22,76.69,76.29,83.04,90.32,80.18,80.49,95.66,88.23,95.43,99.68,98.05,104.77,103.79,104.83,115.99,130.95,126.86,123.1,123.6,111.07,108.39,114.24,121.41,117.15,106.58,112.99,111.32,100.37,102.59,99.17,94.57,106.37,105.61,105.71,105.42,107.66,125.6,133.61,131.44,133.78,133.78,123.68,132.4,140.7,148.12,151.79,149.95,163.6,167.0,181.91,171.92,187.09,191.21,196.0,193.59,181.86,169.58,181.23,172.13,164.99,178.26,191.79,180.31,182.29,189.36,187.39,207.15,171.6,171.68,183.74,189.57,189.81,163.56,171.54,179.75,191.35,189.98,190.51,195.94,172.81,175.61,148.06,135.34,137.88,155.63,156.33,161.06,175.0,183.6,177.07,186.4,205.82,207.96,223.77,219.66,231.64,225.49,209.05,211.82,194.26,209.2,208.46,216.54,225.76,225.69,203.15,191.47,183.13
DK0060448595,COLOPLAST B,DK,EUR,662.64,706.67,662.17,741.29,743.05,740.24,785.22,833.45,899.52,884.79,1003.57,997.26,1194.09,1245.1,1206.35,1217.99,1132.64,1090.52,1135.6,1166.8,1309.04,1352.36,1459.1,1511.35,1611.17,1561.39,1606.29,1630.49,1629.55,1681.38,1704.6,1664.44,1604.58,1630.85,1697.1,1624.46,1663.45,1859.83,1946.99,2083.46,1935.45,2025.84,2137.47,2253.28,2347.33,2468.45,2628.56,2791.24,3014.04,2984.12,3079.02,3111.51,3288.25,3229.42,3365.27,3124.69,3285.9,3765.64,3794.15,3900.61,4413.09,4958.06,4761.82,4932.82,5119.22,5364.11,5024.03,4935.65,4972.93,5162.24,5153.06,5074.19,4747.04,4815.53,4549.52,4914.34,4575.39,3980.26,4403.35,4128.28,4292.56,4374.31,4923.21,4993.9,5023.48,4665.51,4674.59,4619.69,4706.93,4619.29,4877.86,4720.26,4821.57,4330.42,3951.59,4284.93,4541.48,4485.22,4966.7,5427.54,5480.21,5336.19,5474.24,5228.21,5190.87,5626.0,5020.9,5199.33,5823.68,5538.61,5503.27,5550.85,6253.98,6585.81,7192.43,7069.01,6740.9,6154.42,6284.11,6214.81
DK0060477503,TOPDANMARK DEAD - DELIST.21/10/24,DK,EUR,151.77,129.93,124.99,151.41,153.11,148.34,172.7,173.39,191.79,184.09,182.21,172.19,155.56,152.68,165.77,157.38,144.89,139.74,157.02,146.39,160.34,152.02,155.53,168.65,183.5,178.02,211.31,233.76,236.38,237.04,227.84,204.28,199.95,211.93,207.18,198.57,199.07,216.68,220.33,217.65,205.03,217.71,216.12,240.02,249.03,257.74,265.1,272.28,278.71,292.9,304.58,326.17,323.92,323.21,356.57,320.64,327.39,346.39,336.91,335.05,335.64,354.06,370.04,371.19,387.87,386.55,392.36,392.81,385.01,404.12,410.75,413.26,425.17,421.97,380.39,380.7,347.59,340.37,352.86,353.18,360.37,339.81,353.02,362.42,321.03,293.29,323.89,336.22,349.24,300.65,315.31,338.36,355.63,341.62,322.21,323.09,334.47,322.89,323.02,347.62,382.28,405.12,432.78,495.45,499.86,522.23,547.66,549.26,609.39,627.15,596.48,640.85,608.68,594.18,582.29,583.71,620.17,647.16,616.44,629.91
DK0060636678,TRYG,DK,EUR,30.65,26.71,25.96,29.01,31.1,30.91,35.14,33.46,40.04,38.04,36.28,34.65,32.2,34.26,34.67,33.77,29.73,28.97,33.21,29.42,32.94,27.53,23.66,25.36,29.7,28.5,32.21,35.42,33.53,31.93,30.28,31.05,29.28,31.22,31.98,30.85,30.1,29.79,31.18,31.52,29.64,31.78,32.15,35.27,36.76,36.91,40.22,42.59,44.47,45.61,45.69,51.78,50.21,49.17,54.1,50.73,55.02,54.66,54.09,57.87,57.0,57.71,59.11,59.62,60.01,63.44,63.19,62.52,65.23,67.88,72.61,70.33,73.6,78.31,76.68,70.52,64.82,67.72,67.04,64.9,64.14,59.77,64.38,66.15,62.77,60.42,66.12,64.22,67.09,60.43,64.8,69.17,69.71,67.76,62.54,62.91,66.36,64.79,66.79,71.3,76.53,81.2,84.46,86.79,86.85,90.52,92.57,95.15,92.83,90.41,91.16,94.53,91.54,93.4,98.46,99.04,100.16,98.29,101.15,102.07
DK0060738599,DEMANT,DK,EUR,162.1,155.34,195.88,232.33,274.68,251.95,288.57,298.76,361.66,349.24,350.97,368.8,382.7,348.48,345.42,334.04,346.27,358.59,356.99,331.63,360.12,364.88,340.45,361.43,390.74,413.9,422.56,455.05,460.44,439.7,427.63,403.51,368.24,391.88,404.35,406.5,403.89,454.18,453.59,459.95,428.14,437.96,460.92,421.23,437.3,419.03,395.91,416.69,427.23,390.15,409.03,390.36,387.94,402.45,428.41,416.9,450.63,482.76,456.31,474.33,447.83,438.95,417.04,436.06,437.91,442.45,424.0,377.37,373.87,369.2,350.41,370.76,369.27,400.66,413.33,400.23,400.68,371.56,373.4,395.41,404.67,425.14,467.74,466.04,427.47,423.78,490.81,500.93,514.16,472.98,497.45,508.26,497.53,453.11,412.71,424.43,456.02,500.54,510.59,557.6,639.71,629.8,645.47,643.8,643.31,703.0,671.03,681.79,772.45,874.86,901.3,953.01,885.72,980.49,1165.59,993.22,916.11,802.22,711.58,690.13
DK0061539921,VESTAS WINDSYSTEMS,DK,EUR,189.78,171.33,170.16,256.45,283.28,278.1,271.9,278.67,280.18,275.79,272.43,237.18,207.1,192.11,211.23,237.23,185.36,162.9,188.61,145.22,146.44,123.69,110.74,123.02,133.95,133.78,168.54,138.03,116.88,90.14,85.77,81.75,63.53,61.36,52.26,42.02,43.8,40.08,39.31,34.25,23.75,21.47,18.6,27.07,27.62,22.47,18.62,21.85,23.42,27.76,31.08,33.66,57.27,55.05,78.51,72.43,97.97,104.33,110.85,114.82,127.64,140.33,156.02,172.14,207.74,195.76,175.43,163.7,151.72,129.85,143.29,142.83,152.06,163.95,162.78,178.99,200.44,196.2,216.0,209.9,203.97,230.29,256.52,276.98,255.42,266.23,282.02,285.59,286.11,269.67,278.65,330.57,328.57,319.64,263.58,259.86,279.3,296.98,325.47,349.5,361.11,374.27,395.16,369.23,364.37,358.13,260.29,280.75,277.92,294.99,287.88,269.21,271.6,256.77,267.83,289.71,280.67,260.25,309.64,312.71
ES0109427734,ATRESMEDIA CORPN.DE MEDIOS DE CMNI.,ES,EUR,85.51,76.46,72.23,102.01,130.54,140.31,181.9,194.79,196.51,159.12,162.19,209.66,201.03,187.39,207.91,177.45,117.45,109.53,138.85,129.65,157.47,194.51,151.09,181.88,203.26,189.41,181.6,186.84,158.79,165.97,160.16,142.8,119.04,122.07,120.52,126.44,132.17,126.09,124.96,110.9,80.63,94.5,82.48,94.97,100.62,88.22,96.56,115.74,132.3,133.89,122.84,137.1,148.2,177.3,234.93,219.04,289.77,377.93,346.93,372.84,423.45,401.05,346.53,322.41,354.45,324.9,333.63,332.02,345.35,332.3,313.39,321.75,335.6,347.69,345.17,370.15,342.12,355.78,346.7,340.3,291.55,296.16,278.28,248.88,219.42,242.61,255.5,303.21,303.77,228.68,247.34,277.88,258.9,242.72,243.9,263.06,272.64,277.76,303.96,301.38,310.41,285.82,286.23,254.59,257.2,251.46,281.59,270.79,271.74,270.31,246.9,243.65,233.14,224.85,209.54,191.25,166.09,150.88,150.54,138.1
ES0112501012,EBRO FOODS,ES,EUR,208.42,192.67,197.62,243.13,271.99,263.68,290.48,296.3,335.63,342.56,361.46,377.76,361.69,357.86,334.34,339.31,314.16,309.7,320.1,321.86,367.23,408.23,366.95,399.91,393.21,413.17,443.07,471.38,443.09,440.34,375.52,375.42,332.86,399.87,386.71,367.52,381.0,401.3,385.45,351.54,321.57,345.57,315.58,329.83,356.38,371.82,371.09,404.51,417.26,396.21,410.62,423.49,407.36,426.66,448.43,450.24,473.85,474.19,484.32,494.86,467.08,464.84,487.83,488.12,481.81,471.08,436.23,432.81,404.55,384.09,390.61,358.97,367.94,413.44,403.41,422.55,410.43,425.13,441.47,444.04,430.44,422.43,424.21,439.94,435.18,457.13,487.68,509.56,527.15,517.82,516.66,505.99,530.61,491.58,462.65,478.89,470.84,465.0,466.08,514.12,543.83,528.59,552.42,551.82,553.49,561.87,540.98,547.32,577.15,587.84,597.8,568.53,571.8,553.32,513.18,511.11,522.15,469.57,487.93,476.48
ES0113211835,BBV.ARGENTARIA,ES,EUR,807.88,632.47,697.72,958.88,1061.35,1095.88,1439.62,1567.18,1562.82,1598.73,1669.99,1628.82,1375.92,1162.35,1222.46,1191.82,942.51,951.02,1223.1,1098.73,1228.38,1202.12,877.57,966.14,1183.48,1189.5,1169.52,1257.75,1142.12,1148.23,1044.96,902.97,835.1,921.86,850.65,873.39,891.01,918.01,810.36,703.91,592.67,744.02,693.57,809.73,831.93,896.17,911.63,985.88,1079.23,1054.47,942.61,1073.46,1037.68,925.53,1057.06,1064.74,1265.76,1328.02,1355.45,1395.85,1352.57,1406.4,1386.87,1415.57,1481.12,1471.05,1433.74,1410.04,1413.96,1308.04,1262.05,1125.06,1015.19,1192.38,1213.18,1210.97,1183.89,1176.21,1230.73,1119.36,1022.91,1058.46,1013.97,894.69,787.81,785.62,822.1,864.65,837.28,709.82,747.14,794.37,773.38,936.01,802.25,878.18,889.27,860.84,1019.6,1068.84,1089.15,1106.69,1204.79,1178.52,1193.84,1180.6,1155.14,1151.95,1271.77,1133.56,1066.53,1117.83,937.01,974.93,1011.13,858.91,876.58,772.72,793.24,739.78
ES0113679I37,BANKINTER 'R',ES,EUR,450.95,428.48,549.23,623.58,684.56,656.54,637.32,750.29,711.06,601.88,608.58,582.82,515.4,468.84,477.65,424.71,331.61,355.54,436.38,379.52,404.94,390.59,297.58,327.23,404.86,391.26,406.95,443.02,404.86,402.27,370.45,353.19,332.63,375.89,340.27,373.42,409.24,378.99,319.78,274.09,188.02,212.59,201.11,234.68,270.02,247.69,249.34,259.36,341.96,354.06,305.06,364.5,367.43,352.05,451.55,443.56,534.99,609.67,631.63,685.3,749.55,811.62,805.36,764.98,796.52,785.56,869.87,836.08,854.6,830.74,908.13,819.58,703.58,792.36,778.19,773.94,749.51,757.45,796.87,772.21,752.31,752.02,746.62,738.21,720.23,688.17,740.09,797.31,795.88,674.6,734.61,771.01,754.03,810.1,797.22,827.23,856.22,824.21,903.43,944.63,989.09,993.09,1048.59,1028.11,1028.08,1025.61,1050.27,1037.67,1261.54,1209.22,1133.86,1157.12,1061.79,1081.47,1073.41,990.09,1029.48,917.19,933.8,903.32
ES0113860A34,BANCO DE SABADELL,ES,EUR,148.91,123.49,148.77,176.46,194.51,189.77,201.73,229.49,227.19,208.46,195.72,173.42,167.31,151.21,172.55,161.42,135.48,144.82,180.69,154.11,159.41,154.39,123.74,128.75,155.85,141.37,142.52,146.84,141.82,136.64,123.98,131.13,121.0,122.28,112.59,127.93,123.95,109.18,105.84,91.91,63.57,78.42,76.95,116.86,108.39,98.1,112.52,104.97,107.96,87.85,75.08,85.48,77.44,68.06,83.86,94.43,111.06,113.28,113.87,115.18,130.38,145.77,137.45,151.62,147.63,152.28,145.36,140.87,132.16,128.62,126.92,119.09,113.01,122.9,118.36,129.89,122.26,119.13,113.17,105.14,90.52,95.97,91.12,87.72,88.92,78.72,89.03,98.36,87.98,67.39,70.36,69.62,65.91,68.75,64.24,72.67,78.45,76.8,95.68,101.62,108.98,107.22,117.94,116.04,110.32,105.82,106.48,106.1,127.23,112.3,109.0,107.46,91.79,91.65,91.4,84.11,85.04,72.18,69.78,63.58
ES0113900J37,BANCO SANTANDER,ES,EUR,675.96,528.27,584.93,817.74,926.04,1048.76,1258.25,1360.48,1419.99,1460.97,1542.67,1492.35,1289.3,1184.91,1210.64,1154.51,946.84,992.29,1203.73,1100.88,1191.4,1217.19,901.48,1008.98,1182.0,1188.8,1119.83,1232.15,1169.78,1136.7,1036.37,924.46,835.16,879.28,769.2,777.66,812.18,868.58,801.19,678.58,576.83,719.66,682.82,800.51,835.09,862.39,884.26,924.56,987.71,894.64,792.68,877.57,870.42,772.42,911.16,879.45,1019.17,1137.42,1139.83,1147.08,1131.71,1187.29,1248.84,1328.71,1372.74,1396.72,1377.79,1364.06,1311.73,1227.52,1259.78,1180.12,958.81,1044.72,1074.41,1102.84,1035.57,1016.67,1011.36,896.93,776.32,833.99,807.94,732.97,630.27,610.08,660.45,764.2,720.9,574.89,647.66,683.44,677.09,757.81,706.49,807.67,866.61,852.91,956.9,1022.95,1019.98,1036.52,1085.99,1044.15,1123.49,1099.03,1090.13,1065.91,1217.49,1129.02,1063.69,1070.08,885.12,883.77,939.82,831.45,839.21,798.59,796.16,763.05
ES0116870314,NATURGY ENERGY GROUP,ES,EUR,3374.69,2539.12,2241.27,2630.32,2948.92,2984.39,3154.05,3563.2,3739.67,3423.53,3514.01,3666.92,3458.71,3173.45,3193.18,2956.28,2521.82,2516.33,2974.82,2699.87,2656.95,2602.4,2411.77,2743.4,3024.5,3125.27,3437.9,3763.54,3592.29,3964.32,3817.71,3472.23,3245.75,3560.52,3297.41,3259.65,3166.71,3287.75,3087.31,2694.69,2205.49,2605.76,2508.68,2511.52,2879.54,3151.9,3154.29,3638.19,4147.23,4127.41,3684.47,4355.3,4305.83,4183.33,4332.81,4167.62,4454.6,5036.34,5319.76,5494.26,5368.11,5569.84,6100.57,6214.08,6257.4,6848.35,6779.54,6784.44,6499.22,6363.38,6268.25,5558.07,5263.53,5432.14,5037.39,5517.51,5506.53,5082.36,5003.63,4642.44,4453.48,4984.1,4949.82,4678.67,4545.08,4085.38,4721.64,4851.33,4617.76,4715.15,4971.86,4951.62,5012.6,4804.05,4176.98,4605.75,4695.39,4760.46,5355.99,5511.76,6146.72,5844.62,5835.28,6071.5,5616.49,5428.16,5679.92,5863.12,5879.11,5820.84,6048.71,6408.19,6214.96,6716.79,7116.07,7060.62,7164.16,6456.81,6598.97,6787.04
ES0117160111,CORPORACION FINCA.ALBA DEAD - DELIST.08/05/25,ES,EUR,338.97,304.05,361.69,416.97,453.29,463.37,505.29,527.32,553.45,508.64,526.97,514.88,494.84,481.73,492.38,473.89,384.94,369.34,409.66,416.12,489.75,531.19,453.36,518.9,571.82,607.74,622.26,656.98,627.32,607.31,572.41,531.11,457.68,536.24,444.92,426.79,450.88,483.87,472.27,420.47,316.42,369.9,348.34,359.04,421.78,423.21,466.16,521.59,519.96,483.06,491.16,536.32,525.94,500.53,563.21,588.4,628.13,633.4,673.74,669.59,654.04,663.22,682.62,704.66,694.55,749.73,705.9,686.25,609.89,641.22,593.46,571.82,556.2,600.54,566.01,592.67,545.03,544.7,552.86,552.93,488.64,526.81,529.07,513.66,467.85,419.02,459.73,486.82,504.19,483.76,510.55,489.64,504.31,530.32,515.52,547.73,568.15,560.17,570.3,658.53,711.36,736.69,762.26,730.17,745.55,722.1,738.37,705.43,771.45,750.77,743.4,767.52,708.48,721.57,715.14,700.27,691.13,602.69,568.24,608.76
ES0118594417,INDRA SISTEMAS,ES,EUR,359.8,327.17,343.68,354.81,406.0,385.7,420.86,437.21,458.52,434.85,437.21,434.73,402.1,377.61,378.13,369.84,320.09,297.2,313.12,321.69,366.07,374.69,307.63,328.74,361.32,373.28,384.87,435.62,400.79,395.42,396.39,358.54,290.09,338.31,280.45,254.71,262.81,254.65,244.04,206.93,178.81,185.44,190.94,206.53,208.51,245.12,251.98,283.97,280.94,268.96,256.69,289.33,283.46,277.75,298.67,318.84,330.9,364.86,337.18,369.37,390.61,405.09,443.28,413.09,397.8,394.0,348.97,339.53,315.93,248.43,232.61,220.03,230.42,240.6,264.49,266.63,217.89,231.56,254.54,267.12,233.2,242.91,231.44,212.19,220.57,206.71,262.54,264.02,257.1,237.65,273.25,290.84,302.2,278.73,233.04,247.4,248.01,285.03,288.45,308.79,312.91,324.7,347.87,354.13,356.0,323.9,307.62,308.57,332.35,312.46,311.19,312.52,285.37,269.65,273.92,277.88,258.69,223.0,237.01,212.11
ES0122060314,FOMENTO CONSTR.Y CNTR.,ES,EUR,302.62,299.64,353.41,415.45,459.62,473.12,471.65,477.73,552.77,483.33,503.68,499.32,467.49,405.03,441.76,394.92,296.26,268.39,322.76,293.34,343.99,334.68,283.44,327.69,373.87,409.4,424.81,435.93,392.6,390.62,363.29,344.63,329.1,345.46,340.42,343.08,318.58,344.67,302.16,231.39,170.68,173.29,145.8,180.01,186.51,186.57,169.72,176.45,193.1,167.01,136.45,148.21,144.76,132.95,197.05,253.59,284.02,329.71,302.59,318.35,382.81,325.69,325.5,314.19,307.74,333.01,310.56,267.72,274.96,262.17,279.73,277.25,241.81,229.54,237.9,250.63,203.44,198.29,202.27,178.79,143.87,149.5,134.85,148.28,146.07,141.4,172.98,173.87,168.72,168.81,165.09,209.19,189.93,172.93,165.65,159.45,166.69,185.93,182.3,185.31,221.07,215.81,220.13,210.6,200.7,212.61,217.23,207.37,238.19,245.65,244.74,258.82,248.19,252.45,260.49,280.45,300.43,266.76,280.64,267.76
ES0124244E34,MAPFRE,ES,EUR,355.16,258.03,276.03,375.89,455.17,425.38,485.59,538.39,584.14,563.19,579.09,561.67,531.68,482.81,491.55,439.07,375.68,379.73,455.29,397.7,420.58,457.35,351.61,395.38,482.63,527.36,535.17,593.36,544.01,540.4,518.67,500.82,456.72,540.42,486.48,475.55,496.16,515.2,479.68,431.16,288.94,315.52,283.27,377.31,425.42,429.72,436.14,480.06,484.85,512.62,486.94,577.49,568.53,522.81,587.02,540.33,575.81,647.8,639.8,698.68,672.76,674.86,686.9,685.4,665.84,663.01,641.54,625.19,589.25,569.24,612.02,576.21,570.17,596.01,617.93,630.16,602.45,594.52,558.79,509.38,450.52,516.52,474.09,443.0,392.96,344.97,381.69,447.49,447.29,394.3,444.32,489.15,507.22,537.89,544.18,563.74,557.7,572.05,633.72,643.03,656.14,657.29,700.11,666.1,613.56,616.68,635.02,617.16,684.06,648.42,637.53,668.76,580.7,594.82,620.09,582.19,618.49,590.41,563.47,533.57
ES0125220311,ACCIONA,ES,EUR,2311.61,2034.76,2096.01,2109.44,2662.89,2504.45,2491.52,2688.46,2818.77,2542.34,2661.57,2735.93,2547.82,2331.99,2325.76,2084.61,1663.18,1609.99,1892.84,1700.65,1816.99,1886.91,1396.12,1527.29,1886.84,2120.48,2369.93,2537.69,2359.6,2311.02,2315.64,2095.12,1904.17,2134.51,2066.65,1931.56,1814.86,1784.74,1575.37,1387.62,1185.93,1406.72,1028.62,1102.92,1341.01,1443.77,1525.93,1744.17,1913.73,1464.08,1300.16,1561.47,1483.67,1254.82,1155.92,1258.02,1402.91,1565.6,1509.73,1418.29,1636.71,1965.61,2134.33,1998.92,1989.02,2203.82,2030.57,1976.23,1844.75,1717.66,1829.19,1675.89,1764.37,1935.46,1899.75,1869.57,1886.2,1859.68,2051.73,1877.31,1782.54,2132.32,2099.28,2167.3,1924.76,1929.03,1954.37,2021.02,1920.17,1887.56,1924.45,1853.08,1969.05,1979.83,1769.21,1921.21,2017.75,1955.97,2092.95,2148.29,2500.16,2358.32,2285.67,2290.15,2158.64,2222.79,2183.6,2192.23,2438.22,2282.38,2036.74,2250.56,2024.65,2298.79,2388.2,2449.65,2516.98,2345.95,2549.36,2345.23
ES0130670112,ENDESA,ES,EUR,2862.56,2569.47,2340.34,2715.62,3256.88,2995.66,3308.5,3717.03,4132.02,4191.1,3918.68,4300.83,3904.85,3682.94,3646.45,3616.85,2939.5,2729.2,3231.08,3041.98,3500.01,3613.3,2941.23,3379.78,3789.0,4044.78,4139.58,4658.16,4489.1,4440.96,3993.92,3514.6,3177.54,3271.24,2954.99,2795.78,2668.13,2801.92,2703.28,2434.26,2035.45,2385.64,2266.54,2435.07,2706.29,2993.97,2856.78,3129.65,3349.1,3255.96,2978.51,3197.13,3156.71,3001.29,3261.24,3267.27,3667.51,4086.03,4234.9,4517.78,4372.1,4890.34,5349.98,5627.44,5673.88,5746.71,5726.87,5532.98,5871.94,5498.81,5474.82,5657.66,5744.19,5834.26,5564.56,5720.72,5373.08,5505.14,6196.82,6074.6,6162.55,6555.46,6059.77,5897.3,5736.62,5408.94,5737.25,6267.45,6139.61,6157.66,6461.16,6251.68,6591.45,6525.72,6360.74,6708.33,6504.56,6748.13,7446.08,7445.49,7894.55,7451.46,7641.61,7803.85,7304.27,7414.66,7235.79,7164.57,7535.17,7051.15,7350.32,7820.66,7351.13,7587.87,7960.4,7719.34,7434.3,7201.8,7664.4,8139.8
ES0130960018,ENAGAS,ES,EUR,333.66,310.26,271.22,335.63,353.63,376.35,385.61,387.2,409.16,405.48,424.2,440.41,415.04,416.08,436.92,399.01,320.63,302.03,378.37,363.68,416.24,451.44,380.07,417.19,440.37,446.82,471.05,516.73,491.0,505.12,489.04,450.24,396.58,426.03,401.52,406.01,438.37,450.74,420.57,384.57,341.8,399.13,393.43,421.66,447.44,450.39,463.69,492.11,547.14,554.63,539.42,616.77,578.76,570.68,586.77,539.36,583.84,637.34,627.76,636.53,665.72,708.19,739.87,748.55,716.42,782.4,831.88,834.71,805.53,837.16,838.57,803.99,804.55,780.4,725.69,782.37,728.47,689.68,735.49,712.1,744.23,792.18,775.34,746.51,763.57,745.67,795.58,805.41,792.65,820.57,824.91,793.08,813.93,775.42,667.17,701.03,675.86,679.02,717.47,724.51,819.87,771.41,797.73,833.72,797.88,816.11,832.78,827.81,789.77,754.54,789.6,842.37,769.01,844.38,832.16,828.49,802.88,789.65,817.07,818.35
ES0132105018,ACERINOX 'R',ES,EUR,1520.65,1342.28,1346.28,1798.83,2106.64,2161.33,2327.51,2496.29,2532.37,2372.63,2456.03,2473.09,2254.07,2031.11,2339.72,2367.61,1882.28,1864.44,2084.62,1919.67,2162.98,2002.38,1755.91,2153.33,2099.46,2337.82,2432.48,2491.77,2363.94,2258.25,2070.68,1817.3,1421.35,1697.46,1709.76,1627.42,1805.59,1827.18,1635.91,1562.88,1276.21,1438.89,1302.28,1398.75,1463.24,1373.4,1340.75,1450.87,1459.73,1423.48,1354.15,1421.23,1343.02,1293.53,1423.03,1441.92,1595.36,1837.77,1862.69,1773.03,1809.05,2029.42,2236.08,2430.94,2390.42,2550.07,2394.08,2208.9,2212.86,2134.43,2194.64,2178.11,2143.97,2349.96,2415.46,2106.61,2193.68,2054.5,1822.21,1714.04,1323.85,1615.84,1597.49,1520.04,1329.29,1630.67,1723.71,1755.52,1720.29,1713.84,2076.7,1923.79,2055.51,1910.56,1952.71,2065.27,2131.2,2214.32,2180.56,2168.6,2100.49,2123.41,2052.45,2280.99,2309.82,2301.3,2156.87,2291.3,2363.24,2378.16,2234.5,2253.26,2153.62,2120.42,2397.1,2230.43,2368.85,1850.98,1648.81,1639.21
ES0134950F36,FAES FARMA,ES,EUR,532.45,510.59,495.81,679.48,834.26,842.36,736.28,777.29,891.74,781.67,797.94,720.14,717.23,728.26,710.56,633.79,518.89,532.1,526.4,513.57,682.16,635.57,485.37,570.33,617.09,652.93,633.89,633.52,561.91,499.21,443.07,348.47,299.14,344.52,285.64,270.07,291.13,352.5,346.44,287.69,240.74,259.86,286.04,306.6,294.47,292.23,319.67,375.3,536.26,508.59,444.16,490.82,482.51,477.94,535.26,520.76,585.0,655.42,681.12,671.06,656.71,670.05,634.31,593.18,571.97,615.26,541.45,520.2,497.64,450.93,466.87,418.68,410.91,484.26,512.42,531.53,542.62,530.78,579.23,583.97,542.49,559.75,553.69,638.87,619.05,618.18,672.6,669.95,736.53,698.16,845.21,791.7,826.52,785.11,765.45,779.9,816.93,785.7,787.28,790.81,769.6,733.9,698.69,724.26,739.79,749.61,829.21,808.5,835.96,759.78,836.52,932.5,920.98,975.05,1005.41,1006.43,972.62,968.38,909.13,807.99
ES0142090317,OBRASCON HUARTE LAIN,ES,EUR,1568.83,1420.33,1203.51,1824.82,2467.34,2719.59,3314.81,3594.07,3830.88,3681.04,4015.16,3978.23,3516.37,3257.38,4250.63,4202.99,3710.53,3364.38,3905.02,3739.63,4200.23,4880.37,3898.95,4543.16,4803.77,4969.49,5402.46,6128.69,5571.9,5795.92,4839.87,4234.43,3784.02,4289.5,3943.77,3816.87,4080.4,4695.29,4509.37,3832.5,2863.62,3235.88,3082.39,3286.91,3612.51,4091.8,4056.04,4527.18,4745.82,5225.27,5150.4,5791.06,5769.1,5415.06,6061.7,5461.73,6045.88,6692.53,6326.23,6464.15,6730.9,7027.93,6927.44,7370.19,6944.4,7109.17,6126.35,5945.57,5421.29,4723.44,4415.98,3637.31,3747.43,3897.76,3451.85,3769.71,3038.04,2803.17,2756.89,2557.77,2163.48,2223.92,1926.72,1580.09,1461.83,1600.24,1764.12,1953.99,1612.76,959.72,1039.76,929.52,1120.17,1120.83,761.89,970.12,947.23,978.81,1281.34,1221.95,1040.84,999.36,1171.61,1187.4,1008.47,1568.02,1640.54,1669.53,1729.34,1580.06,1188.83,1310.92,1047.9,977.78,1077.12,1007.05,609.29,349.64,303.95,227.71
ES0144580Y14,IBERDROLA,ES,EUR,1944.06,1647.9,1749.21,1983.82,2129.63,2022.89,2186.54,2374.9,2510.81,2335.92,2430.67,2494.64,2239.22,2104.04,2213.49,2076.18,1724.82,1535.99,1909.72,1913.08,2085.51,2280.18,1865.9,2152.94,2387.94,2429.93,2422.71,2588.08,2460.01,2475.55,2336.09,2119.76,1951.05,2103.17,1913.6,1801.41,1742.88,1757.27,1676.45,1376.66,1124.42,1395.72,1132.77,1239.56,1415.23,1612.18,1549.18,1724.56,1741.15,1600.11,1506.54,1741.32,1746.59,1702.57,1849.86,1775.89,1951.73,2112.14,2142.74,2144.11,2129.56,2295.44,2413.75,2408.71,2485.31,2637.2,2634.65,2602.48,2533.72,2500.26,2622.26,2449.12,2500.48,2477.05,2330.96,2422.05,2496.21,2434.36,2624.36,2508.71,2454.53,2653.88,2589.48,2631.04,2631.39,2444.13,2519.02,2680.1,2559.49,2550.45,2660.28,2543.82,2632.93,2634.94,2332.23,2545.55,2495.08,2638.28,2837.87,2845.07,3158.63,3129.27,3186.62,3308.32,3151.14,3278.09,3226.61,3146.11,3385.63,3071.04,3043.62,3212.41,2937.26,3204.97,3316.62,3184.81,3137.7,3021.36,3180.57,3419.51
ES0148396007,INDUSTRIA DE DISENO TEXTIL,ES,EUR,289.62,287.52,294.75,324.64,345.38,367.53,410.32,417.73,439.51,452.57,493.57,482.36,491.48,457.99,511.71,480.4,436.26,451.51,517.57,523.87,622.75,652.96,596.54,593.29,597.25,571.93,634.21,708.92,724.54,726.85,723.86,681.16,688.9,731.78,683.94,662.16,703.82,747.36,770.91,724.97,672.99,842.77,840.92,907.7,1012.62,1039.07,1124.4,1140.88,1148.96,1100.7,1089.02,1103.49,1027.39,1019.84,1100.7,1092.49,1275.53,1360.9,1331.49,1375.71,1244.03,1200.46,1250.76,1249.64,1213.2,1284.68,1220.67,1212.38,1153.43,1172.29,1229.1,1207.79,1241.72,1326.41,1351.19,1353.01,1402.46,1377.72,1460.82,1413.35,1416.93,1597.93,1535.08,1469.13,1393.81,1327.11,1437.77,1381.98,1454.56,1430.05,1489.03,1522.51,1595.99,1513.8,1484.72,1483.34,1431.03,1397.14,1532.38,1675.86,1788.78,1675.5,1730.96,1658.43,1647.55,1648.23,1563.23,1537.46,1585.49,1342.03,1378.69,1389.54,1406.56,1524.05,1464.18,1352.1,1352.86,1275.48,1385.08,1153.65
ES0152503035,MEDIASET ESPANA COMUNICACION,ES,EUR,105.32,87.81,84.51,115.85,130.95,125.07,152.08,150.37,168.95,139.47,149.36,195.64,192.7,177.71,214.15,194.21,136.82,122.34,156.03,138.31,150.23,173.51,143.07,166.18,189.44,189.06,172.55,169.42,141.01,135.96,147.11,113.68,90.1,104.8,92.27,89.61,91.53,93.87,89.63,73.13,68.08,78.25,80.56,88.75,87.48,86.53,94.98,108.13,121.58,113.54,115.89,126.63,125.03,140.12,167.14,157.05,185.62,197.15,189.44,186.27,198.76,193.08,187.76,178.29,186.56,187.91,188.22,184.95,200.57,201.7,198.42,203.65,196.27,199.53,201.77,218.75,204.13,212.87,205.52,193.87,177.11,198.49,186.59,177.1,157.07,175.76,187.16,219.06,225.11,188.58,193.87,202.95,199.95,188.11,173.25,198.34,206.14,198.56,217.98,232.41,234.45,216.71,218.98,201.95,196.96,189.59,203.48,195.99,197.88,202.54,177.29,177.89,166.56,156.09,145.9,135.64,135.23,126.1,128.9,116.17
ES0161560018,MINOR HOTELS EUROPE & AMERICAS,ES,EUR,80.32,62.16,51.37,92.29,98.85,98.31,91.08,111.12,151.75,120.68,121.93,122.45,114.16,102.39,97.95,106.76,74.6,70.26,92.95,82.52,103.98,120.06,90.19,104.49,135.88,140.06,155.79,193.84,186.19,171.96,144.4,116.11,96.5,113.76,91.73,64.93,74.78,72.12,83.56,75.46,49.08,59.54,57.64,71.57,71.43,83.24,84.3,78.95,90.31,92.08,72.47,80.15,79.69,81.56,91.7,86.97,118.48,120.08,126.04,135.47,144.33,153.52,163.16,146.33,139.15,135.85,124.48,123.45,112.16,104.63,110.26,110.35,113.65,119.15,125.41,133.94,130.55,131.64,139.92,128.92,122.41,141.17,122.72,125.61,94.58,102.71,105.62,110.37,116.72,96.34,104.42,103.99,104.67,101.22,89.07,93.04,101.41,107.02,108.45,118.79,134.41,137.9,153.4,150.29,154.91,146.18,170.15,166.5,176.48,175.74,181.47,178.7,172.92,170.8,172.16,171.46,170.89,145.89,122.04,108.54
ES0167050915,ACS ACTIV.CONSTR.Y SERV.,ES,EUR,956.48,947.97,982.83,1191.58,1234.22,1198.14,1290.15,1255.21,1267.88,1174.92,1211.21,1215.47,1179.99,1106.1,1147.77,1127.62,933.28,918.26,1110.91,1065.44,1280.77,1342.6,1127.85,1205.31,1323.99,1201.6,1228.42,1318.58,1255.4,1233.76,1141.88,1108.61,961.46,1031.89,871.63,801.18,831.91,829.23,709.24,508.79,460.54,594.89,470.58,591.83,613.26,634.66,635.65,746.49,713.24,707.54,695.15,765.45,834.39,786.57,900.27,881.78,998.51,1031.63,1016.3,1082.21,1121.74,1147.33,1253.49,1365.42,1418.59,1458.47,1426.16,1374.78,1251.15,1205.48,1153.38,1141.39,1150.21,1230.79,1170.66,1166.9,1063.11,1061.95,1141.39,1096.39,969.89,1156.01,1102.49,992.42,868.15,896.3,1027.27,1138.39,1136.12,957.39,1013.26,999.5,1067.87,1081.55,1041.21,1118.54,1103.27,1128.39,1222.76,1328.32,1433.53,1411.69,1398.89,1381.68,1356.39,1443.17,1418.01,1433.28,1490.22,1281.25,1443.32,1569.37,1537.02,1540.81,1669.62,1587.62,1620.2,1426.74,1458.96,1470.73
ES0171743901,PROMOTORA DE INFORMACIONES,ES,EUR,13.34,8.25,13.48,14.2,20.35,27.18,28.09,30.99,29.38,24.79,23.68,25.95,28.29,23.39,18.55,21.69,13.0,12.78,14.7,10.68,11.61,13.29,10.87,10.54,13.95,14.24,15.07,14.6,12.6,12.07,10.48,7.9,5.6,5.39,6.04,5.82,5.33,4.69,3.91,2.49,1.85,2.52,2.25,2.47,2.49,2.24,1.84,1.6,1.92,1.52,1.49,1.53,1.24,1.41,1.27,1.36,2.26,2.63,2.5,2.84,2.81,3.13,2.98,2.87,2.52,2.5,2.36,2.07,1.56,1.45,1.72,1.61,1.37,1.85,1.65,1.7,1.52,1.52,1.58,1.15,0.64,0.96,1.03,0.97,0.89,0.98,1.14,1.22,1.22,0.97,1.02,1.05,1.1,1.19,0.98,0.95,0.97,0.89,0.79,0.61,0.55,,0.65,0.59,0.67,0.61,,0.51,0.62,0.69,0.65,0.73,0.69,0.58,0.66,0.65,0.7,0.56,0.65,0.62
ES0171996087,GRIFOLS ORD CL A,ES,EUR,350.35,315.23,285.81,350.45,357.48,355.6,364.73,354.43,383.1,326.97,336.78,356.42,312.62,308.35,304.62,258.46,234.13,210.36,229.62,240.68,295.96,333.26,238.66,281.99,314.46,335.87,359.7,408.76,420.25,413.5,451.44,425.18,388.18,387.61,333.03,371.58,402.09,459.49,469.13,554.46,499.45,558.57,687.12,621.67,728.01,763.53,704.35,795.45,778.24,816.42,850.1,919.41,838.14,843.62,969.08,922.26,945.55,945.1,1054.63,1102.58,1193.22,1312.84,1261.69,1228.62,1248.35,1262.75,1045.69,1078.41,946.9,942.24,1032.01,931.62,977.07,945.3,998.11,991.04,925.42,942.13,1039.21,958.63,963.84,1090.54,1110.3,1091.13,976.67,1034.3,1050.89,1025.24,1068.32,1066.25,1038.83,1001.9,1021.06,935.24,929.68,951.45,1023.4,1048.13,1174.78,1282.76,1359.36,1334.72,1344.08,1355.05,1398.49,1502.48,1402.51,1416.11,1558.53,1329.75,1366.37,1362.18,1420.34,1462.73,1413.01,1432.16,1369.28,1387.0,1371.34,1280.44
ES0173093024,REDEIA CORPORACION,ES,EUR,680.94,669.86,644.17,695.17,771.05,745.56,787.82,790.87,861.5,875.55,920.99,938.67,858.85,859.34,916.0,805.38,673.25,614.37,766.28,723.58,824.4,878.25,767.6,826.66,906.83,955.99,1009.9,1134.24,1070.82,1071.0,995.26,898.5,836.04,888.35,800.49,781.62,851.64,937.83,903.89,805.38,684.54,807.86,759.92,830.75,908.91,897.64,887.38,941.7,1080.96,1075.88,978.7,1034.0,1031.86,1066.41,1117.0,1037.57,1141.85,1251.45,1288.0,1340.04,1420.52,1580.72,1650.09,1667.93,1742.78,1855.83,1782.22,1751.46,1796.78,1810.23,1905.41,1837.92,1785.01,1787.99,1702.98,1759.8,1757.83,1676.71,1724.98,1712.67,1775.56,1900.89,1839.94,1797.26,1743.53,1721.69,1883.38,1934.47,1930.06,1976.84,2034.28,1908.82,1916.09,1849.6,1582.23,1678.55,1603.43,1625.67,1727.93,1749.57,2016.09,1924.52,1970.38,2068.58,1938.65,2042.51,2089.49,2072.1,1983.6,1820.29,1919.2,1947.44,1812.92,1957.73,2040.7,2024.7,2014.48,1993.53,2070.06,2142.6
ES0173516115,REPSOL YPF,ES,EUR,847.98,731.49,815.39,903.72,1056.04,1053.76,1119.47,1203.34,1317.12,1299.08,1331.65,1326.66,1176.79,1121.11,1171.38,1163.8,1004.39,1008.07,1188.0,1153.29,1299.25,1394.89,1218.18,1408.83,1616.41,1724.48,1760.47,1835.5,1746.98,1781.09,1654.01,1510.14,1400.91,1596.39,1575.51,1610.22,1464.52,1394.64,1334.41,1018.91,795.73,893.38,892.0,1027.38,1081.23,1112.9,1181.48,1160.18,1280.91,1223.55,1167.89,1346.58,1311.15,1243.2,1409.46,1365.79,1463.63,1586.67,1552.9,1529.8,1420.28,1523.68,1547.18,1630.04,1708.75,1723.59,1628.57,1626.46,1552.32,1459.02,1470.87,1265.72,1190.91,1303.82,1252.72,1388.55,1279.25,1215.53,1170.89,989.98,804.88,878.07,903.09,796.12,743.76,749.41,818.62,949.31,933.13,941.48,936.46,995.92,1007.84,1039.28,992.74,1078.98,1125.3,1133.98,1180.09,1206.52,1278.46,1199.27,1310.02,1346.18,1446.22,1470.37,1442.75,1424.95,1519.48,1443.46,1426.78,1541.24,1531.81,1621.69,1645.55,1596.73,1651.7,1485.51,1430.59,1371.56
ES0178430E18,TELEFONICA,ES,EUR,2226.34,2330.09,2487.2,2381.49,2761.08,2897.92,3171.85,3235.27,3532.43,3598.66,3758.43,3666.93,3160.26,3081.6,3107.66,2963.91,2583.42,2527.52,3069.61,3008.57,3354.29,3647.21,2968.07,3166.17,3498.98,3535.59,3487.42,3745.95,3494.42,3520.81,3218.51,3009.12,2787.62,3089.96,2830.26,2613.14,2624.32,2577.1,2460.29,2191.63,1775.77,2114.75,1826.02,2033.59,2144.91,2115.71,2108.89,2158.96,2329.6,2100.85,2164.59,2360.06,2207.66,2056.39,2286.35,2177.19,2503.75,2836.82,2707.91,2678.4,2533.64,2520.07,2599.63,2748.54,2831.78,2889.7,2754.31,2680.33,2609.79,2533.64,2784.31,2501.14,2603.3,2702.54,2497.67,2680.82,2536.34,2551.46,2766.2,2533.76,2171.21,2386.92,2279.73,2055.73,1936.15,1857.11,2075.75,2016.51,2001.02,1798.93,1876.69,1924.9,1939.06,1942.88,1658.26,1852.06,1920.23,2041.21,2232.5,2201.53,2219.42,2086.3,2281.21,2179.78,2199.34,2123.39,2076.6,2012.7,2121.05,2011.17,2036.8,2101.94,1817.43,1791.38,1896.85,1713.49,1669.14,1728.63,1892.17,1806.67
ES0182870214,SACYR,ES,EUR,216.41,177.03,194.11,261.19,411.0,349.3,401.68,420.68,476.58,383.43,347.76,289.31,264.34,205.4,222.79,193.78,144.47,126.68,129.38,114.21,151.07,165.22,128.42,161.61,241.56,284.01,297.42,323.56,278.66,251.7,221.08,204.91,151.08,189.04,159.87,137.23,127.37,106.86,80.77,47.97,41.35,51.59,44.76,47.75,60.1,55.5,49.89,60.9,64.14,61.62,50.48,58.24,77.65,87.62,108.17,104.47,135.39,158.56,156.48,152.39,149.92,178.0,195.02,192.53,199.17,185.92,166.55,164.88,158.12,128.48,115.46,101.7,108.78,133.06,123.24,132.54,124.37,114.44,105.03,92.52,67.87,78.09,78.26,60.67,51.4,54.63,59.54,65.55,62.62,49.9,54.22,57.74,64.97,70.3,64.34,72.09,79.85,76.09,76.69,77.11,92.23,83.97,84.44,89.26,83.25,81.48,76.59,89.85,106.01,98.34,86.46,93.35,90.87,90.54,105.59,97.19,96.94,79.96,76.65,65.9
ES0184933812,ZARDOYA OTIS DEAD - DELIST.09/05/22,ES,EUR,4941.15,4785.18,5090.73,5737.48,6219.18,6150.78,6660.2,6445.18,6440.91,5992.8,6227.11,5852.89,5595.18,5461.14,5251.55,4725.77,3930.85,4155.62,5005.03,5021.78,5803.71,5386.79,4589.75,4624.22,5187.7,5104.36,5484.72,5635.87,5532.72,5159.72,5073.78,5310.66,4540.51,4824.14,4984.65,4920.79,5102.67,4841.15,4669.3,4421.23,3982.86,4269.25,4270.4,4447.99,4558.0,4786.76,5303.0,5559.1,5993.55,5517.36,5228.71,5501.87,5332.3,5567.67,5990.85,6057.76,6693.0,7228.43,7126.43,7509.51,6994.1,7215.06,7096.47,7342.2,7568.54,7456.14,6706.36,6376.66,5439.36,5146.72,4724.08,4922.48,5071.43,5400.93,5745.36,5776.98,5750.42,5106.52,5177.72,5009.38,5058.27,5839.49,5707.25,5527.04,4981.51,5085.09,5538.74,5080.55,4964.51,4470.56,4933.65,4728.88,4833.72,4268.82,3959.13,4289.07,4302.65,4089.51,4727.54,4765.74,5042.69,5314.13,5426.29,5342.22,5741.57,5660.98,5850.3,5722.13,6030.0,5553.88,5292.8,5426.61,5066.5,5064.49,5115.38,4990.1,4984.54,3694.72,3844.86,3826.15
FI0009000202,KESKO B,FI,EUR,1105.73,964.39,989.72,1252.56,1373.71,1261.62,1250.93,1403.02,1596.43,1595.92,1622.44,1579.24,1544.52,1733.3,1938.11,1905.03,1576.01,1603.34,1905.64,1914.18,2309.66,2433.47,2262.4,2303.25,2369.38,2118.85,2301.8,2659.75,2540.68,2378.98,1989.68,1982.53,1588.01,1837.86,1795.77,1723.75,1806.56,1726.34,1657.21,1435.62,1345.11,1404.4,1391.99,1426.05,1524.69,1682.02,1696.62,1755.29,1762.63,1681.47,1681.93,1698.67,1714.6,1569.01,1771.67,1700.45,1696.73,1880.77,2113.66,2087.03,2085.84,2530.45,2466.69,2412.11,2618.91,2335.59,2253.43,2167.74,2116.16,2237.39,2306.49,2157.98,2158.34,2343.65,2523.87,2516.4,2289.89,2132.94,2398.32,2204.17,2167.65,1967.77,2036.04,2156.94,2449.71,2402.04,2712.76,2624.03,2633.67,2780.71,2926.76,2851.23,3025.3,3259.11,3236.11,3288.28,3324.51,3021.79,3139.07,3220.66,3574.68,3492.43,3463.48,3700.11,3687.43,3511.89,3488.8,3735.46,4021.11,4005.58,3936.64,4249.11,4224.98,4418.12,4060.93,4217.8,3924.47,4223.68,4207.82,3888.11
FI0009000277,TIETOEVRY,FI,EUR,1059.82,1171.18,1029.63,1289.44,1419.49,1318.92,1692.17,1815.35,1973.93,1995.38,2119.76,2065.66,2233.03,2234.61,2370.56,2132.25,1896.36,1702.73,1797.6,1686.24,2037.24,1951.95,1856.02,1941.59,2155.23,1963.74,1971.45,1989.11,1876.48,1822.07,1598.58,1634.27,1369.01,1719.93,1658.47,1537.8,1626.88,1983.72,2126.08,1996.25,1721.94,1808.98,1893.64,1948.12,1959.27,2173.19,2175.31,2224.52,2524.01,2641.3,2520.48,2550.11,2451.45,2259.12,2266.75,2363.89,2539.5,2620.02,2567.26,2695.0,2611.71,3023.2,3213.2,3412.86,3474.63,3698.44,3328.63,3408.52,3158.19,3165.38,3213.44,3253.73,3070.78,3337.11,3109.79,3176.68,3021.09,3084.83,3403.7,3391.25,3332.52,3407.7,3370.92,3550.69,3539.47,3466.75,3659.46,3679.82,3844.76,3819.72,4032.86,4174.04,4424.31,3838.08,3558.13,3830.43,3885.33,3915.49,4037.01,4638.48,4831.4,4564.83,4671.68,4670.4,4507.8,4531.59,4634.72,4612.36,5157.35,5258.42,5179.15,5587.88,5409.62,5040.38,4847.45,5058.9,4811.7,5014.7,4486.66,4191.78
FI0009000459,HUHTAMAKI,FI,EUR,354.38,353.66,325.81,492.53,525.39,522.77,569.41,611.99,644.87,689.07,681.35,705.7,683.67,553.64,579.0,618.97,544.58,492.96,659.67,621.35,681.87,670.64,626.7,736.2,769.1,738.21,752.43,777.21,757.15,708.84,723.3,645.61,585.97,640.93,643.97,659.9,678.54,775.04,805.52,915.16,797.83,857.65,868.54,830.02,921.44,975.99,938.31,933.66,1048.19,1116.68,1136.09,1124.39,1138.79,1112.48,1143.63,1170.45,1286.03,1444.88,1504.21,1541.4,1489.03,1731.31,1644.99,1620.7,1676.67,1614.64,1646.64,1659.22,1695.69,1564.3,1568.79,1631.82,1692.37,1829.11,1919.78,2015.74,2117.17,1944.57,2248.24,2046.63,1919.32,2232.69,2280.77,2291.32,2213.43,2088.66,2341.16,2519.49,2682.19,2648.88,2817.62,2785.44,2987.89,2585.56,2415.03,2386.37,2356.39,2320.3,2287.39,2535.68,2544.82,2575.2,2526.23,2542.73,2642.16,2788.87,2887.29,2750.47,2802.23,2777.01,2868.56,2738.65,2728.82,2478.36,2410.04,2404.22,2147.98,1881.42,2047.8,2072.73
FI0009000681,NOKIA,FI,EUR,6872.99,5341.52,6593.87,8401.53,8916.69,8494.37,7681.56,8074.68,8521.62,7386.21,7637.49,7423.69,8175.57,7833.58,9050.35,7061.04,6243.28,4996.27,5618.6,5211.28,6116.09,6556.34,5629.9,6311.78,6517.2,5272.73,5205.94,5609.27,4435.39,4209.2,3785.55,4208.16,3701.76,4411.96,3736.92,3180.36,3246.25,3423.26,3530.57,2333.19,1848.41,1446.92,1690.16,2004.87,1819.98,1895.21,2334.27,2715.14,2753.3,2554.25,2281.06,2360.5,2409.95,2603.59,2756.91,2715.42,4628.32,5329.58,5711.31,5644.55,4883.2,5429.02,5228.4,5264.84,5690.19,5675.67,5948.33,6314.87,6396.78,6255.51,6252.25,5950.78,5790.18,6041.55,5724.3,5078.2,5595.47,5211.31,5456.1,4802.03,5233.71,5743.96,5544.03,5502.43,5484.78,4677.52,4572.98,4530.45,4394.67,4588.88,4650.74,4541.69,4691.84,3608.13,3484.8,3915.53,3628.89,4159.59,4352.82,4625.78,5288.62,5088.58,5284.72,5155.67,5003.55,4091.96,4188.27,3895.66,4024.07,4880.7,4595.53,5010.99,4989.19,4980.16,4703.39,4829.83,4800.35,4901.55,4757.25,4974.8
FI0009002158,UPONOR DEAD - DELIST.30/04/24,FI,EUR,418.98,415.77,426.69,513.08,591.4,539.89,621.56,769.51,759.77,833.67,907.29,983.81,873.67,816.05,864.72,871.07,672.64,675.52,765.92,658.81,784.53,847.43,799.81,878.89,824.22,796.36,848.08,970.63,911.32,823.94,735.27,553.25,411.23,518.65,499.22,442.39,508.55,581.81,594.19,674.68,518.84,463.03,536.15,522.39,544.82,582.24,650.21,653.67,722.05,725.13,728.13,792.69,836.13,799.63,927.67,947.31,1009.44,1058.16,1118.75,1048.23,857.01,943.5,1004.22,1089.7,1040.82,1014.14,850.41,849.5,741.61,731.44,722.97,765.72,838.95,1000.74,956.07,872.18,912.21,850.81,901.12,908.21,733.75,757.41,850.64,835.07,864.79,756.65,849.79,901.67,959.62,920.64,1086.16,1054.4,1082.31,992.97,942.94,1017.69,1057.9,1006.63,1067.3,1137.74,1075.55,1090.22,966.19,980.0,1041.25,1210.14,1168.41,1210.56,1275.4,1072.8,1019.05,1069.0,995.75,980.28,930.24,942.03,814.56,675.72,661.52,613.73
FI0009002422,OUTOKUMPU 'A',FI,EUR,389.66,348.13,390.26,543.67,713.28,620.95,702.23,761.94,677.12,600.03,621.9,685.28,659.88,635.15,809.12,781.83,582.48,560.27,609.77,603.33,731.93,660.28,605.45,685.18,686.62,661.24,650.92,625.91,552.58,497.12,401.56,378.57,249.78,320.42,299.38,247.53,308.09,262.1,300.39,232.9,146.91,139.4,125.65,128.51,153.13,121.35,133.55,150.12,148.33,125.61,109.2,99.73,99.43,92.85,88.92,86.3,96.59,79.93,74.68,80.37,83.6,84.71,109.04,125.11,144.56,164.98,133.36,127.07,114.4,92.62,97.89,94.74,88.9,107.84,130.47,99.46,89.11,82.59,76.35,70.55,37.72,56.11,50.91,48.69,39.91,55.98,64.09,68.81,68.67,68.46,94.39,89.6,112.74,114.2,126.87,147.17,146.72,162.91,162.08,159.16,132.0,132.19,138.99,171.1,172.3,156.84,143.53,154.1,142.53,134.69,117.7,112.25,108.78,107.43,117.2,101.63,101.57,72.59,71.84,63.07
FI0009003727,WARTSILA,FI,EUR,1690.36,1451.95,1443.88,2288.98,2445.96,2202.1,2435.51,2589.87,2739.07,2493.13,2553.24,2756.2,3261.83,3274.69,3645.96,3687.58,3089.4,3297.84,3778.83,3842.91,4695.61,5033.31,4985.12,5503.89,5555.92,5527.81,5769.71,5810.69,5348.72,4983.11,4260.39,4115.74,3546.16,4543.01,4837.46,4276.0,4976.59,5101.23,5753.79,6184.15,5006.31,5000.46,4598.57,4928.07,5297.34,6179.22,6444.47,6591.14,7269.03,7070.92,7074.23,7723.07,7374.4,6829.94,7100.32,7322.33,7102.23,6981.2,7706.47,7747.62,8535.79,9298.0,8762.93,8974.58,8708.77,7996.06,8138.57,8126.52,7216.78,7467.17,7240.85,7237.07,7483.64,7326.9,7346.74,7624.85,7401.94,7769.78,7667.94,6865.54,6570.65,7124.4,7456.03,7599.07,7418.11,6695.58,7754.92,7338.01,7095.75,6948.07,7428.14,7028.19,7705.1,7390.32,7218.94,7702.95,8589.69,8823.9,9302.01,10557.01,10306.68,10236.31,11481.15,11948.49,12418.14,11297.2,11604.91,11076.07,12028.75,12392.61,11660.24,11263.78,11150.7,10379.13,11427.45,11178.53,10440.65,9132.79,8717.56,8504.05
FI0009005318,NOKIAN RENKAAT,FI,EUR,2148.16,2607.11,2568.56,3636.4,4299.04,4269.74,4773.28,5114.96,5289.78,4873.5,5743.27,5540.76,5538.29,5713.94,5911.27,5480.86,5397.23,5728.91,6510.19,6673.13,7981.93,8032.92,7489.91,8547.27,8394.66,9438.16,9891.25,12291.1,11529.65,11874.16,11109.17,8799.75,7171.05,8766.01,7794.19,7645.22,8462.59,10547.58,11517.95,11612.24,9173.61,9278.44,9797.11,9656.91,9970.1,10153.52,10222.83,9717.18,10532.63,11143.02,10910.21,11101.94,10744.98,10410.52,11341.45,11923.5,12999.04,12961.31,12681.25,12291.65,10797.28,11482.43,10347.6,10665.44,11398.16,10486.86,9339.43,8585.07,8107.35,7573.32,7609.15,6598.73,6638.54,7973.63,8038.72,9219.36,9103.9,8851.66,8543.22,7628.88,9120.24,10718.41,11088.69,10162.53,9541.21,9308.08,9990.54,10948.79,10479.49,10556.79,11024.34,10695.31,10818.61,9941.71,10725.45,11083.57,11131.9,11705.05,12419.01,13274.85,12625.25,12756.29,12546.02,13029.07,13729.28,14154.52,13494.09,14007.99,15640.45,14217.23,14005.47,12983.07,12528.5,12768.9,14025.41,13367.13,13246.34,10282.22,10344.97,9908.17
FI0009005870,KONECRANES,FI,EUR,629.2,668.19,733.13,903.0,1045.18,1029.59,1188.6,1240.16,1247.85,1177.44,1265.17,1199.64,1298.02,1206.93,1348.86,1472.64,1223.19,1199.83,1486.26,1393.27,1706.83,1816.3,1790.62,1888.81,1917.21,2044.8,2113.15,2265.17,1940.89,1910.25,1498.05,1286.36,958.32,1089.44,1012.82,887.56,1149.88,1497.1,1294.35,1502.04,1178.05,1294.85,1283.9,1248.77,1432.02,1560.06,1599.19,1662.07,1657.58,1801.58,1698.13,1864.64,1781.83,1462.59,1504.35,1594.77,1730.35,1734.34,1804.07,1830.12,1811.07,1822.95,1710.72,1728.49,1723.72,1732.41,1747.74,1707.09,1443.88,1500.04,1570.14,1546.78,1635.53,1865.35,1754.08,1807.84,1708.5,1617.37,1729.01,1751.05,1386.55,1496.83,1540.71,1382.02,1223.26,1225.39,1396.81,1340.4,1616.91,1470.78,1760.08,1846.62,2070.77,1988.57,2016.73,2081.63,2295.13,2107.66,2148.12,2530.67,2491.17,2548.76,2682.35,2658.22,2678.2,2779.65,2688.29,2765.19,3071.74,2672.63,2704.39,2561.84,2606.96,2574.74,2416.01,2472.06,2390.22,2238.43,2126.73,1882.42
FI0009005961,STORA ENSO R,FI,EUR,321.41,220.59,186.01,303.16,313.42,276.73,347.23,377.46,382.07,418.07,419.62,384.47,341.02,348.48,419.08,477.55,424.67,416.6,460.87,440.23,563.38,564.88,491.24,586.83,678.16,641.93,678.92,707.41,654.76,614.83,506.21,429.56,347.75,375.92,365.17,352.14,417.42,441.84,434.76,422.82,336.4,380.99,355.21,375.28,385.76,391.29,406.21,428.95,442.46,417.63,401.04,456.16,479.47,439.09,485.57,505.54,556.28,610.85,649.28,659.39,613.88,747.86,701.99,695.0,699.79,664.28,615.45,595.53,569.38,562.18,606.16,613.96,663.0,656.75,702.85,742.51,733.79,723.78,664.14,624.75,529.81,655.53,693.85,640.43,568.32,581.79,629.77,639.84,628.8,584.75,665.66,646.21,651.23,692.3,708.06,789.46,833.45,789.88,868.72,901.27,959.66,977.69,1009.76,994.79,1070.74,1185.79,1162.18,1203.14,1304.9,1347.34,1429.41,1546.35,1591.27,1523.88,1287.97,1452.85,1490.12,1173.97,992.43,897.77
FI0009005987,UPM-KYMMENE,FI,EUR,531.89,399.65,350.51,549.25,566.93,528.61,632.42,729.81,727.42,732.45,771.7,724.42,672.71,652.24,847.26,920.22,817.21,852.46,924.89,877.24,1093.63,1058.51,949.03,1130.24,1314.1,1266.67,1349.33,1356.21,1243.98,1207.56,1031.72,868.27,755.48,781.27,769.13,729.69,847.38,914.51,898.05,898.34,719.01,792.72,753.72,778.94,794.15,751.26,789.63,814.79,856.96,821.69,784.54,789.18,812.96,737.91,839.41,908.12,1044.02,1200.23,1255.41,1275.78,1156.99,1370.33,1289.5,1382.24,1393.75,1351.82,1293.67,1191.2,1130.35,1251.01,1316.75,1303.95,1391.8,1488.22,1539.66,1491.18,1469.77,1451.54,1523.71,1367.8,1227.87,1546.21,1566.63,1536.55,1327.94,1395.97,1489.29,1649.78,1662.09,1573.29,1779.67,1732.03,1824.34,2006.74,1978.61,2125.8,1959.75,2058.11,2120.63,2375.87,2541.49,2563.41,2442.83,2340.19,2440.93,2706.37,2715.31,2801.49,3044.5,3100.39,3333.31,3357.99,3433.42,3347.79,3326.52,3617.14,3676.13,3014.33,2494.91,2371.03
FI0009007132,FORTUM,FI,EUR,732.22,647.81,712.47,819.45,981.73,914.77,926.37,1051.31,1029.72,956.92,1019.55,1094.34,1028.88,1026.71,1039.03,1098.18,946.4,939.02,985.98,979.2,1110.79,1200.45,1122.06,1281.52,1307.95,1314.75,1441.66,1525.67,1477.83,1280.07,1172.17,1191.65,1049.93,1087.22,1015.36,946.43,972.34,1103.02,1071.53,1008.34,850.96,890.62,786.34,868.04,864.28,866.91,844.5,874.61,878.8,895.43,946.32,928.74,938.26,934.5,984.48,991.44,1125.95,1113.17,1144.75,1144.13,1073.89,1183.3,1135.38,1206.97,1306.07,1436.41,1374.52,1346.07,1305.05,1239.47,1345.99,1163.4,1141.01,1221.83,1123.91,1136.75,1088.32,1017.85,1013.12,931.81,846.35,864.22,836.49,866.66,896.09,761.61,869.28,948.66,944.44,1005.42,1045.11,970.06,1017.02,1047.94,914.64,967.17,1005.94,969.01,998.21,992.43,1087.71,1068.24,1111.5,1223.0,1362.09,1448.7,1438.06,1351.54,1484.22,1501.78,1556.24,1674.32,1702.29,1730.6,1822.57,1839.27,1818.4,1527.84,1511.64,1583.29
FI0009007694,SANOMA,FI,EUR,1622.21,1539.41,1763.25,2017.85,2415.15,2350.77,2589.09,3003.66,3345.52,2815.2,3181.01,3429.49,3379.34,3040.78,3365.87,3094.73,2856.13,2769.03,3169.43,2960.4,3380.13,3589.9,3227.1,3471.34,3735.74,3510.15,3615.45,3568.17,3250.75,3176.31,3012.71,2591.61,2035.49,2326.57,2065.4,1972.8,2315.94,2250.79,2191.51,1915.61,1529.82,1617.82,1581.27,1664.66,1646.0,1782.74,1754.72,1798.1,1854.94,1872.88,1685.28,1630.34,1675.37,1546.3,1458.73,1448.57,1671.3,1741.09,1960.31,1760.64,1579.97,1531.13,1395.51,1371.51,1504.02,1461.53,1601.85,1504.31,1286.11,1173.34,1193.43,1136.66,1284.04,1284.4,1124.56,1116.02,1008.64,1099.23,780.59,788.33,782.47,935.19,1006.1,901.2,975.69,954.44,1039.65,1064.35,1214.53,1267.5,1741.99,2003.3,2068.97,2031.28,1759.59,1888.09,1975.62,1910.21,1867.09,1962.82,2074.41,2076.12,2062.17,2087.39,2428.16,2641.6,2799.29,2904.53,2894.22,2685.63,2660.55,2535.57,2329.1,2304.41,2252.24,2361.08,2235.64,2604.28,2382.96,2239.46
FI0009007884,ELISA,FI,EUR,107.02,86.89,104.06,95.26,105.99,117.34,130.13,140.82,146.15,142.78,158.28,168.0,161.02,153.1,160.84,149.55,130.67,135.58,154.34,154.73,179.06,171.59,159.03,175.31,177.08,183.61,187.07,204.64,187.2,182.75,182.72,180.27,175.04,185.44,189.05,182.31,183.28,199.05,208.35,212.43,184.47,189.81,196.14,199.56,213.14,201.87,200.04,207.75,223.99,198.74,190.75,194.63,195.19,200.02,219.85,215.07,244.53,256.87,258.52,272.09,263.1,287.16,295.17,326.67,326.1,334.68,313.78,298.66,290.55,300.26,318.12,299.38,291.03,298.38,290.64,353.68,354.41,366.34,391.89,384.88,390.12,437.97,430.67,437.09,416.84,413.32,450.34,450.65,459.89,461.09,437.68,423.8,445.12,406.03,379.1,393.61,407.2,403.46,427.76,430.41,492.78,489.15,518.16,551.51,544.22,509.34,515.14,496.62,539.48,544.98,571.6,586.01,589.76,611.79,574.47,566.31,560.41,526.05,529.74,544.77
FI0009013296,NESTE,FI,EUR,100.52,86.88,92.02,97.79,115.04,103.83,105.16,124.25,137.93,133.04,130.21,133.23,123.26,106.94,130.62,124.0,114.35,111.54,112.27,102.85,119.21,126.24,107.52,122.15,143.95,135.24,157.33,148.28,135.26,122.57,102.72,87.1,68.57,95.83,97.39,79.24,87.84,96.72,99.9,96.02,74.63,91.29,86.14,93.79,106.6,101.53,103.81,104.64,129.56,122.45,114.74,131.07,122.97,122.78,121.52,154.03,186.0,166.92,160.88,166.41,150.16,180.03,171.42,179.64,179.42,170.79,161.65,171.81,180.25,189.2,208.23,212.49,242.01,228.68,229.4,244.43,227.32,229.01,251.42,230.51,206.44,220.4,259.04,269.87,279.99,282.44,306.56,297.69,313.67,332.03,352.32,386.83,396.6,401.04,382.37,358.11,324.3,325.0,363.72,393.23,383.31,378.9,415.98,424.16,420.75,536.69,599.51,617.04,668.13,707.7,670.48,826.12,794.96,767.49,808.29,851.3,808.92,815.85,773.4,762.01
FI0009013403,KONE B,FI,EUR,5254.02,5403.04,5376.06,7184.93,7862.01,7947.49,8784.17,9032.57,9530.62,9746.41,10501.61,11156.87,10545.2,10981.27,11209.72,11950.5,10547.44,10863.84,12351.17,12487.21,14007.52,14486.96,14198.39,15108.47,14765.07,14788.97,15956.94,17376.23,17455.75,17398.45,16078.37,16444.78,13302.62,15429.11,15565.62,14417.13,15089.63,16520.03,15920.13,17710.56,15971.47,17300.05,17800.05,17550.81,19828.65,21051.19,22027.57,21631.45,24245.93,24511.7,23823.24,26731.54,26710.31,23997.24,22446.58,24682.63,26997.17,26702.7,27854.51,27884.92,25125.51,25976.56,26738.56,27235.8,26263.89,26595.84,26837.6,27032.51,25617.87,27389.82,29398.06,29167.43,28730.43,30318.54,29099.97,28296.73,27469.66,26620.76,27673.84,25948.26,24911.08,28178.3,27999.52,27930.76,28672.33,29206.77,32790.47,30997.85,32123.75,31129.4,34403.01,34081.4,34480.91,31222.08,29947.69,30500.48,30759.23,30503.48,31046.48,32301.99,34981.78,35827.3,36594.66,38217.73,37352.46,38179.49,36361.87,37922.4,40503.92,38042.69,36504.27,36508.37,36204.36,37332.27,40094.9,39629.82,39144.27,35697.48,36287.59,34859.62
FI0009800643,YIT,FI,EUR,590.24,569.44,696.14,1001.57,1096.28,1077.64,1355.73,1485.45,1974.43,2017.47,2140.09,2152.45,2327.68,2243.03,2458.44,2261.67,1939.98,1923.55,2328.14,2209.29,2522.39,2565.11,2342.86,2658.25,2683.19,3059.76,3258.39,3295.68,2971.22,2743.32,2436.72,2198.13,1668.4,1749.83,1759.7,1763.89,2025.88,2429.9,2454.39,2456.21,1844.96,1941.42,2057.2,2114.17,2196.16,2247.66,2122.11,2228.06,2514.25,2557.56,2492.82,2260.11,2336.44,2048.2,2096.46,2120.59,2153.98,2009.82,1985.46,2165.01,1945.63,1910.47,1730.95,1667.06,1773.59,1870.71,1667.45,1495.96,1253.99,1082.97,1110.98,839.49,946.91,1016.89,923.21,1195.88,1210.59,1200.27,1015.66,975.46,918.07,889.3,926.5,955.75,891.41,923.1,994.78,1198.09,1212.31,1257.58,1192.26,1222.59,1414.09,1460.19,1405.61,1404.99,1394.05,1215.9,1229.55,1436.67,1536.61,1515.09,1535.15,1598.72,1484.6,1379.43,1308.04,1388.08,1496.64,1561.55,1576.29,1270.74,1135.32,1123.46,1281.36,1250.0,1320.08,1074.22,1149.28,1099.94
FI4000297767,NORDEA BANK,FI,EUR,131.26,122.57,154.2,244.46,264.42,258.76,315.29,347.74,333.32,357.53,344.33,339.08,308.86,323.45,338.95,336.25,281.86,286.84,342.44,309.2,357.91,375.38,341.72,376.14,417.86,390.59,392.18,408.14,417.06,385.14,379.43,330.59,290.83,328.73,283.4,276.76,299.18,345.58,334.52,321.47,272.16,318.32,346.52,342.76,365.57,335.36,337.56,353.41,409.58,429.33,430.98,457.17,476.33,427.77,485.46,448.38,462.91,494.69,496.74,514.13,514.53,550.86,565.34,573.76,590.88,563.78,540.29,523.17,520.69,507.92,503.38,467.03,510.77,540.07,515.02,541.64,549.83,527.26,528.43,498.12,467.97,471.53,469.05,464.6,421.92,420.71,434.94,439.24,438.73,377.82,404.06,440.92,447.7,475.36,474.87,505.3,546.55,531.14,549.41,589.14,615.91,608.86,603.4,644.34,648.09,578.34,564.52,581.16,594.0,548.52,546.13,534.04,496.38,496.79,549.79,556.89,566.72,450.12,461.45,428.87
FI4000440664,NELES DEAD - DELIST.01/04/22,FI,EUR,529.3,532.16,640.53,914.93,1119.88,1099.02,1235.36,1482.03,1655.99,1655.88,1894.49,2081.81,2002.08,1830.75,1961.87,2359.06,1916.01,1969.83,2390.44,2221.98,2783.15,2871.48,3123.38,3400.32,3240.63,3137.44,3398.14,3876.49,3634.96,3584.23,3097.22,2399.02,1870.56,2477.3,2514.91,2347.36,2751.32,3009.91,2836.59,2850.24,2167.9,2286.56,2430.11,2382.48,2377.9,2331.43,2499.09,2807.59,2974.41,2858.66,2832.55,2893.98,2718.21,2389.48,2473.7,2701.45,2766.65,2774.78,2853.69,3008.43,2805.17,2902.72,3060.26,3746.89,3641.4,3544.66,3679.71,3677.87,3333.18,3051.66,2908.08,2814.78,2842.28,3017.4,2835.66,2769.31,2793.67,2667.91,2729.22,2434.82,2049.54,2429.95,2451.37,2221.08,2030.59,2189.4,2477.47,2492.54,2436.4,2422.17,2876.33,2898.11,3025.65,2716.14,2936.41,2963.4,3188.71,3072.46,3263.01,3854.97,3660.41,3722.5,3406.95,3558.19,3944.87,3908.6,3800.62,3675.1,3770.02,3457.6,3531.22,4008.26,3876.51,3756.91,4106.09,3945.93,3976.85,3545.48,3195.3,2934.92
FR0000035081,ICADE REIT,FR,EUR,1659.81,1524.93,1455.22,1678.82,1830.75,1775.52,1882.57,2017.19,2313.92,2286.8,2178.48,2071.03,2098.35,2173.99,2411.55,2200.16,1867.42,1916.66,2145.17,2146.25,2501.08,2610.48,2231.28,2435.08,2584.44,2667.71,2937.87,3179.94,3144.52,3050.89,2853.19,2512.07,1953.71,2244.46,1975.93,1952.99,2017.06,2058.86,2204.43,2087.6,1911.63,1990.77,2021.36,2007.14,2146.87,2368.12,2377.55,2322.31,2322.3,2369.5,2305.71,2561.72,2519.44,2289.0,2500.16,2413.19,2536.76,2561.31,2551.55,2588.5,2436.94,2738.19,2747.33,2828.96,2927.02,3131.13,2817.5,2722.83,2463.57,2323.49,2342.46,2346.85,2549.67,2623.91,2636.88,2538.31,2388.32,2190.13,2289.06,2195.36,2075.29,2283.38,2164.15,2063.4,2174.75,2139.9,2354.03,2416.35,2343.19,2293.69,2499.88,2498.37,2530.05,2327.55,2242.79,2318.58,2296.09,2318.93,2381.89,2547.88,2769.96,2877.25,2936.63,3046.53,3062.26,2998.78,3193.77,3376.61,3732.82,3330.14,3330.45,3414.96,3362.93,3397.5,3510.83,3543.7,3350.26,3075.33,2872.25,2754.72
FR0000039109,SECHE ENVIRONNEMENT,FR,EUR,227.94,225.86,236.65,239.4,275.21,237.54,277.77,319.32,385.18,357.94,373.62,359.7,330.79,304.26,308.97,323.0,256.63,277.66,305.49,294.93,327.34,346.05,289.75,339.83,368.21,395.76,411.79,411.25,368.93,406.03,352.24,299.84,217.84,200.67,164.96,163.23,162.25,192.57,187.26,158.53,114.56,121.61,160.8,157.47,171.28,152.89,155.27,169.26,187.24,202.34,165.87,185.3,177.75,203.3,164.6,173.92,178.88,192.74,176.97,186.34,214.23,227.79,241.51,212.99,209.74,182.04,154.29,160.77,142.9,145.77,132.36,119.47,117.01,153.6,162.52,170.97,194.42,174.71,193.28,180.85,182.73,177.17,161.56,160.91,135.4,143.02,168.21,182.53,185.36,163.15,184.44,191.2,179.42,161.73,144.89,160.9,171.87,172.23,155.66,171.34,196.13,208.06,210.74,212.51,217.78,196.24,195.63,194.6,209.19,194.89,199.85,196.99,186.53,187.2,185.38,176.52,174.91,165.56,178.13,170.23
FR0000044448,NEXANS,FR,EUR,244.25,165.39,160.49,197.95,243.53,236.24,297.73,325.36,359.11,316.4,332.86,356.24,359.15,314.76,379.86,352.67,284.17,267.98,307.66,272.61,330.4,322.64,302.63,358.13,364.39,411.08,434.38,481.5,439.02,433.97,399.51,371.34,271.03,293.8,269.68,240.09,286.58,320.76,310.84,230.54,185.86,185.7,210.0,223.82,225.39,204.01,223.19,211.8,248.68,239.76,220.66,220.26,271.03,230.08,258.42,274.33,294.78,243.39,243.57,276.13,255.48,288.6,285.33,305.91,321.95,285.18,247.34,229.8,204.15,165.98,178.68,167.28,171.95,201.32,183.38,213.39,215.23,203.68,222.68,212.55,182.89,217.64,208.04,199.21,207.87,218.77,245.06,253.36,280.17,228.18,274.65,291.98,312.17,308.86,284.35,282.44,315.85,281.45,282.81,302.5,300.94,300.32,313.56,306.45,326.04,359.9,361.49,337.37,335.02,291.52,283.95,290.84,249.11,192.87,187.46,178.98,175.94,162.0,176.46,155.58
FR0000045072,CREDIT AGRICOLE,FR,EUR,109.53,88.65,98.88,132.97,136.7,116.4,132.75,173.34,195.15,180.77,193.41,165.79,148.66,139.33,163.96,134.5,106.97,103.87,134.46,124.13,153.7,160.72,120.68,125.21,145.27,172.53,161.37,163.75,156.51,154.12,126.95,100.67,71.93,81.16,65.6,58.02,63.22,65.92,63.61,52.69,36.66,45.15,44.07,59.93,70.82,77.15,77.72,82.23,101.3,96.49,84.59,93.94,96.95,87.98,97.71,103.34,113.11,123.99,128.83,131.44,138.06,163.11,161.7,161.4,164.99,148.98,143.06,157.04,159.41,156.13,148.89,137.55,125.95,148.95,155.16,164.62,161.43,160.97,171.64,146.65,123.97,137.83,130.62,128.0,107.76,112.81,117.47,119.82,115.99,96.96,102.25,109.16,113.88,124.43,130.43,143.44,153.02,139.79,156.81,171.6,184.71,193.46,210.85,212.04,218.97,210.16,203.26,199.56,227.67,207.62,195.58,198.39,172.88,168.43,177.35,173.07,181.48,161.92,156.67,135.99
FR0000051070,MAUREL ET PROM,FR,EUR,546.51,599.71,782.13,858.41,1002.92,1009.27,1027.36,1109.13,1202.92,1206.29,1037.76,1083.65,1012.55,883.21,971.25,923.44,715.9,677.61,720.75,662.17,829.35,885.79,766.8,852.12,1130.87,1091.06,1161.98,1285.33,1454.16,1475.62,1404.72,1273.76,1009.07,1244.21,1175.72,1114.03,1213.69,1389.59,1281.26,1214.12,976.3,1091.41,1164.21,1185.85,1121.02,1050.87,1227.11,1262.33,1394.93,1381.01,1321.54,1285.63,1301.06,1160.8,1274.05,1285.78,1200.42,1263.53,1198.91,1309.26,1264.4,1235.06,1203.36,1392.71,1344.99,1339.31,1187.12,1223.2,1101.45,935.0,763.11,733.89,632.05,673.44,570.76,731.4,610.97,580.2,504.44,411.13,288.89,283.15,252.12,252.2,231.75,220.83,276.14,314.26,290.64,252.7,249.12,359.53,363.66,343.6,341.63,347.92,358.18,297.35,278.39,295.36,338.4,304.9,322.55,328.97,347.45,331.46,335.53,337.9,364.2,335.11,371.07,450.49,519.18,570.4,574.38,532.03,498.42,362.68,305.79,288.61
FR0000052292,HERMES INTL.,FR,EUR,2361.62,1992.04,2715.43,3119.57,3129.54,3278.51,3529.88,3501.67,3480.51,3302.05,3356.69,3160.78,3270.15,3189.68,3285.87,3127.6,3117.37,3182.03,4089.32,4333.64,5452.24,5052.21,4531.4,5013.86,4818.43,5229.95,5269.45,5633.46,6173.47,7114.79,8328.0,9217.52,7292.85,8253.28,7646.19,7196.91,8371.27,9065.5,8141.5,8559.95,7992.0,7595.73,6744.29,7130.07,6643.43,6742.87,7635.42,7371.88,8030.63,8291.76,8643.69,8391.1,8864.32,8042.14,8460.65,8345.75,8986.54,8509.83,8729.81,9058.77,7948.27,8096.96,8360.14,8812.69,8907.35,9306.75,8709.45,8700.07,7543.51,7809.23,8466.67,8997.97,8551.41,8158.11,8942.51,9576.62,9886.84,9626.52,10112.07,9161.85,9367.44,9993.98,9088.06,8745.0,8760.63,8866.47,9149.42,9242.38,9385.76,9767.87,11228.38,11002.49,10622.46,10557.69,10778.83,10733.85,11349.1,11462.44,12438.96,12525.31,12956.1,12989.5,13283.18,13904.61,13274.04,13663.0,13899.82,14105.29,14599.67,14242.6,15641.14,17099.02,18770.99,16372.51,16965.39,17448.9,17742.0,15318.2,14480.56,14836.24
FR0000054900,TF1 (TV.FSE.1),FR,EUR,606.63,458.69,439.45,566.25,698.11,670.98,922.36,969.66,1050.68,945.3,1065.63,1106.82,1041.07,961.78,1112.33,1150.3,884.24,815.34,982.22,918.25,963.09,1006.72,901.02,1077.33,1201.38,1201.36,1135.68,1214.35,1156.34,1174.54,1236.09,1027.36,813.03,880.12,668.96,632.51,711.25,775.2,789.84,672.51,512.32,555.57,588.17,651.82,580.15,597.89,681.02,812.12,840.83,784.17,781.57,789.39,846.26,890.68,1101.1,991.21,1298.08,1438.97,1395.46,1439.03,1377.1,1387.76,1232.78,1321.02,1388.65,1274.02,1149.42,1173.01,1049.25,1156.19,1244.45,1197.1,1232.14,1345.61,1378.19,1490.48,1435.87,1468.18,1475.63,1367.71,1193.24,1102.36,1038.13,948.47,953.0,982.93,1104.62,1095.3,1151.26,967.6,881.04,887.3,883.64,838.78,836.16,908.28,1003.4,1036.44,1091.42,1144.99,1199.16,1305.75,1364.09,1252.84,1365.02,1328.24,1489.78,1377.5,1405.3,1324.59,1266.72,1207.21,1050.28,1017.82,1048.81,960.33,1019.22,984.44,924.77,781.31
FR0000064578,COVIVIO,FR,EUR,2887.07,2387.09,2210.64,2929.86,4009.81,3989.95,4629.59,5561.22,6176.01,5878.35,5465.66,5464.44,5332.41,5332.71,5888.08,5516.0,4909.37,4680.16,5133.46,5256.94,5997.06,6404.82,5118.35,5458.11,5660.53,6106.28,5996.17,6386.13,6267.54,6296.37,5809.22,4964.61,4190.76,4428.15,3949.13,3827.93,3932.55,4327.93,4768.29,4607.29,4126.4,4609.41,4646.83,4518.36,4826.34,5153.88,5383.09,5351.97,5415.16,5312.74,5029.66,5466.74,5814.66,5143.59,5611.81,5296.6,5697.72,5895.94,5851.51,5936.42,5628.94,6438.32,6362.26,6965.16,7285.93,7883.75,7297.41,7376.32,6554.74,6679.09,6960.28,6758.59,7466.85,7537.36,7306.37,7328.61,6811.09,6578.08,6730.01,6454.88,6731.92,7337.65,6867.65,6942.15,6562.62,6360.48,7330.83,7332.03,7299.75,7256.61,7681.38,7615.56,7610.97,7126.18,6419.84,7141.83,6797.93,6741.24,6837.51,7284.5,8024.19,7968.09,8278.35,8494.98,8937.34,8760.83,9219.33,9758.4,9478.1,9017.14,9483.68,9628.71,9401.86,9388.08,9413.6,9454.92,9407.07,9074.73,8792.86,8686.05
FR0000073272,SAFRAN,FR,EUR,8965.89,7343.09,6651.64,8602.66,9368.04,9598.93,11199.45,13388.64,13626.98,11815.93,12181.35,14299.56,14354.04,17169.31,19013.29,18614.62,19846.16,20839.75,19987.51,18257.58,20854.39,23456.15,23274.26,26336.6,26813.98,26379.17,26219.29,29382.98,30701.75,32276.31,31534.39,29413.84,23499.41,24957.89,22316.45,23036.28,23845.95,25733.22,28060.69,28341.62,26263.3,28732.75,26350.42,27223.55,27916.43,30842.03,31757.61,33640.32,35930.19,35899.96,34974.86,38483.14,41692.19,41484.16,46618.91,44065.3,49027.54,50904.69,52475.63,55904.52,57146.1,56587.05,55670.41,53951.76,55268.58,53258.71,47784.82,53459.92,52803.76,51477.14,52771.4,51019.67,54946.63,58042.59,57430.22,60718.42,58642.22,56244.13,63176.27,64779.8,62381.33,63398.48,61285.2,57714.13,54119.88,52207.09,58736.19,57779.32,59564.02,57478.9,57743.03,59286.15,61081.61,58307.08,58353.04,61913.39,58133.65,61225.07,64257.01,71021.11,76020.45,79321.51,81679.37,84074.33,88571.08,91307.41,92526.31,89411.09,98194.53,96093.87,91650.03,102060.55,104997.83,106973.77,109265.11,115050.95,123442.13,113788.21,110024.13,106093.12
FR0000077919,JCDECAUX,FR,EUR,89.08,83.34,72.84,92.5,105.41,102.2,131.42,139.63,139.31,130.83,146.46,157.38,166.47,161.09,180.28,185.41,153.49,151.68,165.35,154.32,170.24,188.36,162.15,198.9,206.32,208.08,216.39,225.36,206.77,206.37,177.94,159.98,161.34,173.93,167.39,148.75,163.41,179.43,196.45,182.69,137.9,145.63,133.68,150.88,149.93,139.64,149.3,156.48,184.57,179.44,181.17,181.57,175.94,183.59,215.88,225.3,248.31,271.15,265.82,278.37,287.73,297.81,295.37,276.17,273.46,255.79,235.22,242.58,216.47,227.38,226.07,236.98,247.45,254.58,231.17,271.13,283.22,289.98,267.76,249.55,251.43,284.6,257.68,266.64,272.96,273.51,304.83,307.23,291.62,238.37,241.76,242.23,228.39,215.62,184.28,208.03,225.82,226.24,249.16,249.03,238.4,235.69,254.97,235.29,269.48,275.35,300.37,290.35,312.48,280.48,250.07,257.5,228.18,245.72,240.07,242.47,268.66,241.79,249.44,205.83
FR0000120073,L AIR LQE.SC.ANYME. POUR L ETUDE ET L EPXTN.,FR,EUR,16126.05,16297.88,17941.46,18084.5,21220.67,20884.52,23752.86,24432.31,25989.78,24765.85,26572.86,27241.83,24471.51,27374.12,27503.39,26705.43,24514.52,25590.59,28165.5,26107.95,30581.52,32335.65,29390.78,31780.77,31309.12,32434.2,33305.66,37091.4,35586.6,36746.07,35355.9,33420.28,30268.74,33532.07,32434.64,31820.23,32299.68,33455.53,34133.76,32980.61,31309.96,33082.2,32435.43,34135.16,35921.42,34137.62,35359.29,36278.66,36992.55,35272.83,35232.68,36684.42,38247.13,36628.79,39354.99,38974.95,41394.99,40503.71,41494.74,42078.04,37332.8,40927.11,40251.08,42462.77,44354.35,45172.89,42546.55,42862.52,40821.36,40355.08,42218.2,41646.94,42290.78,44328.3,43054.53,43799.19,43982.7,43229.12,44793.53,40945.57,40330.7,44542.9,41716.84,38508.02,35235.88,35741.04,38539.64,38780.29,37765.76,36723.66,37487.91,38486.01,38702.18,36656.74,36774.91,40207.14,38993.5,39068.34,41329.3,43455.71,45044.49,45561.52,45139.02,45012.51,49254.95,51710.32,50917.78,51228.01,54919.38,51093.37,49686.06,53017.57,51202.35,52330.9,53320.25,52534.85,54763.78,50453.68,50302.63,51592.13
FR0000120172,CARREFOUR,FR,EUR,9221.1,9133.98,10484.75,10994.44,12429.64,11862.97,12982.67,13104.68,12598.58,12007.07,13488.35,13386.92,13656.85,12857.48,13425.34,13618.64,11876.68,11514.66,13213.17,13075.5,15449.58,15475.94,13026.87,11882.7,14086.55,14110.1,12728.63,13634.86,12705.27,11788.6,10109.2,9125.91,7853.33,9160.11,9079.58,7809.19,7801.19,8597.69,8174.47,6859.43,5888.52,6303.6,6358.32,7435.77,7350.5,8550.67,8741.06,9028.8,10081.1,9663.11,9707.13,10500.57,10736.43,9972.45,11122.76,11339.69,12472.01,13318.18,14317.03,14415.0,12512.94,13399.84,14059.61,14423.69,13505.82,13688.06,12826.77,12898.33,11466.88,10866.75,11772.41,11361.69,11660.54,12307.01,12391.57,12804.91,12575.13,12159.67,13121.96,12339.46,11214.84,12455.11,11710.62,11001.31,10785.01,10072.77,10470.73,10770.32,10606.56,9654.49,9803.31,9835.31,10141.82,10248.92,9181.35,9446.75,9579.86,9371.47,9248.35,9214.06,10227.49,10201.43,9667.02,8132.57,8160.82,8128.77,8500.65,8747.25,9696.48,9333.15,8368.02,8311.15,7270.9,6745.21,7485.94,7448.49,7982.23,8093.75,7498.89,7099.18
FR0000120222,CNP ASSURANCES DEAD - DELIST.20/06/22,FR,EUR,437.59,425.09,413.08,546.99,652.95,657.93,626.49,689.01,701.52,668.84,737.68,670.06,613.22,619.52,652.11,580.1,510.11,497.13,598.85,494.26,539.79,578.41,466.53,525.76,640.57,644.13,616.91,667.1,621.1,666.7,590.7,542.09,453.65,472.27,411.73,380.29,412.6,442.7,476.54,429.12,330.91,373.78,351.86,404.8,435.63,470.52,485.26,509.69,550.97,496.47,457.91,506.14,538.75,511.55,602.92,629.79,643.4,630.89,683.6,732.94,699.45,770.11,756.18,822.12,808.28,777.14,735.99,740.56,705.22,699.48,695.05,667.17,658.68,622.2,655.87,672.81,649.17,656.42,665.47,605.94,544.79,564.38,547.44,531.49,524.07,582.9,614.23,669.63,704.31,613.68,633.96,666.72,697.22,717.85,729.23,770.14,779.45,770.8,846.59,904.81,954.32,971.66,1042.49,1004.85,1016.11,1008.6,977.3,1002.15,1114.5,1057.31,1092.77,1112.31,1054.93,1027.22,1056.37,1043.58,1088.43,1007.59,1033.5,955.66
FR0000120271,TOTALENERGIES,FR,EUR,32503.6,30820.67,32172.49,32898.5,38386.53,35920.54,36714.79,38173.76,39501.42,39901.42,42287.97,44134.56,39949.32,38227.85,39752.59,37233.98,32587.47,31870.62,35495.67,32984.67,36327.18,38198.13,35176.41,38520.91,42410.88,44422.03,44144.61,46434.74,42879.89,43080.14,40450.4,36469.05,33812.79,39997.06,39132.41,39490.1,40735.04,43258.92,39745.23,37263.34,33551.09,35738.55,36738.14,39700.97,39948.33,40467.6,40255.98,41998.42,44258.55,40881.26,39765.13,41826.45,41457.08,41081.55,44870.9,46574.95,49600.27,52566.92,51866.59,53150.59,49455.94,56262.96,57548.13,62614.77,61619.96,64138.05,57114.91,58680.69,58408.41,53395.39,50405.74,46956.34,46855.57,49375.96,45944.85,50229.51,46600.49,45498.71,46675.5,42853.39,42718.17,46426.57,47254.98,43315.25,42782.85,43440.78,44761.68,49337.5,47673.65,47932.97,47558.68,47353.99,47838.77,48379.9,48140.83,52539.83,51556.65,51116.15,52534.8,53213.32,55066.18,51836.25,53181.78,54232.87,57176.93,59349.11,60155.88,59632.53,62660.97,61788.17,62010.01,69107.51,66410.9,67412.04,72280.34,69311.59,72547.33,65855.32,62271.8,59858.36
FR0000120321,L'OREAL,FR,EUR,13741.93,13415.8,14156.0,15210.32,16717.48,15819.57,18252.33,20865.29,21027.42,21761.92,22966.23,23691.36,22495.64,21964.09,22304.41,22465.1,20219.45,21399.64,22632.82,21527.39,24294.83,25298.56,23010.6,24047.31,25084.73,25104.57,25168.23,27979.26,27689.95,28604.2,26594.12,24038.93,21688.31,24523.59,23819.21,23078.2,23448.47,25228.52,27132.53,27080.43,25306.24,26349.64,27061.84,27731.62,27876.73,28665.37,30551.25,31132.89,33427.36,33710.42,35755.55,40181.98,38690.81,37582.95,38301.9,38125.54,39356.82,39277.79,38401.3,40301.31,37679.09,38827.73,37782.94,40183.4,40820.62,40268.87,39528.62,38789.89,37110.41,36632.79,39975.01,39395.37,41944.66,42533.5,43009.2,44641.15,44774.99,42339.07,44699.78,40636.93,41104.33,43566.55,42039.05,40068.47,40487.86,40258.4,42613.52,43947.31,45530.16,46270.38,46100.87,45670.48,45742.96,43279.85,41369.13,44287.36,44055.73,45169.85,46655.18,49085.34,52793.76,51284.42,50891.97,51977.87,52428.71,54865.73,54613.87,54747.31,56231.7,53233.91,55587.45,60331.58,60267.94,62010.72,61556.8,60390.99,60577.85,56592.35,59114.12,57755.82
FR0000120404,ACCOR,FR,EUR,883.94,803.58,774.61,950.17,1036.74,926.54,992.74,1231.95,1299.97,1127.1,1250.91,1282.99,1189.32,1185.18,1295.79,1336.34,1112.82,1095.4,1140.55,1083.88,1288.02,1442.55,1493.15,1573.55,1612.97,1657.82,1584.8,1567.7,1611.36,1606.34,1588.77,1295.95,971.41,1190.58,1001.27,913.55,1092.69,1268.96,1280.92,1241.08,1065.64,1182.4,1258.32,1199.61,1260.61,1177.55,1254.07,1328.74,1473.29,1363.69,1313.74,1249.26,1396.77,1367.21,1465.14,1467.49,1618.98,1746.31,1710.52,1838.96,1856.56,1989.6,1992.9,1901.08,2107.44,2069.53,1927.35,1938.21,1764.98,1670.6,1881.75,1797.86,1990.11,2089.83,2075.97,2184.4,2219.67,2046.58,2002.74,1922.27,1891.36,2027.84,1711.53,1763.37,1536.64,1726.08,1721.92,1842.96,1810.65,1602.92,1740.67,1567.75,1650.39,1576.83,1474.98,1554.3,1685.82,1646.29,1737.08,1895.24,2027.49,1997.09,1974.65,1972.94,2119.95,2128.77,2143.52,2202.69,2436.74,2471.51,2300.6,2415.81,2383.74,2140.28,2250.04,2187.59,2240.54,1997.91,1936.33,1850.61
FR0000120503,BOUYGUES,FR,EUR,44234.63,37353.48,46105.41,58420.61,55590.38,50961.54,57442.5,67343.43,68863.36,64308.63,67439.68,70848.68,67402.59,62537.25,68279.37,67541.61,60635.6,55456.7,59857.8,57741.37,60955.02,62413.66,56745.26,61363.19,66124.3,65627.34,68191.33,74087.26,68559.17,65293.8,56336.88,57163.6,49699.98,56280.13,48486.93,46950.13,46198.1,47457.0,45362.64,43495.84,38632.83,43084.65,40479.28,39916.32,39145.41,38506.02,39543.76,47295.85,45453.77,45306.19,43513.14,48115.83,45928.77,43902.06,50245.84,53745.14,62892.19,67413.92,65099.71,65079.45,65940.79,69486.44,71867.71,77412.23,84016.75,75225.04,71428.24,66529.17,58616.12,62409.34,68194.15,65590.51,64580.39,71851.01,70951.39,78034.73,74116.55,70455.11,69614.12,71711.12,66784.95,71793.52,70955.69,74860.36,73584.24,73894.2,77034.75,66319.74,64634.41,57278.09,58833.33,62956.21,65904.69,64744.96,67495.85,71399.52,72318.65,76842.62,81138.78,83566.3,88904.55,87312.72,88606.66,93909.71,98418.98,99555.36,107449.01,107833.05,115647.29,105357.89,103813.17,105845.95,99640.08,93032.48,95001.32,95519.55,93347.9,78859.22,83011.62,77339.45
FR0000120560,QUADIENT,FR,EUR,699.18,634.45,670.89,736.86,718.94,776.69,758.43,738.74,802.6,787.55,782.25,763.04,738.83,749.74,738.38,732.51,674.57,672.25,739.18,677.55,712.48,793.15,845.48,856.54,887.58,929.76,858.95,935.89,875.96,841.05,814.73,735.27,751.67,782.88,720.9,713.44,746.25,725.29,677.87,606.91,548.23,564.14,633.87,593.93,613.5,607.38,579.89,585.27,659.96,670.36,694.7,762.23,775.81,767.39,832.2,841.09,876.98,912.35,942.07,929.08,1020.87,1139.71,978.68,1014.48,992.11,927.75,870.26,864.27,948.83,896.15,917.57,736.39,670.01,725.57,737.24,646.01,636.47,577.11,542.77,490.82,369.86,355.83,371.29,347.43,339.59,315.35,311.34,362.24,357.33,341.48,410.88,404.9,414.59,464.16,454.88,481.27,507.55,476.24,606.81,639.13,702.88,730.9,719.67,700.39,627.21,594.75,538.33,465.01,482.44,487.93,439.43,451.07,463.47,448.76,431.75,466.78,528.55,559.35,481.43,473.32
FR0000120578,SANOFI,FR,EUR,4287.87,3944.15,4270.83,4644.68,5095.01,4703.0,5218.24,5438.01,5870.41,5877.62,6049.69,6326.05,5966.04,5871.13,5980.5,5500.55,5104.98,5104.25,4884.93,4840.75,5613.49,5867.74,5101.12,5400.49,5752.77,5810.12,5906.73,6664.95,6964.25,7076.7,6868.56,6421.85,5829.44,6380.98,6173.76,6486.14,6508.49,6537.78,6827.07,6719.4,6272.59,6992.57,7550.23,7562.52,7873.23,8106.07,8236.76,8681.55,8996.8,8751.9,9388.55,10119.44,10192.14,9863.79,10146.03,9135.27,9672.46,10176.83,10101.28,10128.78,9356.94,9916.31,9941.33,10310.58,10573.08,10492.05,10391.83,10864.98,11175.55,9116.72,9588.33,9043.88,9140.1,9717.18,9752.79,10095.49,9964.85,10023.13,11035.01,10072.08,9660.26,10344.51,9085.21,8705.03,8444.38,8107.74,8232.32,8420.49,8711.42,8838.59,9042.79,8168.65,8071.8,8260.17,8573.69,8613.26,8548.66,9177.18,9610.57,10015.38,10871.87,10475.61,10435.81,10645.8,10890.57,10384.2,10015.39,9460.57,9715.53,8697.37,8810.29,8716.33,8800.14,9207.06,9995.71,9848.37,10214.18,10261.09,10380.5,9934.78
FR0000120628,AXA,FR,EUR,9452.5,5627.19,7256.08,10198.54,11561.94,11702.13,13100.8,14199.01,16849.29,15642.17,15193.27,15132.6,13295.2,12867.36,14211.91,12802.97,10917.29,10323.03,12184.92,10307.99,11577.3,12021.31,9519.73,11043.94,14015.48,13900.61,13836.0,15538.71,14749.81,15706.35,13024.11,11128.48,9182.77,11349.94,9976.75,9015.07,10502.83,11194.97,11443.46,9791.26,8317.37,9851.48,9076.66,10746.4,11044.96,11773.04,12172.96,13037.96,13714.62,12884.53,12755.19,13881.75,15751.39,15256.53,17113.5,16901.94,18025.24,19450.94,20417.1,21654.97,20447.41,20340.58,20217.21,20242.23,20071.16,19409.77,18682.07,20167.12,20017.15,18734.88,19658.77,18875.27,19113.39,20671.2,20459.61,20583.53,21274.44,21350.65,22453.27,21324.89,20449.27,22754.76,22903.07,23208.85,20862.9,18673.52,19965.05,21352.52,22431.56,17651.53,18191.76,18704.07,18993.4,20087.49,21043.65,22575.45,21911.08,21117.1,23149.04,23817.6,24927.47,25507.14,27479.17,27059.99,28249.06,28206.7,28224.82,27734.23,30821.4,29452.13,24805.36,26761.01,24551.75,24200.04,24927.35,24952.91,26519.09,24741.78,24027.49,21261.49
FR0000120644,DANONE,FR,EUR,8834.65,8233.97,8337.13,8473.92,8799.75,9254.48,10010.03,10208.5,11289.32,11332.96,11209.05,11524.67,10803.84,10993.44,11318.7,11066.83,9944.87,10442.43,10814.44,10395.26,11552.58,12190.7,11329.19,12166.04,11632.26,12102.46,12616.28,14150.83,14506.83,14772.96,14172.62,13563.04,12275.99,13895.08,13075.7,12487.14,12233.22,13453.23,13793.16,13932.65,13045.69,12647.35,12389.77,12698.77,12532.49,12495.65,12898.79,13378.37,14086.74,14138.85,14171.92,15550.01,15329.7,15623.63,16442.06,15486.36,15700.81,15479.58,15179.26,15029.47,13776.17,14735.62,14747.57,15365.55,15980.69,15919.54,15515.88,15005.98,14352.61,14563.54,15166.84,14124.94,14410.04,14987.81,14417.34,15497.44,15052.12,14185.69,14964.21,13626.65,13826.9,15379.7,15380.3,14854.42,15073.49,15323.06,15639.76,15382.95,15831.97,15882.04,17365.57,17101.54,16734.13,15589.44,14196.57,14315.32,14129.16,14987.13,15374.03,15756.59,17190.49,17364.77,17208.39,18194.23,18152.08,18903.25,19563.32,19431.79,20019.09,18552.6,18701.48,18752.81,18174.47,17477.81,18724.62,18787.83,18445.49,16882.85,17809.94,16741.74
FR0000120693,PERNOD-RICARD,FR,EUR,16901.58,14805.33,14927.96,16929.18,17687.11,17873.8,22197.26,22405.45,22780.15,24061.54,24972.61,25176.49,23739.11,22118.03,24918.41,24905.31,22219.58,22955.51,23143.4,23192.27,24733.08,26192.31,24457.36,28244.25,28565.65,27612.77,27983.39,30124.72,30177.75,29486.99,30014.74,27193.15,23851.91,28451.6,28823.61,28438.31,29370.13,31758.73,31916.13,31727.36,29861.97,32688.89,33226.47,33291.99,34631.24,33172.61,35271.76,35910.87,38984.12,40474.71,38882.71,38602.24,37420.12,34492.41,37355.43,36407.05,39056.3,37819.14,36053.3,36217.83,34086.55,37387.8,36963.2,38070.89,38955.84,38108.13,35877.85,37867.82,36274.26,36456.78,38405.4,36085.01,38879.41,38411.99,38236.77,40205.07,39886.0,37309.79,39252.38,34140.0,32794.66,38582.12,37402.66,37579.85,38409.35,35055.25,36723.05,35510.18,35841.79,36568.06,37926.68,38030.99,39288.28,39415.38,35200.29,36395.9,39247.66,38429.5,39755.08,41919.42,45567.51,44823.0,46706.64,46113.9,46753.28,50676.2,53241.14,53984.72,54459.37,56102.12,56674.3,56624.68,57153.92,55654.49,55400.77,54309.12,56327.66,52422.18,55402.15,56763.51
FR0000120859,IMERYS,FR,EUR,4322.05,3629.55,3949.84,4522.9,4948.24,4874.94,6378.31,6315.08,6901.54,6643.86,7013.27,7257.67,6736.56,6225.98,7435.66,7399.89,6443.24,6355.72,7159.06,6133.84,7387.82,7340.15,7072.33,8241.98,8121.76,8650.01,9040.96,9557.65,9206.45,8881.25,8677.65,8263.57,6387.11,7286.4,6380.55,5824.02,7024.91,7650.73,7653.0,7164.61,6283.45,6659.01,6620.85,6481.91,7688.65,7351.8,7774.74,8316.08,8648.75,8832.94,8536.31,8584.68,8442.29,8254.69,8893.91,8765.21,9424.8,10852.07,10928.98,11750.74,10990.07,12576.95,12001.87,11834.89,11616.81,11668.85,10809.63,11095.54,10213.59,9927.48,10497.65,10224.66,10017.4,10412.85,10166.47,10541.21,10604.18,10847.35,10759.5,9775.14,9091.38,9765.86,9615.09,9931.85,8757.65,8604.87,9912.25,10478.37,10297.07,9328.88,10354.89,10268.85,10545.33,10137.73,10180.57,11095.47,11721.87,11821.63,12421.54,12555.13,12980.99,12983.95,12903.57,13134.33,13511.13,13617.0,13730.72,14098.58,16072.37,15279.62,14506.05,13654.95,13080.69,12428.43,11942.63,11070.37,11354.67,9492.04,8250.02,7376.5
FR0000120966,BIC,FR,EUR,3604.51,3296.86,3289.58,3609.68,3798.45,3977.01,4133.52,4261.88,4923.67,4835.9,4843.07,4802.85,4953.46,4918.64,5316.66,5390.92,5161.15,5154.73,5381.4,5318.32,5816.1,6410.09,5868.63,6242.25,6220.77,6185.14,6438.9,7044.8,7019.44,7196.46,7042.85,7249.67,6392.82,6708.5,6605.8,6623.5,6642.22,7519.86,7462.98,8203.66,7653.4,8093.55,7960.34,8450.52,9477.1,9551.98,9793.08,9330.12,10545.83,9158.29,9114.09,8369.85,8591.13,8088.8,8949.98,9269.1,9403.01,10113.87,9927.68,9918.47,9306.39,10367.56,10620.77,10710.66,10867.55,11365.62,11450.56,11316.01,10715.46,10354.51,11103.35,11043.81,11812.4,12459.55,11822.73,14202.84,13936.54,13497.19,14596.02,13426.74,13124.75,13574.31,13930.07,13955.95,13772.31,11763.83,12762.1,12027.01,11869.37,12536.18,13140.49,12953.35,13150.29,12306.27,11508.31,12108.3,11628.19,11027.13,11103.67,9989.1,11219.11,10871.86,10716.01,11010.86,10997.74,9690.48,10670.08,10097.55,10549.26,9639.96,9122.28,9360.94,9295.65,8872.99,9155.31,8880.87,8765.41,9174.59,10268.55,9753.99
FR0000121014,LVMH,FR,EUR,5872.48,6170.38,6721.98,8141.57,9053.8,8338.88,9806.55,10459.06,10979.45,11392.04,11436.06,12350.28,12070.04,11930.93,12860.84,12680.8,11800.67,12270.42,13603.66,13009.92,16384.37,17456.22,17066.94,18529.77,17544.89,17706.49,17785.9,20183.61,19731.99,20425.38,20872.65,19278.97,15177.77,19041.21,17946.34,16237.51,18499.61,19317.21,19617.95,19215.77,17126.16,17643.35,17507.31,18978.64,17461.02,18850.45,20521.44,21403.89,22043.98,20168.48,20110.07,20576.26,21020.25,19207.04,21535.91,20744.16,23392.69,22880.61,22613.32,21872.15,21331.8,22294.16,21768.61,23841.02,24157.41,23382.75,20872.88,21099.06,19720.4,20570.63,21851.38,21728.46,21985.39,24961.15,23936.33,24110.15,24425.42,24056.23,25911.26,22884.35,23341.15,25741.38,23034.8,21812.25,22220.58,23157.36,23765.24,23360.16,22539.86,21236.45,24111.02,23746.75,23977.1,25507.18,25810.75,27113.31,28576.93,28527.06,31198.32,35395.69,36655.55,35730.55,35987.85,37577.56,39605.66,42814.34,41837.09,42562.29,45453.6,43426.15,44445.23,51102.07,50694.83,48682.93,51122.99,51344.48,51722.35,44526.97,41807.57,43480.98
FR0000121121,EURAZEO,FR,EUR,8913.96,6184.6,7027.79,10835.49,12335.1,11279.0,12283.04,14730.63,17734.66,17191.57,19134.24,19034.19,19861.61,17290.41,18906.05,18963.49,16862.9,16932.64,18598.19,17077.88,19625.05,22162.15,19911.79,21739.26,21552.52,21725.05,22867.7,24365.78,24842.74,22873.36,21368.15,17879.58,13354.45,15150.41,13064.15,11177.33,13647.1,14892.33,15909.12,16047.2,13020.74,13106.06,13625.73,15039.91,15642.86,15608.32,16329.12,16280.69,17999.96,18624.9,17321.31,18084.87,20282.31,19732.59,23654.33,22818.41,23692.53,27941.22,27214.93,28956.57,26387.87,28936.22,33149.64,31048.72,34086.32,32822.34,29660.33,30061.32,28404.67,26378.74,27525.89,27797.04,27768.73,29165.73,27052.61,28262.74,28219.82,27901.87,27583.91,27374.84,28023.6,29869.49,28355.15,29106.92,25731.7,24730.57,28571.2,29722.93,30035.84,27407.45,29480.2,27932.49,26759.81,26502.38,25045.27,27032.7,28395.66,28566.47,30444.03,31253.5,35312.44,36947.33,40088.56,40741.1,44091.54,45849.49,43477.03,45595.53,52066.17,47185.49,45334.64,44120.49,41192.44,39940.65,40766.3,40076.42,41505.61,38521.11,39449.92,37207.96
FR0000121329,THALES,FR,EUR,33666.67,30775.04,28644.24,31602.91,36615.66,34878.62,32805.92,35824.66,38657.53,38007.24,38251.26,40232.03,35603.75,31243.33,31373.51,29105.61,27228.33,25832.4,26806.01,25481.23,29083.28,32354.47,27937.72,27912.85,29572.28,30127.17,31736.82,35159.04,33812.3,34854.0,34626.83,30026.72,25545.12,28841.08,25505.74,25888.44,27984.21,29624.02,30540.14,28316.42,24699.8,27587.26,26220.97,27821.57,28724.96,29377.32,30050.8,29171.46,30342.0,29741.23,35718.19,36654.81,41742.95,39975.76,44110.21,42141.1,47155.54,52679.73,52437.84,55632.87,56217.28,57309.0,57223.55,54841.85,52679.69,53174.44,50022.81,49214.83,46840.95,43612.24,46769.99,48250.48,46798.53,51101.94,49205.22,53864.37,55773.61,54196.62,61154.38,61800.67,62325.93,65413.8,66842.91,67760.87,68537.37,72004.01,79207.25,78062.33,79260.87,76202.44,83329.99,79059.66,84254.4,85975.61,89370.01,89250.9,86137.05,90763.58,89055.82,96535.48,102783.82,99925.69,102582.67,102790.2,105267.43,96908.39,94134.43,100866.19,105206.59,104346.33,113721.25,118564.71,120242.63,121869.82,124456.85,133548.46,134415.31,121106.89,115993.18,110806.63
FR0000121485,KERING,FR,EUR,3702.91,4398.79,4673.98,5647.4,6452.13,6278.83,8533.26,8948.56,9855.33,8445.22,9314.23,9303.24,9463.22,8854.86,10266.95,10383.02,9598.28,10021.14,10668.25,10418.44,12932.96,13061.82,12710.59,12735.5,12769.38,12120.66,12243.53,14290.96,14293.53,14634.77,15237.59,13728.81,10744.05,12944.71,12304.96,11807.33,12945.18,14031.04,14120.73,13747.1,12015.1,12036.58,12695.21,13227.75,12979.61,14853.12,15759.67,15691.42,18343.29,19150.35,18776.81,18788.69,18597.89,17869.11,20118.91,19839.38,19741.5,20030.28,19568.89,18640.7,17750.06,18246.94,18140.99,19649.65,19952.6,19778.34,19306.15,19159.96,18191.82,17399.6,18678.88,17410.11,18419.59,18575.15,17765.84,17077.11,16191.98,16475.2,17913.08,15803.22,15047.04,17191.96,15948.21,15842.85,15648.39,16286.94,16698.31,15987.98,15329.73,15329.79,18024.51,17956.41,19142.12,21012.21,20630.87,21343.69,22726.08,23314.23,24763.13,29591.38,31958.94,32833.81,33633.63,36187.98,38466.75,44253.94,42906.99,45556.89,49289.13,45912.95,46390.94,56218.91,60160.14,59423.52,56152.92,57305.08,56435.55,46934.67,45759.74,49517.52
FR0000121667,ESSILORLUXOTTICA,FR,EUR,28323.09,25741.31,28579.43,32091.03,34710.45,35946.48,41596.3,40771.03,42934.86,42452.95,43745.62,45176.64,44138.38,45593.4,48241.84,46063.47,43660.45,45957.58,47899.63,46630.25,52778.17,51082.9,47995.65,49504.85,51275.73,54752.1,56959.75,64229.29,62885.08,63033.22,62452.95,59743.5,56308.02,56815.52,55576.2,55046.8,56985.91,62142.23,69179.26,68462.97,67223.94,73208.74,68659.49,68834.06,73781.64,70931.19,76004.01,78881.52,80217.75,81334.43,87669.07,88649.67,87710.75,84463.2,88775.1,85630.19,85551.54,85488.89,83571.54,84658.15,79899.69,83073.05,80202.15,84974.16,84616.03,85328.03,78571.13,85562.44,88375.95,88826.47,90589.1,90247.25,89957.83,94277.64,92300.14,98066.67,98968.46,96818.67,104620.26,96822.78,98718.33,107299.95,105968.25,101501.37,100483.96,96759.71,100458.96,105159.88,107150.0,108296.25,105064.67,103997.47,105812.7,92067.04,87094.19,92869.29,96085.57,94257.05,99914.54,106241.15,110536.14,105531.03,104878.63,104720.65,102855.24,105176.36,107008.06,114644.11,118373.15,109256.42,111954.28,114984.1,114875.11,118831.31,124308.11,121744.91,124613.6,115174.98,106901.54,106287.38
FR0000121964,KLEPIERRE REIT,FR,EUR,931.72,800.41,684.12,940.91,1061.14,1081.55,1192.86,1577.82,1661.73,1746.62,1678.04,1708.34,1572.23,1565.51,1650.38,1519.07,1178.75,1223.71,1399.79,1343.93,1694.83,1704.78,1388.1,1589.21,1597.98,1713.22,1783.54,1897.76,1966.99,1903.05,1729.49,1601.75,1309.14,1454.61,1335.27,1319.36,1385.71,1470.61,1596.59,1550.03,1516.41,1609.15,1598.94,1583.43,1718.86,1814.76,1877.17,1937.74,1930.51,2014.54,1926.52,2179.53,2209.19,2020.76,2221.8,2031.65,2227.48,2309.0,2388.67,2383.22,2228.05,2342.93,2298.35,2468.81,2618.54,2745.31,2549.02,2572.84,2359.78,2329.11,2424.26,2329.62,2604.24,2705.12,2708.67,2719.89,2485.99,2464.17,2566.74,2463.41,2533.44,2673.58,2543.26,2496.07,2420.06,2339.5,2689.27,2749.12,2674.19,2586.89,2798.3,2733.87,2679.12,2386.94,2180.96,2301.65,2219.68,2177.19,2278.55,2413.86,2571.47,2517.36,2492.74,2475.24,2414.78,2446.54,2544.83,2707.89,2818.99,2545.35,2477.3,2670.09,2534.07,2453.22,2460.03,2342.29,2310.23,2214.6,2133.46,2007.88
FR0000121972,SCHNEIDER ELECTRIC,FR,EUR,5753.15,5477.39,6002.75,6923.47,7109.57,7298.68,8660.22,8842.57,9701.8,10040.25,10486.56,11243.87,9993.76,10257.49,11260.81,10948.87,9887.33,10068.58,11330.53,10453.63,12478.62,13932.58,13835.14,14765.91,15346.49,16275.17,16818.99,17860.07,16625.6,16853.85,14667.34,13526.45,10985.35,12006.23,11410.75,10657.86,12544.17,13771.57,13166.3,12397.57,11163.33,11632.84,11882.57,13266.12,12420.06,13102.37,14733.39,15153.5,15962.41,16146.66,15342.62,16000.82,17212.86,15684.15,17195.25,16530.11,18321.0,18264.76,18368.84,18916.03,17486.68,19363.0,19202.71,20279.31,20970.32,20939.78,18819.24,18848.51,17086.26,17527.03,18193.72,16316.29,16819.03,17961.45,17286.18,17141.84,17258.39,15791.64,16078.92,14445.29,12775.48,13925.57,14502.23,13067.46,12161.33,13620.07,14484.89,14899.92,15356.46,13993.06,15534.5,16150.7,16555.38,15909.67,15819.2,16552.69,16988.28,16115.79,17424.11,18741.21,18828.19,18737.78,19104.69,19665.47,21258.32,21465.92,21027.65,20780.0,22964.7,21321.62,21427.18,22213.03,21664.25,20975.77,20261.63,20556.91,20246.61,18229.43,18308.56,17172.33
FR0000124141,VEOLIA ENVIRON,FR,EUR,87.62,84.38,80.83,107.59,120.13,120.89,140.47,142.18,157.19,134.95,138.98,136.23,136.06,133.43,142.68,129.63,111.52,102.88,115.18,101.31,114.45,127.29,114.58,127.31,135.82,142.82,135.1,145.2,138.77,129.59,104.37,76.65,68.25,65.86,58.5,50.52,52.27,56.46,76.1,67.3,56.28,62.44,55.68,52.28,53.23,48.77,53.58,59.48,63.52,62.09,62.25,67.99,65.63,59.89,70.58,81.0,90.08,90.43,85.54,86.11,82.88,99.81,104.32,103.34,106.09,105.64,98.17,102.08,97.93,92.65,101.38,99.01,101.71,108.23,104.91,117.57,119.43,117.36,129.32,126.15,131.33,134.71,138.0,136.79,138.3,130.72,138.93,141.52,133.89,128.92,132.36,126.55,137.3,129.88,103.09,101.68,101.42,97.85,111.93,118.38,137.31,131.52,140.04,146.06,144.06,147.7,157.98,159.24,157.56,151.82,147.53,148.03,147.32,139.08,148.54,137.31,129.75,129.74,138.16,133.38
FR0000125007,SAINT GOBAIN,FR,EUR,544.63,409.59,493.63,639.73,634.74,610.76,737.21,823.29,947.07,898.11,993.96,998.27,885.3,861.04,880.43,909.21,703.99,714.52,803.45,696.89,841.06,880.69,848.27,975.16,1095.48,1129.84,1157.6,1306.26,1246.57,1256.25,1126.48,978.8,751.6,911.84,820.34,747.24,864.16,925.11,865.24,812.75,686.68,749.58,613.92,697.81,713.81,715.18,809.95,862.26,836.75,810.81,753.77,814.97,882.33,852.81,976.24,983.07,1045.35,1111.24,1124.25,1162.11,1108.53,1267.48,1274.98,1287.65,1203.14,1224.62,1058.03,1104.61,993.63,931.42,999.69,925.42,929.1,979.68,953.42,990.07,1009.86,1003.07,1066.16,1026.18,965.98,942.93,987.63,967.81,917.65,868.92,986.69,1024.14,998.49,880.31,977.54,1010.03,997.13,1022.59,1001.33,1076.63,1134.16,1108.53,1187.4,1244.53,1290.97,1262.49,1308.12,1296.16,1410.41,1388.18,1350.46,1306.42,1380.01,1349.07,1247.25,1243.47,1184.26,1090.38,1087.17,1052.35,1052.79,919.07,904.51,813.57
FR0000125338,CAPGEMINI,FR,EUR,315.72,265.72,292.89,342.83,363.81,347.48,433.62,457.12,493.98,440.32,436.55,433.04,423.39,435.96,465.91,478.96,432.88,428.92,459.0,409.07,484.69,491.52,408.02,452.09,486.82,564.2,561.12,585.61,550.29,580.13,489.24,402.93,333.61,382.95,374.59,310.44,361.87,438.16,442.63,386.6,333.72,378.94,377.37,379.29,436.15,432.72,435.92,446.1,496.24,507.43,469.38,474.1,504.04,513.43,577.86,577.88,629.47,696.61,691.17,715.99,721.22,828.64,800.95,746.54,787.1,771.37,784.72,770.79,776.33,710.8,794.47,778.35,787.92,876.62,886.97,963.42,950.79,970.49,1055.47,985.22,975.33,982.36,1012.06,1020.51,998.42,914.62,1032.74,1024.84,1063.5,968.43,1071.4,1084.3,1092.09,922.32,880.96,942.37,907.97,955.77,1031.97,1115.55,1174.61,1169.67,1229.42,1254.95,1328.69,1377.83,1309.3,1345.89,1510.16,1423.2,1410.67,1561.15,1490.45,1547.41,1478.05,1482.42,1448.44,1407.8,1342.39,1141.52
FR0000127771,VIVENDI,FR,EUR,4779.73,4445.39,4882.42,5006.1,5197.12,4724.43,5053.07,5638.05,6111.4,5518.16,5696.43,5899.17,5180.46,4992.22,5301.6,5205.38,4624.12,4401.36,5134.77,5000.15,5849.07,6087.16,5227.99,5790.67,6133.3,6097.79,6110.31,6716.01,6394.12,6375.0,5504.66,5601.27,4718.04,5197.68,5284.9,5036.84,4803.08,4944.95,4201.88,4238.72,4120.89,4737.84,4858.57,5014.52,4982.01,5219.89,5483.1,5702.87,5469.49,5377.92,5280.61,5786.57,5331.13,5128.13,5782.34,5486.4,6241.66,6891.62,6901.97,7157.26,7291.25,7757.86,7556.47,7271.24,7118.71,6998.18,7184.11,7458.44,6908.64,6979.66,7303.13,7161.42,6789.38,6999.16,7104.01,7498.8,7590.51,7841.51,8225.95,7683.9,7336.77,7530.87,6547.5,6711.2,6741.82,6807.05,6896.34,6645.15,6870.87,6499.08,6806.99,6700.25,6982.51,6989.48,6605.99,6592.02,6337.14,6126.09,6747.21,6866.08,7681.7,7866.09,8164.7,8109.01,8960.73,8790.82,9436.54,9526.43,10417.01,9171.44,9139.06,9558.58,9078.92,8861.44,9388.0,9398.05,9306.18,8738.68,9003.01,8791.6
FR0000130213,LAGARDERE GROUPE,FR,EUR,295.81,253.85,216.93,244.88,272.27,270.96,303.22,351.82,379.72,370.94,347.54,332.66,318.81,298.67,330.86,329.66,274.48,268.93,314.44,308.51,334.05,363.72,316.24,353.18,380.55,384.62,365.05,375.56,364.8,377.67,348.43,306.44,222.1,242.81,217.55,236.77,254.34,268.87,275.39,271.0,224.18,264.21,256.28,266.66,258.9,258.69,285.01,315.63,342.23,338.4,349.22,352.24,369.61,400.13,454.31,436.92,467.43,523.92,488.47,535.6,508.34,578.06,571.38,601.86,649.04,605.87,553.93,513.56,498.02,452.59,528.84,486.3,509.74,536.13,558.29,597.34,589.83,568.33,586.29,529.83,538.47,571.04,575.16,582.73,552.57,563.47,518.84,517.48,489.25,450.95,527.72,503.03,526.15,525.35,509.81,575.1,518.15,521.1,609.99,632.55,680.82,682.4,707.96,694.34,724.59,712.75,710.44,694.53,677.17,638.69,617.4,619.09,616.92,603.96,668.97,676.11,704.43,627.06,647.11,575.89
FR0000130395,REMY COINTREAU,FR,EUR,157.16,134.65,139.43,195.53,207.85,212.91,237.06,241.07,251.58,292.45,302.82,307.58,303.79,287.61,311.64,326.51,301.93,323.15,328.98,339.54,412.36,428.79,401.9,434.29,434.28,411.04,461.05,504.67,501.0,514.46,546.45,559.85,441.2,525.48,529.51,511.2,558.84,623.84,643.56,706.75,629.64,696.85,749.82,743.56,748.0,673.62,727.82,708.58,828.8,822.1,752.09,757.17,750.84,688.35,671.27,681.84,704.65,652.98,564.62,555.41,493.54,561.34,530.55,580.85,613.19,607.91,540.73,537.78,485.97,480.07,508.8,452.13,499.52,496.84,496.52,508.17,485.88,486.16,483.13,409.22,452.46,483.82,489.9,495.44,494.74,478.21,525.3,573.58,574.08,594.62,604.33,614.62,602.26,571.47,592.91,602.85,641.09,628.54,692.39,711.5,773.27,822.7,809.02,818.31,849.93,931.98,956.48,995.1,947.49,979.27,1021.84,989.14,1061.18,929.89,994.44,1021.84,948.23,864.85,842.86,823.05
FR0000130403,CHRISTIAN DIOR,FR,EUR,536.26,541.36,587.13,726.52,835.2,816.44,945.26,1015.51,1080.16,1098.05,1116.58,1134.41,1121.05,1082.1,1177.57,1175.39,1079.84,1084.53,1213.25,1136.15,1465.87,1618.03,1568.2,1619.19,1553.4,1628.9,1591.52,1814.91,1761.86,1796.62,1829.95,1662.51,1295.6,1629.72,1489.18,1372.53,1634.74,1797.87,1768.21,1765.08,1530.14,1609.08,1623.52,1674.21,1573.22,1681.02,1909.97,1998.46,2064.7,1976.99,1963.82,2080.73,2189.26,1922.05,2107.58,2038.64,2339.86,2269.72,2359.85,2285.21,2209.48,2389.66,2325.53,2500.77,2549.91,2421.74,2120.1,2170.46,2040.69,2152.98,2337.23,2392.97,2396.96,2690.79,2612.06,2732.57,2792.72,2718.47,2905.81,2582.47,2598.24,2756.94,2548.85,2401.81,2377.79,2488.19,2562.08,2498.43,2320.6,2288.16,2572.83,2455.42,2550.34,2740.34,2768.83,3022.96,3089.58,3055.37,3350.63,3971.43,4137.64,4133.18,4107.86,4463.23,4636.64,4970.31,5186.54,5321.73,5649.06,5429.47,5743.16,6198.98,6248.19,6146.57,6264.73,6347.32,6298.76,5698.41,5461.68,5642.98
FR0000130577,PUBLICIS GROUPE,FR,EUR,1533.73,1528.77,1670.36,2007.48,2110.66,1984.72,2366.81,2463.79,2681.81,2557.84,2576.52,2736.93,2770.1,2646.41,2869.36,2959.59,2798.76,2745.05,3070.85,2863.05,3241.75,3390.45,3054.19,3565.92,3512.55,3891.25,3827.7,3868.62,3743.05,3868.54,3539.62,3270.78,2924.5,3391.28,3311.73,3202.16,3493.94,3812.19,3819.87,3578.64,3210.08,3237.15,3494.78,3680.34,3964.48,3811.24,4002.93,4221.48,4634.79,4682.67,4752.93,4927.35,5068.65,5116.74,5794.66,5344.34,5730.05,6010.17,6374.88,6595.71,6383.82,6838.41,6504.58,6126.75,6214.02,6211.9,5327.23,5471.02,5031.03,5072.7,5393.43,5286.51,5490.91,5987.32,5650.94,6145.05,5847.69,5503.08,5672.5,5300.69,5069.24,4859.01,4697.2,4965.91,4453.85,4625.56,5237.21,5513.15,5393.97,5137.23,5689.58,5662.16,5779.42,5233.94,4962.08,5281.86,5247.55,5165.27,5352.5,5513.02,5854.41,5850.74,5918.37,5294.69,5486.84,5120.38,5225.91,5342.92,5448.32,5943.39,5465.49,5883.75,5459.03,5594.83,5199.74,5230.91,4861.12,4720.12,4820.11,4654.28
FR0000130809,SOCIETE GENERALE,FR,EUR,672.99,505.16,624.28,827.17,952.35,895.06,1048.18,1323.75,1319.34,1159.31,1218.87,1216.0,1015.71,954.67,1090.99,930.07,744.7,732.8,1005.1,890.72,1006.01,1043.01,810.63,941.07,1129.38,1227.4,1134.83,1168.53,1077.96,1078.63,907.49,611.5,487.86,535.09,442.51,406.07,484.7,589.79,531.8,429.8,361.04,424.77,403.25,482.39,516.93,577.82,657.51,679.34,821.2,699.05,598.37,661.08,737.73,632.95,740.03,805.41,919.59,1048.7,1063.21,1073.13,1046.7,1232.39,1136.49,1145.78,1088.85,988.83,948.74,958.84,963.99,908.72,938.89,799.38,763.43,874.92,911.84,945.82,904.67,905.19,960.4,944.79,863.09,906.92,925.85,897.32,738.61,683.64,718.18,761.2,842.54,641.23,699.1,743.88,707.72,797.56,880.88,1008.8,1000.68,911.18,1040.53,1118.71,1124.38,1151.19,1252.91,1197.94,1254.65,1193.04,1080.87,1107.53,1250.61,1231.32,1163.59,1176.65,975.85,956.46,1011.47,930.01,973.98,834.76,833.7,721.35
FR0000131104,BNP PARIBAS,FR,EUR,288.98,248.04,310.49,400.79,530.01,498.29,557.04,619.15,630.76,599.95,652.58,633.85,572.87,573.06,608.08,547.79,463.52,447.46,560.29,512.0,581.13,595.96,484.32,521.14,610.79,637.65,597.58,646.76,661.55,654.95,554.46,438.3,342.16,388.87,336.68,334.37,359.63,415.91,402.05,340.93,282.93,342.42,330.49,387.41,423.18,447.34,496.83,499.41,557.93,501.25,457.33,496.15,539.75,501.31,593.37,574.45,621.89,681.29,691.19,717.27,711.85,754.57,709.03,689.36,662.75,641.34,626.24,639.9,627.27,593.98,607.74,563.59,499.03,552.42,574.43,597.99,584.45,585.5,635.91,611.88,568.26,592.42,575.07,550.62,459.13,453.42,489.13,513.98,537.63,449.44,504.75,516.86,523.41,589.43,591.35,649.91,650.84,596.13,679.46,717.86,749.37,762.98,820.1,806.03,855.93,828.48,804.22,792.95,880.16,845.8,785.0,820.04,693.64,695.48,729.48,659.04,685.6,585.34,562.7,505.35
FR0000131757,ERAMET,FR,EUR,447.85,411.42,616.48,612.45,790.42,751.58,805.01,928.61,997.84,904.42,931.93,911.67,877.61,866.63,992.66,1050.59,796.51,728.11,803.11,738.17,858.63,1004.45,898.97,998.48,1032.36,1049.06,1073.91,1144.22,986.02,974.93,822.03,631.61,412.39,468.16,385.24,361.18,443.42,477.15,415.59,391.45,294.6,348.62,323.06,335.84,355.25,384.23,399.71,442.91,429.48,387.28,328.22,323.77,323.39,259.79,269.88,283.77,310.51,292.91,288.2,297.83,293.53,302.5,370.18,400.72,394.56,364.22,383.87,338.68,324.05,285.47,302.6,284.64,247.49,318.82,281.22,252.77,246.2,238.03,203.83,173.99,113.14,122.08,103.66,98.54,66.51,64.48,86.27,122.46,104.75,100.77,108.0,106.57,122.32,144.13,194.08,184.02,176.78,166.96,131.94,148.15,150.37,150.64,193.41,203.29,208.94,253.39,311.02,365.64,435.16,485.29,422.78,535.34,547.16,410.92,310.22,267.78,330.24,288.2,251.94,215.44
FR0000131906,RENAULT,FR,EUR,103.43,77.93,109.46,173.34,203.92,195.43,225.85,239.91,247.99,240.38,257.37,276.52,253.53,219.44,249.99,250.67,191.98,200.77,237.46,216.95,274.35,295.45,279.85,310.7,348.81,326.62,294.74,324.95,303.97,317.93,287.21,218.85,180.41,227.77,200.36,186.6,228.65,285.13,282.3,243.68,232.97,221.85,243.71,260.47,261.25,248.66,278.11,298.27,335.23,353.4,348.97,383.54,444.8,385.93,451.21,409.52,458.12,503.67,510.52,462.56,501.54,572.76,558.33,558.6,555.11,532.53,491.61,462.31,426.75,437.16,473.82,431.47,453.39,567.25,536.3,621.17,623.3,625.97,556.67,499.27,429.62,569.56,606.62,605.17,507.11,549.83,598.43,580.55,581.43,470.85,541.88,505.6,508.99,537.02,488.35,552.0,558.02,550.84,539.32,577.31,578.6,581.74,577.91,568.9,632.36,638.35,655.21,648.47,710.15,702.41,779.65,698.61,620.79,572.64,593.26,581.36,582.7,504.13,473.14,419.93
FR0000133308,ORANGE,FR,EUR,136.62,137.34,138.25,135.73,148.24,140.95,154.37,163.58,170.99,159.84,167.13,160.69,148.48,151.05,154.03,140.5,122.22,118.32,141.56,143.05,151.83,168.38,142.48,146.8,153.49,155.36,157.42,164.84,160.39,157.47,153.68,141.83,128.24,141.34,133.9,122.41,116.63,119.08,114.91,106.3,97.62,110.67,112.73,116.49,107.07,98.82,93.84,97.47,100.62,85.98,89.81,94.95,90.11,85.98,89.3,92.12,114.2,125.1,119.15,116.66,116.4,117.82,138.98,152.27,157.43,154.59,154.04,148.67,147.34,156.08,173.01,170.04,175.03,181.56,159.61,164.03,156.35,157.29,168.67,161.39,154.27,181.08,176.62,174.18,182.95,180.18,181.65,171.73,179.99,173.25,162.9,162.24,166.58,167.39,155.27,164.46,167.22,163.73,168.26,167.03,189.97,175.67,185.9,188.19,181.69,181.94,191.45,196.12,204.45,191.84,191.29,206.06,193.94,194.15,198.23,188.14,184.92,181.52,198.98,191.39
FR0010040865,GECINA,FR,EUR,574.69,367.46,316.92,456.49,691.51,543.73,719.85,872.67,1047.2,941.07,966.0,960.25,879.44,913.06,974.64,905.32,777.96,852.83,958.34,935.94,1111.6,1134.33,979.74,1033.44,1120.32,1213.46,1292.55,1351.68,1425.88,1365.92,1359.73,1097.06,864.24,976.08,843.19,824.92,934.12,942.65,1019.88,964.08,882.23,927.24,956.82,998.83,1065.92,1151.56,1149.72,1164.23,1178.85,1182.3,1208.95,1313.33,1333.81,1205.1,1335.96,1294.86,1396.06,1461.72,1436.13,1443.72,1331.78,1501.72,1451.03,1537.73,1632.58,1666.19,1630.74,1618.14,1497.64,1546.31,1549.26,1431.18,1497.69,1505.42,1544.51,1624.54,1555.01,1460.05,1527.69,1492.92,1441.55,1524.25,1430.91,1443.53,1517.97,1468.33,1671.07,1753.21,1712.74,1649.3,1870.44,1930.98,1947.04,1799.65,1624.84,1714.02,1593.88,1577.67,1718.71,1796.73,1944.15,1979.12,1984.34,2052.72,2139.41,2140.46,2201.85,2437.53,2583.14,2318.24,2332.69,2332.28,2322.37,2290.26,2336.84,2355.5,2286.22,2011.62,1914.2,1768.19
FR0010220475,ALSTOM,FR,EUR,22.33,22.05,23.78,29.12,28.97,27.83,32.22,33.18,34.39,32.94,33.03,33.21,31.87,30.26,29.47,27.9,22.65,22.36,25.48,23.3,24.88,24.54,20.12,23.39,27.22,29.07,28.83,32.43,30.12,30.46,26.09,22.99,16.49,18.68,17.09,15.03,18.85,21.37,19.25,17.64,14.35,16.17,17.02,18.24,17.94,17.45,18.6,20.31,22.68,22.59,20.84,21.0,19.29,16.72,17.83,18.54,18.83,19.68,19.44,19.27,14.99,14.27,14.43,21.62,20.9,19.25,19.0,18.74,18.07,18.37,18.52,17.17,17.36,17.51,16.3,16.59,16.51,14.98,15.62,16.38,16.28,17.31,16.41,16.16,14.13,11.58,13.52,13.5,13.27,12.25,13.0,13.95,13.98,14.17,14.32,14.58,14.98,14.38,15.83,16.77,18.52,18.44,19.02,18.92,22.62,21.55,22.02,22.13,23.45,22.51,23.98,24.26,25.18,24.47,24.13,23.76,24.03,23.53,23.59,21.67
FR0010242511,EDF DEAD - DELIST.08/06/23,FR,EUR,164.22,131.51,131.36,156.74,178.21,165.74,168.02,178.74,201.94,191.07,199.37,206.1,187.51,173.65,188.96,185.92,154.39,135.31,149.35,140.4,151.81,160.83,146.99,147.33,157.95,159.69,148.36,150.88,144.98,143.58,138.95,112.15,106.91,110.64,99.55,91.96,86.91,94.33,85.85,79.72,72.52,87.17,81.31,79.87,82.1,82.8,71.85,75.1,78.23,77.16,78.27,91.16,92.89,98.04,123.85,118.22,133.84,148.56,157.77,153.06,147.07,172.1,171.14,165.76,151.97,139.8,143.41,144.71,145.65,131.0,133.25,125.84,123.87,126.23,109.31,116.05,111.8,104.7,112.59,101.56,82.68,87.9,72.74,72.01,63.61,51.6,54.89,70.16,65.09,62.29,66.9,65.35,62.2,60.0,56.84,54.74,52.84,52.7,48.8,48.27,62.36,65.21,60.94,63.81,73.25,78.96,80.3,76.53,84.39,79.86,88.46,86.09,83.57,86.38,94.06,103.1,110.32,104.46,103.18,100.17
FR0010307819,LEGRAND,FR,EUR,92.27,82.65,94.8,110.34,115.01,124.49,139.04,140.36,158.76,155.95,156.92,159.64,165.93,179.3,180.83,186.26,168.78,176.18,191.39,179.18,199.24,226.81,225.16,240.49,237.23,246.96,245.05,269.05,255.74,255.13,236.07,241.16,191.31,216.89,195.58,195.45,209.15,220.86,222.6,204.5,189.24,213.58,202.34,217.84,237.36,242.26,254.77,264.36,285.4,289.6,274.79,293.44,318.41,299.15,333.98,326.76,358.53,367.23,357.19,356.48,342.98,400.73,401.35,416.35,418.45,404.02,365.88,365.97,343.66,355.3,347.15,347.98,355.46,365.93,357.04,382.16,371.01,378.57,417.81,388.81,357.24,372.22,396.75,382.6,370.28,336.61,378.62,384.39,379.94,355.19,381.0,412.97,407.16,389.67,386.32,392.86,401.26,390.42,417.33,446.79,473.79,491.74,484.67,492.75,508.28,522.93,528.44,542.56,587.72,554.1,551.45,548.56,530.32,527.04,527.68,541.9,523.29,469.5,439.62,404.44
FR0010313833,ARKEMA,FR,EUR,44.79,42.82,49.88,73.38,86.02,76.66,93.36,106.85,115.2,125.82,123.43,122.09,126.19,110.95,121.39,137.71,119.58,117.42,145.59,139.54,171.18,215.61,199.62,241.45,232.65,244.3,303.87,348.7,370.81,348.51,331.61,263.51,199.9,233.49,245.01,240.45,273.86,311.55,315.06,299.89,226.63,226.67,255.42,295.57,324.78,315.82,354.44,361.85,395.06,352.5,315.76,324.96,357.63,324.97,354.66,357.43,395.15,402.98,406.05,414.18,378.31,385.8,401.59,395.02,371.89,353.58,337.5,273.33,243.81,224.07,256.79,250.84,269.72,282.55,298.07,303.38,279.12,278.74,303.56,272.86,249.83,284.84,278.77,271.61,241.09,237.22,291.05,308.94,317.76,304.93,339.38,354.19,367.98,376.28,381.0,389.56,392.53,386.37,393.05,420.67,424.75,432.72,460.47,440.67,498.06,513.03,497.74,495.16,520.55,532.17,529.37,532.33,504.81,491.12,520.57,520.77,514.08,436.08,393.61,355.46
FR0010340141,ADP,FR,EUR,126.84,114.13,124.97,136.88,171.11,176.8,193.83,207.79,216.98,184.25,193.35,195.1,189.61,191.09,199.13,199.33,164.11,160.55,182.56,175.34,202.4,210.17,190.19,196.34,208.53,219.8,228.54,237.82,243.98,238.57,231.17,212.74,192.8,201.71,185.29,174.53,187.45,201.22,207.88,213.41,188.94,197.36,202.7,207.24,208.33,201.7,201.36,200.81,215.21,220.71,221.71,236.43,245.57,260.99,277.11,261.71,281.56,287.56,296.41,305.54,303.36,326.44,335.27,334.01,357.35,361.25,375.56,365.37,328.29,324.21,337.39,332.66,329.24,334.96,327.79,337.57,345.98,316.32,337.96,321.26,316.9,353.86,317.14,328.36,318.36,331.35,349.11,354.94,342.02,315.74,305.27,295.65,284.72,289.46,282.55,310.51,320.96,328.8,358.31,385.61,442.42,472.49,494.47,522.31,474.14,493.86,560.2,560.35,613.64,596.11,640.91,648.85,614.17,676.1,669.51,658.43,673.26,626.3,581.21,567.97
FR0010411983,SCOR SE,FR,EUR,75.23,73.95,75.91,78.09,81.7,79.55,92.71,102.25,105.99,99.22,94.61,97.46,90.48,95.07,98.22,91.61,80.37,79.1,90.26,89.79,98.49,101.08,96.19,104.9,114.07,121.05,112.22,125.93,120.63,123.6,112.35,102.71,94.8,102.59,103.73,101.98,109.53,115.59,117.35,115.0,99.99,111.74,109.57,113.51,118.94,122.94,121.68,123.99,132.59,130.5,132.53,147.26,142.32,148.53,154.63,151.31,160.59,171.56,169.97,177.44,157.27,169.91,169.68,176.79,178.0,175.18,163.75,156.33,159.15,155.98,159.32,155.29,159.01,168.31,171.85,183.4,182.37,187.97,205.69,187.82,190.7,199.48,209.01,199.87,185.32,186.85,189.55,190.64,187.25,166.81,163.59,164.42,174.05,180.94,177.92,193.82,189.67,202.76,212.1,221.38,231.1,232.16,246.25,245.42,245.94,243.51,239.56,236.22,263.37,250.27,239.88,250.11,226.78,228.56,239.34,249.87,285.81,284.88,295.63,277.08
FR0010533075,GETLINK,FR,EUR,20.8,15.81,21.39,20.98,21.78,22.83,24.03,25.11,41.61,40.46,41.8,38.21,39.62,41.45,41.57,37.27,31.5,27.8,30.18,30.55,34.91,40.7,35.19,36.19,39.87,41.34,43.68,44.62,44.84,46.08,44.07,38.43,35.4,37.64,31.24,28.15,33.99,35.91,35.75,34.69,32.12,33.92,29.78,31.37,29.45,31.74,31.5,32.15,35.51,35.39,33.32,35.0,33.66,32.35,33.36,31.57,38.83,41.35,41.93,44.83,47.01,51.2,54.39,57.09,57.25,58.49,57.23,55.79,52.84,54.63,56.05,56.0,58.1,59.28,61.97,69.29,65.9,63.43,63.36,59.25,59.53,61.7,55.98,54.56,50.22,44.05,49.19,55.97,57.64,47.38,46.41,49.04,48.36,41.76,39.32,42.55,41.54,41.76,45.05,49.04,53.97,48.75,50.52,54.5,55.2,57.54,60.96,58.92,64.44,58.98,65.3,64.65,63.52,64.39,62.05,59.27,59.99,59.13,61.01,62.96
FR0013176526,VALEO,FR,EUR,506.69,568.83,661.03,942.08,895.19,831.9,1193.03,1153.01,1189.33,1236.86,1294.18,1592.17,1501.9,1383.95,1617.66,1528.15,1255.17,1247.14,1615.76,1583.58,2098.97,2428.44,2273.44,2577.25,2651.58,2818.16,2642.16,2885.68,2863.06,3169.93,2860.92,2459.64,1984.52,2366.97,2048.7,1851.42,2181.63,2508.91,2431.68,2280.53,1963.03,2002.18,2090.38,2301.69,2249.04,2133.22,2302.14,2409.54,2616.82,2747.61,2632.32,2823.25,3256.94,3144.39,3966.24,3763.53,4280.74,4982.41,5338.46,5552.79,5600.25,7020.01,7060.41,6859.2,6852.89,6847.13,6121.67,6176.77,5674.83,5706.6,6289.52,6391.77,7228.91,7691.95,7614.05,8187.52,8244.53,8147.69,6944.75,6492.58,6973.01,8041.29,8007.23,8011.54,6686.67,7184.23,8065.07,8204.19,7985.51,7072.66,8142.79,8196.22,9257.92,9129.84,8853.66,9137.8,9690.14,9778.89,10592.48,11401.75,11272.32,10883.51,11164.67,10804.36,12005.75,10948.65,11763.76,12095.33,12796.66,10547.55,10671.23,10835.41,10257.14,9046.17,8132.38,7530.02,7188.29,5353.1,4721.87,4825.64
FR0013280286,BIOMERIEUX,FR,EUR,272.06,265.9,272.08,262.5,300.85,309.09,341.54,344.48,387.35,393.64,409.96,413.45,389.16,386.93,405.93,384.09,362.01,369.06,362.16,364.76,370.16,342.81,318.08,353.27,389.89,380.13,374.65,388.71,418.68,419.26,400.19,388.13,317.43,316.76,291.46,259.02,304.0,302.77,284.13,296.23,274.37,302.27,312.41,321.1,341.15,355.38,343.99,348.51,350.43,357.42,346.82,349.4,350.82,360.0,379.82,371.48,360.61,374.1,378.11,391.04,391.26,395.68,408.28,406.05,421.18,405.8,391.61,395.88,389.97,397.23,397.68,390.75,410.65,411.12,364.43,405.58,419.95,404.53,443.75,430.44,410.66,444.12,436.23,454.09,477.39,484.57,436.24,490.76,496.88,520.5,530.36,582.45,571.98,558.37,533.63,574.07,606.44,591.39,650.82,766.65,808.7,833.33,846.66,942.68,941.76,907.41,966.69,1037.4,1099.49,891.63,953.11,916.79,1016.73,1045.87,967.92,1023.28,968.88,887.26,819.58,763.67
FR0013326246,UNIBAIL RODAMCO WE STAPLED UNITS,FR,EUR,41038.41,38960.84,43605.14,46551.42,49962.91,46626.5,54749.92,62641.93,65950.04,71093.65,72166.96,70977.18,70602.81,64202.44,66162.85,62043.46,51268.55,54598.71,65561.4,63153.09,74460.42,79802.01,67152.31,76791.76,74213.5,78469.82,84984.72,92197.01,89032.07,91762.66,89007.89,86828.32,72671.35,81508.18,75646.91,73663.68,78887.93,79980.46,82707.25,77759.91,69090.02,77373.3,81296.51,86641.72,84911.47,96273.87,100695.04,103290.51,102131.57,100293.41,101617.6,114406.49,107632.39,102469.03,106950.46,99570.88,110633.85,117389.84,117645.52,115682.75,109059.63,119760.52,118452.71,123415.07,128592.01,134102.39,124258.74,125063.85,119964.46,119927.91,124459.9,121481.36,133562.34,137143.78,128385.37,131958.95,122880.96,121488.4,129226.9,125489.68,125488.47,136899.1,125609.41,125035.59,123690.36,123435.28,136728.33,133433.47,134529.49,130126.44,138453.39,138288.51,136598.58,120899.71,112730.87,122521.94,118352.6,118104.55,121447.04,127685.75,134832.18,131889.96,131092.45,134133.09,129016.75,133311.06,137071.38,135390.46,138814.41,126670.91,124246.48,131354.53,123448.0,121465.41,123165.89,117360.37,112656.31,102293.76,97405.59,88234.74
FR0013505062,VANTIVA,FR,EUR,14.91,8.96,9.47,14.18,10.72,9.08,13.71,14.22,21.13,14.53,16.51,13.53,14.18,13.77,15.12,13.77,9.03,7.32,6.81,6.28,7.18,8.16,7.12,6.18,7.52,9.81,9.43,9.92,8.93,7.91,7.19,5.67,3.88,3.55,2.15,1.95,3.87,3.78,3.54,2.74,2.77,3.07,2.88,3.31,3.26,3.34,3.27,3.31,4.57,4.59,5.39,5.48,5.64,5.25,6.61,6.26,6.91,7.16,6.7,7.0,6.55,8.9,9.53,9.84,9.75,10.67,9.54,10.15,8.61,7.78,7.9,7.41,7.91,8.16,8.51,8.95,8.52,8.67,10.59,9.87,9.15,9.42,10.37,11.24,9.8,8.41,8.65,9.49,9.28,8.71,8.79,9.05,9.54,8.16,6.89,7.57,5.99,5.85,6.44,7.09,7.21,6.17,5.13,5.17,4.89,5.02,5.2,4.88,5.31,3.22,2.39,2.32,2.44,1.74,1.99,1.95,1.7,1.81,1.72,1.54
FR0013506730,VALLOUREC,FR,EUR,13096.13,10547.81,12320.25,14687.92,16648.54,17160.24,18502.51,21497.15,23932.65,22467.4,23646.27,25772.46,24564.99,27082.17,28564.19,28283.23,26397.58,25345.03,28214.85,24977.64,28838.85,30046.06,27611.0,30567.28,31533.34,30058.34,32564.97,36207.59,36245.89,35871.16,30105.68,26572.13,17192.51,18071.07,20113.38,19181.74,19910.15,20826.4,18633.36,17713.68,11000.23,12573.08,12804.3,14312.36,13055.29,12665.14,15994.51,16034.9,16740.5,16439.31,14829.97,14817.71,16684.44,15838.65,18467.15,18760.01,18783.86,18675.41,17843.5,17104.55,15658.8,16857.94,17023.2,18516.73,17065.58,14320.67,14137.48,14319.64,14710.04,11741.22,10631.85,8804.57,6990.46,7605.28,7805.74,7526.46,7893.39,6769.96,5483.76,4244.11,2930.63,3700.62,3409.64,3098.62,1453.45,1766.62,2171.37,2865.74,2145.91,1969.88,2009.37,2439.89,2473.71,2706.91,3112.9,3811.46,3918.38,3036.08,3672.44,3533.73,3482.78,3346.9,3247.05,2794.14,3280.63,3021.31,2985.2,3335.49,3792.5,3009.84,2920.25,3332.83,3393.89,3270.95,3563.33,3164.49,3242.29,2621.03,1302.47,1025.13
FR0014003TT8,DASSAULT SYSTEMES,FR,EUR,347.11,321.13,355.39,378.14,408.19,409.56,461.89,474.84,516.77,538.39,533.96,529.33,537.76,535.82,550.04,605.44,540.36,573.41,608.75,566.53,690.03,717.5,642.7,708.98,736.64,717.93,720.86,763.2,796.01,804.92,836.11,769.26,675.35,804.2,772.71,760.24,784.6,788.35,868.77,917.72,859.88,895.51,945.2,929.02,1004.12,1005.6,1080.21,1060.14,1061.0,1085.02,1105.44,1165.4,1200.12,1175.8,1262.5,1226.66,1285.75,1171.31,1107.01,1196.79,1141.08,1107.13,1128.14,1182.87,1232.89,1249.24,1303.06,1289.42,1247.82,1230.62,1272.88,1187.81,1203.62,1362.23,1317.04,1497.42,1515.55,1419.96,1484.69,1355.11,1439.57,1550.79,1554.61,1565.97,1505.22,1483.95,1552.74,1528.69,1556.68,1492.09,1624.87,1654.4,1707.15,1555.5,1502.79,1501.89,1523.76,1593.32,1706.98,1754.93,1828.6,1772.3,1934.77,1947.68,2003.2,2102.66,2131.85,2105.99,2290.75,2565.57,2687.99,2565.38,2790.73,2787.85,2975.46,3231.83,2975.47,2499.14,2388.22,2358.73
FR001400AJ45,MICHELIN,FR,EUR,559.37,466.41,526.92,734.22,882.1,829.4,1045.97,1096.94,1141.18,1086.13,1104.06,1119.46,1139.77,1018.17,1075.13,1062.42,991.91,1048.85,1129.6,1104.9,1169.56,1219.33,1041.44,1105.83,1118.99,1250.93,1298.29,1541.05,1477.97,1543.32,1330.51,1158.81,957.42,1159.83,1002.5,935.9,1080.67,1092.91,1173.51,1178.74,962.28,1076.03,1124.13,1184.38,1291.73,1414.23,1531.92,1554.64,1532.14,1473.71,1380.02,1392.53,1499.45,1524.23,1710.76,1629.29,1893.98,1787.3,1858.08,1817.02,1802.8,2088.05,2135.63,2082.73,2166.08,2097.82,1928.11,1946.43,1656.54,1522.27,1618.86,1599.38,1718.5,1693.48,1746.51,1961.28,1925.1,1884.55,1773.5,1739.99,1635.5,1801.14,1803.64,1718.4,1636.82,1630.8,1844.22,1878.82,1889.87,1759.41,1900.47,1972.63,2056.45,2009.45,1991.31,2072.09,1996.14,2094.41,2263.09,2427.68,2406.92,2537.21,2576.57,2601.57,2790.28,2765.15,2776.68,2743.47,3066.56,2953.33,2818.11,2691.21,2544.66,2398.06,2536.87,2335.81,2354.63,2024.61,2060.73,1951.67
GB0000163088,SPEEDY HIRE,GB,EUR,244.37,349.87,373.32,734.35,423.32,373.08,465.31,493.38,554.7,479.17,338.88,352.88,375.2,328.81,370.49,435.64,340.2,295.06,296.13,256.23,294.76,321.81,357.8,359.71,377.12,379.62,377.4,426.85,438.07,396.89,405.8,332.08,285.62,272.67,281.89,256.13,354.62,365.62,365.69,371.67,333.06,319.99,316.36,314.03,397.37,437.11,475.28,533.34,516.41,536.16,626.26,638.62,734.32,767.86,761.08,746.96,895.64,888.56,703.86,901.93,905.39,1041.33,847.25,814.86,791.54,779.08,765.64,910.2,982.57,852.75,959.27,1058.99,943.01,1013.68,916.07,981.48,1007.5,965.53,700.76,637.27,443.62,405.4,457.18,538.21,508.68,414.43,490.28,470.86,499.67,388.77,405.98,444.0,411.59,413.9,487.23,561.98,572.19,565.96,591.01,637.44,673.47,671.85,648.54,622.25,620.65,662.26,702.57,754.42,709.55,690.01,664.18,672.2,685.76,752.52,729.87,711.14,781.22,663.56,679.16,710.14
GB0000456144,ANTOFAGASTA,GB,EUR,200335.48,208556.03,239247.19,289251.08,355306.3,338922.89,439622.57,437608.29,426696.28,446717.41,519118.27,562718.49,494774.6,472479.38,554163.16,537141.53,459015.72,419568.19,551721.08,565546.77,696033.3,755328.64,731850.17,901924.18,804804.4,817821.27,779629.58,814820.42,826036.46,845117.74,874012.42,829450.68,547266.4,714238.12,706101.24,715973.35,773679.48,805602.17,697915.95,727172.86,597381.35,661001.97,650595.92,681078.04,792702.95,787728.77,802947.13,837157.96,704289.04,645371.62,581203.26,543360.41,592620.15,498486.9,552801.16,546783.35,551499.92,571540.05,541153.28,567840.03,581572.2,627901.79,579554.01,588306.54,585517.8,577560.29,605783.48,577517.62,522372.63,502282.11,515816.5,524377.98,436291.26,529734.71,485970.63,541102.58,512892.7,488570.91,398652.15,422008.22,342211.17,367622.43,345384.68,312724.98,243829.06,311249.74,305024.38,320021.12,282301.71,281399.5,300433.21,292925.65,309157.97,301106.34,390985.42,378825.38,477135.44,458939.9,473950.02,499518.5,476430.03,478484.51,574617.77,614467.26,590987.27,588342.81,571454.66,631039.45,614521.9,556408.81,599692.01,641162.99,671721.78,625706.12,629841.18,501254.52,537337.1,483271.45,492164.51,480720.02
GB0000536739,ASHTEAD GROUP,GB,EUR,1003.12,849.18,984.84,1623.86,1451.58,1625.69,1795.16,2365.81,2449.8,2358.97,1984.69,2335.48,2465.3,2324.41,2605.34,3277.59,2768.71,2418.86,2733.53,2174.82,3184.69,3695.71,3748.81,4978.04,4916.76,5155.14,5880.81,6236.49,5563.76,5046.86,4868.79,3610.47,3899.96,4712.37,5462.19,6611.26,7017.95,7460.64,7806.45,7630.0,6702.35,7707.78,7486.36,8591.04,9979.2,11468.79,11720.98,13225.2,13782.2,14968.38,17052.14,17508.12,18317.57,18745.91,20494.09,19276.34,19256.82,20330.67,22010.34,24318.8,25137.02,28440.97,30715.69,28607.43,28612.65,28984.85,29224.64,31841.0,33096.75,32693.23,32309.06,35159.8,32078.28,36101.82,31590.08,33969.01,33550.53,33930.07,30067.34,28914.61,28010.67,30708.55,32774.56,32794.26,25458.2,25706.84,24791.33,26539.51,28359.63,28395.31,31700.76,33575.79,33459.46,31620.96,39676.6,39565.48,41071.14,41888.63,42016.04,42892.41,41093.9,41955.83,43654.38,44185.36,49768.57,53121.22,53004.91,55563.77,61882.76,60215.68,56260.04,57887.46,64122.24,62038.06,63482.67,64217.8,66476.1,51731.45,46945.98,43611.15
GB0000811801,BARRATT REDROW,GB,EUR,17201.86,20921.99,21839.18,35615.0,43879.12,41702.45,56496.46,68775.19,67380.42,58302.41,50784.84,52424.63,50216.53,45357.87,49244.77,49971.67,41082.43,37132.2,39464.07,38647.79,40739.9,32690.9,28561.16,36337.51,38643.08,45734.06,46204.98,48820.95,48866.51,48000.34,42331.03,35062.15,31995.31,37525.38,40950.57,37798.65,45115.39,61562.53,58980.66,56840.66,48314.95,57118.87,54228.36,62376.23,71658.89,79970.37,81861.09,88347.84,90321.88,95418.16,108966.04,126806.76,126936.89,122936.86,129393.49,122914.34,130837.22,141988.08,142218.7,152447.77,164099.39,194472.33,181371.28,165992.8,159402.68,169997.18,156849.96,163436.53,170839.63,181346.16,195105.31,198773.86,186340.89,215621.5,212347.79,218037.14,246719.61,263942.63,270632.01,268620.11,266627.92,266842.56,255203.6,260274.59,239887.67,231941.99,227254.42,222494.82,245768.67,154576.23,165680.16,184540.28,183143.87,166885.76,176615.93,172140.67,181067.65,191767.89,205885.99,228740.87,241243.42,223319.25,247570.44,245512.48,251536.39,278809.48,263144.99,280978.74,266953.36,238235.7,238679.69,250378.27,236513.7,221676.01,228197.26,229497.07,240877.01,229396.53,205979.84,205875.39
GB0000904986,BELLWAY,GB,EUR,14432.14,15655.67,16876.99,18490.44,18168.6,17520.23,21268.87,25133.5,23184.37,21031.92,20681.61,23252.66,20929.66,17821.24,20560.55,20315.82,17796.37,16287.32,16052.17,14217.01,16054.05,15100.67,14158.27,18755.5,17541.22,19571.68,19947.49,21084.42,21976.43,20627.88,19468.68,17614.46,17412.2,20593.99,20604.06,20151.68,21165.86,23722.75,23785.36,23272.56,19568.89,24044.9,23084.69,25341.46,27290.29,29903.76,29350.62,31289.54,32761.75,32751.59,36663.35,38970.42,36287.5,36102.87,39213.07,38880.27,39913.34,45289.13,44272.14,49444.41,48562.28,53407.3,52622.81,46202.59,44521.71,51501.38,49066.28,50980.75,48860.87,53819.29,56748.66,59258.23,53693.42,60306.94,57639.44,59999.5,70958.03,73910.94,74543.37,75845.4,74608.83,79435.14,78020.55,84491.95,79653.1,72339.25,76205.56,72457.41,81458.7,51957.48,56987.15,62490.38,63017.32,59153.5,62478.78,64592.95,65979.04,68465.77,71359.45,77736.45,78019.07,82641.55,89937.41,88262.66,94596.91,103655.76,102665.66,105590.58,103460.77,94057.01,93701.23,100057.75,97101.64,88155.21,85051.0,84301.82,87363.33,81540.06,74726.66,73799.64
GB0000961622,BALFOUR BEATTY,GB,EUR,5479.36,4637.08,4809.75,5232.11,5731.77,5327.8,5306.98,5745.31,5391.82,5356.85,5128.55,5105.76,5240.84,5137.46,5421.32,5315.86,4612.61,4487.09,4889.39,4617.16,5283.07,5648.35,5444.25,6254.87,6861.28,7258.04,7036.29,7146.73,6925.52,6473.92,6514.15,5314.41,5204.6,5421.94,5266.44,5487.74,5765.91,5919.87,6082.91,5838.24,5752.1,6438.47,6256.87,6135.07,6755.52,7125.8,5809.0,6243.1,5902.39,6079.24,5003.07,4878.72,5131.01,5249.75,5434.59,5533.95,6684.41,6805.59,6496.79,7045.38,7110.33,7918.91,7405.67,7225.46,6045.72,6094.99,6131.58,6160.82,4667.59,3888.82,4539.76,5227.77,5273.01,6129.61,5636.85,5896.01,6006.61,6016.53,5816.85,6628.07,6024.81,6086.56,6108.63,6298.22,5624.04,5540.74,5787.22,5527.68,5703.98,4545.37,4655.11,5847.18,5739.84,5249.58,5306.71,5271.83,5160.02,5461.19,5344.9,6028.24,5809.05,5612.74,5557.63,5532.82,5767.25,5836.23,5749.43,6444.28,6443.68,5861.06,6021.19,6553.86,6576.98,6057.94,6228.98,6090.01,5781.13,5468.76,5209.7,5165.08
GB0001048619,TED BAKER DEAD - DELIST.24/10/22,GB,EUR,524.36,499.77,515.7,573.84,633.47,692.27,669.16,694.78,746.96,738.33,833.69,897.98,865.67,777.55,880.22,899.34,814.64,910.98,936.92,926.34,993.97,1113.89,1173.23,1137.8,1188.53,1239.6,1200.32,1369.92,1405.35,1476.93,1522.41,1297.62,1246.87,1451.45,1292.83,1173.72,1371.2,1452.78,1523.84,1713.93,1564.21,1679.75,1647.25,1870.98,1725.55,1830.27,1912.91,2164.2,2287.58,2237.48,2365.6,2525.44,2625.26,3133.12,3509.43,3515.06,3772.29,3351.47,4007.6,4635.06,4299.98,4360.18,4376.26,3815.44,3983.7,3834.34,3570.69,3979.24,3739.82,3876.46,4210.12,4314.21,4439.93,4934.31,4623.36,5459.97,5516.81,5770.93,6336.87,5933.91,6112.97,5909.43,6237.42,5567.01,5395.41,5240.81,4947.3,4416.41,4547.92,4166.74,4005.54,4372.9,4105.57,3898.53,4134.61,4486.06,4613.02,4504.98,4452.68,4665.28,4147.56,4069.39,4353.1,4214.16,4660.41,4850.04,4692.25,4835.38,5624.97,5544.6,4624.02,4837.96,4351.14,3814.23,3881.16,3849.14,4047.27,3167.58,3152.63,2671.29
GB0001110096,BOOT (HENRY),GB,EUR,24685.27,29828.71,29366.84,31660.61,34997.46,33224.84,37247.53,41848.38,49744.23,57644.91,53836.17,46228.22,49591.17,45230.72,43983.79,46301.73,43951.34,43732.43,44183.08,41432.22,41246.0,45317.08,43894.2,46621.27,53817.64,58016.25,60239.23,67542.51,70117.48,74373.25,72320.9,71737.12,59549.42,62060.29,61312.28,62817.64,69490.14,70869.38,70882.71,73641.5,68503.11,69019.88,61868.99,69364.02,76193.09,70999.95,75519.52,74392.04,82771.16,83106.63,89568.57,94972.83,98713.18,89869.76,98448.75,103649.54,102587.0,101216.96,113461.11,115298.29,123845.75,131245.55,121859.88,129977.4,118158.13,110485.81,110285.55,118015.03,111130.38,110527.12,104557.69,108696.58,112339.85,118076.55,124023.85,119884.64,127347.35,131248.85,134760.42,133933.48,123252.04,130759.07,126758.92,121008.56,115680.36,109818.78,119057.29,111434.78,113572.73,95326.85,89101.34,99506.51,96735.54,90457.9,92097.2,94119.78,98445.5,107134.36,108246.07,124963.29,151022.41,151958.23,153720.42,151113.43,156867.2,165711.0,159716.3,172155.68,188915.46,163240.73,160747.51,156257.76,156482.62,152911.14,135852.48,138719.89,150067.81,135043.06,134082.88,122390.85
GB0001367019,BRITISH LAND,GB,EUR,6586.18,6733.28,6440.29,7949.9,7782.73,7835.46,9146.41,10025.18,9639.09,10008.62,9399.05,9967.18,9152.91,8733.66,9514.96,9475.14,8644.68,8612.74,9695.1,9403.08,9822.75,11064.51,10174.78,11154.09,11556.13,13205.78,12465.79,14098.2,13842.74,13762.0,13658.67,12483.07,10547.03,11881.1,11232.39,10363.84,11274.09,10985.23,11361.59,11775.77,11015.58,11864.41,12568.29,12860.35,12650.4,12939.59,13395.78,13883.22,13698.35,13243.5,12842.67,14398.87,14368.14,13370.73,14423.08,13743.69,14890.61,16097.41,16122.26,16781.64,17567.98,19019.47,17930.86,19174.6,19723.24,19753.9,19706.1,20142.81,18908.85,19545.13,20169.56,20317.32,21078.05,21662.39,21080.34,21822.3,22436.78,21286.58,22579.2,21697.96,21852.08,23328.03,21784.05,20102.04,18385.16,16085.32,17812.93,18634.44,19055.65,14523.73,15945.77,15542.05,14705.94,12951.41,13389.56,14092.93,13443.64,14084.13,14152.96,15759.29,15186.24,14771.0,15115.41,14797.93,15168.38,15175.78,16190.18,17787.08,18283.45,16639.43,17521.26,18018.0,17552.06,17459.69,17037.6,16252.7,15824.15,15081.54,14362.69,13539.46
GB0001500809,TULLOW OIL,GB,EUR,6444.84,6730.86,7435.31,7762.68,10369.7,10028.66,10644.85,11401.65,11739.24,12731.72,13177.63,13712.91,12043.15,11778.71,12338.26,11458.96,10592.78,9794.17,12582.98,12217.97,13123.61,12384.97,11677.02,12906.02,13905.14,15268.31,15172.98,15668.93,14534.31,13050.55,13235.98,11474.65,13408.48,14890.74,14333.92,14327.0,14423.28,15493.43,16042.66,16465.78,14467.43,15240.5,13360.24,14310.44,14666.64,14995.72,14630.66,13589.18,11961.51,12217.07,12392.24,10412.82,10589.06,10147.21,10517.78,10462.27,11126.45,10159.96,9556.51,9501.56,8716.88,8984.32,8372.78,10076.03,9588.35,9895.87,8340.11,8266.52,7124.29,5299.47,4548.95,4400.55,3737.91,4081.16,2866.61,4337.05,4110.96,3642.81,2616.48,2340.7,1746.55,2136.67,2015.86,1665.28,1659.75,1605.91,1929.69,2793.8,2287.59,2389.98,1789.79,1945.92,2241.8,2203.58,2537.01,2634.62,2524.65,2277.39,1995.16,2174.44,1889.61,1567.44,1774.53,1610.61,1999.27,1935.26,1934.77,2232.45,2274.51,2005.77,2201.59,2511.27,2690.36,2590.05,2379.06,2423.9,2749.35,2310.23,1883.92,1826.48
GB0001638955,WETHERSPOON (JD),GB,EUR,2045.04,2277.53,2516.23,2519.84,2804.06,2648.54,3108.02,3200.1,3172.15,3151.06,3161.02,2846.57,3029.32,2838.3,3301.67,3565.56,2694.52,2515.57,2942.79,2771.45,2980.02,2822.5,2822.41,3033.63,3060.82,3081.5,2929.9,3296.33,3183.48,3008.87,3087.14,2936.28,2637.97,3081.27,3010.79,2856.65,2844.09,2840.15,2910.01,2943.71,2669.75,2988.42,3245.84,3180.43,3472.34,3670.29,3960.58,3935.82,3691.2,3609.9,3707.66,4153.84,4565.15,4608.57,4928.95,5022.17,5409.35,5234.88,5397.92,5829.16,6049.95,6320.26,6599.51,6613.99,6254.66,6280.57,5829.01,5741.6,6007.45,6320.41,6014.31,5995.51,5570.75,5938.63,5238.21,5512.66,5660.93,5841.78,5263.16,5451.89,5255.23,5698.28,5127.34,5255.6,4574.89,4776.74,4816.97,4653.48,5230.35,4521.97,5419.96,5569.25,5853.62,5134.46,4952.35,5304.0,5698.37,5891.96,5712.07,6244.63,6447.28,6149.94,6545.73,6829.29,8172.11,8075.49,8079.7,8305.59,8744.97,8533.73,7804.36,7830.96,7957.17,8153.83,7837.72,7931.66,8347.81,7785.41,7195.01,6993.54
GB0001667087,CAMELLIA,GB,EUR,45298.22,47141.56,44380.78,53686.65,68605.59,68554.93,69677.76,67349.96,71680.29,73081.25,72639.79,73022.96,69823.33,66383.77,66097.7,67125.94,65303.46,71171.32,78501.05,77860.27,91642.73,95243.78,88467.44,91848.21,100116.32,99901.12,91295.3,97355.32,103641.08,101398.11,100300.81,93166.97,88656.3,89648.13,92458.15,96634.75,94204.55,94206.27,96218.14,99056.63,93169.42,93799.11,96659.35,96548.99,98446.7,98441.94,97650.3,100659.48,111196.47,100551.98,102613.42,103438.11,93980.63,79022.01,88408.72,88236.02,90201.12,89899.41,90139.41,91723.84,94117.15,96246.08,99341.37,107342.34,106737.62,123578.61,113577.69,105026.22,93245.6,90124.78,92276.83,89856.91,88492.04,90059.42,86818.03,92545.49,92888.08,98445.35,96911.46,96519.55,96388.24,96983.19,89378.07,87528.19,84447.63,80359.7,76373.71,77600.0,77436.28,70102.22,79187.44,73201.83,72004.92,69372.43,79111.09,88951.14,93087.1,90215.51,87553.72,93086.19,93289.12,90415.15,90657.23,89782.18,94624.58,99031.34,102779.7,107317.45,118530.58,113451.53,111482.15,116663.94,112483.78,102645.03,104662.03,92648.65,85338.39,88592.33,93039.9,92219.68
GB0001765816,BREWIN DOLPHIN DEAD - DELIST.28/09/22,GB,EUR,962.97,945.72,1035.06,1067.78,1366.77,1317.74,1402.63,1457.85,1636.42,1655.51,1649.26,1398.86,1384.05,1196.46,1420.47,1418.54,1196.6,1247.09,1232.22,1224.9,1378.88,1470.68,1507.54,1651.28,1702.12,1940.15,1826.97,1944.01,1854.79,1615.51,1651.79,1518.84,1294.8,1422.5,1428.8,1482.13,1658.77,1735.87,2010.25,1887.26,1536.09,1533.0,1671.72,1719.2,1974.68,2117.86,2158.14,2443.3,2411.95,2200.98,2323.68,2410.59,2749.27,2671.66,2894.1,3063.57,3298.54,3433.25,3401.85,3801.07,3776.64,4400.7,4305.25,4167.0,4085.54,4091.97,3907.32,3785.81,3407.41,3509.76,3365.42,3590.58,3405.13,3772.45,3633.54,4111.53,3892.57,3661.13,3921.46,3476.09,3104.63,3325.51,3133.28,3645.06,3150.58,2978.0,3070.2,3305.28,3139.43,2691.17,2804.94,2902.69,2864.85,2653.82,3001.97,3151.78,3293.19,3318.36,3363.57,3642.68,3811.54,3881.6,4126.95,4005.58,4084.07,4089.84,4263.42,4596.77,4761.19,4257.39,4337.0,4458.39,4444.1,4253.69,4176.33,4274.88,4057.18,3815.42,3761.29,3724.47
GB0001826634,DIPLOMA,GB,EUR,219950.61,208001.39,175892.06,216239.13,295434.74,296152.15,305975.67,343770.12,374109.55,367741.47,392627.31,397594.32,398435.41,375362.35,419436.26,474410.65,458883.5,480949.23,573559.94,561240.66,632102.11,584408.86,614819.86,626684.09,667703.06,644588.43,739879.05,885363.74,872902.91,877720.91,870543.01,749131.09,723522.53,756721.32,763464.59,788321.03,928422.83,946992.31,1073619.1,1112010.36,1029569.28,1053900.55,985677.27,1023430.76,1157624.23,1087627.68,1189684.63,1389297.14,1361175.93,1433078.77,1311845.71,1368621.71,1253723.87,1321410.19,1355013.58,1442699.56,1643726.29,1730626.1,1808999.21,1763773.75,1801999.96,2046395.41,1887164.94,1754216.44,1745506.18,1743958.18,1719291.6,1815434.96,1778595.06,1770500.87,1809327.55,1787603.58,1837212.35,1994128.09,1923947.54,1975511.9,2009687.67,2069977.71,1889961.14,1818868.56,1640856.97,1613856.21,1771693.94,1859345.28,1567245.27,1651776.36,1770286.14,1776354.18,1814692.22,1862191.28,1893893.2,1818966.37,1908315.12,1912949.42,1961780.36,2177803.13,2166151.78,2260773.21,2246310.66,2433826.72,2465870.36,2450107.94,2430441.21,2382101.37,2436751.31,2445871.88,2678059.46,2919791.45,2874917.7,2613848.17,2770442.25,2875143.44,2910695.71,3014409.63,3006424.82,3295827.78,3215887.76,2926272.79,2857185.14,2721577.96
GB0001859296,VISTRY GROUP,GB,EUR,410.94,408.39,443.23,504.44,463.21,450.57,565.59,637.26,551.54,501.37,472.38,518.37,470.95,410.22,448.06,481.39,413.93,382.26,397.6,400.62,444.04,410.86,382.96,478.53,517.48,552.5,519.36,545.63,544.67,527.57,503.29,459.16,470.92,566.83,559.14,509.35,523.2,602.59,578.46,564.24,478.83,555.01,530.99,564.8,616.49,624.19,673.64,706.59,717.35,740.74,858.18,911.06,868.4,881.46,923.84,876.61,892.26,966.46,977.22,1006.49,1036.49,1197.55,1156.52,1034.02,985.58,1048.38,999.86,1085.82,992.94,1059.14,1058.93,1084.36,981.3,1174.37,1115.05,1154.3,1344.69,1409.96,1436.73,1366.46,1245.08,1292.14,1170.35,1221.13,1084.34,1089.19,1124.29,1072.68,1234.47,818.35,912.57,985.43,971.16,790.2,867.89,865.73,887.37,829.33,934.54,1052.04,1040.07,1096.43,1177.45,1199.78,1315.31,1399.46,1358.62,1420.14,1396.05,1297.09,1472.69,1568.48,1544.73,1393.93,1394.63,1347.73,1365.2,1208.57,1070.33,1071.38
GB0002018363,CLARKSON,GB,EUR,2139.32,2232.56,2297.08,2492.0,3218.88,3519.72,3631.67,4066.64,4810.13,4772.39,4636.21,4193.69,4425.66,4228.75,4631.36,5103.07,4655.83,4815.74,4823.0,5186.09,5820.26,6263.99,5952.63,6514.25,6717.48,6522.1,7548.09,7737.58,7447.06,7536.21,8138.67,7281.03,6686.18,6482.47,6702.35,6837.06,6966.61,7156.33,8051.62,8400.95,7829.9,7978.96,7878.24,7861.81,8390.76,8538.19,7791.19,7772.73,8718.4,8994.43,9408.84,10109.13,10573.02,10484.75,11632.4,12416.05,14943.72,13283.74,13422.85,13592.37,13514.28,14364.93,16738.18,18462.74,18622.33,17027.96,15423.35,16228.23,15976.56,15095.73,12937.91,12394.59,11841.08,12994.15,14007.32,14616.34,15880.14,18336.28,18373.52,15068.66,13275.77,16147.07,15090.61,14274.84,12542.07,11470.46,13728.65,15057.46,14359.31,12913.28,10710.08,12554.03,12037.02,10525.27,11726.53,11870.62,13015.16,13742.66,14373.35,16381.06,15534.03,14732.12,15816.38,16216.76,17369.11,17612.38,17597.97,17512.82,20269.64,21323.02,19170.05,15020.43,15695.01,14018.15,15441.8,17130.61,16395.51,14160.86,14021.54,11268.18
GB0002074580,GENUS,GB,EUR,665.6,634.92,525.63,621.69,667.63,571.51,586.21,659.58,757.16,761.0,697.02,765.45,766.31,743.58,729.16,789.05,716.3,780.71,787.5,783.63,869.96,949.55,904.67,957.99,1015.49,997.55,1079.13,1186.52,1144.46,1179.27,1139.61,1097.32,1164.27,1181.02,1198.93,1171.2,1161.88,1578.99,1476.92,1662.33,1413.82,1411.17,1453.99,1578.78,1770.14,1702.96,1608.77,1657.81,1643.59,1595.78,1754.97,1544.63,1584.58,1520.78,1527.9,1654.16,1698.48,1553.26,1505.63,1587.22,1595.6,1446.27,1225.24,1271.05,1332.35,1455.91,1312.22,1385.74,1359.92,1466.76,1515.88,1462.54,1378.34,1581.64,1530.39,1558.8,1709.87,1690.01,1693.35,1594.81,1619.75,1692.16,1651.47,1741.41,1549.78,1516.21,1678.52,1678.31,1684.21,1597.91,1846.64,1821.6,1932.73,1749.38,1774.08,1707.95,1662.49,1660.67,1667.0,1714.73,1868.65,1786.87,1761.6,1855.22,2175.33,2412.77,2458.52,2665.4,2679.06,2340.5,2553.29,2722.16,2677.68,2718.63,2938.86,2893.7,2434.67,2209.9,2418.16,2152.96
GB0002148343,RATHBONES GROUP,GB,EUR,5806.78,5992.58,6113.21,6704.68,7443.13,7685.8,7076.65,7838.13,8060.91,8837.85,8081.19,7484.16,7704.95,7214.44,7937.63,8481.0,7211.99,7157.75,7773.63,7922.81,8117.3,8669.24,9677.95,10435.4,11212.73,11534.64,11875.45,12125.0,12416.98,11330.07,11758.61,10769.61,10294.39,11771.98,11161.56,10447.35,11459.03,12552.2,12919.34,13928.64,12433.74,12578.93,13104.07,13171.03,14089.17,13707.42,13099.35,13862.38,13999.63,14041.39,14544.46,15232.02,15752.27,16063.51,16971.24,16134.5,17027.25,17796.66,17301.08,18122.09,18583.66,19711.2,20501.74,22498.37,23804.41,23311.97,23564.55,23191.47,21501.19,21519.12,20977.35,22187.61,22969.7,24183.12,21413.02,23228.45,24002.91,23849.61,25097.48,23627.55,22281.36,24864.8,23752.32,23120.23,22858.06,22307.75,21644.26,21576.09,20351.53,17045.38,17400.67,17468.39,17412.82,15954.51,16821.15,17948.44,19159.23,20618.69,21937.16,22615.98,25197.14,24474.36,26212.28,26635.35,26092.28,25497.31,26112.53,25902.49,29063.21,26899.6,25661.88,24715.48,24688.95,26106.25,24558.26,26097.19,24081.1,22631.95,23796.89,22950.42
GB0002318888,CRANSWICK,GB,EUR,6412.89,6649.94,6022.69,6494.64,7418.18,6788.55,7329.01,7362.43,8021.04,8572.96,9019.95,9518.31,8855.37,9144.85,9168.76,9194.41,8951.32,9851.86,10462.7,9926.35,9894.05,10956.61,10143.28,10415.35,10593.55,10662.87,10297.69,9721.8,9669.96,9278.16,8386.15,8131.16,7822.6,8873.59,9150.31,9266.3,9890.97,10018.98,10335.42,10504.26,9795.57,10271.93,11019.02,10889.67,10453.38,9899.03,10539.51,11487.9,12669.8,12578.95,12463.03,13694.37,14223.21,14582.36,14778.28,14659.42,16087.71,14585.11,15842.56,16796.28,18563.57,17983.79,17434.26,17282.65,18157.64,18494.85,18548.47,19170.37,18727.36,19622.47,20079.75,18920.69,17237.88,19416.08,17857.57,19172.77,21431.14,21991.27,22885.62,22979.41,21487.65,23541.75,24042.87,25284.45,26503.6,24255.94,27420.5,29375.17,30176.06,25262.85,28144.59,28344.12,27500.93,23415.28,25342.11,26372.99,26542.74,26423.72,29149.31,31608.31,34867.92,33547.57,35238.64,35486.5,36479.28,37672.4,40134.52,41782.33,38671.02,38999.44,36927.02,37149.49,41555.44,41255.08,40214.06,39310.67,41321.18,34577.34,33858.26,31568.43
GB0002374006,DIAGEO,GB,EUR,38294.33,32846.78,32283.85,34499.62,38929.18,41101.32,44533.04,44526.35,44987.65,48104.67,49287.58,51290.83,49533.83,47462.32,49820.87,50681.57,45520.02,47094.03,51483.3,48332.69,52398.29,55879.44,54052.71,56288.35,58412.33,59314.9,58384.4,62443.76,65465.05,62817.97,62815.8,62058.51,60189.42,65250.1,67181.32,68551.41,69385.17,76154.79,76118.45,79859.09,75498.4,81660.21,84803.42,86876.41,90433.38,91857.22,95815.63,93518.46,95808.13,97663.2,102382.81,99327.92,96115.58,92654.4,101186.44,100623.69,104859.41,105195.36,105041.44,109155.78,97508.04,104828.64,103312.89,102193.19,107184.52,106243.69,100407.1,100017.95,98155.44,99741.95,105230.9,97766.17,100359.94,102585.46,94673.56,95475.94,95014.24,99300.62,95774.01,93062.05,93800.92,101470.8,100560.31,95704.71,93496.52,91703.12,95723.44,95720.81,96368.81,98730.51,101559.65,99386.27,103342.9,95767.44,90156.41,93833.73,99772.09,102635.24,103839.1,105694.02,109244.53,107158.04,117388.26,123349.53,121545.27,126140.35,128406.57,136139.98,133004.29,126444.31,126221.98,133026.6,137128.57,134062.18,137113.81,132533.9,134181.48,130967.52,136330.7,134711.26
GB0002418548,ELEMENTIS,GB,EUR,15810.12,11828.72,9346.16,9697.21,10552.87,11399.1,13144.37,21434.07,23275.77,27080.78,19743.58,22143.47,21143.6,22845.19,22370.19,26095.37,25634.79,24814.31,32081.08,36967.06,42607.45,49202.37,47173.33,60175.15,55922.98,54863.55,65529.31,74417.94,70676.96,75169.32,72535.39,68104.89,52741.26,63806.88,65666.73,58452.74,66318.54,72695.46,80856.05,92638.17,86196.45,86572.56,91491.69,97255.11,104910.5,94425.75,99633.15,105833.27,93768.84,104611.83,110854.62,114845.44,102435.96,95592.45,109182.94,110116.06,112249.25,120375.09,122920.95,128788.86,121615.28,139665.96,138121.36,138728.73,142132.06,131866.57,135056.55,138068.48,123428.92,125811.88,119093.86,121643.42,123703.5,132213.96,128375.1,143154.11,142708.23,123457.01,122690.25,111699.21,104194.22,111659.58,117878.88,104064.24,94119.95,100198.5,106042.45,101850.77,98759.93,85970.31,94663.24,91945.87,92034.22,94559.44,102413.49,111451.22,109589.99,121222.9,117583.8,132666.44,130682.12,128777.18,131722.68,117104.26,123417.04,128199.33,125210.35,132201.2,139553.19,136525.69,140712.72,132640.94,135470.42,115105.88,117712.54,115387.44,121848.02,99569.15,95253.98,88159.28
GB0002634946,BAE SYSTEMS,GB,EUR,4759.62,4345.92,3935.04,4469.79,4640.16,4693.79,4285.43,4284.29,4702.5,4453.35,4625.49,4987.09,4859.17,4895.14,4838.36,4649.67,4135.55,4136.96,4315.33,3994.93,4757.64,4958.17,4627.87,4648.31,4928.41,4812.87,4685.5,5079.44,5047.6,4748.95,4634.53,4163.11,3867.25,4258.09,4105.64,4225.79,4632.56,4764.17,4570.01,4750.51,4161.06,4485.86,4796.34,5013.42,5202.52,5105.49,5324.52,5558.83,5465.32,5471.46,6077.47,6116.89,6428.21,6079.93,7075.4,7044.52,7701.8,7781.69,7457.66,7674.61,7512.0,7335.2,7355.73,7426.27,7803.03,8138.46,7941.22,8127.53,8404.3,8217.84,8437.05,8241.52,8535.45,9206.66,8702.55,8950.51,9010.07,8135.71,8591.45,7973.83,7775.15,7942.62,9081.31,8600.94,8549.38,8350.47,8545.17,8371.59,8427.67,8387.0,8488.88,8444.35,8149.85,8056.23,9125.71,8890.01,8906.16,9535.7,9772.18,10068.93,10664.07,10214.2,9843.1,9716.57,10516.66,9926.39,9410.97,9758.24,10638.74,10054.7,10272.11,10831.83,10950.97,10991.13,11028.42,10137.91,10570.93,8790.14,8201.49,7651.81
GB0002652740,DERWENT LONDON,GB,EUR,1602.73,1580.58,1771.98,2309.81,2574.25,2915.92,3029.58,3549.3,3719.68,3912.2,3979.46,4063.57,4001.7,3758.38,3950.11,4225.19,3752.55,3615.26,4059.92,4189.22,4608.32,4725.32,4336.33,4752.16,4889.76,5370.13,5120.95,5808.6,5927.62,5765.98,5798.59,4954.35,4439.7,5424.35,4980.5,4798.25,5225.12,5343.1,5518.03,5598.53,5378.63,5823.59,6118.84,6101.16,6361.16,6690.31,6665.11,6894.37,6890.53,6734.74,6580.99,7237.59,7364.1,7095.54,7434.78,7287.16,7839.64,8220.9,8110.69,8444.5,8362.44,9489.62,9232.54,9385.57,9469.1,9448.03,9318.5,9560.36,9170.18,9844.99,9857.57,9746.94,10125.71,10723.07,10528.04,10949.52,11349.24,11174.68,11847.39,11593.05,11553.1,12559.34,11894.32,11343.47,9629.76,8859.02,9495.31,10082.92,10136.62,7389.7,7982.61,7569.61,7187.03,6282.26,6404.99,7285.99,6602.13,7464.64,7479.65,8101.93,7836.12,7565.41,8239.67,7872.44,8278.01,7847.44,8304.22,9314.38,9188.61,8741.74,9609.44,9702.76,9180.37,9402.25,9392.85,9065.53,8598.16,8637.06,8421.39,8385.63
GB0002670437,DEVRO DEAD - DELIST.14/04/23,GB,EUR,148.16,172.06,155.73,174.79,205.73,193.21,218.94,254.42,282.05,257.03,261.75,278.5,287.78,339.55,316.68,346.53,325.09,392.19,435.42,485.5,525.97,480.28,536.44,528.85,492.07,571.12,615.12,648.45,641.01,588.6,576.62,549.63,502.55,544.85,575.16,549.76,576.43,688.95,682.19,699.23,662.11,663.77,636.81,699.65,746.11,743.92,691.96,707.32,761.58,754.82,763.36,735.4,705.72,632.58,678.56,717.37,758.94,733.92,697.42,688.9,734.85,751.03,583.49,529.63,639.29,630.76,638.46,607.52,577.84,654.8,653.29,712.99,633.85,678.85,649.18,687.91,764.22,728.67,724.21,686.65,690.31,677.58,676.7,660.31,655.21,667.39,667.15,645.3,575.72,546.69,593.76,497.33,492.75,442.19,279.08,374.09,331.21,357.38,374.71,423.95,451.24,442.25,469.51,495.4,533.16,539.34,513.66,516.98,534.87,452.28,472.88,503.38,471.44,451.41,443.99,437.47,468.49,365.45,400.52,355.82
GB0002869419,BIG YELLOW GROUP,GB,EUR,270.79,295.32,301.34,450.89,555.8,623.2,626.91,693.93,663.63,712.78,670.96,632.53,558.51,535.17,570.67,552.13,500.47,496.86,544.71,502.3,577.07,595.9,557.39,623.23,599.21,596.83,602.21,629.85,638.18,569.93,543.34,494.24,429.36,487.15,463.98,447.24,518.0,543.49,532.34,564.66,514.62,543.81,584.45,576.54,606.22,658.74,661.63,685.32,711.71,687.67,654.0,761.93,760.78,719.23,813.14,772.46,878.55,925.69,967.04,992.44,1067.17,1200.61,1142.12,1087.99,1050.5,1080.61,1078.82,1115.18,1074.13,1114.04,1189.27,1229.99,1190.6,1267.19,1247.1,1331.87,1291.82,1322.91,1450.61,1367.8,1447.06,1528.36,1583.02,1591.82,1458.81,1369.71,1491.63,1582.1,1626.56,1421.16,1283.17,1348.67,1379.21,1150.04,1130.11,1177.24,1203.0,1264.27,1269.55,1391.73,1414.73,1454.89,1444.93,1473.31,1436.31,1460.14,1595.6,1693.73,1776.4,1648.77,1723.07,1827.67,1781.98,1843.08,1827.37,1792.57,1752.68,1613.51,1631.72,1660.28
GB0002875804,BRITISH AMERICAN TOBACCO,GB,EUR,549153.61,513492.84,480238.05,504473.79,565399.76,572295.17,639824.35,643896.33,661874.89,675202.9,639019.18,686502.83,699452.43,715564.02,749680.93,684042.43,645683.05,695456.98,747588.69,752026.28,826211.41,840211.91,801406.74,851657.91,815235.9,884219.03,915014.46,993597.94,1022175.5,1000321.18,1056301.14,1033350.02,983234.16,1069548.84,1071470.77,1098455.78,1064826.19,1173993.85,1197348.84,1220191.75,1119751.69,1209342.28,1266208.74,1262928.13,1236513.14,1190961.61,1263683.97,1221804.94,1253557.82,1255572.74,1324063.73,1372161.93,1357998.28,1262729.07,1314099.76,1261720.41,1329578.96,1383282.13,1338528.46,1343855.89,1200864.13,1364798.66,1435606.54,1489563.03,1559143.68,1535279.4,1518108.18,1544136.59,1476988.28,1484792.01,1554839.5,1427937.45,1474447.25,1529282.98,1392178.7,1484144.3,1479046.08,1443818.29,1594547.63,1458257.65,1503916.51,1624479.45,1586838.64,1514775.97,1506549.08,1490928.5,1643576.67,1707902.38,1708338.86,1810090.85,1790900.88,1748547.78,1809506.7,1618436.69,1551014.14,1613548.91,1741690.38,1786189.27,1915555.6,1950102.73,2063418.05,1965072.49,1796085.54,1820286.09,1832919.35,1891478.18,1856042.48,2002414.69,2021517.34,1745907.65,1730922.85,1645215.48,1537763.62,1529375.77,1666720.67,1462975.8,1413781.34,1330004.13,1076239.42,995989.77
GB0003096442,RS GROUP,GB,EUR,4611.37,4238.99,4358.48,5710.94,5696.14,5859.05,6222.95,6900.39,6209.54,6108.13,6852.83,6804.44,7420.08,7355.1,8696.2,8970.48,8091.06,8682.61,9428.27,8676.77,10237.17,10433.65,10917.36,11338.97,11399.65,12249.43,11674.62,12643.4,13176.26,12215.85,10648.24,9712.39,8265.98,9889.3,9368.47,8372.09,9738.79,11042.81,11333.02,10583.87,8921.57,9499.9,9957.46,10432.3,9556.4,10138.72,9976.95,11710.06,11863.04,11822.04,11536.38,11325.33,12358.33,11478.93,11601.29,12477.09,13897.74,14901.92,14877.84,14639.53,13823.75,14271.43,14941.79,15534.65,15197.87,14608.82,13063.47,13190.45,11753.3,11900.55,10666.49,11162.12,10241.5,11556.95,11936.86,12392.81,12143.14,11425.5,10667.79,9680.45,9305.5,10864.97,12484.83,12306.88,10392.96,11577.79,12157.39,13253.17,14473.73,12508.15,13998.56,14355.09,15858.73,16358.46,20109.94,21421.7,22181.52,21505.51,21528.21,24419.19,27535.37,27595.05,30094.39,30007.15,30675.65,33956.04,31710.07,31437.89,32340.99,32154.21,31257.43,31140.33,34767.59,37551.03,35320.75,36177.88,35142.78,29716.23,24893.98,24453.29
GB0003308607,SPECTRIS DEAD - DELIST.05/12/25,GB,EUR,1652.92,1458.63,1373.01,2077.12,1915.96,2234.99,2272.36,2807.43,2780.56,2772.55,2705.35,2958.75,3043.35,2978.35,3116.34,3422.0,2965.12,2946.75,3595.42,3426.96,4291.63,4611.17,4539.37,5243.49,5523.98,5792.15,5581.35,6318.99,6622.48,6616.28,6671.36,6061.13,4710.08,5351.69,5132.77,5221.62,6297.52,7266.01,7508.93,7982.9,6544.32,6361.63,6417.15,7270.76,7374.73,7433.94,8229.71,8893.96,9373.39,9626.92,9958.53,8769.4,8553.3,7830.99,8647.28,9287.41,9657.02,10107.03,10844.18,11541.52,9936.37,11203.87,10515.16,10222.84,10607.65,10455.26,8872.61,8906.23,8073.19,8017.13,8217.93,9114.52,8729.15,9355.87,8917.01,9175.3,10049.93,9347.74,8585.07,7902.41,7215.44,7325.46,7619.71,7557.23,6385.22,7165.33,7541.33,7590.28,7082.94,7075.2,7234.96,7353.37,7413.84,7315.39,7464.22,8357.69,8892.15,8842.63,9134.27,10441.78,9994.5,9710.05,9608.99,8834.39,9580.06,10149.77,10119.87,10044.49,11077.03,11209.93,11283.09,11061.94,11237.11,10426.24,9188.25,9257.57,9363.17,8371.51,9334.14,8869.74
GB0003395000,FISHER(JAMES)& SONS,GB,EUR,53488.33,45243.23,60305.92,69307.82,73728.47,71142.42,73621.49,82225.85,84303.83,76041.0,71873.32,76295.8,78259.56,71119.73,69332.76,69619.96,65299.14,68453.55,76405.19,79682.53,84131.15,89691.18,81916.13,86461.82,89856.66,93290.57,90975.71,102093.3,102853.2,98535.73,97368.74,99663.27,88416.49,100726.56,87538.56,88944.11,87919.48,98789.45,107071.9,105640.58,96738.32,108904.74,108207.17,130834.42,140962.61,145350.21,145886.7,151904.98,149076.72,153237.53,181317.9,182486.17,172543.16,176061.92,185006.82,198697.44,200074.93,209674.33,218584.86,242979.02,268683.09,275160.21,286254.06,258258.34,262506.71,286634.55,263020.34,263450.39,254671.68,248893.12,196064.42,222702.69,196799.65,216122.31,231478.35,214026.32,244694.58,256549.17,209437.72,193632.65,169901.31,180021.55,181041.44,209136.9,186111.36,159565.58,230309.58,254913.31,249518.76,228019.08,244264.21,249650.01,260230.58,244203.5,248050.56,238294.08,236402.57,246134.9,246867.82,259634.32,278107.71,264248.65,258640.55,249412.83,260696.75,259787.01,273324.1,266169.42,269971.57,270588.39,277251.86,293532.45,302214.09,293801.24,300927.62,296850.98,315430.74,277132.83,283266.04,282755.36
GB0003452173,FIRST GROUP,GB,EUR,462.84,451.3,451.3,580.8,702.27,693.46,671.0,754.96,807.84,757.12,784.04,839.92,734.2,671.67,675.64,724.87,679.24,678.62,740.94,687.6,735.2,838.65,724.58,801.94,784.5,776.82,684.78,709.05,729.01,716.53,818.12,816.86,683.32,737.15,701.72,718.24,683.8,656.71,530.87,442.16,452.23,491.76,530.6,589.9,587.49,465.23,453.33,515.73,484.21,462.64,480.72,517.23,298.1,282.46,292.58,342.3,373.66,358.3,361.52,395.27,422.68,456.9,469.66,421.24,453.75,417.97,412.38,407.57,375.63,346.6,341.69,321.24,288.84,314.51,260.7,295.39,334.42,362.88,347.72,323.7,285.75,288.51,306.06,305.37,254.72,248.23,268.37,282.43,303.8,258.89,257.13,277.92,265.12,258.37,245.59,247.18,252.4,288.81,318.71,340.99,373.4,315.27,294.01,292.09,303.1,282.05,285.94,288.1,285.01,218.02,222.38,300.26,230.72,212.86,223.65,222.48,229.26,210.94,219.75,205.09
GB0003718474,GAMES WORKSHOP,GB,EUR,385.44,362.25,335.9,391.76,441.76,552.26,632.56,586.35,617.63,614.79,585.0,533.0,802.86,748.7,735.99,752.76,664.68,730.83,878.75,852.22,936.2,944.28,936.12,924.7,812.79,858.32,829.09,1062.56,1036.5,1010.99,1081.77,1067.08,1002.86,1051.41,1036.49,1053.76,1316.26,1355.57,1465.06,1481.16,1439.06,1479.44,1523.25,1800.47,1817.1,1799.55,1814.03,1837.13,1764.92,1683.33,1721.0,1894.42,1961.71,2050.01,2158.49,2164.75,2404.93,2259.89,2156.43,2062.41,1539.67,1490.69,1558.86,1743.31,1784.68,1977.54,1943.2,1797.23,1801.1,1680.85,1619.1,1552.37,1414.76,1561.12,1462.99,1549.35,1529.43,1570.08,1745.71,1745.44,1686.59,1764.52,1866.57,1759.94,1524.41,1504.76,1438.27,1465.1,1546.97,1282.28,1370.21,1503.37,1397.2,1538.5,1620.15,1955.96,2387.84,2541.97,2801.43,2974.29,2841.59,3733.86,5059.15,5062.08,6450.87,7361.07,6472.21,8801.11,8239.99,8264.8,8115.2,8417.36,9684.88,10042.32,9961.04,11731.85,12625.49,10033.95,9905.2,10008.43
GB0003753778,GO-AHEAD GROUP DEAD - DELIST.11/10/22,GB,EUR,1770.67,1634.0,2019.86,2422.24,2602.92,2514.82,2552.85,2829.11,2905.33,3007.02,2655.95,2869.43,2883.59,2753.83,2931.83,3002.69,2564.04,2209.43,2407.73,2318.38,2435.67,3004.23,2638.28,2912.51,2808.24,3222.68,3082.22,3384.32,3394.0,3637.62,3662.77,3698.62,2961.87,3219.46,2867.1,3209.5,2994.66,3064.92,3035.71,2822.83,2591.1,2879.59,3070.08,3148.64,3230.62,3325.07,3139.54,3305.79,3289.88,3439.45,3613.73,3902.97,3770.02,3636.55,3880.27,3711.47,4396.31,4516.04,4489.47,4865.96,5429.84,6066.22,5257.31,5639.2,6246.3,6853.55,6301.36,6192.91,6986.46,6822.01,7068.79,6646.19,6448.6,6980.93,6060.12,6650.36,7098.22,7257.82,6971.86,6820.14,6517.99,6734.1,7113.06,7073.34,6246.35,6464.96,6922.45,6829.07,6785.26,4752.28,4411.06,4710.68,4794.97,4602.1,4876.44,5198.57,5297.75,4602.28,4125.11,4324.8,4515.18,4364.51,4520.35,4432.94,4364.46,4489.85,4188.7,4010.83,4573.08,4200.48,4899.45,5414.43,4530.17,4246.09,4096.55,4419.7,4244.17,3974.84,4662.64,4125.1
GB0004052071,HALMA,GB,EUR,68920.74,58923.54,61875.31,68998.98,69189.86,85611.27,84810.47,85820.06,92955.31,100615.45,98194.95,105101.58,101552.15,102969.33,103832.41,113165.49,98035.41,111301.39,120128.22,116528.97,137859.74,144379.61,134997.16,155364.54,151077.91,152776.76,156828.84,173896.89,181113.68,185664.94,188110.92,160285.15,139112.65,153000.69,153625.17,145290.39,159834.04,179578.56,173989.35,188214.65,172143.94,187402.91,179896.84,187443.49,198721.87,192881.81,203135.55,216791.17,213784.35,218997.93,230366.1,228146.26,229565.48,223659.57,249841.81,250570.12,271913.5,261192.86,284998.13,298400.35,293641.03,305183.48,286677.2,283047.84,296443.04,300910.83,287193.09,310105.0,299771.64,301150.41,317027.16,326129.88,318246.92,334986.92,315463.19,333111.95,354447.07,364588.42,362816.06,356640.09,335663.57,362156.03,398757.71,393825.95,366534.98,382055.57,404691.59,403638.65,426226.7,419959.61,433514.6,432121.45,424143.65,398262.71,366725.68,347221.72,364362.77,378901.71,400906.67,426536.29,463202.88,447365.18,457086.8,444315.6,474053.41,495187.15,546621.12,540167.21,575500.69,526173.63,524142.83,533839.8,569295.3,573213.99,588751.28,593730.71,601102.92,541290.68,558415.69,556729.72
GB0004082847,STANDARD CHARTERED,GB,EUR,63868.01,47862.32,65226.15,82333.41,106281.54,98596.13,123720.01,120601.83,130726.07,131105.1,129093.13,134817.69,123330.91,126050.34,147024.78,145014.85,128252.04,132383.58,155551.43,146138.4,156478.71,162942.47,152168.88,152493.82,147284.96,149377.07,148884.22,158945.49,153918.18,151052.95,146901.79,132402.4,116449.4,136783.13,126431.86,127185.23,140602.55,150078.37,147807.63,145022.18,119476.94,128773.66,136071.22,132799.31,135835.42,141666.85,140109.65,153680.94,159801.69,163806.06,158855.76,154558.04,143107.42,132918.07,141938.89,136894.73,147288.7,147949.97,145715.63,138332.9,125152.3,130192.59,128339.26,132890.26,138292.4,125378.44,127738.19,125475.33,115162.68,93630.19,91408.2,93526.73,83042.59,95391.17,105072.81,106433.47,103314.98,103731.63,99007.89,76965.64,63495.46,72881.12,57645.98,57101.95,45918.24,41228.32,46679.92,55585.36,52947.93,51873.09,55169.99,57788.52,56093.32,59735.7,55050.59,56355.52,66934.05,61783.49,65573.08,64127.01,64937.58,69384.1,76717.64,68190.96,68382.29,68487.19,68696.21,72522.86,80103.53,76780.43,69415.07,73348.46,69715.89,63487.74,62660.05,56971.7,58007.88,49076.77,54347.77,54240.9
GB0004161021,HAYS,GB,EUR,818.87,820.34,808.03,1036.29,1027.76,1094.29,1223.64,1312.18,1288.91,1297.52,1287.86,1351.65,1427.56,1276.72,1346.87,1400.42,1202.1,1122.72,1157.3,1134.47,1458.49,1495.2,1426.12,1708.01,1641.66,1717.96,1601.25,1700.57,1542.42,1420.35,1266.83,1055.91,926.6,1156.45,1042.91,901.17,1018.56,1176.02,1231.73,1325.32,1021.27,1055.76,1077.56,998.03,1137.88,1226.13,1164.37,1249.27,1317.69,1391.29,1379.27,1369.03,1340.72,1270.55,1472.03,1493.24,1805.72,1910.96,1940.54,2053.88,2085.11,2289.52,2322.7,2444.99,2436.83,2400.26,1979.06,2130.27,1811.56,1923.17,2027.58,2213.36,2272.52,2306.7,2220.74,2316.98,2415.88,2519.19,2550.13,2407.82,2276.38,2162.7,2203.69,2137.22,1790.44,1591.42,1741.7,1879.3,1983.86,1307.31,1580.96,1712.99,1688.59,1694.66,1763.42,1873.34,1948.29,2058.58,2006.7,2263.97,2202.33,2204.02,2247.72,2410.28,2597.38,2617.75,2636.91,2617.28,3040.86,2822.48,2809.07,2626.28,2596.66,2619.89,2771.82,2811.43,2829.05,2323.03,2213.78,1973.03
GB0004170089,HEADLAM GROUP,GB,EUR,43309.48,39375.38,44862.9,56512.23,55957.81,59902.32,61312.42,71138.58,70611.91,73247.83,70573.23,70373.94,72099.04,59329.39,59445.28,68537.41,50296.27,50636.84,59741.6,62536.25,69069.47,76535.26,70473.99,74363.37,82023.47,74912.51,72795.71,76821.62,76556.44,73026.43,70574.92,69497.96,59453.61,67008.23,62672.14,62788.77,68975.71,72386.28,74931.35,77570.45,71232.23,71172.53,71226.19,80808.0,81391.77,84474.66,81732.79,89333.97,92413.69,87973.59,88065.81,89165.19,94683.65,92832.93,99801.25,104480.51,107020.62,109062.92,116316.03,116326.41,132079.64,138021.64,138604.42,141188.0,131680.92,126309.99,120677.94,121284.53,117817.82,111165.36,116589.36,123121.98,121288.82,122860.34,114688.66,128308.91,133021.02,133666.39,136648.53,135244.05,140026.85,153706.14,142060.95,137551.43,129609.58,126426.74,138281.53,132426.97,135346.37,111843.84,121649.57,112627.32,124567.42,116604.07,114596.61,118609.49,134444.14,143633.21,155539.7,165309.93,155559.37,143178.14,158821.85,165395.79,162178.45,160522.46,151856.0,163207.07,169869.24,157719.6,129684.44,127331.69,129579.72,138960.56,129578.22,126991.2,133599.06,124152.65,120667.75,114581.38
GB0004270301,HILL AND SMITH,GB,EUR,93221.71,81699.84,79115.48,118490.21,107264.39,138646.21,144853.34,177409.82,181664.67,197882.12,216132.35,204930.61,197439.39,180140.73,192780.24,204550.5,181704.96,167499.84,169737.84,161078.6,169603.25,182457.62,140743.1,167082.45,173706.82,177016.38,213597.48,215844.68,249077.51,218948.42,237705.44,176241.38,151051.72,169171.05,160382.12,155826.12,187499.72,200536.3,214671.85,214922.21,210163.43,206590.35,194460.63,225204.21,246043.06,246299.28,266340.35,269798.72,309103.44,302590.35,282426.35,278450.74,280321.29,290770.69,283379.86,284038.94,324257.64,329566.14,377524.15,367805.82,384078.73,402479.76,390335.56,406257.21,406238.33,376974.76,376297.72,400032.09,399028.82,397646.84,394409.19,401346.44,405913.84,396752.68,451280.37,473642.92,483870.38,480605.38,488139.07,497403.44,480318.93,475440.13,500093.92,508818.51,486782.37,492536.91,591880.66,623621.54,634199.13,550015.43,658964.73,706976.53,681372.72,566991.11,713942.77,689972.72,706610.28,639223.54,740748.51,800139.95,876025.4,845313.54,833070.95,780819.72,799710.04,827865.06,823076.71,860443.33,809949.81,795247.5,885614.75,868239.34,903162.63,941290.9,952936.13,664774.93,619827.19,610098.1,742479.88,742998.76
GB0004478896,HUNTING,GB,EUR,9331.73,9765.83,9425.23,11342.36,12135.82,12380.18,11589.5,13546.72,14417.02,14568.09,13351.98,15835.13,14674.51,15056.73,15893.36,14721.6,12416.1,11417.21,13862.88,15815.13,16671.44,17646.27,15801.94,19599.64,21395.63,22171.9,21315.58,23051.14,21112.24,21273.11,22205.71,19206.17,16135.62,18730.24,18881.28,20308.55,22161.27,22906.87,26377.09,26907.0,22392.68,19989.36,21587.38,22347.23,23575.09,21424.97,23178.34,22830.12,23859.16,23436.7,23970.51,22315.88,23408.14,20078.74,22729.7,22912.46,23356.63,25917.81,23764.24,23486.3,22513.03,25820.76,26111.03,26380.67,25385.3,27076.35,27109.0,27249.01,26703.99,21717.35,16768.31,15405.66,11103.44,13734.75,13530.17,17151.45,17918.09,18287.17,15274.78,15186.47,11575.71,10654.46,9579.46,8633.56,8329.45,9399.02,8825.66,10294.19,8644.38,12393.26,10462.56,11756.25,11500.89,11872.91,13030.86,14975.69,13498.24,12726.34,13645.6,14055.65,12604.0,12238.05,11909.02,10009.7,12280.15,13426.91,14144.3,15820.11,16836.56,16193.49,18193.64,21308.59,21704.08,19787.72,19812.34,20936.48,19670.85,16724.49,14015.87,11854.35
GB0004544929,IMPERIAL BRANDS,GB,EUR,1688.71,1481.7,1389.8,1422.11,1596.48,1629.33,1778.45,1767.78,1812.96,1860.24,1819.13,1984.43,2088.49,2003.81,1961.44,1838.41,1682.46,1808.46,1840.66,1802.34,1947.54,2082.21,1913.57,2007.42,1922.76,2160.42,2078.44,2364.74,2409.97,2237.24,2369.38,2266.99,2309.11,2502.62,2453.6,2580.19,2515.28,2794.09,2843.98,2809.48,2531.09,2703.72,2761.4,2773.41,2631.31,2680.18,2845.09,2742.35,2725.71,2659.75,2559.32,2624.42,2635.39,2535.24,2491.19,2456.62,2758.72,2787.18,2835.64,2884.42,2822.48,3155.19,3120.78,3335.64,3488.46,3474.15,3402.88,3420.26,3385.73,3400.19,3634.06,3466.71,3793.56,3989.64,3556.36,3966.07,4184.19,3924.65,4272.58,3980.17,4235.2,4426.9,4486.79,4391.36,4461.39,4368.36,4675.39,4586.92,4639.13,4592.17,4482.14,4458.13,4399.57,4116.32,3712.97,3789.23,4000.75,4146.22,4247.67,4298.16,4144.54,3962.8,3638.86,3677.62,3809.42,3636.12,3771.16,3893.48,3747.12,3355.37,3164.38,3335.58,3387.55,3499.98,3600.67,3383.89,3304.76,3216.29,2995.21,2948.87
GB0004657408,MITIE GROUP,GB,EUR,72681.07,62653.44,66564.73,77002.57,87701.63,87726.66,99265.01,107055.75,101944.44,99487.45,92457.6,95285.07,94221.36,88461.89,89077.04,92203.33,85321.73,83059.0,85511.8,78451.57,78788.95,84956.01,84341.7,97612.37,93083.28,87377.25,83850.48,93955.43,101435.7,103856.38,106991.87,98335.76,99079.49,110428.92,110383.31,104605.83,111244.71,117700.86,123697.68,131205.95,121846.75,115211.08,120043.75,128196.57,132793.04,132621.2,121433.17,122716.8,128343.5,125058.8,122440.29,123444.35,113151.65,111965.34,120690.8,125827.83,140763.63,148523.73,149891.32,157196.14,156520.92,172915.66,162013.38,160362.54,167912.29,165812.43,156684.72,159585.57,142017.52,146480.14,133521.39,134328.3,125662.92,144920.34,127014.28,136486.92,146786.14,156713.81,158953.62,144352.56,146243.39,157020.52,151949.92,147602.5,129082.43,125425.35,118944.91,127974.41,132027.55,109398.0,108960.0,116861.01,82214.67,84845.65,84764.86,93199.07,84870.3,86455.71,93264.6,91145.4,105093.72,120764.04,117959.27,116505.57,115399.18,105784.79,89496.01,88305.23,85295.87,73363.49,75499.18,85505.29,80534.25,71043.65,69457.25,66405.48,65861.94,63917.76,63605.62,49060.93
GB0004726096,SPIRENT COMMUNICATIONS DEAD - DELIST.17/10/25,GB,EUR,11105.93,12774.1,14478.61,17084.7,22047.4,21256.13,23681.69,27715.69,28694.26,31098.64,32986.62,33870.21,36376.9,32588.57,38859.38,38135.62,32564.75,33933.98,41415.0,41017.29,46477.2,47753.72,46936.49,48097.84,46077.32,52739.36,46081.09,50913.84,53029.71,50013.04,44752.64,43374.31,40153.7,42453.98,41731.75,38554.1,39447.11,47360.47,54333.95,58490.1,52112.87,53337.57,54841.69,53670.86,53084.34,49354.76,51454.93,52223.22,54113.69,49674.0,48054.37,43637.63,43680.37,45848.32,43027.46,42075.93,44713.69,38554.51,38423.09,37201.39,33837.75,38076.79,36049.88,35145.95,38343.52,35514.47,38002.94,37840.51,37475.63,26535.32,23257.84,26103.15,29624.0,31677.38,29106.21,30303.33,30690.45,32072.48,32788.03,27408.56,26045.56,25851.92,23654.72,24000.47,23906.0,26818.88,29315.84,26653.23,26819.56,25174.57,27849.72,26172.84,25042.82,23608.92,23499.11,28687.5,28765.04,30865.45,35648.95,36264.8,37652.31,36255.27,37269.54,30331.02,31175.0,31740.59,34648.36,33315.64,34557.68,34350.67,40920.5,41431.48,38883.1,38645.95,37601.33,39283.0,45014.81,38618.07,42281.35,38557.79
GB0004866223,KELLER,GB,EUR,1122.76,1054.12,891.83,1142.33,1305.8,1202.71,1374.7,1375.73,1506.48,1542.27,1364.76,1364.06,1310.56,1318.84,1371.26,1495.24,1169.67,1054.35,1149.76,1174.57,1244.33,1369.39,1091.36,1335.7,1444.58,1373.29,1345.81,1487.34,1187.74,1037.65,1023.17,836.58,722.42,847.25,573.82,587.96,790.8,950.76,1000.27,1037.36,897.48,832.26,1071.71,1191.37,1313.13,1453.87,1548.83,1677.33,1733.9,1678.15,1841.38,2027.64,2178.52,2278.23,2548.41,2604.96,2550.32,2581.17,2651.72,2909.05,2974.5,3253.45,2737.06,2573.44,2446.12,2447.8,2280.49,2396.99,2239.32,2094.38,2082.09,2153.81,2105.24,2457.31,2248.86,2454.41,2598.01,2569.6,2636.9,2433.8,2109.13,2028.52,2011.11,1978.66,1872.3,1861.88,1989.71,2084.54,2279.75,1986.28,2221.27,1954.62,1891.34,1377.76,1609.86,1729.43,1696.18,1774.7,1880.79,1986.68,1881.04,1933.43,1966.78,1826.65,1883.52,2133.05,2205.68,2255.26,2434.21,2136.4,2093.28,2452.19,2443.22,2349.96,2482.2,2400.65,2353.01,1470.47,1327.86,1116.24
GB0004915632,KIER GROUP,GB,EUR,1227.89,1094.76,1105.11,1270.91,1418.87,1319.93,1314.3,1614.37,1698.71,1425.17,1330.5,1493.34,1392.63,1369.58,1524.1,1593.84,1402.78,1322.13,1484.84,1389.77,1765.56,2001.45,1864.16,2031.01,1894.59,2083.8,2000.94,2130.13,2024.59,2096.55,2094.77,1943.4,1959.37,2259.68,2212.81,2101.51,2102.52,1995.74,1832.87,1915.38,1818.58,1996.0,2012.92,2074.35,2184.69,2167.84,1975.71,2251.82,2227.8,2040.98,1890.3,1937.55,1995.27,1844.63,2389.74,2428.51,2981.4,3173.62,3183.87,3318.72,3375.62,3462.3,3047.4,3103.31,3147.61,3354.1,3261.45,3129.3,3035.34,2713.21,2515.07,2646.13,2677.02,3064.13,2719.97,2874.22,2985.53,3231.41,3251.41,3328.89,3031.07,3152.21,3021.08,3038.9,2802.72,2745.26,2783.88,2627.57,2709.44,2121.75,2151.34,2463.69,2655.16,2582.95,2711.32,2641.08,2702.78,2820.57,2706.59,2738.9,2565.48,2519.72,2688.77,2397.61,2565.51,2270.75,2314.7,2419.92,2462.06,2349.28,2207.32,2493.12,2374.98,2134.11,2135.83,2076.9,2087.19,1979.59,1145.67,934.64
GB0005405286,HSBC HOLDINGS,GB,EUR,1490.91,1332.91,1257.05,1580.83,2010.56,1854.08,2249.98,2472.69,2584.99,2506.79,2635.98,2600.41,2465.69,2488.9,2323.8,2344.87,2110.14,2129.2,2340.41,2306.58,2369.74,2419.61,2371.88,2394.82,2561.05,2590.68,2442.87,2599.03,2505.82,2381.02,2340.39,2116.41,1875.03,2130.47,1907.52,1871.69,2050.12,2175.63,2207.82,2245.1,1973.86,2215.15,2105.55,2209.59,2353.96,2516.88,2622.61,2698.38,2915.87,2848.99,2783.05,2856.66,2896.16,2722.08,2983.43,2777.58,2879.37,2937.35,2993.97,2940.67,2762.0,2828.58,2766.53,2786.36,2910.5,2795.73,2963.02,3014.12,2825.37,2876.02,2804.26,2667.6,2573.7,2507.93,2450.44,2864.16,2760.95,2605.17,2628.49,2344.5,2220.03,2333.44,2372.49,2352.4,2078.62,1906.7,1917.45,2038.04,2023.64,1945.68,2053.55,2341.48,2381.61,2414.8,2547.36,2605.4,2731.48,2648.5,2679.49,2710.95,2904.51,3078.67,3323.53,3252.71,3326.28,3313.16,3375.9,3523.03,3629.1,3426.59,3237.13,3465.0,3359.1,3287.06,3356.88,3079.74,3094.09,2954.05,3038.51,2953.59
GB0005576813,HOWDEN JOINERY GP.,GB,EUR,26.37,30.16,34.44,67.48,86.16,83.27,133.17,145.17,181.69,177.33,188.67,171.41,203.76,177.97,167.86,176.63,148.91,121.78,161.18,138.88,172.69,178.3,205.51,229.52,269.27,269.7,251.77,264.61,268.44,246.4,269.12,237.29,229.03,272.5,253.12,224.03,243.1,266.26,284.41,284.17,260.14,288.14,311.54,332.99,345.51,395.32,388.17,405.67,429.31,468.88,523.17,558.71,517.94,560.62,638.67,634.96,688.58,758.65,771.83,835.66,825.83,930.89,907.76,803.53,794.68,785.46,849.46,870.84,815.68,817.13,913.9,937.62,952.21,1069.73,982.6,1069.01,1178.61,1230.18,1168.98,1119.58,1113.87,1089.03,1190.6,1180.33,1080.95,1043.96,1045.21,1100.71,1138.79,792.38,885.13,922.45,866.6,712.15,699.81,737.87,738.75,828.48,843.79,931.99,924.63,836.09,885.68,867.9,914.27,868.81,972.44,1009.13,1053.34,976.2,1031.25,1047.48,1079.82,1146.2,1013.3,1036.86,990.04,978.28,927.3,905.47
GB0005603997,LEGAL & GENERAL,GB,EUR,24424.35,15758.49,16950.71,24732.96,27884.85,26775.89,30590.47,35928.84,40859.04,37650.36,36935.63,37871.91,35388.55,34175.5,38862.99,39327.88,34414.64,35257.38,42021.9,42665.98,49557.73,48775.05,43251.61,46027.33,54024.1,58713.81,56110.24,64075.48,60295.35,59364.19,57616.14,53483.58,47906.8,56751.35,53097.31,50834.15,57944.21,61401.3,66445.85,63199.35,56235.3,66078.25,66112.4,68309.25,71562.72,72533.24,78455.2,79519.15,81182.18,81653.0,88108.19,91651.46,94282.17,90314.83,101600.13,101674.92,111796.43,122275.4,123285.72,129783.96,124501.8,141757.0,120079.16,130031.44,140390.45,140126.64,143885.09,147699.17,136541.89,135984.12,142158.15,142631.02,148050.8,158935.08,152180.36,151649.84,153943.22,148571.75,154408.08,149393.93,138634.61,155299.09,157095.7,151722.51,132770.0,121600.53,129944.02,131127.42,139804.93,102282.88,109577.29,112630.93,116172.88,104545.1,120473.63,125110.24,120849.5,126352.39,126455.35,135657.35,138498.91,142954.56,150762.86,145147.76,150954.8,153495.11,156582.94,160080.44,166588.3,156638.5,156559.8,167654.38,161849.96,158323.25,155352.37,151698.22,156928.26,147488.5,143410.19,135026.63
GB0005630420,MEARS GROUP,GB,EUR,4871.44,4342.9,3838.44,4738.14,4600.93,4664.91,5078.79,5552.14,5837.58,5833.69,5560.88,5654.33,5485.05,5058.35,5330.39,6046.25,5283.46,4639.77,4856.86,5108.85,6005.82,6231.62,5550.9,6082.33,6530.62,6438.63,5009.53,5153.86,5919.46,5887.71,6009.21,5843.83,5641.81,5628.15,4449.4,4498.74,5133.89,5007.83,5371.42,5587.37,5219.98,5560.24,5670.1,5865.4,6136.54,6412.09,7051.23,7217.78,7834.08,7603.3,7025.09,7385.03,7588.9,8063.96,8378.33,8559.46,9327.95,9510.26,10064.57,10880.79,10887.62,11820.78,12070.7,11758.57,10949.81,11141.59,11001.17,10961.28,9882.09,9974.86,8306.13,8259.07,8792.14,9559.08,8878.74,9277.96,9245.04,9494.02,8731.89,8782.52,8388.96,9244.83,9620.2,9973.63,8716.8,7828.31,8697.25,8440.63,8160.24,7780.93,7767.21,8663.82,8813.87,8182.96,8773.84,8387.59,9495.1,9262.04,9372.22,10033.79,9867.94,9351.94,9860.9,8486.9,9877.73,9185.63,8655.85,8464.3,8680.89,8137.71,7107.6,6873.56,6488.19,7057.77,6683.3,7926.22,7594.69,7183.13,6768.64,6574.92
GB0005746358,MCBRIDE,GB,EUR,178.1,157.14,162.96,186.19,216.69,238.13,241.37,235.34,305.43,373.48,348.46,347.65,355.4,371.74,351.87,294.9,278.43,199.85,224.0,220.3,299.55,302.32,280.35,310.41,261.99,247.0,240.47,240.17,271.36,237.62,230.65,228.35,199.29,243.48,219.81,193.06,204.79,223.7,217.98,228.74,194.62,215.72,208.54,225.06,231.95,250.29,235.35,245.62,240.02,252.61,204.48,202.09,177.08,190.91,222.42,227.17,223.12,205.5,202.35,192.99,195.81,219.25,206.43,193.79,202.79,192.24,187.85,178.48,164.75,149.5,146.35,145.71,141.67,173.3,160.83,168.74,174.68,187.38,218.74,211.99,267.18,293.23,280.47,288.11,259.69,288.88,275.87,271.12,265.91,247.81,257.58,240.44,289.89,276.63,261.26,269.55,246.4,274.08,298.4,303.15,297.79,295.3,302.51,274.55,342.87,351.25,374.7,383.6,311.41,264.44,273.02,256.71,211.63,218.83,230.46,210.27,229.76,205.67,216.71,202.09
GB0005758098,MEGGITT DEAD - DELIST.14/09/22,GB,EUR,20388.7,18262.0,19761.23,28712.39,27475.59,28060.01,32034.55,38032.54,40634.04,44016.93,42803.77,45762.48,45287.43,46029.84,51542.19,52996.17,48319.55,52232.3,52082.48,45974.96,52431.35,59284.94,56768.26,65073.06,63874.53,61792.01,62877.43,68499.1,69064.25,70064.62,72914.79,64792.56,60261.76,71705.87,69180.77,63331.88,66167.13,71298.31,75900.78,78019.21,68337.86,71077.7,70671.17,74482.13,75664.97,73787.94,74049.75,73736.13,81833.42,81879.61,89962.47,88004.07,97415.23,94708.59,100155.91,98996.5,108065.03,111800.17,99374.23,106195.88,102977.99,102665.61,99152.76,99755.88,100715.59,107222.97,106394.65,97946.6,91475.21,90253.38,98511.05,101203.26,101237.43,105329.13,103503.32,103532.47,98634.47,93239.91,92139.72,93333.19,92551.13,70068.59,74880.76,70860.32,66140.23,74742.19,76847.71,79113.15,74260.88,71351.25,76487.29,80651.39,77822.38,70597.19,78402.51,75274.54,69840.32,77774.66,75695.68,81341.91,88097.8,84211.58,90146.87,90736.67,95978.89,94543.03,90034.59,89649.69,90639.87,85627.99,85271.32,91596.43,92106.14,91683.58,105293.8,98475.43,105012.01,96245.25,94001.68,85285.56
GB0005790059,MENZIES (JOHN) DEAD - DELIST.05/08/22,GB,EUR,8157.34,6174.64,6133.26,11737.92,14484.4,19917.45,20988.53,38759.7,38120.39,37889.31,38361.04,34006.95,35359.77,33782.86,37561.81,42467.17,40127.59,41562.68,46762.58,48974.16,48761.17,56470.02,52901.3,54041.06,53005.41,51566.89,60890.64,65979.48,62957.14,59784.12,62540.95,61609.11,57192.67,60220.32,61009.92,62587.24,67508.79,71251.91,72843.59,80449.76,71587.88,73625.6,76735.18,78287.68,81486.42,77372.5,76207.64,82571.56,87128.2,90149.94,85911.16,89906.95,89375.69,86766.84,90663.51,94640.83,105116.86,107715.39,104192.0,95994.33,92158.08,93906.35,89392.74,89019.72,93986.73,96528.18,95311.58,86689.57,77724.27,67864.95,45069.9,47478.53,47758.35,51127.11,47681.88,51334.54,59333.53,67187.56,70035.4,60640.56,54603.73,55092.98,49478.09,54009.65,51290.69,56235.36,60251.48,64448.13,67001.45,65885.36,70774.97,70584.58,68423.54,62559.97,67661.13,75966.15,77476.15,75605.56,87452.9,92282.85,96285.01,96199.37,97220.72,95699.92,101405.27,98483.06,96086.58,97527.6,103804.37,94446.94,93333.43,92807.55,91426.26,89710.13,92117.85,83105.48,77444.88,72836.55,71332.47,71483.1
GB0006027295,MORGAN ADVANCED MRA.,GB,EUR,3250.2,2937.19,2827.45,3940.86,4061.38,3827.1,5221.37,6207.48,6725.3,6330.55,5969.5,6327.0,6485.24,6524.57,7676.82,8168.53,6653.85,7030.36,8566.59,7601.37,8759.97,9314.93,9465.7,9812.8,11201.21,12127.55,12236.53,13303.49,13599.84,12925.18,14121.05,11708.03,9975.4,11948.14,11204.1,10836.03,13078.13,14971.06,13639.56,13991.53,11691.84,11842.13,10742.27,11066.58,11561.69,11006.36,10745.47,12016.72,12126.3,12282.41,11797.67,11483.21,12533.31,11121.84,13067.58,12853.4,14218.83,13956.69,13715.0,15055.34,14563.28,16516.93,17060.04,16164.41,16581.45,16160.25,15449.78,15396.11,14022.65,13171.67,13499.65,14601.81,13510.14,15033.64,14932.38,15258.2,16025.28,15491.1,16698.93,15548.46,12904.41,13040.48,11564.99,11161.34,9252.55,9043.21,9995.5,10577.53,11465.98,9792.55,11481.66,11813.76,11873.04,10500.28,11294.09,11296.46,12138.45,12420.82,12417.12,13841.72,12611.08,12056.04,12913.25,12650.86,13655.01,13641.57,14204.72,15075.76,16326.18,15426.23,14794.83,15648.75,15386.28,14578.6,15824.12,14941.09,14646.62,11923.36,12020.16,11500.38
GB0006215205,MOBICO GROUP,GB,EUR,476.75,338.79,220.47,394.26,526.71,534.65,587.35,681.09,801.91,561.93,556.32,625.67,672.61,623.97,701.34,745.4,677.64,664.84,738.01,694.46,770.89,803.77,701.5,793.43,790.7,814.41,794.53,905.9,867.43,839.79,889.84,843.64,759.47,777.46,691.09,725.14,716.18,780.47,805.35,759.02,624.81,724.67,712.75,744.48,741.42,600.37,610.57,726.4,718.92,731.19,681.22,674.79,689.58,770.89,872.5,924.58,950.99,962.98,998.72,1044.35,1098.42,1167.3,1069.94,1105.93,1091.11,1050.46,1037.22,999.25,915.22,946.93,986.11,920.67,912.16,1043.64,1001.1,1075.6,1160.18,1176.96,1151.49,1108.31,1063.64,1140.05,1192.1,1209.39,1057.96,1130.44,1216.92,1199.73,1245.65,995.32,1130.24,1168.78,1140.81,1145.41,1133.9,1114.8,1085.64,1152.85,1148.25,1206.99,1249.55,1242.7,1253.35,1222.19,1254.48,1289.38,1302.89,1361.53,1377.37,1271.22,1434.33,1461.0,1443.85,1433.99,1435.41,1406.98,1394.51,1399.25,1410.49,1303.4
GB0006449366,ECORA ROYALTIES,GB,EUR,149.44,171.37,170.72,224.78,256.61,275.46,327.37,352.12,383.62,395.37,411.17,431.79,463.97,460.6,435.63,444.55,402.62,477.67,483.04,470.33,572.41,635.67,607.32,686.87,652.94,660.05,662.7,644.35,634.81,635.1,650.79,605.19,480.57,538.94,548.1,540.61,577.33,667.03,632.18,653.74,459.85,490.1,453.97,475.47,595.57,516.3,504.17,571.77,575.77,562.64,471.25,439.9,485.84,343.94,377.71,405.03,427.26,476.46,447.25,416.61,413.95,459.86,409.11,439.14,415.05,421.62,447.83,379.68,300.38,297.0,256.24,228.3,186.92,212.17,181.78,216.69,211.77,212.69,203.18,204.42,179.03,171.76,158.55,140.69,132.49,122.71,171.5,182.02,179.06,184.55,209.89,212.62,244.09,257.51,248.08,279.05,289.06,260.41,264.95,263.97,253.27,257.75,276.95,325.52,322.71,327.42,352.34,377.47,399.29,383.06,390.0,407.09,363.4,354.36,332.51,370.18,362.74,320.05,350.2,364.23
GB0006640972,4IMPRINT GROUP,GB,EUR,9016.94,7485.61,8268.24,10844.7,12026.99,9290.57,8847.07,8830.73,9299.81,12852.27,10626.97,10670.39,10672.83,11749.51,13279.47,18947.55,17094.54,16893.12,18120.15,18407.15,19097.74,23434.14,22116.03,24109.06,23568.73,23979.27,23906.35,25614.64,26394.8,25460.86,26662.79,22616.85,19991.9,24857.3,21751.66,21727.67,24778.64,22960.82,28561.69,27809.42,26358.87,28276.95,26100.59,30568.71,33253.7,35666.64,34654.96,36592.12,36394.29,35374.22,43811.1,50996.17,49675.74,49695.4,54198.85,54759.78,58228.59,66088.7,66469.65,72582.69,77947.24,76792.37,74863.64,75979.93,76035.41,73687.41,79966.98,83814.29,80943.04,84750.94,87360.02,84462.57,89036.8,96607.13,102889.21,114447.24,113746.94,114979.38,130263.94,116195.93,128887.29,137238.79,130562.25,128445.67,114857.45,110737.33,124368.38,134375.74,138278.29,121042.28,131777.76,147074.54,159731.02,141301.5,144862.99,153935.78,147284.46,144108.57,156744.98,164460.75,158115.7,156035.87,149238.85,186779.67,176717.99,183702.23,177714.42,184894.78,204596.58,187334.24,166199.49,178207.55,175168.18,170819.66,199322.22,211875.07,196756.37,175350.06,197345.99,178160.27
GB0006650450,OXFORD INSTRUMENTS,GB,EUR,177.47,150.03,124.28,186.13,180.9,186.05,206.61,226.61,260.92,325.91,278.08,267.39,325.95,287.38,335.46,358.32,309.37,344.39,424.87,454.86,658.79,720.28,759.27,915.07,874.2,832.22,937.39,1038.8,1048.48,1233.92,1351.45,1112.69,1059.8,1043.74,1289.83,1243.09,1209.1,1566.94,1638.42,1677.52,1500.38,1624.26,1658.25,1754.79,1884.16,1837.41,1850.95,1962.86,2206.45,2211.69,2136.34,2037.58,2169.12,1558.83,1836.54,1879.17,1745.36,1786.54,2110.15,2503.36,2354.69,2062.8,1811.21,1866.32,1882.7,1905.99,1824.06,1678.95,1430.39,1494.63,1561.95,1719.72,967.25,1011.3,1079.02,1241.85,1442.62,1326.24,1242.06,1122.58,778.82,708.79,876.36,998.7,914.17,857.5,855.38,854.24,831.95,844.25,844.99,893.45,741.29,743.46,701.16,814.77,800.68,897.33,927.83,1158.97,1288.47,1231.81,1251.4,1223.11,1188.31,1153.13,1091.97,1051.7,1195.21,952.16,953.96,1145.22,1119.82,1211.63,1148.46,1155.84,1197.59,1113.05,1118.53,1074.03
GB0006731235,ASSOCIATED BRIT.FOODS,GB,EUR,29076.86,28226.79,27927.4,32364.8,35858.3,38556.24,40519.02,40058.66,41593.72,41881.11,40588.35,41478.27,44212.85,45192.8,46380.4,48116.12,43448.96,45916.04,50653.78,51209.82,52059.35,52718.48,52038.35,59085.62,54357.11,50233.45,50812.27,53672.24,56646.02,55980.45,56603.26,56146.35,55673.14,57477.34,56158.58,56240.82,59480.59,62561.8,63722.66,64710.52,59775.4,66210.22,64747.56,69246.91,68539.02,73472.54,77997.27,84855.28,92554.41,93832.47,96346.88,100521.05,91694.04,88278.83,98870.56,95745.02,101916.45,122184.63,126005.19,137210.48,151185.05,170235.24,157093.52,169980.52,171524.15,177205.8,159420.5,161617.39,147624.47,149763.43,170500.32,168398.69,159632.6,165420.74,143291.36,150387.78,158268.71,155184.26,172912.87,169256.81,173882.55,183390.37,183455.37,170526.34,154688.13,164323.5,166640.17,155386.6,148342.98,126279.36,124128.22,138370.93,117338.16,104429.87,110687.4,119008.22,105323.46,114349.62,114335.21,127554.67,135703.43,134320.93,137627.24,150763.5,150880.59,155841.18,140549.47,135750.47,138302.23,129002.29,124349.51,132533.51,125482.81,129192.69,115093.55,106329.49,106727.89,108959.33,110534.48,94419.26
GB0006776081,PEARSON,GB,EUR,15163.42,14856.29,15891.1,17077.5,17190.23,16373.84,18754.89,20339.83,20464.11,22773.45,22577.96,23878.38,23707.59,23041.92,26080.24,27315.41,23449.41,22558.11,26312.64,25716.45,26719.82,26257.04,24812.63,27153.83,28220.87,29384.55,30365.67,33792.62,33086.15,33232.86,33921.31,32315.78,31639.82,32956.0,32337.12,33532.26,33007.86,34154.26,33192.0,34417.33,31975.3,36280.88,34238.75,35110.93,36143.69,37102.81,34923.06,35721.67,35017.5,32431.55,33256.81,34598.57,35372.03,33716.05,38853.25,37772.32,39107.05,40248.65,42484.12,42669.8,35109.7,32614.48,34046.6,37111.21,38926.02,39104.19,38176.38,37128.58,40451.52,37666.5,38793.04,37338.16,40830.68,44159.02,43344.89,41785.94,41083.64,39037.86,38670.72,36456.78,35715.53,27836.02,26013.29,22695.41,23415.24,25045.14,26311.63,25688.29,26585.62,28159.46,25509.38,25207.81,21752.08,20566.44,22102.33,22491.09,17318.18,18651.6,18978.65,19365.6,21364.92,21040.89,20305.15,18455.6,19390.39,22061.85,22632.66,23520.09,23299.43,23831.23,24812.68,27564.8,28795.6,28044.51,29110.75,28791.67,28024.16,27724.29,29680.53,28858.21
GB0006825383,PERSIMMON,GB,EUR,4747.88,5596.26,5648.11,6464.33,6694.49,6573.93,8513.37,9149.1,8325.15,7583.82,7741.38,8647.09,7911.54,6773.41,8053.4,8314.94,6761.04,5972.16,6306.96,6366.4,7178.14,6218.01,6067.79,7508.96,7530.96,8803.97,8208.0,9272.09,9122.25,8992.88,8803.99,8591.09,8241.09,9330.02,9081.29,8551.21,9726.8,12632.92,11971.26,11948.19,10343.7,11301.47,11410.07,13117.41,14491.76,15153.85,15188.61,15385.93,15804.07,16406.37,19205.48,21301.86,23440.15,22699.81,23746.77,21544.31,22287.25,25755.56,24080.06,26005.78,27346.0,30709.74,28437.56,28075.05,28441.48,29114.13,28295.54,29410.99,28926.53,31306.97,32111.85,32910.94,31981.7,36463.39,34884.92,36916.23,42306.23,43891.27,45138.45,45704.67,42980.34,43516.11,40733.98,42216.97,40810.54,43008.65,44678.02,43395.61,45612.65,28838.67,33392.98,35615.32,35150.05,30834.28,31665.8,32717.37,36181.57,38236.49,39498.39,45471.87,47807.66,46069.46,52221.61,54200.69,54800.02,58862.02,54390.76,58591.71,56284.33,56692.75,58898.08,62058.17,62537.71,57736.49,56209.79,54596.01,53245.67,50605.55,41853.26,42437.46
GB0006886666,EUROMONEY INSTL.INVESTOR DEAD - DELIST.25/11/22,GB,EUR,1000.98,778.73,887.51,1133.39,1043.41,1047.63,1178.7,1370.69,1861.76,1953.24,2049.87,2236.24,2395.22,2275.16,2507.03,2510.3,2747.16,2881.62,3044.12,2905.89,3093.35,3333.69,3538.0,3541.51,3628.4,3711.05,3652.08,3887.4,3601.49,3459.89,3694.69,3068.38,3161.84,3611.71,3678.18,3263.69,3658.64,3848.54,4080.11,4283.17,4185.63,3975.1,3798.03,4152.25,4221.4,4375.69,4340.07,4893.86,4880.21,4835.18,5075.73,5275.25,4974.33,5404.2,5623.66,6476.23,6542.87,6015.51,7190.61,7896.37,7696.04,7806.34,7053.4,6380.66,7086.49,6743.84,6502.87,6384.95,5846.76,5974.59,5760.12,5892.7,5827.76,5829.2,6001.37,6379.01,6487.5,6948.91,5909.19,5645.31,5224.5,5318.35,5175.32,5421.54,4709.09,4672.8,5005.3,5215.13,4931.83,4654.06,5007.99,5105.9,5364.07,4736.99,5015.04,5340.65,5314.21,5101.33,5017.57,5108.29,5646.55,5301.12,5565.83,5503.72,5975.46,5838.69,6002.14,6842.29,6503.85,6408.51,6655.05,7014.77,6621.71,6920.63,6958.06,6539.02,6856.09,6338.5,6481.21,5841.81
GB0006928617,UNITE GROUP,GB,EUR,120.06,74.18,127.29,187.98,262.27,291.42,271.8,508.95,557.96,581.07,587.21,640.95,612.22,586.3,518.85,443.43,369.7,344.99,393.71,382.91,459.43,440.71,386.36,402.73,430.91,431.96,458.85,474.58,470.5,462.97,460.09,384.74,342.7,379.27,371.03,347.0,373.32,392.77,418.33,424.17,387.63,404.98,444.38,520.61,569.47,612.46,572.68,603.11,606.56,591.34,654.54,733.97,742.51,744.65,802.3,751.09,867.09,866.33,887.08,907.98,917.08,1023.7,993.27,986.97,978.8,932.0,949.68,1006.33,952.06,950.1,1005.61,1008.4,1023.32,1182.14,1208.85,1299.53,1341.03,1268.88,1390.11,1409.15,1396.4,1462.73,1445.0,1377.07,1299.05,1212.73,1302.96,1340.47,1382.41,1199.08,1216.85,1187.09,1192.42,987.17,1020.25,1093.86,1077.89,1136.14,1162.67,1245.69,1210.33,1254.56,1316.46,1328.89,1372.67,1403.83,1460.52,1636.01,1704.32,1577.79,1669.65,1759.29,1732.27,1742.0,1760.93,1765.74,1803.31,1686.81,1647.82,1589.62
GB0007099541,PRUDENTIAL,GB,EUR,24886.18,20693.87,25001.7,31317.28,36810.56,36597.83,39938.45,47628.88,52352.92,49920.2,55862.98,56243.68,50403.48,49916.9,45196.27,49424.92,43839.53,42390.48,48388.0,49016.0,56516.51,56800.88,49843.69,58931.43,61012.26,65208.57,65337.58,74386.41,70034.12,66689.95,65346.3,59036.19,50747.2,61069.69,57255.49,57982.28,64592.85,66507.05,71352.74,73197.42,62344.93,69154.06,71421.43,75474.81,78145.39,82535.74,87572.64,84944.49,91706.28,89955.72,99572.15,105894.01,104272.33,100391.31,108936.2,103564.07,115759.71,127616.34,132962.9,137834.78,125338.01,141027.06,133721.75,145047.61,146949.09,144985.18,145986.81,153463.42,142158.97,147071.28,154493.14,148257.77,155056.03,160482.61,160595.52,161972.38,160636.7,155942.01,152208.07,142287.22,137715.06,153056.24,151194.64,147223.43,126558.21,114335.08,125487.85,132468.81,134793.28,112766.15,118948.28,120979.52,120255.23,110378.25,131068.3,136238.89,130574.69,135517.63,145414.66,153127.18,154576.56,157774.19,168041.73,162639.58,166636.84,170982.46,174950.18,179207.14,188437.12,175347.81,176621.33,182777.68,170598.65,162115.26,167618.38,161088.83,163904.02,143347.39,140405.61,127551.96
GB0007188757,RIO TINTO,GB,EUR,55848.57,67653.26,88771.56,108330.17,118993.98,110592.23,131640.28,125487.46,136153.76,141613.44,161670.6,174642.7,158420.46,164783.14,190592.4,166414.67,149084.7,142897.79,166514.81,164601.56,190298.43,209420.68,206189.92,227969.5,222491.1,227486.24,229907.79,238192.7,228851.15,236129.64,231189.61,204731.27,148811.02,180692.59,173676.5,160612.74,198575.95,192370.54,184998.15,187283.58,143770.11,159102.49,155118.31,148222.18,158925.94,170620.43,169129.42,194719.73,192545.28,183363.79,162665.55,157759.36,150410.47,141305.9,155564.58,159133.74,172882.79,179175.84,188670.5,199423.47,188247.83,203144.64,200453.27,196152.31,184729.39,191481.11,206311.0,195460.24,179993.34,174112.94,171638.94,171322.0,160895.14,180667.36,154649.82,166619.22,163785.02,154499.55,145823.68,141896.38,129334.33,140726.63,128440.25,112720.82,93933.51,106725.77,113049.73,135548.48,113720.19,123345.75,131451.15,122860.0,136340.34,141333.24,152298.25,159110.44,179055.4,172184.47,168429.8,166253.48,168087.88,176734.22,194755.04,207441.72,200222.51,202486.32,203671.15,229141.28,239657.83,232445.64,225119.0,241540.76,250737.01,246489.11,244639.8,216626.3,230470.29,221369.71,206839.64,216386.88
GB0007323586,RENISHAW,GB,EUR,1442.13,1331.73,1107.72,1790.32,2262.98,1747.74,2088.1,2569.77,2750.55,2798.94,2730.49,2737.03,3002.47,2855.31,3103.85,3201.48,3202.74,3396.23,4074.91,4114.43,5158.28,5873.17,5562.67,6114.27,8289.47,8009.59,7728.47,9410.58,8897.55,8986.19,8821.07,7330.56,5172.19,5133.19,4707.47,5084.02,7160.54,7472.16,6969.12,7716.71,7233.44,7201.39,7759.04,8152.26,8907.67,9483.75,9680.32,11228.71,9888.58,9913.35,9369.19,8600.16,8906.81,7871.64,7990.41,8828.1,9951.28,8881.52,10406.44,10979.3,10558.37,12348.66,11137.95,10511.5,9757.91,9706.8,10695.03,9450.82,9215.02,9919.67,10594.81,10657.56,12151.08,14065.9,12703.69,13484.7,12833.81,12626.26,11456.49,11668.58,10882.29,10401.84,9864.92,9874.49,9159.59,8685.94,9465.78,9968.25,10228.17,10473.53,12394.05,12324.72,12462.22,11473.09,11272.73,11364.45,13044.76,13907.75,14218.76,16138.29,17456.71,17175.81,20080.9,21556.74,23540.69,24239.57,26503.85,26037.75,26025.31,24536.24,23353.04,23997.98,26399.43,25851.67,26509.09,26218.56,23070.13,20079.43,20364.41,20137.71
GB0007594764,RPS GROUP DEAD - DELIST.24/01/23,GB,EUR,2940.04,2767.77,3347.49,4259.5,4635.35,5002.5,4797.0,4944.53,5505.72,5283.49,5059.39,5361.41,4903.3,4192.65,4739.15,5376.76,4317.58,4325.52,4721.61,4041.91,4613.94,5141.9,5486.53,5648.15,5221.61,5075.63,5366.07,6040.3,6456.26,6238.88,6087.59,5158.49,4105.81,4674.68,4762.46,4498.41,5290.96,5810.69,6091.83,6259.98,5186.77,5323.81,6172.69,6275.69,6625.71,6209.46,5606.64,5675.87,6037.64,6098.25,6688.27,6476.48,5312.13,5111.79,5714.15,6452.43,7340.29,7880.08,8671.54,9403.77,9489.54,9807.0,8814.31,8519.62,8359.65,8143.73,7390.29,7912.73,7357.32,6520.68,6426.49,5669.26,4763.46,7115.65,5815.64,5795.02,6348.63,6271.66,5912.21,6364.73,6152.69,6559.21,6345.54,6313.06,4672.2,4357.21,5390.01,4731.2,5017.38,4305.11,4619.83,4417.82,4273.18,3929.2,4454.49,5227.82,5442.42,5844.57,5861.09,6378.34,6909.0,6599.18,6985.34,7214.72,7634.54,7707.2,7255.61,7264.13,8176.2,6155.57,7055.6,7159.11,7050.15,6782.67,6475.25,6141.6,5897.99,4118.88,4065.71,3560.9
GB0007668071,CLOSE BROTHERS GROUP,GB,EUR,64916.19,63694.96,71516.12,86599.93,98586.3,100530.27,106515.99,115768.15,118286.12,111234.76,108146.23,106958.92,106518.83,98570.46,114817.7,109205.89,101604.67,101261.44,102787.1,99895.06,113504.57,124621.74,124773.65,134692.38,137069.81,137215.84,139030.99,138762.26,134904.58,127218.24,125357.11,121086.17,105693.47,121845.35,110695.41,102434.46,113331.48,125347.45,135830.2,129695.77,115013.22,126460.0,126326.9,134084.98,145761.29,152424.53,154766.28,156881.96,175268.74,177228.34,181147.36,183380.22,170551.39,168812.95,179657.54,181910.1,214676.35,235798.14,256188.02,263646.53,252837.76,285043.53,276337.54,276713.24,261291.36,256518.87,251898.46,263774.34,272328.52,281651.74,285682.29,280129.28,274702.34,304959.12,281391.88,285877.35,297041.13,292182.61,275685.78,278816.75,274970.3,281717.34,266895.16,245534.4,227821.73,230073.61,229355.4,224498.07,246246.71,191513.09,211530.35,225388.57,225025.57,210760.0,221530.89,232273.84,237312.33,244117.19,253410.17,288437.88,272334.26,258275.44,267518.07,262319.91,260754.94,249790.87,260857.75,265264.26,303118.3,292950.45,276677.85,290778.53,267019.75,269650.82,286304.57,285114.57,283548.53,265907.81,271295.23,259282.44
GB0007669376,ST.JAMES'S PLACE ORD,GB,EUR,394.74,390.26,349.7,365.31,388.71,475.77,439.59,553.73,615.11,633.95,582.5,586.05,593.35,574.51,589.11,605.4,537.63,473.3,644.4,589.79,685.9,663.97,552.49,624.81,728.95,745.1,815.96,900.83,859.89,830.67,924.26,887.92,742.06,877.73,823.14,774.68,848.43,905.48,878.29,835.51,747.6,816.28,839.08,870.14,933.99,1007.72,1008.27,1079.5,1156.82,1164.73,1215.36,1376.23,1421.66,1307.23,1495.41,1481.25,1606.85,1752.27,1691.42,1945.37,2041.7,2365.86,2219.09,2123.38,2143.54,2127.83,2003.13,1968.46,1956.36,1970.33,2055.56,2099.48,2130.26,2421.88,2293.31,2300.5,2332.96,2389.92,2562.46,2361.7,2185.89,2528.89,2596.48,2522.3,2295.04,2029.99,2241.27,2198.76,2337.1,1816.72,2128.45,2226.56,2159.07,2022.84,2059.1,2196.76,2362.4,2301.76,2328.3,2656.05,2708.02,2745.71,2869.23,2692.41,2786.34,2832.49,2978.07,3005.51,3062.84,2882.75,2762.08,2910.27,2948.89,2816.62,2939.93,2778.88,2818.87,2446.95,2424.12,2271.75
GB0007689002,KIN AND CARTA DEAD - DELIST.29/04/24,GB,EUR,464.69,315.22,303.5,459.26,626.68,415.03,375.33,410.41,577.01,538.81,480.27,437.14,461.13,358.28,456.87,491.74,468.61,613.95,662.33,578.62,597.22,666.13,746.58,862.47,769.76,831.55,823.6,876.39,873.4,814.32,788.84,637.42,555.13,753.63,733.33,698.32,713.35,726.44,704.95,709.64,604.51,626.86,624.04,680.94,705.68,913.47,957.82,950.46,1065.98,1046.76,1178.0,1268.3,1423.33,1308.92,1447.59,1477.05,1635.98,1695.65,1735.65,1710.38,1883.82,1928.48,1973.28,2019.85,2135.66,2231.27,2170.0,2182.25,1956.37,1865.42,1809.2,1837.61,1665.22,1802.12,1556.15,1672.08,1725.02,1777.86,1738.35,1738.64,1719.49,1794.37,2104.98,2125.18,2033.87,2191.25,2097.88,1070.61,959.5,715.88,948.73,1033.93,1122.74,1063.19,1034.68,1069.43,623.42,445.58,449.87,468.96,425.81,461.92,498.26,628.67,698.37,670.71,745.22,750.64,731.18,646.33,848.28,838.18,937.22,955.94,942.39,869.69,946.04,855.87,955.93,878.78
GB0007908733,SSE,GB,EUR,1663.62,1608.04,1560.78,1612.08,1844.57,1841.77,1801.98,1867.58,1921.13,1821.32,1877.17,1919.9,1919.87,1779.57,1741.5,1731.75,1593.85,1745.71,1888.94,1915.62,1917.79,2006.7,1898.73,2087.8,2059.29,2235.45,2242.2,2512.59,2515.97,2480.77,2474.22,2441.1,2326.5,2501.79,2385.18,2313.8,2269.35,2423.1,2496.83,2522.34,2394.39,2565.39,2523.86,2665.75,2757.68,2861.96,2801.82,2827.81,2810.41,2741.95,2814.94,3027.22,2943.16,2885.59,3094.57,3133.48,3093.55,2948.34,2817.11,2940.71,2838.76,3107.34,3236.63,3403.14,3449.29,3540.98,3382.64,3466.75,3448.74,3517.83,3531.8,3477.87,3382.43,3402.52,3112.6,3327.55,3556.2,3381.18,3444.79,3296.51,3301.86,3409.24,3145.27,3281.54,3056.92,2868.63,3187.15,3287.54,3314.03,3087.48,3112.8,3046.29,3149.98,3004.02,2850.01,2967.69,2949.49,3019.25,2905.96,2833.44,3059.02,2971.63,2994.95,3024.9,3087.67,3023.32,3052.84,2941.62,3122.76,2841.31,3013.19,3201.98,3063.17,3011.45,2905.44,2885.77,2648.08,2584.48,2476.74,2440.68
GB0007958233,SENIOR,GB,EUR,15625.05,12829.56,14481.36,20163.73,22409.8,24316.87,25759.25,35075.31,38124.39,39554.04,38576.39,47449.17,52733.38,46820.26,65608.61,70595.21,68686.87,73165.62,79390.94,69661.32,87025.18,84775.98,83077.06,94492.84,94811.25,97644.18,97385.9,102069.8,103625.46,118552.02,124147.74,104495.22,91431.9,109614.2,112922.1,108718.46,116204.12,127827.59,130662.27,141499.23,128096.76,121893.56,125010.6,129888.46,136667.14,130811.39,132670.45,135375.88,133363.53,153526.7,151043.05,165598.07,175794.63,160482.48,170215.3,176620.47,185035.17,203252.95,201943.0,216148.18,208473.45,204752.2,217783.08,207595.09,213722.06,208301.33,191586.5,204248.62,187034.8,185252.4,187846.47,204647.26,201281.03,227781.77,208973.7,211911.94,213833.78,197843.24,199112.87,192669.0,166783.86,154707.59,165417.84,149533.31,137208.93,128029.55,144804.35,143462.42,142476.4,123637.42,122437.23,139167.97,133938.65,96830.0,105116.48,109244.74,113290.53,103563.4,117267.28,128990.82,141258.63,141711.06,152288.11,164545.26,172137.01,179342.24,166326.25,165170.08,181059.17,187694.89,197533.56,190594.83,197773.75,190826.07,197960.29,196767.68,193696.09,165959.48,146954.96,115666.41
GB0007973794,SERCO GROUP,GB,EUR,11727.23,10221.65,9799.77,10172.57,12140.27,12991.1,12504.56,14267.18,15157.31,15637.15,15937.95,16061.83,15035.86,15813.7,17238.55,18234.15,16786.54,16634.4,16391.03,16913.67,18392.88,18630.99,16034.64,16506.4,16750.19,16808.36,17122.26,18056.04,18180.23,16979.94,16968.43,16067.8,15297.68,16129.99,14842.92,14170.18,15420.65,17054.47,16863.23,17138.7,15720.72,16355.65,17572.96,17382.05,18307.28,17839.64,17135.75,16998.78,17184.27,16927.39,18833.56,19042.56,18354.56,18496.83,18803.79,16753.7,17605.55,17801.99,14842.97,16447.73,14290.35,15352.19,14196.22,11615.46,12607.1,12640.42,12351.34,10426.58,9474.13,9728.75,5607.72,5118.36,4736.82,7020.61,5163.66,5178.73,5296.29,4681.03,5073.76,4383.77,3893.39,3650.16,4195.64,3513.28,3053.84,3286.72,3716.07,3547.25,3921.0,3756.34,4005.38,4228.58,4282.51,4225.2,4191.47,4466.37,4569.73,3697.59,3643.02,3772.43,3865.21,3764.66,3691.19,3825.52,3901.95,3905.65,3245.42,3372.93,3181.64,3162.69,3120.88,3343.94,3118.12,3295.22,3345.15,3201.44,3216.96,3097.29,2886.84,3071.17
GB0007980591,BP,GB,EUR,61506.29,56254.12,59504.06,62950.54,73913.64,70581.47,73937.83,79077.96,80663.72,86036.49,87256.7,89656.42,87022.82,82758.71,88829.03,82747.03,67532.32,44817.37,59720.48,54947.22,63324.73,63948.61,62312.63,68468.75,72951.36,76271.58,68983.09,73132.2,73770.75,70465.29,72416.73,63334.08,58493.44,71917.72,70731.2,69852.29,72522.96,77577.26,72888.12,71268.11,60709.71,66103.11,66518.68,70798.59,71186.6,72127.69,70759.8,70637.92,75701.27,70125.28,72383.33,75240.95,75330.02,72462.9,72320.46,73377.74,74561.49,82443.72,84940.7,86962.52,84513.53,92004.89,87099.66,91746.44,92895.18,96935.4,89969.73,89179.88,81956.52,80086.02,74438.93,72493.0,72111.76,79501.84,74434.31,82947.5,80102.41,76951.98,71866.22,65673.52,59926.14,70684.75,69857.29,62851.75,64265.63,60332.95,61994.7,67443.8,65289.02,73543.61,71159.18,71644.43,74729.17,75496.12,74681.71,81921.76,77395.07,74763.68,75789.74,75834.96,81166.87,77487.47,79177.61,78561.6,87706.79,92795.04,91990.61,98244.81,99009.93,92352.78,94836.44,104530.78,109603.43,109124.15,107484.18,103099.37,111378.54,105058.05,97617.98,92935.28
GB0008025412,SIG,GB,EUR,408.96,435.55,431.92,682.54,541.46,464.36,579.27,656.7,633.41,562.94,507.71,519.52,527.01,500.7,494.54,579.41,494.54,436.66,454.85,410.86,434.15,520.78,496.55,578.28,670.22,605.42,641.74,669.2,718.95,628.92,603.94,485.98,415.11,448.77,380.15,377.88,455.19,538.24,542.96,494.96,382.84,445.86,432.51,457.35,469.47,500.15,536.51,583.2,620.54,627.43,713.18,748.08,803.72,770.8,827.36,812.15,903.2,999.86,1063.48,1058.78,974.14,1070.8,1012.86,989.14,1010.8,986.45,864.53,948.47,826.17,723.16,788.14,839.12,855.56,944.75,930.44,935.1,959.62,988.53,1022.93,905.48,824.37,652.73,665.75,670.06,603.56,614.58,664.34,641.72,631.49,486.21,452.85,529.7,488.42,443.09,366.03,418.81,424.77,457.75,457.1,508.62,653.79,641.8,725.46,763.05,793.6,767.08,769.68,799.75,774.29,669.02,635.57,659.09,595.75,628.59,542.73,575.87,563.55,493.59,471.79,481.47
GB0008085614,MORGAN SINDALL GROUP,GB,EUR,68367.1,67653.23,70506.89,82143.37,96088.61,102741.72,92651.09,105134.72,97589.71,85443.47,78361.71,88971.06,79088.79,77586.7,80092.18,83858.13,76715.64,74500.72,82917.52,90897.9,103640.56,106497.35,96266.06,109166.8,107644.27,105849.04,100194.52,120034.0,109515.92,104995.22,112020.34,106397.24,89972.51,93989.73,94485.7,97211.4,110434.87,113728.71,114171.1,119183.07,111017.3,102767.67,115599.72,109581.11,120589.8,119496.79,93086.37,93957.9,101153.83,91911.26,94495.5,100347.52,99159.59,106359.24,116962.45,120678.49,142130.71,148903.79,146930.45,146334.14,153473.04,148556.13,149052.96,159561.96,162703.6,174113.21,160947.35,166341.08,158605.22,133383.27,123838.01,116979.6,121763.89,134266.64,141280.32,148391.45,154969.99,160008.71,156265.66,155719.63,137860.95,144228.26,142510.94,136720.7,127136.43,136958.43,145487.16,150666.06,147929.34,112422.51,98231.19,123471.31,122961.45,114385.55,118929.22,120037.21,134850.11,161128.91,159384.99,182526.35,213059.25,214379.48,240392.28,215578.59,254997.84,258087.65,249964.68,259903.49,241541.95,228841.87,220902.1,237378.84,267429.92,261341.5,254602.95,262651.0,236234.52,211974.82,219163.88,187770.53
GB0008220112,SMITH (DS) DEAD - DELIST.04/02/25,GB,EUR,7254.13,6153.63,4451.93,7156.74,7312.43,6803.01,7723.82,9406.89,10896.6,12235.22,11629.12,12981.16,11240.48,11384.73,13159.34,13318.03,10846.67,11650.2,14432.78,13713.53,15503.02,17698.09,19095.47,20846.85,21496.77,21515.4,21203.88,24048.34,23085.62,26796.99,25707.43,22925.71,18580.57,23419.16,21459.31,21167.67,24631.13,26863.07,28575.3,27209.74,22009.5,23086.33,23484.46,25615.64,29976.75,35066.43,35357.63,33921.94,35835.23,37375.12,33887.21,37474.59,37943.78,38725.81,40586.77,41157.23,48133.51,51167.61,52669.19,57873.87,56821.2,62245.12,56938.74,56542.87,56613.57,50312.66,47058.22,50139.01,45893.1,46209.17,49214.5,54785.64,51934.77,61921.09,55917.28,59281.85,59757.11,66947.1,68923.11,66945.59,65799.96,67237.87,70277.19,65776.93,58357.63,61001.79,66617.44,63453.41,64269.83,58663.97,59154.51,60777.67,58012.7,56582.05,57060.73,58601.05,64768.28,64453.41,63081.12,65581.92,66304.43,72269.82,74774.07,75354.47,77687.44,82994.11,87685.5,84016.69,85872.86,79270.01,79190.95,87199.67,89177.63,83392.67,86110.7,83630.08,81240.1,66779.18,56703.06,50705.27
GB0008475088,ROBERT WALTERS,GB,EUR,122.01,103.09,82.02,128.44,147.66,183.61,190.55,186.7,255.6,227.44,190.92,265.57,272.5,237.72,263.83,274.5,231.24,223.12,273.25,292.32,289.08,427.3,385.44,402.66,390.1,418.63,375.18,406.22,385.93,381.57,428.23,292.2,271.94,266.5,231.18,202.77,254.19,294.95,315.27,334.15,257.53,269.82,240.65,246.89,259.69,264.07,263.36,259.06,280.17,266.36,279.61,296.88,295.47,277.75,299.28,368.4,441.13,441.04,434.45,435.78,477.35,506.76,443.22,454.98,450.47,449.32,451.96,446.01,421.65,397.2,375.0,414.6,432.6,473.04,459.5,503.42,544.92,553.08,612.85,598.67,543.36,508.17,475.6,463.11,408.56,369.76,387.63,425.76,425.22,308.16,354.33,383.2,417.48,376.03,384.8,376.85,415.56,447.7,486.71,524.64,506.67,499.81,566.66,598.18,683.89,751.25,732.52,720.33,849.14,837.8,868.29,895.16,817.12,852.13,904.69,877.24,821.89,691.62,603.11,649.24
GB0008481250,ME GROUP INTERNATIONAL,GB,EUR,13162.46,14526.34,20998.83,22337.86,21569.87,23427.32,30271.74,37026.44,47880.27,57396.73,55402.08,52115.81,46270.45,41374.49,47657.87,48417.0,42853.88,40609.24,59245.2,72593.6,101908.05,97844.04,87872.01,85622.21,75777.84,77654.69,61851.56,67873.56,78840.96,93634.12,91732.46,86297.94,72797.93,90733.32,73321.38,68414.86,69825.47,65995.65,67412.07,68136.85,59052.23,61085.41,53756.7,66279.03,74939.4,76682.45,86199.37,98260.21,99989.69,114273.77,115048.57,122247.78,122528.64,134451.74,143200.53,153146.85,185660.16,218728.82,236424.65,223369.02,236363.0,240165.11,234754.14,239880.9,243143.7,251453.33,256279.07,237679.09,227611.56,225475.22,239104.35,234528.33,216882.3,245851.45,232993.28,231729.39,229686.87,240989.08,257741.21,244014.04,258401.22,270247.96,255524.7,245320.68,241572.23,263061.68,281608.79,274093.05,260936.25,204137.66,230226.77,232233.55,225250.14,215370.04,205849.68,235956.39,225594.39,234729.29,229318.55,267038.77,254209.8,255014.5,255695.6,253354.99,276925.51,288921.89,306836.22,302732.73,315868.04,305381.33,280262.7,273197.0,181351.29,167151.93,181055.12,200048.89,201358.28,182761.8,180182.98,147351.66
GB0008706128,LLOYDS BANKING GROUP,GB,EUR,82.35,52.33,63.82,104.52,92.69,97.35,119.12,153.39,140.2,121.27,114.9,103.92,104.15,101.46,120.88,128.5,104.44,101.99,137.7,135.58,148.27,139.92,119.43,130.58,128.47,127.94,118.21,125.46,108.65,99.87,90.34,69.44,68.95,66.58,49.57,51.11,61.34,70.85,68.16,63.93,49.59,61.92,60.38,67.17,79.6,82.98,94.6,98.88,103.98,104.96,93.86,107.35,119.54,121.61,131.78,142.47,151.27,158.13,160.95,165.85,173.79,175.58,157.99,161.54,165.79,161.17,159.14,160.8,158.2,156.65,159.74,150.08,140.61,154.99,147.52,152.39,171.64,171.8,166.39,153.95,147.28,147.3,142.07,139.32,120.12,130.52,126.47,131.02,139.79,96.37,94.1,105.25,95.95,94.66,97.9,104.59,110.61,115.71,112.29,125.42,127.66,120.37,121.12,116.98,129.26,129.0,127.09,130.97,140.61,134.85,129.03,130.62,123.36,122.09,120.01,115.05,115.38,109.14,105.44,98.58
GB0008782301,TAYLOR WIMPEY,GB,EUR,1027.49,1193.21,1345.84,3017.35,3076.14,3288.83,3854.36,5071.63,4015.82,3637.71,3473.01,3744.76,3698.7,3230.88,3404.59,3701.89,2964.83,2350.98,2474.05,2369.28,2663.16,2125.4,2210.49,2940.94,3311.44,3833.83,3881.53,3868.89,3614.75,3615.78,3458.2,3221.59,3250.29,3555.39,3645.38,3474.18,3988.68,4731.94,4905.22,4901.35,3943.07,4501.44,4155.07,4907.63,5286.28,5934.47,5893.87,6448.29,6800.78,7421.81,8321.4,8768.77,9106.57,8797.78,9781.31,9334.71,9870.52,10748.33,10580.85,11211.22,11194.42,12717.37,11922.63,10818.49,11073.93,12052.23,11618.48,11792.16,11330.17,11736.41,13021.55,13312.81,12599.82,13836.09,14247.42,15954.4,18221.4,19015.02,19740.83,20196.49,19318.07,19948.07,19109.18,19527.84,17803.71,16927.55,17842.77,17723.58,19625.96,12165.5,14128.43,14578.4,13813.89,11938.61,12786.35,13089.04,14507.6,15457.4,16662.97,18063.68,18303.97,16751.74,18372.13,18909.38,19437.85,19633.02,19611.71,20706.43,20086.31,18992.28,19190.65,19827.01,20033.83,18701.24,18170.59,17222.23,17738.68,16580.49,13737.28,13942.76
GB0008794710,TELECOM PLUS,GB,EUR,3030.47,3109.16,2870.79,2889.47,2955.23,3129.67,3214.64,3283.97,3498.52,3466.37,3250.11,3407.06,3406.34,3247.07,3203.09,3383.97,3250.8,3593.82,4215.34,4187.75,4508.72,4598.11,4708.59,5349.52,5472.86,5740.64,5495.02,6112.39,6958.78,8017.27,8680.19,8547.74,8607.68,9178.55,9787.44,9321.36,8271.17,7604.36,8578.99,8612.03,8867.44,10368.87,9913.41,10483.43,10817.75,10837.25,11261.68,12068.42,12331.3,12129.33,12206.5,15248.87,16132.45,15200.96,16280.88,16964.83,16691.96,20183.35,25274.83,24086.0,25695.73,25307.32,24504.77,21475.86,21057.77,18782.57,19558.54,20166.75,18037.51,18827.22,16159.63,16657.02,13844.94,13657.26,10932.55,9977.47,10514.45,13179.63,16338.88,14776.83,14592.65,13999.18,14683.37,13889.16,12605.76,10422.58,11640.98,11999.85,13216.31,12256.1,12438.87,12364.61,12942.31,13022.05,14080.11,13335.09,14039.19,13783.53,13735.79,14840.68,15649.69,13767.9,14186.49,13176.76,13669.41,15199.26,15417.21,15549.38,15787.94,16484.08,16406.64,14263.44,13193.99,14228.11,13258.76,13061.09,13308.66,15267.85,17383.11,18190.15
GB0009067447,MOTHERCARE,GB,EUR,145.1,138.45,142.06,145.16,178.27,206.5,229.53,241.83,235.43,248.02,266.44,287.7,271.11,260.18,239.86,231.96,201.06,229.41,219.92,218.3,221.28,226.02,240.68,258.18,234.3,212.27,174.33,190.42,195.79,178.53,186.71,169.15,137.11,75.9,71.19,72.19,88.06,97.5,75.03,78.44,95.79,87.97,87.98,98.07,99.47,126.47,139.98,155.78,139.04,116.91,135.31,139.58,150.01,184.93,179.38,190.36,172.71,174.08,176.21,184.14,121.7,118.29,88.67,88.97,86.6,115.49,114.75,117.93,122.8,100.47,102.85,97.92,96.75,105.37,109.88,122.29,139.09,152.39,151.9,137.71,120.27,131.22,120.74,116.37,106.65,98.77,93.88,64.0,73.13,65.24,65.28,59.46,55.24,46.99,48.98,50.11,51.47,48.34,52.17,58.27,56.17,53.72,48.14,45.9,48.15,46.23,34.13,32.16,22.81,14.02,8.61,9.05,14.71,14.13,11.91,15.11,11.47,10.74,8.85,8.8
GB0009123323,ULTRA ELECTRONICS DEAD - DELIST.02/08/22,GB,EUR,864.56,812.09,806.29,925.59,930.3,941.45,991.21,1083.66,1131.04,1149.14,1076.43,1173.58,1076.46,1066.97,1203.42,1271.98,1223.77,1232.84,1355.18,1383.91,1448.69,1605.26,1361.15,1432.6,1542.55,1506.71,1489.22,1576.9,1522.78,1507.27,1412.69,1339.39,1293.47,1417.69,1253.0,1267.25,1333.79,1485.91,1541.73,1532.67,1435.48,1395.11,1290.02,1378.42,1406.84,1541.02,1476.85,1528.21,1473.54,1451.11,1475.61,1475.56,1531.43,1492.82,1581.91,1659.99,1769.64,1797.48,1735.06,1847.28,1861.52,1866.23,1726.34,1685.26,1826.09,1876.57,1762.51,1757.19,1701.84,1654.82,1623.57,1663.66,1557.07,1648.88,1502.07,1610.42,1686.61,1682.27,1643.79,1644.17,1578.76,1581.47,1819.86,1772.03,1644.15,1520.32,1578.49,1603.53,1563.47,1441.76,1408.08,1371.95,1439.66,1417.97,1580.71,1499.21,1452.52,1513.71,1619.56,1719.28,1748.36,1689.88,1756.15,1526.23,1544.46,1550.79,1107.6,1166.63,1389.37,1402.64,1242.13,1272.92,1408.81,1429.87,1421.52,1381.7,1371.59,1216.98,1221.13,1096.62
GB0009223206,SMITH & NEPHEW,GB,EUR,73429.07,72487.07,63265.05,73617.03,74860.9,76538.37,81506.28,88300.09,92686.12,92686.53,98681.19,107434.5,105522.74,106668.85,103600.7,109041.25,95503.01,99751.96,91110.06,87395.75,95972.95,92722.08,95829.38,111886.83,117427.75,122249.0,119039.61,116900.96,118780.35,113804.11,112160.07,108564.43,96643.83,98863.32,98106.72,104365.04,104194.48,105989.96,108668.65,106888.6,101229.75,108519.0,111125.52,114981.11,119787.64,115598.05,115434.25,120997.63,126179.36,117564.68,126419.58,127056.08,130000.93,123899.49,132187.09,128945.51,138768.53,143536.84,149743.59,159855.14,161383.07,178748.04,169877.54,176090.44,198987.28,201485.44,196456.72,196452.96,191216.96,193109.86,198508.33,211535.15,204269.25,209303.14,193935.16,198133.54,204314.81,194962.84,214164.37,206460.81,201591.39,199219.2,196799.57,206910.94,191550.86,189969.82,191751.06,199013.95,200473.79,199049.38,193949.62,189165.24,189909.79,171139.52,166844.06,178770.7,176354.03,178562.17,182304.16,196993.14,209568.03,206350.26,208641.96,215821.4,216833.21,227775.13,214046.53,210312.02,217824.66,210971.16,225374.31,234959.53,222521.42,225541.53,211666.76,215606.98,223013.08,200392.82,223907.67,229621.02
GB0009286963,VP,GB,EUR,9233.63,9597.05,11377.11,11112.75,12976.04,13883.1,14701.85,18289.42,16002.0,15976.88,15486.79,16721.92,15063.48,15060.03,15970.9,17576.7,15297.59,15751.91,14812.83,15025.65,15652.09,16171.04,15751.79,22727.98,24140.63,23360.65,23220.03,24521.47,23640.01,24493.29,24436.17,24108.44,23263.74,22254.28,20683.24,22582.77,22930.79,25430.79,26003.1,27633.91,24949.98,27248.26,32243.32,31856.46,34812.28,35292.92,36226.01,37417.44,33998.73,34407.68,34902.37,35461.76,35356.35,37301.48,42338.64,46115.55,54769.27,54776.81,61293.65,76075.92,76338.06,76860.62,72954.7,74473.46,73198.58,81309.11,75736.48,75169.43,69204.32,66110.1,67674.85,68801.58,63620.17,70154.33,69066.63,70792.35,74038.5,86605.02,87104.77,82652.94,80643.73,81890.25,81434.95,79762.15,70930.03,67372.14,68447.71,76104.05,76665.95,60767.93,69421.28,68769.43,67203.17,62848.0,68547.54,70177.53,74721.66,76864.27,75613.38,80825.04,81943.97,85826.93,84701.73,80302.02,84727.35,80347.02,92835.8,90660.96,95359.62,88195.88,90861.89,93411.69,94908.82,105546.28,114538.93,113491.11,110577.12,99669.3,97049.33,98080.31
GB0009292243,VICTREX,GB,EUR,499.12,567.12,602.63,658.56,747.37,773.55,902.62,962.2,1019.68,1047.48,1085.35,1092.26,1091.87,1125.22,1134.69,1313.37,1301.01,1398.43,1632.46,1412.93,1717.97,1763.54,1591.41,1983.81,1970.7,1909.26,1945.01,2208.27,2232.4,2176.36,2164.41,1911.5,1538.78,1852.58,1668.73,1539.33,1821.19,1950.01,1985.68,2170.6,1973.78,1847.26,1842.42,1975.2,1978.17,2127.34,2284.06,2438.63,2253.67,2324.38,2379.62,2358.28,2436.05,2225.01,2175.08,2304.59,2457.22,2518.71,2522.87,2890.82,2782.59,3098.06,3238.34,3038.28,2927.3,2831.89,2635.2,2808.75,2533.54,2637.25,2747.65,3159.05,3009.24,2959.06,2819.9,3079.51,3226.37,3093.01,3078.55,2814.75,2735.16,2911.45,2968.12,2709.45,2237.58,2257.76,2472.59,2140.84,2192.43,2125.7,2065.12,2097.77,2143.51,2249.77,2254.95,2511.01,2515.59,2549.69,2547.34,2657.74,2672.75,2629.86,2804.3,2832.69,3433.03,3436.67,3511.95,3851.23,3916.54,4024.21,4059.15,4069.31,4234.21,4355.07,4683.4,4661.16,4930.49,3835.91,3538.6,3298.67
GB0009465807,WEIR GROUP,GB,EUR,18798.13,19308.3,23151.74,28883.12,33278.71,30577.99,36412.31,42411.84,43547.76,46766.78,45431.93,46894.72,50327.19,48122.69,57403.5,61331.13,55583.82,63888.3,75648.34,76389.71,92339.62,102980.67,112028.69,115214.81,104892.38,115254.75,114712.55,132672.78,137286.89,142769.03,145631.68,131249.5,100886.49,130150.79,136138.98,132691.89,129631.06,141360.29,118426.61,116335.45,101388.57,102381.87,110629.73,110660.5,121804.02,120277.74,129816.03,130900.58,134809.95,152490.51,147269.6,147014.66,153567.66,141765.17,141572.58,146201.27,163960.51,158029.37,153048.87,154026.9,150112.4,187648.37,184419.77,200575.15,194059.85,197744.4,191375.47,193972.84,179110.53,162337.55,130578.68,128279.2,112146.19,117042.68,112232.46,130389.77,139390.43,120450.9,108247.93,97455.33,79985.1,75187.55,82556.13,67249.63,55984.44,60724.41,72662.28,82124.3,81529.35,89993.85,90869.92,92207.73,104135.94,97874.94,106522.76,110128.46,118952.13,110497.58,113039.67,123279.8,112200.73,107611.69,115717.83,110696.95,127216.67,125148.79,128158.59,138583.05,151583.9,135370.02,135012.1,143857.56,142558.54,129113.97,124979.39,119133.0,112417.46,100068.36,92867.17,81631.12
GB0009633180,DECHRA PHARMACEUTICALS DEAD - DELIST.17/01/24,GB,EUR,589.5,582.47,581.41,582.0,638.44,675.21,700.24,678.58,664.51,734.64,728.5,782.01,756.11,681.8,624.17,698.13,600.02,571.11,644.42,645.36,734.35,840.18,787.36,786.83,821.07,829.67,819.43,810.44,816.42,797.55,780.98,735.53,774.66,800.62,847.65,829.58,853.73,895.44,809.95,857.06,836.12,871.77,877.66,894.28,1075.75,1136.81,1084.51,1133.91,1140.9,1233.16,1327.74,1303.73,1209.83,1220.93,1208.02,1232.61,1356.5,1293.3,1320.78,1376.6,1364.02,1392.89,1326.64,1387.92,1388.7,1473.66,1395.76,1434.31,1463.84,1444.61,1506.49,1576.27,1570.02,1741.56,1816.33,1910.14,1907.84,1878.39,1866.66,1776.21,1728.19,1841.51,1819.88,1981.32,1741.11,1960.79,2142.28,2002.37,2117.24,1936.32,2182.4,2104.25,2236.36,2048.93,1986.07,2073.68,2285.6,2499.83,2621.54,2738.24,3142.97,2765.51,2930.65,3087.1,3427.71,3444.96,3767.83,3577.57,4306.31,4377.61,4664.95,4779.01,4701.16,4647.72,4956.41,5131.46,3594.0,3727.2,3516.67,3364.06
GB0009697037,BABCOCK INTERNATIONAL,GB,EUR,546.81,485.32,461.45,485.1,558.72,593.75,598.44,616.12,697.21,766.6,783.36,743.98,695.51,619.6,706.47,692.17,644.12,705.65,685.46,613.79,709.63,732.62,640.41,713.08,737.18,727.82,793.99,852.13,905.22,911.76,900.76,832.56,835.19,925.12,927.04,937.59,944.28,986.68,1043.87,1106.88,1073.13,1098.06,1124.87,1244.61,1251.83,1317.64,1335.56,1320.87,1385.07,1370.81,1390.43,1401.6,1480.15,1407.98,1526.85,1508.87,1660.09,1755.75,1839.26,1934.03,1968.65,2124.44,1935.26,1970.58,1990.3,1941.96,1837.49,1845.36,1754.76,1736.46,1764.97,1643.55,1505.29,1555.04,1456.05,1544.81,1710.3,1692.19,1567.38,1509.73,1400.21,1508.19,1633.17,1526.16,1322.78,1299.56,1390.85,1414.57,1538.26,1259.2,1341.19,1426.67,1400.13,1257.46,1242.58,1234.83,1178.11,1237.05,1156.52,1219.63,1263.02,1228.67,1196.04,1124.71,1192.67,1158.38,1013.57,1038.18,1058.94,974.88,1018.42,1100.12,1203.21,1205.04,1046.2,1034.89,1052.28,871.62,808.84,704.96
GB0009895292,ASTRAZENECA,GB,EUR,947.99,818.01,898.88,904.24,1060.36,1125.26,1188.98,1199.26,1161.93,1171.05,1155.27,1217.75,1208.99,1180.57,1198.94,1189.23,1133.75,1275.04,1363.76,1352.37,1388.96,1363.91,1271.66,1247.07,1323.2,1379.85,1299.5,1412.18,1480.94,1412.91,1381.88,1371.35,1288.65,1390.15,1333.72,1333.55,1390.29,1349.03,1335.59,1318.58,1212.07,1346.01,1407.51,1429.72,1462.69,1421.02,1457.34,1449.71,1483.73,1451.55,1599.39,1660.73,1639.75,1508.22,1614.05,1597.34,1691.93,1727.37,1870.03,1923.63,2060.42,2287.24,2159.76,2631.86,2401.12,2480.21,2451.21,2568.01,2437.89,2461.11,2534.52,2404.99,2411.88,2403.63,2390.02,2404.62,2321.87,2199.54,2345.93,2234.86,2233.94,2260.78,2390.42,2399.82,2245.08,2083.31,2041.65,2094.45,2133.99,2173.57,2439.55,2371.69,2397.83,2066.31,1912.45,2022.68,1946.42,2203.4,2342.12,2287.57,2576.23,2543.16,2296.64,2265.89,2574.36,2587.67,2504.08,2682.62,2690.91,2620.83,2735.63,2799.85,2897.33,2762.66,3064.67,3034.92,3133.24,3083.95,3144.78,3013.89
GB0030181522,TRIBAL GROUP,GB,EUR,92.21,102.99,94.35,92.77,100.69,99.17,90.57,104.69,113.43,79.69,76.72,88.41,94.56,102.83,83.58,80.8,68.7,66.05,72.9,85.17,95.3,74.94,42.38,55.33,52.98,51.34,44.53,60.05,52.42,62.31,60.55,61.0,57.22,57.56,50.6,52.26,78.3,94.74,94.45,93.79,109.78,107.11,101.49,112.81,121.49,119.32,123.09,130.9,158.74,140.97,174.94,178.09,196.06,209.04,230.14,238.48,251.89,237.85,225.37,222.64,231.3,261.66,263.27,266.31,232.43,246.85,220.6,235.8,220.35,200.55,203.18,199.81,193.66,225.14,174.26,180.7,182.47,199.67,201.25,165.6,143.81,102.33,78.45,28.58,28.37,44.48,58.94,73.98,87.39,76.14,83.25,81.57,81.82,76.73,78.87,80.43,103.6,108.93,113.32,133.58,132.38,117.17,107.08,104.66,123.46,121.46,123.81,122.78,127.67,123.7,127.52,123.66,122.3,123.44,129.65,128.32,131.11,123.97,117.56,110.4
GB0030232317,PAGEGROUP,GB,EUR,210.01,205.01,175.59,272.65,281.13,266.42,339.69,376.93,366.61,363.73,376.86,419.17,424.72,387.04,415.67,448.38,373.75,386.82,421.11,422.85,507.06,526.07,518.42,606.79,600.08,584.37,575.35,642.94,620.78,606.64,581.43,448.51,409.46,462.22,430.78,386.33,437.61,516.42,546.58,480.98,396.94,424.84,417.13,417.0,420.07,424.51,417.49,469.44,472.01,476.44,468.27,423.99,433.9,418.51,503.46,532.57,597.06,583.08,582.71,605.31,547.96,636.32,612.79,591.57,585.7,561.0,549.43,576.12,520.53,476.75,495.15,492.64,536.85,595.07,593.82,628.87,644.88,666.47,664.94,606.32,580.8,618.15,619.19,577.42,466.21,416.88,496.23,481.7,476.97,327.83,370.65,375.13,370.68,376.27,393.0,409.55,460.66,448.78,454.15,549.05,524.7,533.44,557.23,567.77,596.26,554.38,569.1,565.03,690.51,660.44,671.77,660.82,639.66,674.78,712.07,718.53,695.96,598.47,592.37,535.69
GB0030329360,WINCANTON DEAD - DELIST.30/04/24,GB,EUR,142.57,112.76,151.19,152.49,172.17,205.76,211.07,238.57,257.52,248.01,244.69,227.56,249.22,203.4,212.43,250.31,231.03,247.78,270.8,260.43,265.02,277.03,195.02,204.21,179.21,170.09,139.69,131.6,116.6,141.41,131.05,124.5,93.42,87.72,72.21,72.81,98.18,99.39,83.54,62.08,43.56,48.5,46.98,64.89,67.79,81.82,87.7,85.3,80.82,68.27,49.8,61.84,80.69,72.48,85.52,100.88,122.0,153.25,151.65,156.44,175.56,167.4,139.97,149.99,148.69,176.24,184.14,175.54,165.58,177.49,186.07,189.35,199.28,199.84,176.1,179.42,193.6,214.57,217.87,211.27,233.06,233.57,225.68,215.73,178.11,171.33,181.01,184.48,175.12,185.89,186.21,197.62,206.06,181.15,219.7,238.32,243.14,262.45,256.37,279.95,311.74,254.6,272.66,246.55,254.28,266.9,263.9,259.38,259.63,256.05,250.4,265.5,299.34,279.78,295.98,256.88,241.93,221.03,269.76,262.31
GB0030913577,BT GROUP,GB,EUR,569.64,486.94,422.19,524.65,530.85,629.61,790.86,856.53,789.51,821.84,873.69,841.67,851.27,675.35,725.61,748.74,712.41,751.48,859.8,816.75,880.17,980.41,1056.27,1144.03,1136.1,1197.7,1202.38,1319.9,1335.75,1307.43,1333.47,1162.79,1126.75,1264.26,1244.36,1252.47,1355.71,1449.94,1527.1,1445.11,1340.49,1399.78,1437.33,1496.62,1613.15,1482.44,1620.44,1647.23,1728.3,1781.85,1851.02,1885.0,2008.37,2056.39,2264.91,2250.2,2479.5,2708.47,2730.0,2835.33,2842.33,3098.75,2854.74,2807.58,3004.65,2969.52,2959.51,2958.99,2833.2,2706.85,2957.53,2909.96,2917.42,3273.44,3022.31,3255.48,3168.41,3291.06,3368.9,3185.08,3009.62,3400.53,3538.61,3323.08,3287.33,3240.62,3026.22,3103.23,3080.54,2619.73,2623.16,2476.72,2473.66,2246.65,2183.82,2248.07,1895.57,2018.4,1973.02,1955.06,1981.56,1898.51,2049.44,1935.23,1955.4,1774.54,1812.36,1920.03,1898.72,1727.0,1668.08,1795.84,1425.1,1502.98,1600.95,1544.61,1606.41,1680.55,1827.76,1690.84
GB0031274896,MARKS & SPENCER GROUP,GB,EUR,11603.27,12961.5,14782.15,17488.89,16457.02,18140.97,20634.42,19936.22,20847.65,20323.33,23139.84,23719.67,20421.98,18362.21,20512.87,20497.47,18777.43,18633.49,20246.02,19966.61,22956.31,25649.91,22132.92,22035.9,21780.3,21490.25,20586.03,24684.5,25043.23,22749.23,22281.77,20569.72,19215.52,20371.98,20751.02,19312.03,20605.9,23169.82,24195.63,23163.44,21043.43,21029.91,21570.14,23446.05,23769.87,26173.87,26248.97,26057.5,25242.62,23633.26,24831.71,26666.19,30621.28,28018.27,31309.52,31296.43,34492.72,34695.57,34649.13,31120.65,33614.1,36649.75,32694.05,32350.97,33523.27,32347.02,32314.91,31765.43,29183.13,28949.19,34498.19,33666.35,32807.36,35158.33,35814.61,38357.21,40910.38,38764.6,39037.97,36883.77,34898.23,36433.57,35244.08,31068.32,28030.11,27609.49,27202.85,28906.02,25750.15,20769.19,20666.64,22008.16,20967.15,20266.0,20424.09,21508.25,20991.78,20719.87,20957.42,23587.65,24557.42,22213.97,21794.9,21130.34,24327.88,23445.79,22240.6,22332.27,22476.69,21366.08,19883.81,20787.52,20655.1,21294.65,22082.43,21425.76,20584.31,20672.0,20891.24,17611.9
GB0031348658,BARCLAYS,GB,EUR,15001.73,13056.27,20804.86,40908.98,47049.07,45707.91,49151.21,60779.13,58035.84,52054.25,47201.43,43848.84,42651.62,47031.87,54029.94,51183.14,43956.69,40136.57,51681.47,46231.95,46963.21,43672.64,39826.86,40898.85,46975.15,52346.32,44765.85,47378.34,45979.12,41573.16,36962.31,28244.89,25535.18,32025.13,28968.37,27956.97,34273.4,40493.15,38889.0,36668.11,28206.51,26550.63,27361.44,30424.71,36265.23,38311.3,41385.44,44773.88,50094.82,49453.23,46915.5,47245.67,51735.52,44972.55,46478.89,46840.63,49739.71,48993.44,51689.63,52312.07,52012.75,49738.98,45810.42,50135.79,48970.44,43007.39,45039.61,44261.79,43783.89,45744.73,45780.07,45274.52,41934.76,47341.72,43535.8,47427.44,50005.86,49724.5,54727.19,48977.78,45045.54,43641.72,41102.75,39470.03,32277.2,29332.31,26952.3,31407.2,33189.01,23162.57,25652.29,28375.28,27416.41,29223.23,33936.25,34728.42,34726.42,35451.73,35712.43,34839.82,34395.89,33414.19,33955.05,31394.61,33073.21,31482.62,33394.92,35032.74,36249.97,37505.32,37282.17,36738.75,33778.79,32114.67,32745.27,29774.87,29206.88,28737.78,27095.86,24994.57
GB0031638363,INTERTEK GROUP,GB,EUR,341.81,328.03,352.57,420.26,469.44,483.21,484.57,554.32,570.96,581.96,540.85,573.8,548.96,552.59,626.18,645.29,584.97,618.84,707.95,741.89,826.62,850.14,813.84,800.59,801.51,845.29,939.26,1021.08,970.15,921.04,914.04,955.9,840.25,964.48,884.74,924.66,974.44,1081.23,1172.99,1194.05,1190.27,1236.04,1263.39,1318.71,1304.95,1345.64,1467.31,1492.56,1460.48,1501.75,1526.54,1525.49,1456.72,1324.94,1370.58,1480.3,1599.53,1607.2,1493.58,1565.37,1397.35,1479.74,1537.63,1473.21,1485.24,1426.33,1313.58,1411.58,1289.37,1329.5,1116.38,1111.06,1051.4,1193.67,1132.12,1225.46,1179.94,1191.29,1180.61,1205.9,1138.5,1262.04,1324.75,1274.17,1249.69,1267.66,1417.03,1485.29,1436.42,1463.11,1514.13,1456.93,1433.73,1320.11,1299.94,1360.68,1349.98,1388.42,1556.17,1664.08,1773.87,1750.82,1812.36,2104.59,2146.55,2313.56,2273.56,2254.68,2294.37,2173.94,2109.69,2167.85,2357.66,2446.22,2500.21,2163.03,2110.16,1954.73,1955.65,1994.94
GB0031743007,BURBERRY GROUP,GB,EUR,178.07,178.83,197.15,293.7,301.11,340.08,379.94,392.59,401.19,442.64,466.03,481.91,493.85,477.2,543.13,516.61,502.76,570.92,669.57,663.72,832.63,827.73,788.07,897.99,877.82,995.13,960.28,1102.2,1107.82,1187.88,1264.36,1155.93,942.88,1115.93,1029.81,955.05,1098.25,1169.75,1240.4,1250.55,1091.14,1077.75,1032.68,1129.53,849.59,987.33,1084.11,1054.16,1138.05,1104.85,1067.46,1099.9,1165.26,1083.88,1245.77,1274.45,1421.15,1324.49,1343.38,1356.66,1285.79,1395.35,1256.59,1354.83,1389.35,1370.08,1310.36,1295.36,1344.56,1344.46,1418.35,1408.42,1433.74,1597.28,1420.41,1479.73,1428.05,1364.13,1408.96,1217.76,1162.8,1150.9,1051.65,996.7,959.24,1040.98,1110.22,985.64,884.6,877.51,1014.64,988.76,1037.08,1042.59,1033.65,1078.56,1203.05,1252.35,1256.98,1217.53,1366.19,1258.02,1338.29,1373.78,1400.95,1498.52,1378.14,1447.24,1340.55,1261.45,1420.39,1499.46,1643.65,1726.65,1673.44,1759.64,1590.97,1401.06,1372.38,1346.92
GB0032089863,NEXT,GB,EUR,110536.22,108539.81,123621.39,157819.39,156731.98,161605.87,188821.16,178549.87,191453.39,197649.29,218633.08,226785.27,212396.9,192452.66,221313.49,236838.5,208483.73,207447.19,232394.04,210028.28,241011.61,252143.3,218646.67,215984.64,221188.28,224492.47,221689.77,260621.31,267279.13,267019.19,278886.36,274887.84,282161.66,295130.43,304794.52,307461.21,298739.69,319963.5,344507.59,343797.03,336989.91,369892.75,371813.58,418613.44,410703.87,423527.13,436286.32,448308.66,478407.22,473954.28,492966.62,504476.98,520725.84,522515.02,571792.9,572204.13,631580.11,661196.45,684832.1,686770.89,787771.63,865638.49,843883.28,850723.25,860633.56,855508.7,903054.56,930962.99,846002.52,814663.07,838283.14,846406.15,871151.96,928596.08,836066.74,913241.06,927796.83,947320.49,1030033.92,1009464.88,952284.59,1028646.55,992578.07,900886.92,831023.14,797571.81,656606.4,630177.24,669846.05,557541.61,576854.14,625653.47,536418.06,508389.45,529763.06,538166.97,421157.71,416245.11,472150.78,492223.93,497433.71,442658.11,478460.3,488836.91,648399.79,605643.25,561662.11,574078.7,685543.77,633450.24,632038.29,685380.39,730674.04,756211.8,750439.81,688958.96,690484.34,640846.26,602659.91,495608.16
GB0033195214,KINGFISHER,GB,EUR,3369.95,3029.93,3605.75,4634.01,4881.27,5010.47,6035.41,5904.02,5826.55,6362.05,6719.33,6383.27,5872.14,5649.93,5613.8,6605.28,5696.5,5537.91,5909.56,5508.46,6468.14,6719.34,6468.07,7288.38,7133.72,7312.93,6966.25,8091.82,8507.3,7722.81,7467.72,6932.56,6969.15,7602.34,7313.4,7087.91,7340.67,8259.16,8914.71,8581.77,8069.34,8380.42,7771.54,8138.29,7931.57,8771.2,8378.87,8684.8,8041.46,7907.49,8218.51,9164.44,10049.15,9977.49,11557.88,11422.22,11985.5,11731.43,11910.38,12324.64,11749.37,12771.96,13589.25,13655.9,12929.69,12212.67,10097.1,10034.76,10447.01,9730.78,9824.34,10675.2,10352.02,11354.1,11360.36,10854.87,11572.87,11195.67,11537.43,11229.21,11133.98,11278.31,11002.11,10044.07,9566.8,9635.21,11197.72,11024.94,11266.43,9087.98,9412.35,10245.52,10320.64,9379.18,9380.28,9203.49,8993.52,8710.37,8670.3,9388.66,9117.84,8485.77,8432.07,8367.44,8700.59,9116.36,9928.95,10042.67,10836.65,10829.65,9010.99,9189.31,9158.25,8842.54,8776.73,8016.43,7587.14,7434.53,7286.78,6037.13
GB0033986497,ITV,GB,EUR,5319.2,4732.99,3653.8,6361.77,8383.46,7733.23,8952.61,10655.4,9477.85,9454.19,11460.26,11341.94,12146.7,11029.64,12363.51,13810.41,10896.85,10106.45,10862.97,11547.08,12611.02,14639.82,13925.96,14714.37,16697.61,19028.71,16634.85,17018.49,15689.87,15400.74,15405.2,13380.3,12393.82,13870.38,13752.12,14302.14,15960.97,18540.85,19062.15,18353.89,15367.38,16454.74,16201.38,18121.02,19550.71,19273.63,21908.99,23636.86,25158.32,26059.5,27159.52,27085.33,28745.48,30730.99,36966.64,36824.01,41055.82,44611.61,45270.46,46737.12,46973.54,49215.93,46438.46,46273.16,45991.45,45878.52,53053.71,52813.12,50723.85,49242.61,50861.7,50877.29,50099.04,52791.98,56923.94,61315.81,65374.4,65150.34,68916.94,60542.92,58626.77,61790.2,64664.04,64623.54,59990.96,54917.37,54953.48,55561.7,52655.76,40458.88,43828.38,44270.9,40955.7,35548.27,35844.68,43553.09,43656.88,43032.71,46744.0,48556.37,45151.96,42112.01,40761.78,36524.21,41889.79,39625.86,39263.2,40586.72,43078.67,39990.15,36681.01,39289.39,40697.97,43210.94,40675.08,39276.13,38719.26,36440.34,35471.49,30445.12
GB00B00FPT80,CHESNARA,GB,EUR,235.62,234.33,246.3,276.33,324.79,333.98,356.94,384.86,387.73,430.93,449.64,454.03,479.26,461.34,510.81,514.38,439.33,515.08,504.02,525.1,522.58,532.66,502.11,566.08,625.86,629.91,605.41,677.8,646.48,621.58,608.62,560.08,531.48,516.85,427.34,449.09,457.31,449.14,491.26,497.9,429.03,478.18,447.65,514.69,560.55,541.89,557.05,563.54,615.15,632.59,640.98,700.57,730.92,713.37,736.6,763.23,838.54,903.04,933.33,1025.79,1091.42,1135.52,985.21,1110.1,1089.34,1093.39,1044.24,1100.1,1169.63,1120.13,1040.76,1075.06,1072.15,1143.25,1035.59,1034.16,1046.14,1074.89,1110.85,1163.57,1092.03,1078.66,1056.19,1057.84,989.97,979.31,1016.18,996.75,1004.94,818.78,924.83,988.87,975.2,882.59,987.23,1026.23,1029.86,993.18,1022.18,1163.45,1152.59,1181.09,1184.8,1207.21,1264.63,1222.35,1216.88,1262.97,1331.07,1301.23,1308.02,1375.89,1263.6,1178.82,1299.04,1211.81,1163.95,1105.13,1135.61,1106.35
GB00B012BV22,MARSHALLS,GB,EUR,10385.94,10194.81,14603.62,17117.82,17425.09,16500.87,18887.24,23804.72,23313.24,18657.35,18965.32,16503.11,16375.89,15015.58,16042.87,18689.29,16661.47,14890.7,17372.97,17996.22,21073.79,21590.88,20104.0,20554.54,22885.4,23595.76,22902.54,25451.37,23774.77,22190.79,23113.16,20770.66,19821.66,18278.43,19156.9,18519.85,19376.69,20614.05,20723.12,19939.07,16973.67,19211.25,17582.84,18422.46,19115.98,20189.65,22434.08,22129.77,24241.06,22864.58,26503.05,27654.38,29849.18,28706.85,33142.46,32765.3,41427.64,40400.28,41250.29,42187.37,41980.09,44624.16,42645.7,43254.11,40906.73,43398.55,40048.78,46196.0,48025.02,47455.45,53630.88,54385.8,54736.08,56091.08,61514.7,61961.85,68975.52,74082.87,75392.98,77789.04,81598.67,81326.85,75264.46,72798.5,66289.62,62245.61,77762.19,71507.95,72088.76,49346.93,56554.35,64001.21,57509.64,52482.55,57627.92,56702.93,57042.34,58100.12,69211.63,78042.5,83483.72,78197.37,81121.91,90665.32,93906.13,102369.39,95178.54,99512.25,95802.59,92869.47,94868.71,95464.03,92313.3,89343.93,94208.04,97269.75,89718.44,92050.24,92130.66,99130.63
GB00B012TP20,HALFORDS GROUP,GB,EUR,167.94,173.01,195.18,229.92,243.07,247.37,278.42,265.45,271.84,311.35,325.9,315.8,298.37,338.58,351.02,380.82,349.25,369.07,379.48,374.57,351.5,341.09,320.87,366.88,333.37,323.18,286.2,337.74,338.19,316.91,281.69,265.56,242.06,280.77,275.92,245.42,275.07,276.53,271.17,244.1,203.45,196.44,187.69,217.32,245.42,324.72,318.91,322.55,322.36,285.53,292.52,320.36,297.76,287.29,343.34,343.96,391.51,417.92,491.4,459.1,468.32,490.68,478.49,464.59,507.59,502.44,513.29,501.75,487.22,502.3,474.13,469.28,427.37,440.74,438.41,447.93,470.99,532.19,544.06,523.83,457.29,439.09,366.86,328.76,357.62,369.14,378.61,411.21,424.54,285.82,311.24,312.89,312.92,284.55,293.94,315.3,326.64,303.18,318.11,346.85,336.37,318.61,315.05,308.98,349.21,325.93,345.2,358.78,365.55,368.98,345.75,394.46,339.64,346.37,335.74,335.12,323.15,308.63,291.59,260.03
GB00B019KW72,SAINSBURY J,GB,EUR,16230.7,15191.28,15167.52,16556.89,17407.03,17934.86,18314.22,18469.36,18085.34,18920.45,18599.25,18392.71,18273.48,17709.58,17496.04,18231.28,17097.69,17469.61,19544.04,20385.35,22360.75,22605.83,20354.53,21648.11,22453.31,22710.6,19748.97,21346.55,21557.91,20041.8,18917.92,18506.05,16223.5,18296.29,18391.66,18107.22,17506.12,18329.65,19132.06,19232.22,17716.78,18887.51,20238.57,20789.82,22419.93,22824.88,22179.39,22739.41,21253.67,21277.95,23297.74,24044.05,23729.09,22533.48,24951.81,24877.4,26510.58,26502.59,28249.64,25590.79,23994.66,24304.54,22308.17,23995.52,25497.2,23693.25,23201.84,21174.77,17907.23,17250.36,16364.64,17222.06,17173.63,18812.66,17227.23,18721.12,17712.61,19249.29,19071.17,17220.97,18239.5,18981.28,17904.14,17876.04,16293.4,16614.76,18610.89,19833.27,18902.03,15019.92,14403.93,15222.2,15443.4,14816.06,14170.86,15125.17,15931.23,16350.41,16227.29,17494.32,18254.86,16452.74,16240.71,15277.04,16061.87,16205.26,16038.18,16669.18,18313.69,18201.26,17085.58,21707.15,21602.31,22134.56,22389.18,21994.39,21903.8,20755.09,20517.93,17794.91
GB00B01QGK86,NCC GROUP,GB,EUR,313.85,294.18,251.96,302.34,337.12,341.19,357.52,383.35,428.76,420.33,415.86,409.72,430.75,364.64,363.32,385.59,362.04,381.7,429.05,437.88,457.55,502.44,506.75,566.34,646.14,586.97,597.49,638.21,594.53,650.81,761.72,755.41,696.73,714.36,713.93,865.99,911.29,944.49,965.58,966.09,790.64,840.98,880.6,966.89,1018.12,985.63,909.68,1012.5,911.29,911.44,879.01,722.06,684.69,714.54,799.82,883.54,1000.9,1098.49,1140.48,1277.44,1378.15,1537.06,1310.64,1336.32,1271.19,1369.31,1490.08,1494.23,1346.93,1336.02,1364.22,1359.95,1450.62,1500.87,1240.74,1366.32,1379.49,1446.9,1567.1,1529.39,1790.53,1838.9,1876.4,1912.16,1947.6,1766.28,1564.37,1669.51,1825.76,1532.23,1875.43,1832.36,1997.7,1014.84,1030.31,979.68,1030.37,649.18,735.26,815.05,944.56,940.36,1130.72,1077.53,1305.9,1373.17,1348.01,1422.38,1294.68,1240.71,1195.19,1226.54,1281.39,1224.73,1305.96,1295.19,1199.0,1154.84,1101.56,1026.38
GB00B02J6398,ADMIRAL GROUP,GB,EUR,560.97,527.46,529.49,584.27,617.13,638.7,706.9,776.67,824.9,773.36,795.45,877.16,829.4,862.41,936.72,941.63,876.83,986.16,1060.88,1094.3,1228.16,1244.15,1136.06,1132.4,1256.39,1311.52,1189.22,1347.33,1382.08,1299.56,1239.15,1083.14,987.26,954.91,728.04,664.41,745.12,863.3,951.65,986.75,827.39,967.3,885.22,974.64,916.12,961.73,966.22,1015.9,1044.68,1023.11,1089.71,1074.18,1133.0,1124.13,1188.0,1089.49,1159.67,1193.42,1182.54,1260.13,1379.24,1396.7,1382.67,1420.62,1471.77,1593.92,1480.36,1334.27,1301.83,1336.8,1215.44,1290.18,1361.18,1426.72,1421.6,1498.56,1468.71,1410.02,1493.9,1540.95,1519.36,1663.59,1629.51,1632.92,1680.48,1611.9,1903.36,1816.65,1977.77,1873.71,1983.79,1853.81,1895.25,1666.54,1691.21,1607.49,1591.01,1619.76,1770.99,1852.58,1919.79,1899.44,1990.37,1816.5,1833.92,1922.09,1958.27,2037.36,1976.99,1910.36,1946.0,2065.09,1984.19,1950.28,2012.39,2093.63,2162.7,2050.82,2120.08,2078.69
GB00B033F229,CENTRICA,GB,EUR,714.92,741.06,627.44,670.53,790.77,732.09,727.89,818.4,813.44,827.36,844.62,917.62,874.26,860.78,901.21,939.67,832.02,925.01,991.78,1041.83,1074.87,1119.88,1008.43,1094.68,1080.41,1166.38,1099.47,1165.31,1139.91,1130.03,1095.73,1060.65,1024.29,1057.75,1048.4,993.03,1022.62,1072.59,1116.55,1140.14,1089.47,1141.07,1136.29,1187.17,1227.98,1211.3,1211.68,1257.99,1288.05,1239.9,1295.26,1381.41,1378.29,1306.99,1418.14,1428.13,1451.06,1376.12,1343.11,1395.76,1239.59,1295.71,1332.22,1399.89,1414.21,1342.81,1310.61,1332.62,1274.35,1235.95,1138.25,1111.01,1126.91,964.19,959.18,1035.32,1117.41,1094.39,1097.01,986.67,915.81,935.95,879.98,861.63,778.67,776.96,877.21,936.07,828.21,841.66,893.76,850.56,827.66,742.71,746.21,821.52,801.43,801.89,770.63,727.14,777.94,770.82,775.69,763.51,743.67,681.81,591.86,562.22,573.83,595.78,603.17,640.54,620.7,665.44,623.83,595.48,645.81,616.05,575.66,562.74
GB00B03HDJ73,ESKEN LIMITED DEAD - DELIST.02/04/24,GB,EUR,166.34,166.18,162.76,181.31,214.68,211.51,213.96,234.44,220.84,268.6,256.77,253.89,260.09,257.77,277.89,297.94,270.61,294.29,301.92,281.02,317.8,303.42,296.31,297.89,307.94,317.01,308.81,318.24,314.04,317.65,309.55,297.72,272.09,261.66,255.25,258.47,274.27,272.33,283.68,287.87,253.32,254.76,263.5,255.71,273.2,248.48,238.31,249.8,224.03,204.83,178.9,190.77,205.95,211.24,225.04,271.53,308.97,348.21,354.89,356.27,341.44,394.85,339.91,357.99,398.41,370.75,338.54,331.69,286.37,252.7,260.63,276.59,259.1,273.5,250.67,270.73,280.0,279.31,289.62,293.86,285.59,287.93,271.55,270.31,249.21,250.81,258.67,258.62,319.95,378.24,401.49,367.1,390.86,357.44,359.59,404.48,413.56,434.2,482.62,540.34,669.15,728.9,688.59,715.26,697.06,722.37,737.65,743.93,653.21,642.33,618.37,670.34,586.57,615.91,625.25,627.44,669.74,559.84,521.06,384.08
GB00B04V1276,GRAINGER,GB,EUR,2040.84,1576.94,2019.17,3436.62,3241.21,3304.49,4169.6,6383.76,6541.45,6501.73,5789.06,5050.66,5109.6,4746.63,5003.76,5206.2,4285.13,4324.51,4338.55,4125.67,4245.56,4178.06,3301.65,4110.1,3916.45,4084.02,4271.71,4763.91,5122.12,5179.51,4794.36,4225.9,3350.52,3377.4,4289.02,4180.6,3927.65,4413.68,4205.64,4049.8,3331.66,3611.52,3581.95,3938.67,4400.6,4500.44,4521.59,4936.81,5070.95,5302.08,5280.5,5420.44,5998.33,5637.68,6781.03,6843.46,7276.59,8032.67,8463.61,8740.08,9051.27,10666.02,10403.44,9334.63,9424.72,9332.47,9429.66,8952.36,7808.59,7851.4,8010.84,7686.48,7636.12,8534.0,8030.33,8546.68,8510.63,9460.24,9805.5,9526.58,9482.17,10114.6,9700.16,9104.88,8679.84,8009.77,8630.88,8652.79,9431.51,7555.16,7705.77,8101.29,7976.16,7203.26,7514.83,7945.98,8110.77,8523.84,8321.82,8742.93,9436.17,9293.5,9421.55,8952.69,9788.79,10057.32,10355.07,10763.07,11290.98,10348.68,11153.58,11875.83,11251.07,11250.8,11120.3,11040.14,10824.11,9580.58,8938.34,8301.42
GB00B06QFB75,IG GROUP HOLDINGS,GB,EUR,386.46,352.49,231.79,301.16,336.29,425.88,460.47,528.92,507.08,473.37,494.24,583.6,624.54,567.39,588.0,601.44,532.26,607.04,715.14,773.2,775.47,836.32,756.99,790.31,724.81,729.82,732.73,779.81,739.87,701.41,727.35,728.97,720.92,778.71,784.35,767.14,782.98,740.23,753.09,787.5,698.22,786.92,736.37,716.22,782.47,762.27,737.41,794.72,777.87,823.57,892.0,922.0,965.67,967.72,963.14,966.57,1062.14,1116.53,1085.5,1155.73,1177.07,1212.73,1195.95,1227.71,1153.41,1148.39,1177.35,1152.44,1101.79,1140.62,1258.64,1329.94,1301.36,1355.75,1263.13,1359.23,1431.17,1408.95,1401.77,1338.18,1398.85,1436.91,1434.83,1456.63,1295.54,1321.42,1432.7,1410.93,1449.94,1348.35,1464.07,1551.92,1447.16,1289.1,1343.17,780.91,857.69,867.73,809.75,915.62,981.72,960.74,1092.68,1082.25,1159.83,1170.37,1181.16,1310.81,1482.49,1521.41,1527.88,1561.3,1571.06,1552.47,1649.07,1604.69,1188.26,1110.12,1084.67,1043.36
GB00B0744359,ESSENTRA,GB,EUR,87.82,79.25,89.57,89.33,102.07,100.93,107.64,135.25,137.79,140.83,143.65,155.77,145.08,145.3,168.93,184.64,149.53,169.76,195.7,188.84,201.39,210.41,189.15,201.08,238.33,258.0,257.49,309.31,329.19,318.14,302.1,320.38,294.92,348.69,335.92,321.61,325.36,391.06,412.87,416.59,381.77,414.6,402.48,469.43,462.99,513.94,523.3,497.73,508.42,539.59,615.43,619.77,596.03,599.69,661.38,671.35,687.54,714.0,761.89,806.99,773.26,846.01,825.07,775.9,760.64,749.84,746.7,817.5,747.87,635.32,683.96,660.24,721.1,910.05,863.71,864.86,893.63,914.56,833.9,767.84,702.97,767.79,771.91,720.56,614.75,686.65,714.25,714.33,725.48,411.83,386.7,405.84,383.92,378.73,301.32,346.48,313.29,411.38,410.27,437.82,463.9,458.25,441.2,430.02,468.74,446.74,432.7,452.94,459.96,389.99,387.73,396.14,411.7,413.64,411.67,377.21,349.74,323.22,324.27,288.77
GB00B0744B38,BUNZL,GB,EUR,48455.77,49089.09,46433.33,48178.53,50117.61,50381.55,52282.49,58293.97,61781.24,66684.65,62989.71,67047.98,61553.58,63724.56,67273.17,71931.48,65333.9,63236.81,67817.26,68578.34,75061.06,74149.86,69234.32,71339.71,77197.2,78338.49,75629.67,78643.64,81727.61,81120.65,82038.33,84382.23,77602.91,84276.3,85427.99,89904.13,88914.49,100565.93,104976.25,108710.15,104904.86,108991.88,116288.81,118946.52,119313.5,110020.09,110825.23,110220.56,120716.6,128634.42,132146.32,133775.44,132806.94,132445.52,145731.1,143631.0,147821.58,150927.9,156240.5,165033.1,156755.63,181151.1,182845.67,195055.81,195332.86,193163.07,187083.49,190392.36,181787.65,188870.76,196057.96,192802.03,199712.67,205388.73,190531.11,198098.96,205439.72,194089.21,203220.98,189915.88,190379.31,203865.91,206503.39,198510.08,189325.5,192474.38,207752.42,213416.48,215357.09,222760.28,227298.7,223553.51,214392.77,194344.09,187527.63,189875.33,191491.8,204457.49,211373.58,226988.4,231473.44,219117.15,222389.8,219452.85,224242.8,229589.69,212449.99,207992.3,217381.42,199889.03,218082.03,215760.91,229300.74,228005.45,223576.14,234539.12,236787.11,222204.08,233496.06,228540.93
GB00B082RF11,RENTOKIL INITIAL,GB,EUR,11048.52,12208.31,11501.45,17568.13,23189.12,26577.7,28997.28,32180.19,32847.91,30911.72,29799.23,33661.23,33459.54,35385.23,35667.67,35162.95,31779.83,29108.66,28889.18,25994.94,29267.03,28569.86,24627.83,27356.4,28911.39,26645.21,26013.74,28346.85,29293.69,27516.25,27172.15,23767.21,20126.49,20955.75,18845.55,17556.59,21355.6,22467.88,24589.67,25739.97,21226.13,21127.52,20674.85,22384.62,24240.8,26162.7,26632.93,28738.46,26127.53,25940.09,28093.5,27669.31,25830.43,25400.02,27847.06,29339.7,33312.54,31684.83,32799.71,36196.14,37374.14,42095.99,38699.67,38408.62,37865.04,36439.8,38273.72,40537.39,36762.12,37942.17,35904.57,36409.03,34954.22,40250.47,39064.39,40255.64,43752.71,45399.89,44712.89,44749.16,43716.07,46814.01,47135.0,46065.05,43610.01,45359.91,49855.98,51199.2,52026.18,51258.94,56654.5,55849.99,57569.08,55568.24,53403.14,54736.88,57311.53,59317.12,61500.13,64835.11,69007.79,71448.39,77105.79,79281.29,81491.1,90104.03,87006.58,86935.09,85340.17,80627.4,77013.63,86297.63,93039.42,94521.78,90834.47,86547.96,85070.94,82779.25,86266.94,87990.21
GB00B0FYMT95,HELICAL REIT,GB,EUR,222279.32,210104.49,202987.84,248534.39,273641.74,266685.68,280062.66,299617.62,298072.45,271496.5,271525.42,275815.62,251282.03,237596.29,258212.44,259550.56,213217.71,208879.8,234208.96,220853.04,236454.2,261912.87,219708.49,226397.2,229504.26,231565.09,220241.91,220879.28,227068.69,209497.24,206189.99,195951.44,155660.66,165847.21,141201.24,150208.24,151704.32,155227.24,157121.91,159899.28,135784.04,152953.38,163144.24,153214.96,160247.25,164345.69,189979.9,199624.57,194494.59,185809.21,191742.25,205873.31,214289.54,204666.88,245202.8,224252.71,260166.38,260717.31,294618.08,294307.96,310145.78,340202.04,339116.35,333590.36,365154.39,325700.87,318804.59,308562.68,313056.45,309605.41,305008.42,331239.64,318014.41,343093.21,324835.31,332643.53,351479.1,352209.11,373021.53,367427.04,349313.55,383280.22,384153.58,395347.75,323985.48,298613.8,317772.6,321986.65,329299.43,218387.69,216519.85,213960.38,201769.66,185432.21,208055.26,210877.11,214344.31,232184.41,226797.17,247946.99,250587.08,230874.99,268799.75,252823.95,238266.22,240934.53,241990.67,272763.99,269048.04,283264.52,270003.5,307784.58,297348.82,271924.62,255031.4,268491.99,262249.65,241434.2,250080.13,248849.19
GB00B0KM9T71,STHREE,GB,EUR,123.52,136.16,136.54,192.93,181.13,169.11,200.8,223.76,235.0,235.28,232.84,274.48,281.7,257.7,305.57,330.1,260.83,223.28,242.64,210.43,272.71,277.54,268.51,345.0,357.29,408.44,394.15,438.69,414.1,390.06,361.95,247.92,217.75,281.63,247.94,228.23,278.92,297.14,348.32,365.62,274.09,278.52,301.24,302.99,306.42,322.92,342.15,364.66,359.43,365.48,356.85,353.9,372.84,350.79,364.38,367.48,401.35,402.66,377.5,422.65,445.21,496.9,471.06,494.76,426.64,480.31,439.18,418.51,410.29,358.37,357.37,337.39,372.19,374.19,379.03,430.46,436.89,442.59,454.99,404.51,395.55,417.8,375.05,365.82,332.36,327.32,343.33,389.63,372.9,260.14,267.19,253.07,252.78,228.27,275.29,305.37,320.07,308.9,313.64,335.07,326.63,328.12,343.57,348.75,387.05,386.64,386.27,414.66,419.37,395.46,376.4,380.9,365.14,411.95,377.9,391.66,420.27,334.79,317.39,316.82
GB00B0LCW083,HIKMA PHARMACEUTICALS,GB,EUR,182.04,189.66,182.63,204.86,246.29,274.79,256.15,268.18,268.1,278.32,285.25,294.43,313.64,299.35,342.73,347.0,351.86,384.12,403.5,423.07,392.14,454.2,429.48,459.21,465.46,450.02,427.57,476.56,508.89,443.81,407.8,357.43,324.87,398.33,359.07,352.53,414.54,428.41,396.92,375.77,366.95,377.11,401.83,429.48,434.54,441.29,447.89,458.19,473.62,486.91,581.56,567.27,548.62,538.09,628.91,585.16,632.17,724.26,741.52,746.65,740.88,902.05,1039.42,990.12,1080.51,1084.01,1147.53,1087.75,1065.5,1149.79,1164.7,1170.29,1344.26,1449.43,1199.2,1200.94,1210.56,1160.59,1426.82,1339.99,1322.63,1279.91,1248.09,1298.82,1096.26,1003.9,1089.87,1245.34,1290.12,1271.02,1348.91,1081.07,1015.13,829.28,823.0,905.81,888.65,1036.07,959.28,979.45,851.69,746.29,727.55,634.91,639.43,608.33,548.72,603.72,541.19,467.21,667.19,707.86,717.84,790.73,858.91,1027.81,967.41,974.29,911.23,876.39
GB00B0N8QD54,BRITVIC DEAD - DELIST.20/01/25,GB,EUR,163.5,161.65,159.73,191.25,223.33,229.94,282.91,282.69,282.13,287.89,322.43,338.94,347.13,333.71,362.08,378.43,347.54,369.68,390.73,385.36,397.41,400.88,395.83,395.08,383.09,316.08,338.0,364.15,382.96,341.81,310.86,279.44,264.83,287.38,288.17,280.52,304.59,340.42,344.88,348.23,290.88,294.9,268.7,289.32,335.09,329.82,361.71,389.04,418.53,378.3,396.91,402.8,477.6,462.46,490.2,527.3,551.05,596.82,658.16,695.21,690.33,789.77,749.8,741.52,765.22,760.2,723.79,696.25,661.81,665.34,635.01,656.77,660.75,738.27,680.9,697.67,704.3,711.01,675.02,648.81,647.59,680.22,680.54,691.44,660.42,622.77,658.52,665.02,640.49,509.44,540.57,548.17,510.27,441.41,465.15,471.17,529.22,528.48,544.51,578.59,607.72,610.54,639.36,661.23,688.48,682.8,740.15,767.69,726.64,649.89,666.05,688.47,756.67,722.47,740.86,744.12,716.81,709.99,767.67,733.31
GB00B0SWJX34,LONDON STOCK EXCHANGE GROUP,GB,EUR,282.96,252.43,330.57,452.64,453.45,471.82,492.86,548.15,571.63,585.7,515.63,489.58,434.04,427.48,455.08,442.72,393.87,355.98,438.94,439.75,464.87,508.36,511.71,574.88,593.75,641.41,584.71,636.93,707.13,746.36,729.97,668.52,566.29,647.95,603.66,557.24,619.2,649.87,745.11,796.83,694.18,710.23,698.95,726.1,700.67,723.14,720.84,821.89,887.1,941.04,921.59,969.94,990.62,942.38,1123.2,1135.87,1171.57,1241.71,1254.45,1359.64,1432.43,1609.12,1555.75,1449.34,1555.73,1625.56,1566.6,1624.53,1574.08,1675.64,1835.61,1808.03,1854.45,2000.94,1905.81,2045.1,1967.85,1956.32,2138.54,2042.99,1931.46,2071.84,2102.7,2131.87,1849.86,1967.24,2136.51,2094.92,2118.58,1800.67,1960.83,1928.53,1944.02,1833.66,1835.06,1924.5,2132.28,2047.2,2119.31,2339.3,2385.18,2554.81,2665.51,2755.63,2782.02,2704.0,2769.52,2777.94,3023.42,3004.79,3133.62,3206.53,3253.24,3223.49,3149.73,3294.61,3278.34,3022.4,2820.79,2835.95
GB00B0WMWD03,QINETIQ GROUP,GB,EUR,115.5,105.45,101.08,105.09,125.75,126.01,119.34,124.24,123.06,147.9,140.89,143.31,118.61,106.12,112.37,107.88,104.01,96.85,106.92,91.67,93.91,94.92,98.83,112.51,117.41,113.65,107.84,111.48,104.27,107.12,102.54,113.32,101.95,105.72,111.31,115.56,115.1,136.26,143.68,140.26,133.2,139.1,148.15,155.18,174.83,181.33,181.21,170.42,171.34,179.05,181.03,169.45,161.49,157.28,161.14,169.67,181.03,185.5,207.86,209.69,215.57,225.53,221.03,208.9,205.75,207.52,204.91,214.47,216.99,192.58,184.78,174.68,169.2,185.82,170.63,187.46,217.39,212.4,222.87,218.98,208.81,211.49,241.93,244.09,202.98,200.01,201.86,201.85,220.46,183.13,183.77,189.17,192.75,176.11,190.25,203.48,209.49,217.73,220.29,240.01,254.49,221.62,200.79,190.3,212.7,208.14,187.83,201.08,189.85,183.23,187.64,205.85,228.03,230.87,230.15,232.01,245.83,233.72,249.52,240.26
GB00B0YG1K06,RESTAURANT GROUP DEAD - DELIST.22/12/23,GB,EUR,3417.7,3550.22,4227.8,5196.29,5364.13,5351.54,6018.31,7073.86,7064.77,7054.86,6899.88,6911.48,7478.0,7191.77,8323.49,8809.87,7342.99,7409.06,8457.42,8738.28,9870.55,10700.96,10050.47,10211.73,10808.08,10832.35,11405.46,13252.55,11859.77,11474.28,11668.09,11316.61,10580.52,11946.51,11850.37,11421.91,11547.32,10940.47,11671.77,11253.48,10628.53,11705.38,12882.12,13195.46,14752.73,15417.79,15685.23,16058.29,15245.66,16236.08,18141.25,19151.01,20071.98,19640.91,20790.81,21654.58,22520.13,24189.98,24684.91,25630.25,26291.37,29350.48,31072.01,27542.53,26219.84,27452.43,27782.97,28571.86,28532.31,29193.11,27456.95,27758.31,29147.76,30783.98,26968.15,28186.78,28400.28,29924.87,28775.5,28024.22,28237.13,30581.21,27291.89,27903.03,20880.09,20879.19,15583.8,11129.46,14719.95,10976.49,13426.31,13928.56,14503.47,13319.33,11782.63,11649.37,10709.65,11760.78,12115.86,13136.81,13659.72,12757.2,13220.53,13389.25,12422.82,12369.28,11902.87,12514.19,11069.41,10268.96,10919.57,12816.76,12725.01,11797.99,11038.87,12077.08,12623.2,10011.11,8170.34,8076.32
GB00B128J450,IP GROUP,GB,EUR,141.55,92.0,86.0,123.93,134.87,137.74,120.57,160.02,168.66,167.83,156.65,167.36,168.98,146.7,115.84,116.89,92.46,97.93,89.69,90.82,91.68,84.3,88.49,86.82,99.02,133.08,138.44,157.32,146.26,144.83,137.61,137.98,133.43,205.91,203.51,221.63,253.8,337.71,390.19,430.59,382.19,427.91,402.9,369.07,356.68,347.04,327.13,355.19,358.29,367.65,413.16,439.65,381.57,366.8,400.9,372.97,419.08,430.41,573.17,512.53,527.64,657.23,633.4,531.0,548.95,624.61,559.63,650.09,605.25,605.19,609.87,584.42,647.23,700.73,613.89,553.95,597.53,594.25,579.93,629.26,637.49,672.01,658.58,552.87,483.04,461.55,461.82,460.77,448.49,347.34,382.88,455.33,398.85,336.22,318.23,404.26,441.77,362.04,358.54,330.24,328.84,320.4,344.27,272.97,337.32,360.16,372.09,354.12,332.52,289.87,294.6,337.72,336.02,306.78,298.08,310.12,308.28,250.54,272.63,253.46
GB00B132NW22,ASHMORE GROUP,GB,EUR,119.12,114.53,145.23,222.74,223.92,207.07,231.86,258.8,266.29,299.2,294.42,300.77,245.57,244.98,277.92,281.4,253.79,252.91,307.18,309.78,366.34,425.12,377.28,373.71,398.19,388.47,383.1,448.79,450.35,461.27,477.43,474.86,364.56,401.59,394.49,386.21,436.08,458.56,441.79,467.45,392.93,411.27,381.6,393.18,413.7,440.86,447.35,452.72,438.74,421.47,416.75,487.21,473.4,408.77,440.7,404.78,495.63,509.6,521.14,536.69,431.82,428.42,453.21,484.61,485.38,518.18,490.63,478.81,408.97,417.49,410.01,371.48,358.59,402.63,365.0,410.65,436.91,393.07,359.14,349.18,322.69,360.37,343.7,341.73,281.17,291.61,380.32,413.91,389.29,365.54,406.78,423.92,422.49,394.39,326.25,332.79,371.55,422.04,426.5,434.16,436.83,442.67,457.93,458.15,439.1,493.17,505.89,545.91,609.64,566.53,537.84,571.38,493.56,496.09,481.79,465.6,478.18,453.34,493.49,485.43
GB00B135BJ46,SAVILLS,GB,EUR,1314.6,1555.36,1262.79,1574.0,1612.31,1785.12,2094.72,2217.93,2029.22,2012.16,1798.6,1971.27,1935.9,1809.63,2047.65,2024.06,1744.9,1595.93,1937.28,1851.68,1876.85,2064.6,2080.02,2368.98,2200.82,2411.98,2248.94,2693.94,2715.35,2524.54,2234.55,2050.15,1807.28,2036.68,2045.33,2070.3,2156.11,2358.66,2452.66,2430.13,2048.3,2297.33,2417.53,2600.34,2715.93,2751.76,3024.74,3209.12,3310.63,3400.21,3478.19,3916.34,3890.31,3744.31,4129.43,4046.26,4350.93,4540.06,4628.93,4651.56,4465.57,4451.6,4838.0,4515.87,4747.59,4793.85,4462.52,4763.53,4446.03,4620.81,4639.08,4755.3,4923.93,5059.61,5406.17,5845.45,6816.72,6830.61,7017.63,6376.26,6373.93,6523.62,6233.51,6021.93,4938.67,4222.18,5037.26,5159.23,5371.38,3889.56,4405.04,4600.2,4439.83,4044.68,3995.96,4131.88,4657.38,5084.85,5497.56,5889.27,5471.68,5591.51,5904.35,5590.94,6156.93,6103.87,6265.35,6617.73,7173.93,6499.55,6783.1,6842.07,6488.98,5807.46,5876.19,5257.27,5180.64,4712.18,4715.1,4580.27
GB00B17MMZ46,LOOKERS DEAD - DELIST.09/10/23,GB,EUR,25165.84,19630.42,26626.87,44137.96,53713.87,66988.1,70321.97,78645.78,74064.48,75692.16,72166.06,61585.36,56433.76,62206.75,68180.19,71478.66,61065.2,55892.2,66734.87,65191.58,73587.12,76697.58,70116.34,76338.59,74319.77,77706.6,72169.39,88110.28,83311.49,69975.22,65282.05,68679.64,64769.38,70028.03,64126.47,64314.47,64340.52,74249.89,81429.67,85263.9,73761.1,82355.01,85206.48,92997.48,100265.99,103121.44,103933.55,103361.85,105822.49,105472.04,126608.25,124536.56,134610.82,139856.03,158284.08,161505.04,172539.18,179947.21,172179.23,172665.41,179118.77,187342.74,215097.61,205411.26,207705.4,199055.85,195442.89,204563.75,189436.54,195002.48,189850.92,178068.48,197576.79,208729.6,187463.21,211273.71,219438.31,221616.96,225100.35,221512.83,224493.74,243049.25,233124.99,243954.37,200518.89,193133.73,203690.7,182307.15,197769.02,129829.81,128343.42,162266.39,135001.64,115882.6,120884.68,133185.21,143990.04,140992.05,147425.14,154611.51,155347.33,139584.19,135804.7,132131.64,150768.82,132398.56,125642.16,131980.95,123821.58,115655.57,116151.37,132354.02,138494.74,139210.25,133975.78,133508.63,134965.21,120421.3,114580.91,116133.98
GB00B18P5K83,TOPPS TILES,GB,EUR,302.03,447.91,700.65,1086.51,2010.04,1702.04,1973.89,2071.38,2122.03,1893.52,2074.28,1883.22,1756.81,1695.68,1154.61,1239.9,1004.48,1034.31,1323.3,1261.06,1265.47,1423.5,1305.03,1831.25,1828.19,1724.25,1608.66,1721.04,1570.38,1303.27,1192.27,747.85,754.32,724.11,537.58,599.81,700.98,796.84,913.34,919.4,863.03,916.92,1017.08,1113.09,1095.89,1123.05,1146.75,1229.05,1311.53,1414.78,1443.67,1590.44,1554.93,1583.81,1994.63,1906.92,2161.13,2144.05,3106.12,2933.27,3797.52,3560.3,3497.47,3298.5,3028.01,2776.79,2735.34,2893.77,2583.18,2481.99,2836.48,2743.13,2805.2,2826.56,2680.66,2745.24,3258.12,3541.39,3744.93,3882.67,3446.3,3501.73,3817.72,3628.98,3045.24,3085.44,3341.31,3150.64,3452.67,2256.36,2536.98,2398.31,2321.84,1778.84,1720.89,1721.63,1720.71,1712.16,1991.87,2198.59,1913.66,1778.15,1815.65,1817.37,1680.77,1536.91,1684.57,1838.81,2255.28,2001.71,1867.93,1622.42,1680.99,1467.14,1373.55,1435.34,1422.01,1393.33,1435.55,1435.5
GB00B19Z1432,PZ CUSSONS,GB,EUR,472152.33,425510.4,400354.61,423820.39,491484.82,582160.93,711260.87,645647.24,730879.95,749969.47,777159.59,794140.9,717972.37,803448.74,757693.95,769897.02,770793.9,938041.37,985378.05,932028.92,1073171.07,1195641.48,1105399.65,1164168.7,1076279.21,1058429.29,977255.48,1020932.71,1118724.21,1067214.95,1157078.75,1084990.55,968823.35,1123174.77,1067967.55,1028527.74,910697.88,943161.32,911995.63,1027716.92,945969.04,944560.47,915516.0,933167.25,936223.91,1053919.38,1110989.22,1198767.95,1191292.47,1194925.46,1190597.4,1207647.51,1101233.78,1020009.62,1159837.38,1220652.05,1318969.37,1244682.17,1270336.48,1227089.44,1169095.84,1220255.98,1163382.07,1158242.61,1169835.04,1173868.76,1182155.0,1230307.26,1191521.87,1186477.94,1080836.32,958939.84,953250.87,1057920.53,1030370.34,1114907.3,1110164.11,1153099.77,1097667.23,1003860.51,906320.94,957461.23,980037.14,864575.55,776275.51,753668.89,903165.28,980839.28,1060223.51,913976.84,938133.49,927009.33,997931.34,863898.7,815166.44,872769.01,809412.74,846425.47,855603.44,922448.87,950712.65,947192.57,1018929.93,957036.5,928493.76,950356.04,944712.41,947453.46,962580.43,850352.96,700816.94,741079.82,692688.66,650343.13,667943.15,697990.11,682208.52,626135.13,659488.41,606433.38
GB00B1FH8J72,SEVERN TRENT,GB,EUR,1980.64,1952.79,1786.87,1955.49,2274.24,2353.59,2097.51,2084.38,2027.68,2048.89,2251.05,2350.39,2416.03,2377.02,2429.42,2377.59,2332.85,2558.43,2850.01,2764.84,2869.85,3098.3,3128.31,3273.95,3100.15,3421.9,3313.39,3542.14,3525.7,3436.94,3416.24,3478.64,3491.25,3558.75,3595.87,3442.66,3563.48,3725.56,3652.92,4063.65,3922.34,4085.92,4259.4,4333.01,4272.83,4077.56,4079.03,4109.98,4130.96,3947.77,4175.92,4552.81,4997.51,4162.95,4433.74,4307.08,4709.28,4921.16,4771.62,4748.07,4772.16,5212.83,5110.08,5238.14,5550.29,5693.3,5630.28,5567.03,5244.29,5503.5,5514.08,5484.02,5666.77,5503.05,5359.06,5725.51,5877.91,5880.16,6179.4,5739.37,5943.81,6223.86,6090.64,5849.63,5660.79,5426.77,5693.89,5947.44,6081.75,6069.49,6062.84,5814.57,6067.42,5299.68,5094.92,5198.47,5407.26,5508.59,5639.55,5695.21,6110.63,5475.65,5705.15,5648.39,5632.32,5415.75,5579.74,5743.4,5455.37,4620.17,5079.87,5247.37,5197.5,5273.98,5120.9,5248.48,4865.84,4803.81,4805.65,4758.97
GB00B1FP6H53,MITCHELLS & BUTLERS,GB,EUR,136.15,162.4,176.47,211.32,199.97,208.21,219.95,236.38,211.74,197.47,211.25,204.24,226.69,220.02,245.14,255.86,234.8,208.98,249.01,227.13,233.37,262.85,271.52,279.35,281.47,269.89,246.54,279.75,267.08,257.81,229.71,191.83,187.02,197.48,183.85,185.23,206.51,213.77,220.08,218.38,177.64,200.05,208.23,217.82,239.8,268.97,252.62,269.15,269.71,264.57,252.35,265.32,293.7,286.78,321.74,335.94,339.3,328.43,344.96,356.23,376.85,414.35,387.38,379.18,359.82,339.69,321.81,347.29,295.62,309.92,293.63,305.24,326.55,367.21,317.09,327.47,352.0,366.0,300.87,283.83,243.86,279.26,253.77,263.17,212.77,201.82,206.66,203.66,220.5,161.57,174.46,175.72,186.28,177.31,148.13,165.34,178.88,163.73,163.05,182.91,169.51,161.39,171.75,172.11,182.16,182.81,194.8,210.2,200.86,185.08,192.13,213.3,193.21,188.8,182.4,182.01,189.06,182.44,192.69,180.03
GB00B1FW5029,HOCHSCHILD MINING,GB,EUR,62.44,91.15,88.74,97.19,135.83,133.67,120.98,135.47,147.08,133.13,148.03,162.17,127.35,116.3,125.59,112.79,124.75,136.05,133.86,159.06,207.83,229.54,242.79,296.98,229.96,284.9,306.19,301.55,259.42,219.42,234.16,245.42,190.16,215.68,208.0,178.95,232.81,243.63,221.36,243.3,199.31,220.91,197.02,206.72,236.16,239.97,224.98,237.04,201.71,177.32,125.15,116.38,116.51,71.38,80.21,122.53,88.92,80.57,70.54,70.89,76.07,101.44,85.25,84.43,75.35,82.77,83.39,81.23,66.47,47.97,44.51,41.58,41.19,41.21,39.92,45.17,44.39,45.39,36.77,31.58,32.13,39.15,26.3,24.36,22.84,33.42,45.3,78.16,67.32,82.43,121.54,107.95,129.37,111.93,93.83,89.9,106.68,113.96,119.54,113.6,127.71,123.03,144.08,126.84,106.76,101.48,107.53,123.73,112.91,97.7,96.86,100.24,100.65,87.79,79.9,78.94,75.19,70.9,72.67,69.98
GB00B1G5HX72,LSL PROPERTY SERVICES,GB,EUR,39.7,47.69,78.02,91.9,100.43,118.88,136.53,159.38,190.77,252.82,231.65,214.44,235.05,210.78,241.97,236.93,205.04,191.87,212.78,195.71,193.56,182.39,178.49,219.94,218.63,213.7,213.38,262.82,249.52,244.03,248.84,207.74,193.61,208.6,194.61,206.72,209.15,210.84,246.91,219.23,185.74,205.58,193.7,195.93,193.44,206.78,203.41,240.16,267.48,259.77,291.69,317.55,325.85,319.59,383.34,419.14,439.26,426.15,388.45,426.71,427.98,460.95,431.34,402.96,417.26,380.57,373.51,377.78,333.02,315.54,288.64,292.79,261.2,306.26,324.37,357.11,390.31,395.92,378.49,333.37,338.72,333.25,308.35,274.25,231.99,235.65,277.73,290.45,306.44,219.23,205.24,201.6,189.73,162.45,172.01,194.85,176.01,169.62,184.08,187.5,210.73,201.52,236.33,216.29,226.16,222.19,256.32,271.17,287.36,261.64,232.5,254.78,233.34,260.83,252.35,278.94,259.31,239.7,239.35,209.77
GB00B1KJJ408,WHITBREAD,GB,EUR,27882.52,25080.12,26623.0,32849.34,33770.52,32611.62,34799.6,41385.02,47167.12,51267.78,51443.26,55670.58,55163.1,52818.23,54628.71,57517.34,50128.19,52511.36,54929.25,53445.69,63748.3,67916.79,65960.77,70277.71,69688.94,72682.76,66324.46,70268.71,68706.27,66358.27,65369.68,62758.4,63152.81,69166.4,66867.87,62857.63,67091.07,70105.35,76192.45,80922.62,75509.24,83761.67,88129.44,89090.65,96442.46,99697.33,102064.64,105591.08,108166.28,101667.2,103514.62,105564.54,117660.44,124770.27,131817.75,128253.95,129208.21,148470.21,158274.24,168288.04,166987.44,203690.86,187956.32,186618.33,192341.93,206513.9,199008.69,199673.77,184476.33,191256.13,196782.06,204861.66,207048.33,223686.75,214462.92,222434.74,217560.91,216606.14,225528.61,205445.45,196898.5,213568.41,191843.37,181770.26,158998.42,153122.27,159494.64,158944.94,174297.17,132718.22,145668.15,155348.07,144624.47,125481.08,124103.68,133792.76,141598.95,136488.65,141921.21,149692.27,161309.1,150053.24,147725.96,141009.67,147133.12,142807.77,141872.33,158944.05,162115.69,157157.87,152462.92,173203.38,167532.75,156127.68,153398.44,178434.22,183737.72,167933.28,176483.35,175437.15
GB00B1L5QH97,RANK GROUP,GB,EUR,2811.29,2767.68,3455.43,3255.24,3396.53,3468.78,4242.17,4135.53,4697.79,4814.6,4145.3,4413.81,4825.41,5135.64,5938.32,6195.96,5678.3,4957.94,6198.7,5710.09,6187.21,6839.91,6730.41,6629.91,6761.3,7138.23,8110.15,8512.45,8528.38,8128.23,7877.15,7747.91,5993.91,7647.55,8031.28,6716.52,7089.18,7561.31,7101.06,6535.57,6247.62,6312.6,6198.16,7345.14,8208.54,8268.49,8000.8,8251.54,8353.73,8787.37,8843.86,9229.7,7963.21,8223.34,8589.07,8752.93,8960.72,8283.77,8651.92,8033.93,8196.23,8356.05,9558.05,9858.32,9762.51,10360.89,9997.67,9665.89,9652.2,9756.12,9497.89,9321.14,9775.33,10836.19,10303.96,10947.48,11889.3,12922.25,14242.14,14478.49,15331.44,16216.33,15765.88,15905.82,15012.54,13286.66,13922.56,13463.64,14054.44,10914.93,11265.95,10788.55,10396.81,9205.59,9454.56,9389.03,9741.0,10379.69,10267.8,10882.95,11148.92,12122.6,12137.67,11660.52,12000.93,12729.13,13433.63,13163.07,13006.59,12325.92,11779.06,9801.15,10107.31,10275.25,9686.38,9132.68,9292.19,8569.21,8503.32,7356.26
GB00B1P6ZR11,BROWN GROUP DEAD - DELIST.13/02/25,GB,EUR,81010.99,82148.51,78370.56,100793.46,115386.81,105049.24,114245.4,106842.04,116769.94,127838.59,124302.76,121081.79,109489.98,99236.77,100345.72,126430.38,110699.59,116117.61,110332.76,106703.0,113508.22,149074.88,134151.42,147277.56,143094.29,137506.48,128284.62,159636.75,151144.75,136871.21,151651.06,140134.55,135838.74,138184.27,135464.25,119836.48,120168.09,126299.63,122726.25,123225.75,116900.12,130980.77,140747.23,145288.1,151569.93,185017.67,196429.16,208453.37,202767.56,209189.7,214840.34,240719.34,241058.37,236978.28,277606.65,295832.69,300538.4,297879.07,313553.83,315045.15,317306.81,353194.9,340343.89,309427.21,281011.12,258360.05,265582.12,268086.69,225482.28,195411.64,194307.7,221466.2,240862.0,256826.49,174992.76,195099.9,189375.86,199372.6,188515.52,175235.49,175977.26,219677.47,203207.35,175982.63,170079.83,179091.04,181322.37,151835.69,139904.99,94312.47,93509.22,108154.21,99905.42,94294.27,100948.33,114375.47,114412.28,104728.0,109112.71,128364.89,154134.08,167518.01,176192.59,180258.16,201576.31,171112.85,163305.67,159838.81,125072.37,114740.17,108232.92,123188.02,120407.3,97708.37,87379.65,90217.55,81781.57,79428.74,68192.32,56448.17
GB00B1VNSX38,DRAX GROUP,GB,EUR,172.97,159.48,159.6,164.84,183.87,168.32,154.49,181.95,177.06,179.96,158.13,157.27,154.71,142.94,133.06,133.55,117.59,135.76,145.02,147.1,151.02,152.18,137.69,144.17,155.39,160.55,158.91,191.08,199.41,210.52,228.71,220.29,201.14,235.81,236.76,227.89,225.67,223.07,234.07,242.53,231.79,241.81,204.83,203.59,231.55,255.84,245.22,250.32,265.9,264.03,262.61,275.05,250.02,254.49,280.15,311.03,322.42,298.08,330.44,386.78,389.54,394.04,372.54,330.51,311.95,323.81,349.18,308.13,312.15,283.27,284.28,213.9,161.25,190.37,160.89,186.55,182.97,166.06,141.16,136.47,114.46,124.64,104.94,111.56,110.88,100.47,121.12,145.27,139.56,134.27,140.81,123.5,123.93,120.86,110.69,145.87,145.57,136.64,127.11,130.71,139.8,132.34,131.3,124.3,132.72,117.22,116.4,116.32,117.49,108.84,122.41,141.74,142.39,140.93,155.4,161.77,167.38,169.66,164.78,151.09
GB00B1WY2338,SMITHS GROUP,GB,EUR,41669.24,40018.23,32358.74,37259.5,39911.49,39603.11,40919.02,44808.07,48713.41,51731.79,55022.47,57547.51,56315.45,55590.55,61120.58,61185.99,53287.26,56886.3,61992.03,62417.07,68132.95,68899.39,64072.75,70470.79,78755.08,78619.51,75811.57,81014.54,74184.09,70309.74,67937.95,59166.24,56776.7,57843.8,55774.79,53249.36,56729.18,65083.45,63653.59,65800.34,58288.0,60288.59,63310.57,62858.03,63415.56,66053.68,68136.04,75166.24,75530.27,74318.42,74850.56,76294.0,81988.21,77797.69,82342.2,77769.54,88844.58,94099.42,91863.08,100049.5,96458.98,93572.57,87419.91,92927.42,91342.93,91421.12,88737.73,90096.67,84473.16,78657.14,76466.62,72252.2,71432.84,75327.89,70813.73,75076.52,78064.72,75759.17,75171.46,74087.6,64953.47,65195.19,68234.52,60763.9,58728.93,61275.47,68707.69,72109.62,72552.22,68476.47,74498.74,78027.2,84488.17,78453.26,79888.27,79289.05,85575.7,84305.39,91741.86,96953.04,94560.62,94790.5,92471.2,90969.82,96680.32,97171.13,93503.31,93882.19,105878.25,102523.2,98891.23,103433.38,110122.21,105382.65,99524.48,98461.3,91676.06,85929.34,85313.76,83597.09
GB00B1XH2C03,FERREXPO,CH,EUR,51.65,59.57,57.83,162.02,194.31,164.45,175.1,188.99,174.87,182.07,246.97,241.2,246.81,323.04,428.6,408.0,293.77,281.31,328.27,350.58,370.63,395.68,414.41,496.77,516.66,520.54,528.29,637.65,577.03,577.59,581.64,472.63,318.34,401.98,362.97,321.89,414.04,394.88,376.24,365.62,235.57,261.97,221.08,201.76,245.85,264.38,275.85,320.77,317.1,271.52,211.7,222.88,210.23,164.66,209.11,212.01,236.64,240.6,244.23,260.87,206.0,211.44,218.46,211.21,197.27,192.43,195.22,191.26,158.72,117.37,93.39,72.05,65.47,88.25,85.75,112.93,107.1,98.53,84.9,92.48,52.36,51.13,37.74,30.86,24.17,34.6,38.84,53.49,43.94,42.31,59.47,80.03,93.92,119.48,160.29,161.83,186.21,194.0,208.21,202.24,223.09,271.15,316.33,391.83,398.57,342.96,348.5,406.44,425.37,441.82,358.19,338.45,308.15,255.6,270.37,216.41,280.35,286.64,240.19,273.65
GB00B1YW4409,3I GROUP,GB,EUR,160.72,140.31,191.18,234.11,308.44,315.0,358.71,390.96,364.82,343.56,349.83,362.55,337.25,317.76,350.43,330.65,328.39,317.96,355.35,319.88,360.58,382.57,371.16,412.32,398.07,407.22,384.1,374.54,380.29,365.04,356.24,279.87,236.51,268.43,241.72,230.85,239.07,248.44,280.61,254.68,220.68,261.28,275.97,276.14,303.94,293.29,286.62,302.2,357.18,416.29,410.71,437.76,442.26,445.38,505.59,482.37,512.45,521.39,527.18,564.99,543.59,624.97,587.61,568.08,641.73,629.26,583.61,597.96,569.0,581.45,636.71,651.67,640.39,708.14,664.8,722.58,797.54,774.51,823.55,721.2,673.47,737.75,721.22,685.34,605.34,589.47,633.35,669.84,789.06,728.85,815.78,801.46,841.49,815.82,857.26,876.19,887.05,862.97,944.0,1034.02,1163.76,1205.6,1269.02,1284.73,1259.72,1312.41,1254.28,1282.25,1374.35,1343.35,1250.36,1345.72,1315.84,1261.47,1318.76,1236.1,1302.17,1190.5,1128.41,1065.05
GB00B27YGJ97,SEVERFIELD,GB,EUR,2649.61,2479.85,2607.92,4012.33,4141.44,4086.79,3752.17,3871.81,3871.36,3688.2,4050.31,3881.5,4709.9,4304.44,4154.02,4681.06,4675.7,4409.02,4745.93,4502.55,4550.8,5482.59,5767.46,6868.64,5139.07,5328.53,6050.5,5850.39,5921.88,5019.49,4677.45,4335.06,3362.84,3752.29,4004.76,3759.57,4499.62,4729.01,4184.37,4364.79,3988.14,3593.79,3503.01,3086.72,3419.05,3398.69,2128.09,2383.39,1790.95,1544.36,1658.47,1767.02,2184.26,2059.8,2451.09,2495.41,2781.09,2943.82,2954.36,2868.17,2834.2,2884.05,2707.36,2972.64,2742.0,2727.55,2935.81,2864.03,2958.83,2759.01,2779.49,3058.73,2924.64,3031.56,2816.09,2826.87,3103.05,3096.41,3229.38,2971.3,2849.66,2760.17,2755.64,2794.06,2440.82,2143.95,2305.49,2232.28,2111.83,1920.11,2110.33,2158.9,2285.94,2085.05,2783.11,2779.24,3032.54,2882.89,3131.29,3414.31,3223.03,3019.01,2935.6,2699.67,2728.55,2659.93,3085.39,3283.12,3657.84,3184.59,3198.68,3363.15,3257.39,3519.03,3382.27,3202.79,3171.11,2891.72,3102.66,2952.83
GB00B2B0DG97,RELX,GB,EUR,18654.83,18638.71,17903.54,19221.97,20669.3,19161.08,18042.19,18965.29,19497.79,19833.4,19421.48,21502.81,20857.32,19498.96,20751.39,21105.33,18752.89,20007.47,23168.05,21792.43,22940.99,23146.04,21450.26,22941.51,23947.26,24185.24,23422.99,24600.4,25237.8,25286.95,25306.61,23042.98,21669.04,24273.23,23364.53,22693.2,23309.32,24741.96,24948.9,24023.41,21341.62,23272.07,24451.99,27497.45,28026.37,28622.54,30188.27,30594.86,31932.7,31552.23,34767.87,34313.54,33681.45,33990.54,38615.26,37030.07,40798.13,42467.88,43794.61,45032.6,44088.11,46401.81,46186.12,45448.64,49237.33,49610.8,49741.16,50740.67,49808.03,51093.91,54202.62,53336.92,53990.62,53728.19,53503.62,52615.05,52390.14,51506.94,55205.83,51199.28,54623.39,57168.54,57447.51,56202.23,55580.94,55138.0,59247.91,57502.04,59021.78,59672.59,61807.61,61837.36,62096.2,58282.98,56132.65,58502.59,58496.71,61193.85,63901.99,67278.86,71291.59,71603.95,72323.16,72866.2,73446.11,76959.37,78222.4,78668.05,74090.67,68792.79,68724.97,72889.26,74857.19,72923.83,74240.54,76230.06,72277.96,67927.81,71439.77,70612.05
GB00B2NGPM57,PARAGON BANKING GROUP,GB,EUR,8.47,8.47,8.15,12.55,16.2,15.82,22.11,28.84,30.93,30.67,27.57,27.13,28.84,26.71,26.81,32.72,25.76,23.71,28.33,27.45,33.96,32.14,33.81,37.15,40.86,38.32,36.33,38.48,44.4,42.79,42.63,33.67,32.13,35.13,39.6,38.21,38.11,40.63,41.4,39.88,33.79,35.74,38.17,41.34,45.87,55.53,52.99,57.3,62.4,66.35,68.82,68.08,63.87,65.07,68.89,69.79,71.28,76.84,79.82,86.69,82.49,98.08,98.19,86.42,90.09,86.07,83.9,82.58,79.93,83.26,94.64,93.56,90.55,97.2,91.61,96.0,98.07,95.28,94.25,93.43,88.27,95.69,85.1,76.86,67.52,66.19,69.95,65.66,67.88,49.76,55.58,63.79,62.51,62.12,70.08,78.67,79.73,82.82,81.99,94.9,92.42,87.08,90.6,83.75,93.57,100.16,103.94,105.29,113.82,109.08,107.09,116.91,104.61,102.76,107.16,99.23,102.42,89.21,87.95,80.64
GB00B2PDGW16,WH SMITH,GB,EUR,32121.61,31780.86,33687.41,41115.84,47232.76,46062.35,47173.78,48075.9,48236.54,55556.65,55915.9,53347.62,54800.21,47784.61,50413.26,52660.49,45060.46,42447.42,46105.27,43423.88,49503.97,53684.3,51007.83,52853.38,52823.42,53292.09,49529.09,55838.26,57755.29,56844.73,60209.21,58734.66,55585.4,63928.86,59678.63,59699.14,64818.61,63238.08,64795.55,63679.03,55123.47,64667.17,65310.94,72222.8,79050.1,75755.78,78880.07,82466.4,82229.99,79733.86,88274.21,89631.95,89318.29,84806.22,93057.82,103367.13,105594.25,114133.55,122308.73,130719.63,138013.22,158005.41,161480.52,148734.34,139779.58,147306.41,155377.66,155947.69,142739.54,146327.05,160805.79,171263.13,167845.74,171811.64,159633.84,182553.78,195544.99,198932.04,205774.25,192416.77,197593.68,219623.9,217830.21,217466.0,221635.56,213607.62,221646.8,208133.96,216181.54,178480.8,173676.06,170761.18,170922.07,153856.32,161188.89,164700.6,178827.29,183607.74,193332.89,199576.43,200833.06,194261.76,204102.39,209576.6,238511.91,239113.5,249099.28,279276.89,271612.26,249629.92,244124.48,240064.68,230379.82,235773.96,227392.42,241581.49,242145.77,223799.66,218994.74,197267.53
GB00B39J2M42,UNITED UTILITIES GROUP,GB,EUR,1509.17,1399.66,1340.96,1457.96,1670.85,1652.73,1508.94,1490.16,1474.59,1466.18,1579.69,1652.31,1774.52,1707.92,1750.28,1696.64,1618.01,1692.53,1972.33,1887.58,1943.84,2103.0,1999.87,2029.18,1905.89,2108.04,2075.77,2306.0,2241.35,2178.59,2188.47,2213.22,2202.16,2217.76,2241.18,2172.08,2190.99,2252.93,2216.5,2316.38,2332.22,2521.16,2548.36,2681.75,2753.33,2597.31,2600.94,2650.41,2809.65,2708.4,2604.53,2790.2,2774.84,2594.61,2735.68,2624.99,2798.64,2830.77,2697.73,2832.91,2997.3,3327.45,3346.27,3423.64,3708.55,3948.53,3934.13,3813.4,3429.6,3579.32,3712.81,3790.92,4093.97,3880.3,3676.16,3960.55,4033.97,3821.45,3791.81,3582.12,3816.81,4158.67,3963.17,3808.02,3747.16,3562.07,3663.84,3800.95,3899.16,3926.22,3831.67,3610.62,3697.24,3256.68,3130.62,3205.66,3321.87,3506.05,3577.11,3626.47,3824.92,3338.19,3505.21,3473.7,3396.25,3276.99,3290.29,3378.17,3159.5,2763.47,3021.29,3081.75,3107.86,3142.2,2941.98,3005.86,2862.9,2895.21,3025.5,2976.87
GB00B3DGH821,DE LA RUE ORD DEAD - DELIST.03/07/25,GB,EUR,54127.87,59053.86,55824.49,57236.47,53402.6,60114.43,57041.03,58702.91,59357.81,62334.5,64569.88,66919.92,65227.84,59736.4,58947.94,58679.77,54299.37,59457.44,49659.0,46507.42,44993.78,44095.41,38912.8,56400.9,46963.75,51478.84,55630.67,58106.48,59474.48,53953.12,58448.1,59907.61,59412.05,62185.15,65150.24,64237.27,68519.69,70547.08,66671.19,73444.64,71362.12,73738.72,76315.93,79108.42,78037.65,81391.86,73589.44,71811.57,69236.24,68125.79,71750.49,70190.53,70098.03,70970.22,74717.37,76777.69,80214.59,68446.52,73747.33,73068.92,65012.38,69434.78,68778.75,70089.27,72980.23,70150.62,64676.48,61965.2,40580.31,43867.17,43844.4,43280.04,41528.0,47716.73,43936.4,45032.09,41379.23,44030.77,43438.55,41478.32,40184.0,39375.96,37114.97,36601.53,35364.85,32850.7,35994.6,39763.44,45664.91,39495.37,48361.45,45850.56,44687.39,40482.97,41536.32,44579.48,43507.45,43873.16,45186.79,51874.46,51345.67,52140.99,52840.52,48084.3,52282.88,55858.62,51693.06,52800.82,54099.16,51578.98,43461.95,44434.05,42279.51,44681.39,41681.75,38566.12,39471.68,38394.77,37257.53,34463.66
GB00B3FLWH99,BODYCOTE,GB,EUR,8154.13,7813.86,8256.41,10257.74,11026.49,10206.54,11436.38,13452.09,12868.43,13007.78,12458.87,12642.87,13696.64,13379.92,15682.89,17245.56,14691.33,15021.95,18735.43,17502.09,19789.68,21607.45,20681.91,22405.06,23428.11,25324.7,27058.98,33574.8,32337.81,30975.74,32820.96,24632.42,19986.39,24011.06,22841.4,21521.58,25370.73,35354.65,32515.55,37112.47,31348.08,28077.09,27694.0,29713.32,33895.22,32987.22,35885.4,39952.07,39750.66,44977.97,44168.77,44422.12,45989.48,43832.76,51799.14,53578.4,58054.41,58700.93,54710.9,61618.64,59226.01,70350.68,74706.69,70171.16,71184.73,66873.66,66655.11,65661.91,61652.25,57195.93,57602.58,57843.81,58512.85,68486.11,63650.02,63049.42,67656.67,63211.36,63651.57,58790.02,49771.64,47841.66,52515.86,50400.86,46714.63,48074.07,52175.2,54272.52,55145.73,42795.65,48322.88,48074.8,47520.57,45339.6,44870.94,49875.86,52516.84,61616.38,62425.38,68487.94,63748.2,62163.24,76195.67,78237.9,78096.14,79469.53,74955.7,78880.14,87825.51,81223.73,80185.92,82402.31,87878.75,85963.3,87197.4,81993.31,78537.11,67999.59,62822.46,61899.78
GB00B41H7391,ZIGUP,GB,EUR,5484.96,2910.61,4547.23,10572.59,12465.91,7926.89,4631.41,7922.3,8446.27,8075.09,8160.61,7939.85,7778.37,6502.0,6339.51,7260.74,5966.72,5801.2,6440.13,6320.06,7633.4,8754.23,7030.64,9867.37,10479.71,11268.68,11399.29,12748.73,12065.57,11765.11,11273.56,10061.75,8703.81,9306.96,8499.38,6679.06,7995.21,8818.23,7527.26,7218.36,6012.84,7273.55,6950.75,7975.0,8794.12,9248.45,9345.54,11464.85,11489.23,11509.9,10813.54,12014.09,11763.43,11673.1,13463.19,14128.16,16100.84,16827.98,15718.14,19779.26,21424.52,23212.34,20181.09,20381.19,20382.65,20877.1,19375.96,19950.44,18510.55,18501.45,18332.34,22511.21,22004.74,22844.22,20867.11,23575.31,22847.06,21508.4,20339.42,18643.83,16679.03,15188.44,14573.85,14250.59,11641.15,13871.41,14239.28,14516.31,14104.87,10716.1,12461.87,13909.01,14155.83,12958.27,13213.47,15550.38,16330.71,17915.87,17556.09,17833.76,17498.58,14692.4,14528.2,13623.1,15263.02,15603.48,14893.61,13719.65,15373.9,11997.56,12618.23,13614.3,14761.35,14301.45,15264.25,14556.3,14832.76,13170.43,13521.34,13456.82
GB00B45C9X44,CHEMRING GROUP,GB,EUR,948199.68,890573.17,787355.51,904935.37,937156.39,1034821.23,979522.03,992403.66,1139357.83,1270839.34,1294907.75,1382456.56,1507250.33,1472826.18,1479770.16,1645613.18,1357026.52,1310931.07,1340141.2,1184914.12,1403538.42,1420233.96,1322040.65,1347179.48,1596083.43,1579299.19,1662472.45,1676101.26,1642884.5,1541058.7,1361933.68,1376754.08,1243094.08,1242933.69,932095.65,938377.46,914477.61,1058378.85,1008257.66,821039.71,756762.38,666484.19,715103.98,824421.71,826686.41,797316.63,622239.56,588797.86,709358.82,663352.58,623086.38,676530.22,686481.99,690887.75,757164.43,770314.43,797751.61,566621.44,565760.36,601589.13,642909.44,747298.24,702868.27,623103.55,620351.94,578852.4,570624.76,634678.65,606708.05,650076.23,616762.39,621232.54,542049.97,582867.57,515972.74,555129.85,572380.31,581328.34,618769.04,581422.32,573596.64,451075.3,509949.11,474283.74,403464.38,337700.34,369187.23,406094.65,389380.91,329119.57,353261.05,363705.23,354438.59,343187.39,402061.73,407218.51,468273.7,468602.11,465426.17,475289.31,454736.19,468961.19,460528.52,447604.14,473948.43,449562.79,468225.21,487493.41,534724.31,520807.94,550611.47,570448.55,530011.87,582119.32,593967.86,507188.04,558764.91,464480.15,426174.25,409161.47
GB00B5N0P849,WOOD GROUP (JOHN),GB,EUR,154.03,151.9,176.79,198.21,254.02,245.84,247.48,272.09,273.76,297.92,284.33,280.69,307.57,308.24,314.08,323.9,276.42,266.98,319.18,318.22,394.28,399.03,416.62,501.56,502.11,615.2,585.63,670.94,597.02,599.93,624.67,553.26,471.89,570.59,586.11,569.37,593.47,692.07,654.31,731.3,621.26,619.98,703.8,754.82,751.49,792.66,721.23,683.97,740.12,675.2,762.05,705.07,754.61,717.67,798.89,732.46,763.45,766.86,766.47,667.89,621.18,751.65,751.66,786.76,785.04,820.07,753.01,780.04,737.17,634.1,554.6,556.86,513.45,615.75,564.38,646.38,682.79,618.32,595.44,605.3,574.2,568.31,518.2,556.45,562.2,536.01,544.85,577.8,566.28,580.88,553.03,582.82,630.34,599.85,656.96,691.57,673.59,600.67,607.58,642.34,603.82,543.87,526.14,484.02,605.92,627.05,649.97,583.33,611.37,560.54,502.73,534.98,609.55,566.19,582.26,645.44,695.33,630.63,559.88,445.51
GB00B5ZN1N88,SEGRO,GB,EUR,11918.1,7910.6,9319.44,13255.91,15928.25,14885.89,17197.3,22321.71,22385.88,22161.41,20345.07,21194.37,19163.46,18479.24,19007.54,18543.71,16297.87,14887.25,17192.53,16293.51,17167.05,18910.55,16984.69,17893.68,19066.89,20899.78,20565.19,22313.63,21992.22,20631.88,20399.43,17333.55,14411.3,16532.5,14887.06,13613.16,14572.12,15771.37,16400.13,15695.49,14345.26,14899.47,16212.57,16074.49,16359.99,17099.24,16917.02,17906.12,17578.25,17351.97,17927.62,19250.03,19666.65,19660.35,21876.13,20971.09,23710.41,24797.81,25878.94,26127.38,26166.08,28249.13,26921.84,28737.56,30146.02,28709.18,29390.24,30289.62,29008.14,29975.19,30275.73,28453.79,30523.22,32785.73,31232.68,33270.37,32820.92,32207.34,35343.83,32931.06,33198.48,35448.12,33890.08,32295.66,31769.4,29547.66,30889.88,32050.86,33385.24,29038.08,30808.54,31451.22,31235.59,28283.69,27672.83,29993.8,30765.41,32560.18,32396.34,35685.61,36876.69,36087.21,39456.26,39758.57,41243.08,41355.08,42582.4,45618.62,47417.34,45169.1,49293.27,52021.66,50911.12,51655.28,50985.36,50425.79,49024.57,46288.52,45364.18,44186.37
GB00B61TVQ02,INCHCAPE,GB,EUR,16462.13,19313.51,32842.68,42156.62,49517.41,56520.18,82351.91,81694.57,81323.84,87388.31,82379.57,87070.73,77455.63,69986.2,80775.59,95110.85,75874.28,66480.07,84498.78,71069.2,88750.97,100702.9,91256.29,100849.11,107601.02,114052.56,100298.31,109788.51,118933.42,123294.32,117465.6,97478.07,80771.76,97739.25,95034.1,84617.54,99802.62,111256.95,111544.7,110262.96,91639.68,98383.76,111984.72,112192.76,111306.31,124141.34,131358.38,134259.37,143836.91,147082.06,146257.46,149465.21,162543.92,148391.06,168903.82,179544.5,194820.29,201353.65,192060.65,200559.14,189455.35,207390.72,212227.51,213288.03,209444.82,217793.66,217929.56,227223.22,211618.52,225376.63,228074.76,229138.79,212034.73,230549.1,239217.05,259162.01,265575.1,262698.23,258089.11,233324.37,226179.56,256425.78,245869.89,240282.06,211365.89,213877.98,215958.15,206110.75,210046.61,177902.63,189633.93,196687.82,183123.09,170022.17,162757.12,185699.45,193248.1,199934.95,225267.48,236668.64,230258.01,213961.05,231115.71,236392.61,255151.63,228696.31,222532.56,233041.85,227039.63,206015.64,213610.35,220510.1,219978.05,232879.07,209145.91,205858.94,199675.24,158214.64,169812.71,160761.63
GB00B63H8491,ROLLS-ROYCE HOLDINGS,GB,EUR,725.72,624.56,638.94,779.53,823.22,926.6,1068.9,1148.35,1171.95,1174.23,1227.8,1231.08,1212.24,1339.43,1424.28,1415.94,1370.8,1346.87,1453.75,1362.69,1522.02,1673.62,1533.3,1576.91,1652.11,1622.42,1604.11,1756.68,1718.65,1700.08,1758.47,1710.86,1521.75,1879.53,1900.53,1923.01,1923.87,2155.38,2150.49,2245.62,2124.61,2259.88,2237.76,2189.86,2285.98,2332.54,2418.14,2405.79,2541.28,2643.99,2907.29,3011.1,3127.81,2944.68,3049.84,2945.05,3083.08,3187.34,3489.93,3643.0,3365.35,2888.18,3088.89,3097.8,3047.95,3193.64,3067.84,2962.65,2731.97,2383.24,2331.51,2397.16,2366.05,2591.6,2499.97,2879.25,2727.82,2450.81,2219.36,2048.24,1836.85,1928.08,1657.85,1538.96,1429.6,1718.3,1780.02,1799.93,1653.49,1745.58,1927.41,1850.8,1716.48,1637.69,1560.57,1524.01,1550.54,1808.21,1740.82,1956.46,2085.66,2155.43,2180.26,2193.37,2216.29,2418.19,2171.12,2144.36,2320.75,2165.06,2288.28,2183.71,2070.99,2462.48,2453.55,2465.45,2430.29,2034.53,2057.25,2006.17
GB00B63QSB39,GREGGS,GB,EUR,7412.31,7575.27,7141.68,7624.46,9589.4,9126.2,9704.74,9864.01,9643.19,10706.01,10700.95,10583.3,10079.23,9527.86,11118.33,11354.03,10051.69,10613.23,10735.45,10656.17,11677.07,11440.6,10657.67,11367.18,11654.28,12316.87,12751.72,13749.34,13857.79,13632.44,13399.93,12822.64,11676.32,13400.44,12637.18,12738.67,13037.24,14154.99,13471.76,13549.29,12868.17,13152.28,13425.19,12970.31,13652.19,12695.27,12977.26,12428.62,12763.22,12795.03,12193.17,11179.18,10697.93,10970.25,11370.12,11164.56,12057.15,12989.74,12728.65,12532.39,14602.01,14830.97,14812.58,16305.68,15803.93,16542.22,15952.81,16396.94,17515.54,17665.0,18177.81,20830.79,22504.18,24735.43,27689.18,33846.22,33608.35,35059.45,39845.33,33039.65,31173.82,34801.29,35490.61,36735.23,28036.03,27358.84,29634.41,29284.75,31744.58,25094.09,26567.7,26283.54,25719.3,22778.38,22004.92,23403.4,23877.75,23763.51,25466.1,27699.95,27999.96,27940.63,28883.08,30873.57,33609.27,33986.36,36112.52,38017.96,37680.2,33076.79,34633.88,34334.1,28734.61,26876.65,28272.83,28253.39,28426.36,30651.56,36749.73,33315.12
GB00B64NSP76,COSTAIN GROUP,GB,EUR,233.37,223.2,229.5,260.37,280.46,298.23,326.98,356.51,332.91,328.19,314.86,283.52,290.04,264.53,263.58,271.88,207.54,222.56,224.28,252.51,248.22,251.54,236.55,248.97,264.32,298.3,289.77,290.54,290.83,269.45,267.29,298.35,260.35,247.07,262.86,224.38,240.32,253.25,274.51,291.11,239.34,270.12,261.32,309.38,328.46,310.57,304.36,337.61,342.26,353.13,339.9,360.01,324.64,353.69,352.58,338.37,363.97,384.99,408.88,389.85,409.53,411.73,453.26,426.23,418.29,416.78,416.28,446.46,436.54,441.42,423.93,413.59,409.77,442.52,443.38,473.36,499.89,498.49,503.67,576.67,536.74,566.84,524.57,537.37,487.4,474.08,498.77,459.27,526.75,421.11,450.04,460.59,471.88,456.47,445.97,441.69,469.1,489.14,581.23,648.58,643.52,616.76,637.84,592.58,625.82,596.97,604.3,658.45,679.23,634.46,678.07,672.59,647.66,616.67,607.83,586.4,584.06,515.33,508.42,431.58
GB00B67G5X01,WORKSPACE GROUP,GB,EUR,147.87,91.55,112.78,145.14,142.41,148.09,167.98,235.53,233.79,224.52,220.81,249.46,236.84,222.45,244.58,241.66,197.66,221.37,212.87,203.61,233.16,261.32,235.79,253.21,284.38,271.79,304.13,336.78,326.61,338.14,327.21,291.51,246.99,286.0,276.07,259.02,267.39,269.18,281.19,274.24,252.16,273.98,298.74,314.11,332.96,377.88,361.04,376.28,399.99,402.59,403.67,452.09,472.57,455.83,538.05,537.81,577.78,617.91,650.09,687.25,705.84,786.03,781.29,766.61,760.2,770.88,828.03,825.82,821.06,841.02,862.75,955.15,954.91,1069.62,1020.9,1043.85,1108.36,1138.52,1235.03,1121.05,1153.92,1200.97,1166.9,1147.34,932.25,824.3,918.79,998.62,1030.83,752.5,777.59,746.92,753.23,638.47,712.53,812.99,796.14,828.14,822.74,937.43,954.34,969.51,1027.82,973.84,1014.55,1001.36,1074.94,1154.91,1265.57,1123.75,1196.57,1313.43,1300.93,1226.06,1246.53,1210.1,1120.54,1074.46,929.44,884.3
GB00B6XZKY75,BARR (AG),GB,EUR,53074.3,57765.64,57627.0,62206.71,67183.32,67795.53,71263.35,71997.68,85671.48,91146.38,94900.11,96125.47,84548.91,82407.0,96206.77,95192.32,91755.1,107222.92,126482.18,129652.18,131115.71,133559.43,120849.71,116685.35,126590.86,114892.95,134562.47,156525.4,154872.0,146285.06,144686.38,127409.28,128363.25,135953.08,126124.48,131223.95,131818.24,132660.28,131350.6,131461.61,115975.86,133085.92,143203.19,142066.83,153459.64,153268.42,162748.17,172123.05,186973.02,168966.8,179565.89,185066.78,182577.66,166195.03,177966.19,181252.09,185354.6,183475.3,197251.01,204501.02,218695.3,225200.4,221849.05,227827.82,231765.51,240414.33,247461.82,235713.49,221132.94,209931.98,213674.84,204431.2,210762.71,232664.27,201063.55,213092.07,210214.23,218072.78,198789.16,194535.84,179129.45,185563.63,179328.5,178263.49,169792.67,163807.95,172858.38,185983.77,180841.83,149623.39,165730.28,153644.07,154040.43,133945.73,146001.2,144250.6,147017.9,150920.72,168537.34,187022.37,201170.73,189353.19,187189.53,192258.66,196212.74,197407.5,197844.62,214618.58,217319.92,216468.87,219386.9,228521.37,219105.89,219631.27,215040.91,220941.96,227356.87,237651.66,247557.91,244631.19
GB00B6YTLS95,STAGECOACH GROUP DEAD - DELIST.28/06/22,GB,EUR,1260.78,1204.05,1252.56,1416.3,1532.46,1520.09,1635.88,1647.18,1952.16,1789.51,1776.72,2052.19,2114.46,2070.76,2161.2,2345.06,2080.25,2059.42,2049.82,2058.21,2232.86,2598.68,2387.18,2583.76,2614.68,2646.43,2712.64,3235.42,3071.19,3220.14,3225.38,3352.86,3061.87,3160.07,3111.48,3333.25,3502.91,3413.44,3247.45,3206.12,2861.21,3326.5,3522.58,3691.97,3677.49,3585.33,3801.9,4049.9,3935.97,3694.09,3858.02,3914.98,3668.5,3911.89,4150.8,4121.84,4404.16,4716.38,4994.49,5226.79,4986.29,5494.68,5532.03,5266.6,5495.36,5404.91,5048.66,5202.84,5117.63,5299.63,5432.97,4946.25,4399.22,4512.7,4478.5,4820.68,5332.58,5486.44,5271.31,4919.8,4507.62,4710.21,4720.99,3849.5,3474.74,3373.92,3237.12,3368.62,3356.1,2758.88,2406.92,2662.01,2538.88,2233.78,2357.57,2471.07,2434.5,2432.19,2465.2,2478.7,2570.57,2278.32,2237.88,2125.42,2260.68,2186.48,2418.53,2201.27,2174.4,1984.2,1872.59,2172.91,2017.15,1890.57,2117.17,2188.09,2112.97,2021.41,2072.65,1747.17
GB00B71N6K86,EVRAZ SUSP - SUSP.06/12/23,GB,EUR,,,,,,,,,,,,,,,,,,,,,,,,,,,,,,,,,,,170.13,164.03,199.32,190.66,166.3,168.97,128.03,119.59,108.83,104.52,120.27,114.93,113.37,127.11,138.15,125.12,101.81,72.86,61.96,44.25,42.97,58.4,62.61,57.26,52.89,55.98,42.39,35.46,40.13,49.11,53.09,47.41,50.8,58.69,66.02,64.75,73.25,75.47,80.18,95.28,87.29,91.33,80.6,60.7,49.28,38.04,34.59,41.0,39.35,33.82,27.71,29.88,40.52,65.17,50.61,57.46,71.21,52.52,65.52,78.45,93.86,85.86,87.89,89.82,84.73,87.79,76.84,84.19,98.3,147.53,143.44,130.86,132.37,157.07,180.54,201.0,218.47,226.2,243.62,245.12,266.82,252.23,288.22,270.64,234.93,248.14
GB00B82YXW83,VESUVIUS,GB,EUR,1139.52,1037.35,1303.97,1617.66,2437.47,2408.64,2888.79,3599.51,3680.89,3369.17,3550.97,3816.91,3849.39,3920.56,4640.97,4845.85,3862.1,3247.27,3892.82,3606.86,4825.59,4609.6,4694.98,5771.82,5958.7,5955.16,6187.51,6681.2,6443.0,6147.35,6019.02,4881.1,3905.27,4491.24,4509.27,4579.82,5271.67,6247.47,6392.03,6820.79,5697.4,5467.61,5100.82,5621.44,5766.93,5613.8,5876.94,6781.48,6927.91,7004.5,6455.71,6530.73,7139.62,6898.48,7953.49,8907.11,9043.23,9746.85,9945.83,10557.29,9193.97,9817.17,9074.43,9008.61,9833.01,10032.29,10050.57,9987.12,9472.23,8818.11,8431.31,8997.63,8546.27,9559.26,9428.3,9239.86,9017.61,8834.49,8438.0,8212.63,7147.39,7388.62,6864.97,6573.75,5730.28,5597.97,6383.57,6542.51,6975.98,5331.18,6791.62,6460.33,6422.2,6271.8,6927.08,6883.94,8372.51,8011.26,9172.8,9872.1,10770.75,9921.13,10316.05,10830.13,11510.54,11354.38,11032.82,11487.75,12448.47,11831.13,11902.58,12045.04,12407.81,11732.07,12368.02,12088.77,12627.61,10427.38,10086.91,9677.05
GB00B8B4R053,STUDIO RETAIL GROUP DEAD - DELIST.25/02/22,GB,EUR,24694.58,33207.88,31625.73,65927.17,33238.87,18646.33,26747.51,35992.4,28914.77,29423.42,25350.58,25684.19,24386.07,19336.19,17704.19,16813.8,15129.03,11983.33,5913.61,5135.08,7753.34,12257.1,8731.75,10390.63,10813.49,8561.12,6436.18,6642.01,5465.63,8145.39,8143.7,7959.49,4894.69,4078.62,3350.03,3700.85,3653.49,3698.41,3857.64,3759.53,3441.26,3081.39,3129.97,6514.14,6643.99,7225.34,8030.47,9892.23,7965.25,6777.67,6528.8,8390.69,8223.59,9129.79,10216.46,12163.88,13256.19,13549.94,14011.58,14941.02,15803.95,16794.52,17644.7,15078.82,13425.44,15000.4,14225.03,13265.11,12975.61,13969.24,10838.29,11564.79,10431.58,12484.32,11403.17,11080.25,11343.04,11287.43,10322.46,9092.68,12174.1,12769.96,11699.86,9749.62,9148.58,8861.23,8937.28,8236.76,8472.76,7781.78,7179.89,8241.31,9237.35,8560.83,8264.78,7642.52,8868.49,8149.38,8313.08,8558.15,8838.52,8592.55,7892.4,8353.28,7832.2,7488.69,9178.25,9384.68,10723.82,9843.64,10578.65,11616.75,10386.65,12226.84,13015.84,10962.25,12076.81,10544.26,9326.29,9014.61
GB00B8C3BL03,THE SAGE GROUP,GB,EUR,13741.65,13152.42,13110.01,14858.81,16784.91,16068.31,17746.88,19705.57,20450.16,19279.67,19176.89,19462.87,20778.85,20164.83,20287.13,20993.28,19524.72,19588.63,21151.47,21278.42,24614.27,24349.87,22653.27,24199.04,26721.99,26617.78,25660.3,27363.33,27748.39,26944.38,26166.69,23846.12,23203.49,26076.85,26506.05,26561.05,26869.55,29513.28,28435.39,27634.56,23805.81,26226.21,27162.28,28369.13,30516.35,30183.19,30112.79,28846.43,30850.78,31743.61,32006.24,32308.37,34402.2,32061.84,33018.39,33075.12,33186.31,33652.78,35461.7,41546.95,41695.61,45751.44,44080.08,45532.22,43916.96,41960.34,39813.5,41774.03,37846.73,38606.73,40732.73,46393.68,46078.68,48644.04,45010.41,48521.52,56820.33,52792.56,53251.82,51929.95,49547.59,55130.15,57826.12,58261.06,57697.11,55294.27,60135.33,57684.76,59831.4,57865.42,63436.81,63674.59,64286.83,59070.8,55087.56,54274.15,51716.85,54698.71,53645.84,58980.71,63769.54,61270.38,60920.09,61177.37,64250.32,67873.33,71878.25,74009.98,73043.64,66405.1,62394.97,60879.62,61849.04,58234.38,57251.96,54302.21,53658.32,48810.44,52052.39,53745.9
GB00BD6K4575,COMPASS GROUP,GB,EUR,130.96,116.74,121.0,127.05,152.34,148.94,143.31,142.58,163.88,171.42,189.49,192.7,187.72,203.04,218.24,223.56,212.81,211.56,229.25,226.46,230.88,225.86,238.93,251.23,251.22,254.18,253.67,275.26,274.65,275.42,269.18,256.09,231.67,260.77,264.43,271.04,270.98,293.41,305.34,304.88,285.39,309.26,316.55,331.91,325.3,322.88,340.56,347.34,363.75,364.9,383.26,395.88,394.5,386.26,412.75,401.45,417.32,436.92,457.39,486.07,461.17,487.82,470.13,490.22,519.22,540.71,505.21,503.13,499.65,497.79,527.96,530.97,543.04,559.26,546.54,558.54,548.38,524.88,506.96,504.53,505.54,547.74,550.58,548.9,550.6,569.26,569.49,576.17,604.41,618.35,620.19,614.34,631.72,588.17,557.2,603.32,586.47,615.41,621.71,665.45,716.72,723.76,733.21,732.15,730.48,754.99,697.9,744.43,735.81,743.48,712.63,749.94,751.22,751.53,756.38,758.14,782.44,692.06,753.21,739.08
GB00BDCPN049,COCA COLA EUROPACIFIC PARTNERS,GB,EUR,233.37,238.56,275.93,356.89,348.52,349.72,394.67,424.49,451.49,402.14,416.01,448.82,427.44,540.91,587.61,589.09,554.47,551.32,611.87,606.75,662.9,746.7,754.77,782.27,786.34,821.96,857.03,891.88,906.95,920.33,886.58,871.12,788.48,849.97,832.1,821.27,853.44,920.66,916.4,965.1,876.66,903.82,945.07,951.84,1013.36,1018.87,1015.81,1033.73,1136.02,1165.67,1209.58,1200.08,1217.44,1158.17,1236.57,1231.96,1331.36,1381.69,1395.36,1468.22,1440.28,1566.37,1597.37,1519.77,1526.46,1606.73,1528.38,1606.73,1499.52,1465.38,1493.84,1503.36,1431.29,1570.68,1512.06,1519.25,1513.09,1495.46,1758.47,1772.58,1673.53,1777.02,1750.64,1713.75,1615.6,1688.34,1776.88,1837.82,1901.76,1748.88,1829.24,1884.12,1964.69,1892.8,1598.34,1554.81,1709.8,1717.72,1866.27,1924.18,2056.61,2038.07,2166.36,2167.3,2097.74,2059.44,1977.54,2021.16,2036.88,1944.41,2130.57,2004.76,1957.41,2095.05,2125.98,2213.87,2360.8,2361.84,2537.18,2396.57
GB00BDFBVT43,OXFORD BIOMEDICA,GB,EUR,12.97,12.82,11.64,19.47,21.65,27.08,23.92,24.61,24.15,30.98,26.99,24.39,25.27,22.48,19.73,19.11,19.21,22.09,20.52,19.7,19.88,20.82,19.17,12.26,13.15,15.26,13.23,13.6,13.57,14.32,16.56,13.26,11.68,12.08,10.91,7.7,7.26,7.01,7.01,9.14,5.88,5.22,4.99,5.04,5.92,5.79,5.4,5.29,5.16,4.84,3.33,3.64,4.94,3.34,3.22,3.5,4.93,6.2,5.39,5.45,7.62,7.3,5.84,5.32,4.87,6.78,6.99,8.29,8.55,9.12,10.92,11.59,14.89,17.4,25.75,24.48,21.5,20.37,20.42,17.75,17.33,13.78,13.0,13.56,14.12,13.0,11.68,11.82,11.15,8.9,7.97,7.79,6.07,6.88,6.26,7.12,7.52,7.07,9.15,8.13,9.14,13.7,16.05,17.99,17.78,16.83,17.25,17.0,21.87,23.61,21.97,23.44,24.93,36.86,33.06,32.29,33.77,24.97,25.53,25.51
GB00BDR05C01,NATIONAL GRID,GB,EUR,794.31,759.24,652.6,711.2,820.57,798.04,819.51,854.69,855.0,884.85,959.39,990.79,913.65,896.92,879.29,869.97,729.01,775.8,842.7,891.1,898.67,996.22,934.2,935.73,956.44,1003.74,1029.05,1106.83,1113.58,1104.61,1100.83,1135.84,1117.32,1119.62,1127.96,1115.44,1145.31,1176.82,1156.86,1241.02,1193.7,1264.15,1238.51,1295.35,1315.95,1358.07,1376.09,1391.75,1335.25,1348.66,1414.75,1553.42,1448.57,1427.11,1503.94,1448.7,1492.09,1589.72,1601.21,1678.03,1667.17,1798.08,1761.95,1824.73,1919.38,1907.88,1918.6,1983.25,1912.28,1967.91,1965.06,1931.49,1895.71,1848.65,1731.94,1822.55,1922.98,1790.24,1854.39,1842.65,1938.86,1989.5,1972.47,1955.73,1979.19,1900.47,2008.27,2021.13,2074.49,2134.95,2095.26,1997.2,2067.01,1894.7,1690.28,1741.97,1729.08,1802.05,1877.51,1916.65,2076.24,1875.65,1873.66,1905.4,1881.94,1825.25,1849.96,1827.42,1767.1,1574.94,1737.76,1792.59,1774.84,1771.74,1707.64,1685.15,1651.9,1695.89,1734.11,1588.21
GB00BF044593,CLS HOLDINGS,GB,EUR,530.66,450.45,387.44,512.18,556.45,577.75,576.84,836.1,975.01,862.68,858.88,926.41,831.26,813.84,898.57,890.87,765.43,788.16,801.62,910.42,950.68,974.67,904.62,962.57,967.26,1141.23,1226.11,1302.69,1221.14,1200.32,1204.62,1119.04,1039.27,1214.22,1091.79,1054.68,1099.06,1152.08,1121.06,1172.52,1062.23,1208.74,1189.45,1308.12,1339.19,1334.23,1251.69,1430.33,1393.27,1405.53,1510.79,1640.75,1691.56,1735.85,1953.08,2141.4,2186.81,2223.11,2289.24,2627.11,2364.84,2646.64,2546.6,2713.31,2699.17,2588.23,2524.53,2502.44,2582.62,2516.49,2593.92,2742.28,2660.42,2933.01,2936.95,3241.84,3519.19,3364.71,3455.28,3219.7,3310.42,3197.57,3203.19,3085.52,2635.06,2317.9,2526.15,2665.65,2692.07,2097.34,2078.48,2371.18,2347.33,2178.11,2282.13,2173.16,2311.05,2414.7,2603.35,2952.2,3035.4,3101.57,3298.31,3400.65,3250.77,3482.55,3585.32,3959.71,3977.61,3583.96,3995.41,4164.47,3765.78,3648.53,3513.98,3596.45,3504.8,3402.89,3327.83,3282.93
GB00BF5H9P87,GREAT PORTLAND ESTATES,GB,EUR,8769.15,8679.12,9249.62,12043.55,13521.68,13168.65,14009.82,15698.02,15387.28,14798.27,16874.35,17025.47,16552.93,15715.34,17805.41,17961.1,16691.33,16248.63,17616.96,18149.19,20079.37,20623.15,19379.23,21287.99,21742.61,23764.19,23305.34,26469.25,27391.7,26687.46,26047.55,22447.77,20193.63,22917.33,21330.41,19312.92,21875.18,21701.58,22123.67,22497.57,22665.57,24063.5,26250.13,27243.01,28395.71,29379.03,29621.84,31231.9,30300.45,29356.27,29580.69,32527.19,33310.91,31970.67,33430.05,32729.96,34617.17,36509.95,38040.94,39587.13,39641.86,43131.66,41976.4,42245.73,43936.33,44306.06,43407.99,43869.05,41714.1,44191.54,45502.29,46534.29,47707.66,50026.85,48715.78,49560.41,51460.18,49675.95,52879.39,51866.54,52716.39,55917.05,53926.83,49880.21,44439.74,39757.9,42766.99,45384.43,44676.8,34491.28,37373.2,36542.88,33863.72,29866.77,31451.35,34228.55,32295.96,33413.85,33757.66,37097.81,33866.29,32390.5,33149.6,32588.65,34239.8,34472.58,35253.72,39154.26,39755.19,36376.34,39372.18,40486.57,39108.22,40174.72,39999.88,39943.98,37165.54,37972.55,37965.87,35970.9
GB00BF8Q6K64,ABERDEEN GROUP,GB,EUR,149.09,116.91,117.02,138.6,156.7,150.64,161.18,161.02,175.93,180.49,171.54,175.61,157.59,149.42,158.54,159.74,137.53,136.22,165.23,166.85,194.07,193.33,166.91,180.14,195.65,206.99,184.24,209.6,192.01,187.83,180.73,187.53,177.11,198.01,180.79,182.26,195.38,211.13,216.75,214.44,186.07,216.2,223.84,253.4,264.81,282.89,308.4,324.62,329.5,321.77,333.56,373.08,381.48,335.87,368.36,328.19,363.73,367.75,374.31,387.3,390.72,425.02,409.26,431.3,448.39,427.49,422.89,426.64,455.14,426.73,449.86,422.66,410.06,445.81,465.84,485.87,502.87,471.84,479.15,432.43,402.71,445.63,429.81,393.76,353.49,318.62,350.88,339.15,350.4,278.64,285.51,338.92,322.91,298.11,312.11,332.26,314.38,331.64,320.6,352.63,370.14,388.29,430.92,414.62,443.0,434.73,443.56,449.76,460.88,386.32,384.34,398.17,369.09,340.29,324.19,333.49,322.98,281.93,276.21,266.73
GB00BG11K365,REDROW DEAD - DELIST.23/08/24,GB,EUR,255.85,229.44,228.28,337.98,359.09,368.14,361.17,458.51,391.18,346.64,330.43,320.33,313.08,304.26,320.58,340.38,277.38,251.92,250.16,245.27,291.2,263.49,242.49,316.64,283.57,328.22,298.84,326.88,319.87,297.63,314.35,296.27,260.22,280.7,268.59,262.62,290.2,301.39,307.64,297.9,251.37,282.82,292.1,367.43,374.51,379.17,379.34,402.2,440.06,422.23,425.31,496.53,506.74,493.14,553.98,519.11,565.14,637.68,690.4,773.98,800.0,857.94,815.46,727.0,676.07,699.18,620.12,683.85,688.41,699.21,665.72,697.03,643.0,853.09,811.58,868.2,1012.28,1059.56,1106.89,1127.43,1060.26,1099.73,1049.03,1063.1,966.55,935.99,895.65,869.06,948.7,651.02,695.32,753.66,816.93,728.27,802.63,833.43,879.23,955.74,1014.58,1186.59,1151.16,1130.4,1241.66,1272.02,1289.85,1402.73,1324.45,1436.61,1382.15,1316.83,1355.47,1423.59,1327.1,1159.07,1160.25,1172.12,1293.96,1148.35,1018.03,1064.27
GB00BGDT3G23,RIGHTMOVE,GB,EUR,75.2,99.27,116.02,149.07,180.05,183.23,219.09,275.99,280.96,276.38,280.39,259.2,269.44,307.58,325.29,338.71,325.72,302.94,328.94,319.6,371.5,411.71,377.86,394.56,433.2,468.57,492.64,571.97,592.81,624.32,654.4,691.08,607.82,690.99,655.77,634.2,664.69,757.75,761.04,820.88,745.63,825.13,772.49,844.0,836.71,862.47,797.8,775.68,883.01,869.13,898.68,993.55,1038.18,1057.88,1233.49,1204.23,1283.97,1432.65,1397.91,1525.93,1399.2,1552.44,1478.8,1368.33,1301.99,1241.52,1300.77,1417.34,1181.5,1150.73,1165.39,1194.88,1190.86,1595.7,1516.62,1658.01,1752.8,1769.25,1952.13,1964.64,1896.98,2044.62,2076.95,2096.65,1948.38,1890.63,2087.21,1948.97,2134.55,1693.13,1867.38,1863.89,1904.13,1590.46,1598.82,1682.07,1763.97,1706.14,1739.29,1888.86,1967.28,1940.21,1949.73,1866.71,1907.32,1949.31,1928.2,2151.11,2217.59,2082.45,2154.85,2221.87,2327.9,2496.85,2275.68,2277.78,2187.55,2068.69,1999.22,1971.22
GB00BGLP8L22,IMI,GB,EUR,12141.38,11813.86,12183.35,17334.45,18192.64,16764.67,18405.97,23863.52,23787.35,23623.34,26818.59,27822.31,29178.57,28581.81,33266.96,36987.26,32253.64,34859.42,37870.43,35575.68,41502.7,43315.48,45773.1,50771.9,47875.1,49619.52,56657.05,63571.13,59630.46,59003.73,60156.76,50748.91,39119.87,47070.47,44391.91,41775.32,47637.81,54749.28,54957.37,57996.35,49165.79,47073.0,46486.2,49304.14,53195.68,56285.97,61829.32,65269.27,67897.45,67951.48,71975.63,71771.14,72959.83,69996.9,77414.97,82617.41,88464.26,91625.52,90282.58,94830.22,92369.63,96807.29,92073.62,97337.3,102944.34,97710.88,91937.64,87418.63,77404.86,75891.05,71795.24,76446.79,74392.96,82846.61,73473.47,76106.71,75149.29,69986.4,65492.91,63994.17,57592.39,58998.29,57564.97,50899.11,45744.87,47511.56,54878.12,56381.68,60213.91,53212.23,58588.62,57728.43,58177.7,50606.88,50537.78,53588.51,61172.58,64398.35,62208.5,70446.75,68920.28,66084.6,67520.62,63020.34,71861.1,69925.66,73262.14,77701.87,81437.33,72850.1,65283.47,66387.79,68130.71,65966.54,71910.75,70165.65,63929.12,56786.93,55507.36,53728.28
GB00BH4HKS39,VODAFONE GROUP,GB,EUR,2587.24,2469.15,2434.42,2556.69,2588.17,2793.46,2944.08,3132.51,3245.28,3209.92,3320.46,3424.63,3181.85,3178.02,3402.71,3283.34,2962.28,3200.83,3581.74,3713.46,3806.23,4175.21,3914.77,4059.28,4392.08,4433.23,4424.19,4475.79,4348.55,4305.33,4580.43,4252.88,4201.55,4526.23,4571.96,4693.37,4549.92,4566.76,4644.48,4673.76,4494.93,4927.72,5014.53,5052.88,4974.28,4750.95,4619.75,4490.8,4880.71,4495.06,5068.29,5462.22,5205.54,5291.21,5560.63,5925.16,6496.08,6698.35,7006.63,7403.1,7021.99,7678.76,6758.43,6958.59,6466.43,6365.34,6385.03,6555.09,6326.06,6331.52,7105.52,6732.95,6830.48,6725.6,6346.83,6871.24,7556.89,7236.04,7554.75,6979.4,6320.53,6623.55,6869.45,6628.68,6463.24,6230.67,6469.93,6534.54,6837.68,6412.07,6421.57,6342.79,6069.28,5782.83,5208.05,5308.78,5256.48,5401.22,5594.15,5536.16,6424.75,6330.37,6550.32,6384.95,6269.72,6407.8,6923.08,7246.21,7282.63,6401.23,6212.31,6645.44,5819.97,5802.02,5833.03,5111.59,5128.5,4515.54,5296.48,4784.97
GB00BHJYC057,ICTL.HTLS.GP.,GB,EUR,131.0,120.71,138.1,168.27,169.96,162.03,176.59,201.42,213.79,206.55,221.42,234.97,236.94,242.08,277.22,311.33,293.87,285.55,296.29,266.28,308.03,327.28,309.12,337.05,356.57,370.94,354.11,363.25,358.82,353.28,334.71,293.5,294.9,322.4,310.33,324.64,362.52,402.36,416.18,420.19,437.09,439.66,451.7,464.35,468.69,441.62,481.46,492.71,535.72,552.46,588.73,556.76,559.39,530.35,559.39,588.38,588.05,592.95,621.01,656.91,642.88,633.74,640.19,670.42,782.38,804.31,792.46,765.34,788.55,785.23,898.26,860.14,882.35,878.37,873.07,942.44,921.27,862.45,906.82,832.28,773.99,881.42,866.16,900.73,778.4,923.43,987.33,938.49,908.28,939.69,1031.5,1113.08,1092.88,1091.16,1127.59,1250.28,1264.71,1304.58,1343.07,1407.68,1505.09,1468.61,1476.87,1335.17,1367.02,1444.59,1505.87,1633.99,1631.57,1627.06,1495.89,1608.4,1687.26,1654.31,1649.75,1675.84,1684.65,1448.52,1480.24,1493.28
GB00BJFFLV09,CRODA INTERNATIONAL,GB,EUR,107249.86,103969.96,112800.76,122771.5,129306.64,133812.81,145942.65,155884.65,161467.87,190133.95,188034.87,198820.32,185203.67,210867.71,218743.49,240865.44,216264.27,235662.41,315947.49,307414.88,367657.96,361949.17,356488.13,398318.48,375729.67,405605.39,423454.08,500965.35,511703.23,483731.62,499573.76,475976.92,416047.41,459038.6,463840.65,453797.81,494252.35,556954.79,544646.11,586661.03,564606.71,582302.64,604052.88,620848.03,649672.39,588292.0,633084.99,640762.75,637600.79,652764.03,691019.26,639862.04,627768.84,631586.88,639472.09,675889.92,730752.92,665176.7,647016.2,691644.93,673730.08,723755.59,721414.89,749473.36,760975.33,648446.69,611183.82,632645.06,581049.71,641007.68,670936.45,724644.72,696681.15,736284.52,709861.52,770260.99,789128.27,765201.49,838723.16,794939.95,733381.13,799904.03,771581.75,801322.13,723034.25,740230.15,780652.91,788312.54,773836.13,758834.89,798327.63,783951.56,826351.08,779789.02,744153.48,721073.39,769091.2,797070.43,813731.52,889154.7,944267.34,931418.29,900556.95,922058.26,947810.74,1034839.86,1077305.56,1114634.4,1187627.5,1186128.35,1193497.78,1155915.38,1167039.05,1192690.51,1268421.23,1256274.3,1285639.33,1167205.32,1179057.33,1130829.82
GB00BJQZC279,DAILY MAIL 'A' DEAD - DELIST.10/01/22,GB,EUR,63652.07,59586.65,56198.54,82181.56,87676.86,79583.64,84628.75,108017.23,124967.41,111546.61,115412.2,117683.14,126074.41,117949.65,131533.26,138833.71,123354.87,115687.76,133817.5,122280.72,145998.75,151227.47,142369.07,161584.08,161277.85,164354.79,142434.25,149679.61,134121.52,135675.75,122741.18,119765.16,102932.18,122689.72,119063.88,116338.69,129093.83,128617.03,135073.26,126577.07,111211.33,126019.86,134815.33,144664.67,147687.14,146043.66,164270.89,174200.74,185018.46,209617.29,209538.76,208267.24,225580.13,228804.21,239703.04,239576.98,241916.06,256382.2,298304.41,316444.68,314325.9,350691.6,288183.26,273576.97,290446.83,284973.65,283580.24,288766.86,248757.02,253500.68,264144.21,262034.87,263723.55,268841.98,267627.5,281275.74,299204.36,299795.56,257124.13,259097.3,234200.44,237358.63,220847.58,216265.97,200852.32,191192.01,209690.53,214331.12,208989.74,168909.31,201930.17,200302.18,204856.98,193962.64,201930.86,207301.76,188249.99,193185.8,194395.06,199869.55,192189.83,189049.97,183099.68,175305.7,189848.62,200949.39,157874.66,180801.61,203127.78,206847.86,203049.81,208007.29,198867.55,221343.39,221403.22,221879.08,207260.57,202357.2,179099.18,170508.72
GB00BK9RKT01,TRAVIS PERKINS,GB,EUR,694.87,702.02,954.23,1572.35,1659.31,1656.84,2580.26,2513.25,2545.75,2378.07,2377.01,2629.05,2256.66,1946.18,2372.48,2486.12,2194.72,2095.52,2524.25,2237.83,2539.88,2546.5,2419.1,3184.47,3116.24,3111.24,3130.9,3447.05,3432.79,3082.02,2813.65,2607.72,2296.93,2714.91,2556.29,2416.53,2705.17,3353.55,3369.8,3332.8,2829.65,3013.95,3130.22,3226.73,3328.43,3470.23,3560.81,3527.29,3826.16,3857.02,4403.42,4451.39,4928.22,4455.82,5206.42,4915.97,5391.44,6054.55,5973.51,6295.47,5803.0,6652.4,6380.9,5917.67,5802.57,5756.84,5812.69,5949.96,5544.84,5473.96,5861.07,5997.09,5978.71,6452.74,5995.53,6695.92,7093.61,6958.08,7352.38,6604.61,6244.33,6250.82,6464.6,6142.94,5468.57,5275.43,5547.12,5808.21,6005.15,4227.63,4443.83,4678.63,4303.18,3526.62,3633.31,3887.86,3961.22,4104.15,4102.42,4603.44,4659.06,4174.38,4420.18,4283.26,4336.63,4505.79,4861.92,4731.86,4636.19,3952.3,3864.17,3999.54,4096.86,4297.47,3589.93,3421.77,3179.45,3285.89,3272.25,3165.75
GB00BKP36R26,HYVE GROUP DEAD - DELIST.23/05/23,GB,EUR,208.24,168.1,221.12,338.04,352.21,401.66,388.25,377.73,474.5,485.03,496.84,501.63,544.74,514.69,543.35,576.59,516.81,538.89,588.5,593.08,711.37,746.83,737.32,999.17,937.33,986.95,1003.18,1106.92,1049.14,901.5,955.69,722.28,639.28,788.07,823.43,822.91,856.07,967.35,940.01,972.15,779.09,803.89,801.76,863.0,891.65,833.9,838.56,1072.62,1107.0,1101.27,1130.21,1112.61,1214.05,1233.56,1182.49,1183.59,1209.69,1423.11,1386.59,1397.9,1253.19,1318.12,888.77,1083.98,1095.52,1130.58,955.67,948.51,775.01,768.21,680.2,703.64,571.59,768.08,779.94,840.94,848.35,793.92,849.96,683.33,630.52,639.44,678.8,686.4,603.71,561.23,644.6,693.85,625.01,589.51,670.45,691.65,650.95,541.22,566.38,599.22,617.03,613.24,632.93,719.93,637.2,635.01,754.35,724.01,765.56,749.31,790.67,780.48,790.22,735.5,705.46,674.04,610.05,554.87,571.97,571.52,493.26,382.62,423.62,424.87
GB00BKY40Q38,GALLIFORD TRY,GB,EUR,12485.52,14019.17,14374.28,20246.96,19102.45,19921.65,22860.29,24107.95,23841.9,19772.8,16638.36,17622.87,17853.68,17417.87,17230.95,20557.1,17434.36,16715.43,17149.51,16665.83,18488.29,17853.25,15765.38,17110.49,18326.02,22152.37,22296.21,25675.04,28205.8,30786.99,30047.47,25667.87,25424.02,28654.41,30138.16,28122.1,28645.66,35965.82,38607.05,40995.57,35762.92,38323.54,37041.42,39147.5,45574.22,47334.78,46609.77,48115.03,51849.57,54654.6,56165.58,61802.33,58400.0,57109.2,60536.06,59399.42,67860.08,75812.45,73654.25,79723.92,79378.46,88257.97,92136.31,83544.08,78938.2,81322.23,89648.89,89569.3,85475.57,84323.61,81395.68,86480.9,85110.95,99687.62,92426.07,101117.76,110341.12,119356.1,121021.1,116991.46,104964.66,104099.17,99091.52,101205.42,94846.58,92365.95,94563.45,85700.35,92557.75,55927.24,59777.2,68154.04,78972.67,71803.06,75756.67,76523.35,81414.08,90496.36,90129.41,91223.27,79015.5,73844.36,87535.3,87828.01,88885.17,83320.84,82218.26,89468.59,79863.73,65051.42,68818.08,74286.07,75246.24,67754.69,71865.45,74071.6,77457.89,65611.12,57004.09,49269.66
GB00BL6XZ716,CAPITAL & REGIONAL DEAD - DELIST.11/12/24,GB,EUR,114.7,90.72,64.62,135.57,157.15,141.93,149.48,350.3,281.84,299.28,339.59,295.35,316.6,276.41,285.54,286.08,246.34,235.68,255.07,268.78,290.31,292.41,255.73,269.63,312.2,317.02,333.83,345.14,334.0,336.5,330.9,321.71,295.31,293.06,285.56,263.49,258.07,279.37,277.29,290.49,213.7,221.95,192.44,212.05,228.51,206.47,237.49,249.56,239.17,243.18,267.58,286.74,287.41,267.27,283.35,328.35,352.42,373.37,372.98,391.59,419.47,464.88,424.46,420.76,424.78,426.07,420.7,431.83,428.9,418.9,431.41,446.55,436.27,436.26,467.65,476.5,485.77,498.49,531.18,563.79,553.18,609.38,602.43,540.02,515.72,494.89,526.61,539.62,506.72,407.46,450.72,448.39,466.17,409.18,402.05,403.13,410.45,435.51,415.37,476.13,457.35,446.3,456.99,440.76,465.07,456.23,435.2,498.87,505.6,451.66,477.53,476.99,461.68,439.1,406.7,390.24,366.4,366.22,317.8,239.44
GB00BLGZ9862,TESCO,GB,EUR,149346.78,137347.81,138201.6,148036.09,174332.15,172526.85,180506.53,181508.67,189347.54,201002.55,207806.84,206899.81,204129.61,191272.33,197733.11,203629.53,182831.9,173831.05,187039.52,191210.96,204264.64,210740.29,199241.22,205476.39,199183.95,203015.15,188591.88,213059.41,218324.69,204288.15,199237.0,195129.08,186390.5,207632.62,204057.29,200760.27,161486.65,161681.64,168823.13,170276.49,153867.98,160684.07,164682.44,176656.81,177144.31,172798.27,174718.87,183151.45,189431.55,188136.6,194283.56,196402.42,190951.18,173228.26,191911.48,195416.95,200361.87,204289.41,198994.92,193341.62,183814.31,192616.32,171942.51,178677.29,183914.41,175526.94,157337.03,137942.89,109034.64,100992.26,106176.2,107161.01,122743.88,137903.35,130552.58,123496.48,117967.63,121553.06,122397.56,107014.75,100907.97,102939.33,91520.55,80125.09,89441.26,91418.39,100243.3,91674.37,87381.32,85018.89,75315.43,79223.44,86417.34,93563.56,94816.28,92941.51,89026.03,85251.06,84392.35,86209.18,86233.83,79730.41,83509.94,84761.59,91303.66,88066.71,96031.25,103496.94,108656.05,106185.53,105595.39,118786.01,120491.3,124901.88,125838.01,118076.46,115247.17,101212.26,93603.13,89910.72
GB00BM8PJY71,NATWEST GROUP,GB,EUR,2612.17,2723.41,2892.16,5101.17,5073.19,5240.77,6122.99,7738.16,6974.51,5690.82,4484.52,3883.46,4262.63,4723.12,5496.85,6851.4,5591.79,5104.81,6443.86,5642.74,6126.88,5873.95,4821.28,5037.82,5498.28,6049.4,5384.9,5696.67,5774.71,5085.23,4824.94,3254.58,3013.69,3220.98,2718.88,2582.88,3459.66,3673.22,3637.06,3245.79,2532.68,2781.11,2757.54,2960.29,3417.87,3662.03,3896.36,4344.16,4482.6,4049.23,3445.29,3926.2,4202.87,3416.34,3965.5,4251.31,4799.99,4863.93,4414.12,4611.85,4601.93,4525.65,4270.11,4155.27,4788.02,4624.5,4940.25,4962.22,4915.99,5112.29,5098.43,5064.74,4482.63,4673.56,4156.84,4284.16,4339.51,4552.77,4397.92,4266.11,3929.67,4039.66,3748.94,3665.89,2952.15,2569.78,2636.16,2774.85,2954.84,1889.24,2103.82,2173.46,1912.85,1901.41,1999.3,2285.65,2298.16,2437.11,2493.25,2827.84,2764.31,2644.51,2699.21,2673.21,2964.58,3089.61,3083.63,3096.07,3369.45,3037.77,2989.95,3065.02,3014.8,2784.65,2759.15,2604.12,2706.94,2508.05,2311.61,2291.58
GB00BM8Q5M07,JD SPORTS FASHION,GB,EUR,171.86,223.11,246.72,311.19,422.39,448.26,458.81,476.57,519.12,442.1,465.15,467.32,540.86,501.64,566.76,720.14,644.21,671.2,686.61,706.54,749.24,746.19,726.84,803.05,783.07,843.8,834.4,875.57,936.05,893.8,942.36,809.51,774.01,806.82,667.64,583.9,679.37,798.33,765.29,801.75,646.19,692.39,665.54,645.28,698.89,749.49,706.68,691.51,733.55,769.26,654.46,826.44,881.06,851.43,888.28,924.6,1088.21,1163.6,1441.2,1543.71,1696.84,1674.54,1706.37,1894.62,1753.36,1781.79,1663.49,1723.74,1802.82,1917.24,2043.98,2056.12,1962.93,1969.59,1849.54,2293.98,2585.14,2913.63,3291.77,3530.45,3790.65,3907.34,3828.14,4025.37,4257.38,4189.95,4245.93,4800.17,5017.58,4062.58,4402.37,4460.06,5057.04,4888.15,5483.04,5180.78,5762.75,5773.85,6354.41,7593.12,7680.55,6015.78,6243.44,5526.01,6648.48,6283.63,5911.95,6033.41,6896.15,6993.82,6228.78,7131.73,6708.42,7727.8,8153.78,8771.6,7953.47,6930.75,6699.86,5905.56
GB00BMJ6DW54,INFORMA,GB,EUR,179.74,157.69,195.66,229.05,243.83,225.59,248.61,293.98,319.53,306.53,288.84,327.75,335.39,323.95,372.62,392.86,355.25,344.22,397.51,385.86,432.03,456.23,402.92,417.57,451.73,462.75,437.17,465.33,479.36,464.45,444.0,390.83,346.62,397.3,385.96,381.37,419.08,470.24,479.12,470.21,366.67,416.37,404.88,457.94,460.88,456.95,477.51,517.27,538.24,539.53,566.61,540.95,560.01,540.49,578.73,578.88,625.68,661.53,672.06,699.03,625.3,644.41,648.42,614.87,652.84,618.37,621.92,655.37,606.27,588.51,577.04,561.41,588.09,653.58,640.88,669.78,693.73,672.53,727.75,704.58,672.96,694.07,742.6,714.87,713.81,757.52,789.23,774.31,799.31,786.49,765.59,756.52,754.04,727.08,718.6,744.07,726.39,740.52,721.98,750.46,782.66,785.17,828.46,811.51,822.31,844.2,925.97,890.5,902.98,873.91,919.41,945.93,970.0,1024.5,962.31,929.02,931.85,854.84,826.81,752.48
GB00BN7SWP63,GLAXOSMITHKLINE,GB,EUR,130840.13,114954.33,117600.15,118851.4,128475.47,134545.04,147390.06,151706.05,152151.06,159427.15,161574.9,166895.66,152681.56,146939.47,152619.49,147370.62,135332.99,137665.93,141924.6,153068.38,161248.65,161280.52,155941.27,160394.19,149337.41,161268.1,160077.01,182811.87,184638.07,182005.11,190276.88,183535.23,178608.9,194365.83,192247.24,199165.18,193782.33,196495.35,197878.41,205215.25,198652.13,203700.87,206509.91,205439.88,209227.35,202746.17,196759.91,199640.02,210838.49,206338.71,218102.16,241280.32,245199.88,235920.28,240970.46,242842.19,240628.13,251907.92,255919.89,257644.18,248117.57,274098.03,259624.57,269648.77,265847.36,264735.55,240089.23,245671.76,229811.25,227514.23,236448.82,218141.98,224014.54,245857.92,236858.83,240199.67,231945.18,217506.21,227813.38,218502.29,203239.25,229968.87,219335.51,217532.97,219420.22,216183.87,224954.39,236905.58,236200.67,240883.61,251694.43,243781.82,242380.29,224410.65,214791.09,221873.15,220987.15,239067.96,241906.74,233768.87,259356.42,250546.28,235475.24,236024.56,238539.33,215324.61,209799.29,216705.96,227445.8,222024.36,241054.45,248124.76,253195.8,252172.95,259033.22,256250.22,253209.57,243969.89,264592.77,242876.96
GB00BNGDN821,MELROSE INDUSTRIES,GB,EUR,108.68,107.05,138.64,166.81,206.64,181.45,228.82,314.25,354.35,341.59,360.23,353.29,326.23,322.15,414.91,454.6,399.4,391.01,453.85,491.59,543.82,568.1,576.15,614.18,636.42,623.48,662.98,761.53,726.23,749.35,756.01,681.5,614.52,721.63,729.82,716.29,804.35,846.28,916.4,981.98,904.36,807.44,840.57,914.33,961.16,954.18,839.31,892.82,909.4,965.06,990.75,953.02,994.14,948.5,1072.45,1142.39,1228.93,1302.18,1211.15,1281.63,1286.7,1401.11,1260.91,1249.91,1217.7,1153.52,1152.11,1174.22,1052.89,1074.3,1062.28,1090.78,1043.57,1205.71,1071.69,1081.96,1073.15,1032.21,1145.45,1100.21,1072.22,1101.48,1170.36,1148.71,1129.27,1227.37,1372.08,1475.51,1509.25,1535.67,2452.17,2780.28,3251.32,2955.15,3283.98,3504.83,3523.4,3806.31,3999.69,4424.23,4465.99,4554.71,4430.2,4099.02,4155.52,4250.32,3938.53,4174.15,4686.04,4578.49,4716.53,4631.25,4631.21,4141.35,4176.59,4272.56,3871.62,3200.5,3346.52,3099.31
GB00BNNTLN49,PENNON GROUP,GB,EUR,2507.74,2380.35,2238.92,2541.77,2923.09,3066.25,2918.89,2989.02,3026.07,2977.8,3247.39,3453.07,3321.8,3217.3,3193.45,3206.98,3073.46,3333.52,3722.96,3643.88,3791.53,4121.41,4046.78,4146.09,4044.04,4307.43,4194.72,4605.76,4651.83,4691.98,4979.47,4526.5,4521.41,4823.52,4848.78,4767.75,4715.79,4989.3,4941.62,5195.28,4900.88,5195.31,5230.7,5212.64,5198.7,5147.15,4420.46,4526.95,4836.2,4486.46,4268.69,4814.31,4675.97,4410.91,4757.91,5031.49,5256.03,5080.21,4905.84,5064.17,5322.81,5861.65,5827.29,6021.33,6190.64,6318.64,6477.43,6529.39,6197.41,6444.6,6770.12,6929.12,6520.41,6422.31,5991.52,6442.69,6363.85,6228.38,6218.19,5948.09,5907.6,6286.8,6596.08,6369.71,6377.1,5769.61,5921.33,6042.47,6380.78,6420.65,6240.1,5988.3,6037.52,5308.73,5325.24,5324.58,5198.44,5698.29,5828.42,5859.32,6283.26,5666.64,5784.67,5703.08,5828.4,5747.17,5862.08,5773.4,5661.7,4645.99,5000.59,5282.27,5505.7,5810.85,5646.54,5722.95,5328.02,5462.12,5262.71,5054.77
GB00BP6MXD84,SHELL,GB,EUR,161.9,145.16,148.43,153.64,179.61,167.74,174.87,190.21,194.56,203.17,204.4,210.24,193.15,191.42,203.51,220.14,188.67,181.28,195.73,192.51,218.22,234.12,220.81,245.2,257.9,266.57,268.94,287.08,270.42,266.89,274.92,255.03,236.32,270.08,268.67,283.02,271.57,283.8,271.07,276.69,243.77,265.27,268.14,279.0,275.67,272.84,270.29,278.41,286.77,269.42,264.42,279.05,276.72,263.89,281.11,271.32,277.57,280.31,285.7,305.1,294.41,314.76,314.99,341.75,343.29,360.91,359.68,357.72,337.8,315.98,299.17,300.8,271.51,297.66,271.08,287.82,273.68,259.34,265.04,244.62,220.88,244.91,236.53,215.1,205.93,224.08,236.23,254.42,240.04,272.33,256.81,247.03,252.06,252.31,261.46,286.22,279.07,272.04,275.54,272.36,289.85,282.62,300.66,297.87,327.87,341.4,352.12,370.17,386.39,355.08,350.91,390.43,393.74,393.96,389.34,374.28,395.78,367.79,353.39,343.45
GB00BP92CJ43,TATE & LYLE,GB,EUR,19692.24,15516.57,15338.69,16800.68,19723.93,21547.25,26358.75,28389.56,29235.17,32047.89,29430.72,30696.92,27897.86,28163.71,30267.73,30716.93,26821.47,30578.98,31988.36,28576.87,33432.71,36478.54,36099.06,37342.77,40674.5,43437.41,42623.96,45581.2,47026.26,46785.79,47331.57,44677.13,46134.13,49825.0,50566.54,52342.84,49943.19,53268.31,53851.21,53605.23,49447.87,49914.16,50824.2,51210.99,52817.76,57485.57,61474.26,61463.48,63922.09,61200.62,64046.38,65222.27,61426.99,63508.92,64598.09,63241.54,60571.88,64580.74,65935.37,68706.26,63835.31,55168.61,57062.09,60695.13,59561.43,61819.98,55645.69,59343.0,50649.52,51209.36,50581.97,50320.62,54498.38,49253.32,47471.3,49059.89,47530.91,43726.45,47294.52,46356.02,49530.07,51315.47,50070.28,49773.7,50022.08,46119.13,46836.05,48561.28,51573.01,51873.93,55721.09,55763.89,56477.09,55278.47,49769.16,51363.07,49561.36,54395.38,56165.93,57502.75,55975.13,52006.06,53580.13,53265.18,52620.22,51922.3,55784.3,58335.8,55886.29,47281.45,46780.42,48461.94,56091.28,53991.43,51752.85,55092.49,56297.15,54386.17,58626.66,53793.65
GB00BP9LHF23,SCHRODERS,GB,EUR,105336.28,102654.45,111933.41,120910.27,137549.19,133402.44,159990.02,175721.56,174352.74,180845.29,188070.26,214214.37,199137.94,181603.85,216169.78,215338.71,195577.9,183808.44,204305.17,215475.43,231388.4,257785.17,253805.19,296565.03,294898.09,297461.59,288469.93,328178.79,279487.04,257465.16,277029.92,252818.55,208466.46,241333.0,221005.78,213662.5,239410.35,258399.01,268488.86,244896.55,195454.45,222862.82,213796.4,242267.35,263114.72,263541.24,274553.02,294170.34,329297.11,324564.65,348512.22,395690.02,390891.88,360495.94,405239.62,392113.57,457165.97,454080.94,442684.31,471562.53,444324.11,498263.49,482386.91,480680.58,483096.25,477222.38,449395.91,455282.62,436216.66,434086.32,474967.76,471326.35,489823.0,534793.18,543603.09,571001.49,589165.18,571581.24,564825.9,504301.27,490902.49,532272.96,521058.32,506783.33,446434.82,421208.66,455261.46,434776.18,465665.74,371821.37,410357.28,434980.36,417789.99,410585.93,412121.43,441932.22,440356.15,456195.69,461515.0,502237.8,496433.62,491123.7,553218.81,533918.99,553775.54,570666.47,574549.52,585151.72,650818.56,584651.89,564238.53,572919.95,542763.4,525378.71,514557.99,509402.49,514411.91,436452.25,410939.84,396563.34
GB00BPQY8M80,AVIVA,GB,EUR,7406.04,6782.28,5534.01,8346.81,9630.33,10040.99,10381.85,11819.69,13074.33,11535.3,11089.37,11722.14,11356.98,10839.97,11079.05,10117.53,8810.73,8907.9,10610.13,11041.59,12200.62,12353.88,10718.69,11942.75,13766.36,14724.12,13963.46,14999.69,14473.87,14185.59,13175.95,11142.59,9900.21,11447.05,10201.74,9727.93,11473.81,12243.14,11521.47,10883.11,8755.24,9300.63,9938.4,11267.1,11530.58,11962.21,12585.68,13584.57,13026.08,12134.79,10365.02,10943.29,11662.69,11870.04,12979.47,13789.02,14808.47,16849.8,16422.22,17393.73,17078.92,18534.92,18571.07,21121.26,20921.27,20777.19,20234.02,20595.63,20201.0,20072.85,19158.49,18192.89,19097.08,20059.57,19304.83,19937.59,19665.98,19068.25,19976.79,18318.12,16855.36,18740.24,19224.18,18988.78,17028.37,15247.18,16367.67,16341.68,16890.2,13584.87,13396.48,14475.19,14762.44,14180.77,14649.44,15765.26,15738.18,16255.53,17449.78,18348.89,18326.63,18475.32,19214.69,18205.45,18665.45,18444.39,19024.73,18816.76,20072.1,19160.21,19132.92,20820.42,19422.45,19014.12,18741.76,18358.54,18590.17,15945.32,15123.34,13927.7
GB00BRB37M78,DIGNITY DEAD - DELIST.25/05/23,GB,EUR,387.9,388.19,338.11,343.03,408.94,441.08,450.67,438.33,416.64,430.88,423.84,439.12,449.38,460.02,419.96,437.14,412.85,440.73,499.74,494.61,492.82,478.47,457.91,513.87,474.61,509.01,508.58,582.81,573.16,584.97,605.68,571.88,614.25,611.36,617.24,591.88,570.99,613.95,601.83,632.76,614.19,594.22,656.12,674.84,695.87,711.37,743.99,836.74,874.52,909.69,1018.27,1012.12,976.07,984.4,1064.05,1067.52,1117.55,1065.13,1044.66,1135.1,1169.34,1197.18,1163.99,1150.0,1135.4,1125.39,1119.31,1141.7,1145.21,1211.16,1266.63,1424.55,1336.94,1431.13,1295.87,1492.99,1559.02,1622.68,1838.5,1793.48,1739.44,1813.02,1804.19,1818.51,1604.94,1691.17,1720.61,1726.06,1796.37,1668.7,1740.53,1710.57,1773.53,1577.7,1485.51,1487.22,1498.31,1572.91,1448.99,1571.01,1600.7,1582.6,1645.65,1425.95,1522.32,1583.22,1153.62,1212.09,573.07,554.58,603.62,739.39,805.23,661.5,661.16,659.0,667.43,640.81,511.08,445.55
GB00BV9FP302,COMPUTACENTER,GB,EUR,30.56,35.47,30.39,41.25,58.36,64.31,69.48,82.89,98.49,89.87,78.9,77.73,91.59,84.23,91.97,99.16,90.11,84.21,84.78,86.69,90.12,116.85,112.83,121.31,140.2,135.7,139.24,153.65,146.22,157.09,163.96,129.78,118.72,126.84,115.42,107.23,129.35,131.83,145.29,138.93,119.18,99.89,117.84,128.58,131.63,126.83,133.35,147.14,153.65,158.02,175.89,149.5,154.05,149.65,162.63,172.26,192.88,212.48,244.56,235.47,236.4,255.81,244.63,244.95,233.33,232.8,233.9,234.8,234.26,227.33,230.43,209.76,220.99,258.38,229.08,241.65,255.32,280.69,272.59,273.08,265.57,270.95,285.38,291.22,272.05,265.98,285.05,289.14,291.58,232.77,256.41,223.56,219.91,211.49,218.51,235.7,237.88,232.47,222.27,252.8,265.51,255.8,283.31,320.08,323.94,323.23,372.86,381.55,395.18,372.11,393.95,427.24,435.11,473.64,509.64,437.26,412.32,350.39,342.24,319.99
GB00BVFNZH21,ROTORK,GB,EUR,84569.39,86570.47,103519.91,104522.96,119328.48,117946.96,127917.89,135768.74,158373.83,164091.88,158772.21,167684.92,177615.91,173013.8,186333.8,190693.15,176249.59,171817.86,211349.39,216474.32,244147.06,241229.8,221508.4,257805.9,236624.84,260792.78,252107.53,260587.74,260257.92,248258.61,238778.06,259995.47,223943.68,251610.07,265026.97,279546.68,279589.67,308336.97,305118.87,337766.15,294472.35,291209.11,325751.84,331531.79,347020.01,348509.11,377434.52,392849.45,398526.84,411110.05,418743.85,434134.45,415770.13,388302.73,386101.01,404655.64,426278.26,444000.22,449054.99,458840.9,390569.85,433858.48,425973.48,427013.29,426145.53,445583.75,456281.11,449853.12,440560.33,401751.26,338776.16,356461.58,340250.88,372737.07,361550.42,360875.25,384596.01,363842.57,331995.62,322978.38,250704.11,290664.82,275142.51,270439.34,243749.0,223234.96,263868.2,280431.03,293084.78,296279.16,295757.3,271957.21,283564.75,257430.11,302826.09,308050.26,332112.41,317691.74,314454.13,332920.31,318284.97,319985.43,319383.93,311869.07,368923.64,368381.83,369650.53,381832.58,443740.24,429220.47,421142.62,484152.85,474419.08,472121.9,504400.05,472469.95,463514.61,411978.96,359788.38,339141.83
GB00BWFGQN14,SPIRAX GROUP,GB,EUR,50190.76,47659.27,50228.94,54548.61,56699.74,59565.27,65259.21,68173.51,71666.12,77650.1,76171.69,86699.66,86933.21,83713.65,92146.35,103867.94,91488.83,90316.34,107722.66,107271.84,124985.26,128356.34,124268.29,134380.33,128806.38,132168.2,137937.48,151080.59,147900.38,146733.18,140730.88,137438.17,127649.19,142575.02,138130.15,134054.35,143823.84,151183.1,153713.41,175090.29,148685.19,145648.72,143956.92,146233.96,157880.76,146908.8,164873.29,173735.24,168707.45,172183.43,192276.55,195212.56,205527.15,194518.55,207315.49,219434.41,233042.46,225194.58,230625.75,237882.22,230517.66,249632.93,231439.43,238465.79,233615.52,227646.67,224037.41,239474.77,223181.97,223743.68,219400.9,220054.99,224785.11,243580.78,248405.64,258430.71,264505.6,265058.26,257033.53,240951.41,210749.0,234933.73,234934.55,242051.75,216562.48,219244.12,261708.57,253769.04,254724.99,253616.87,268256.65,287939.14,296195.9,274609.54,272038.95,263564.5,276113.93,282242.46,304013.97,346463.21,377292.91,357889.9,377493.08,372941.56,381746.11,388104.37,403667.65,393253.25,417444.86,406964.49,417599.06,415246.53,430045.67,450159.14,476415.19,484631.54,497828.15,434337.81,411252.92,417537.3
GB00BYQ0JC66,BEAZLEY,GB,EUR,307.08,246.67,214.26,272.96,297.04,290.66,314.29,339.64,349.9,327.31,296.66,299.1,311.06,318.39,317.94,337.39,318.02,327.17,363.38,339.01,359.4,380.74,339.22,355.23,375.75,441.57,413.11,456.73,439.0,419.8,444.34,405.73,387.51,433.56,456.73,445.65,472.4,506.86,493.86,509.84,460.4,478.55,550.95,593.18,611.42,635.78,636.8,648.08,655.7,742.01,763.85,842.22,863.17,840.84,816.36,751.76,829.3,897.69,988.06,1099.76,1025.44,1172.46,1166.38,1097.22,1087.28,1145.95,1106.82,1122.62,1185.43,1124.36,1140.94,1204.58,1164.7,1273.19,1216.26,1234.12,1292.8,1324.8,1501.61,1480.34,1555.11,1614.86,1703.84,1656.01,1529.72,1539.94,1590.44,1468.25,1634.31,1496.5,1618.2,1583.28,1560.27,1378.95,1477.04,1485.71,1583.36,1675.78,1727.31,1836.39,1967.41,2046.26,2180.64,2140.17,2091.0,2181.87,2147.1,2349.03,2454.35,2328.8,2649.77,2685.7,2623.15,2550.42,2425.89,2565.06,2471.81,2237.45,2367.63,2128.72
GB00BYRJ5J14,PRIMARY HEALTH PROPS.,GB,EUR,778.58,729.24,651.74,757.26,805.91,806.91,783.06,1022.16,938.7,979.3,978.46,986.71,982.49,994.27,996.46,987.99,911.75,951.04,1014.29,1048.91,1060.38,1163.58,1119.46,1174.51,1165.72,1203.77,1183.66,1239.34,1216.36,1185.51,1193.25,1179.87,1182.58,1190.62,1151.79,1171.19,1217.24,1258.66,1230.58,1319.83,1177.02,1221.37,1258.21,1319.97,1380.29,1385.14,1401.95,1413.81,1402.75,1328.8,1291.91,1332.2,1258.19,1282.14,1324.57,1351.53,1408.67,1380.49,1442.27,1550.54,1555.99,1591.11,1568.79,1648.8,1609.27,1600.81,1567.97,1580.89,1508.41,1582.89,1573.63,1619.31,1582.94,1713.68,1730.59,1714.05,1763.53,1773.4,1832.68,1821.76,1809.35,1965.47,1931.25,1890.96,1807.71,1755.18,1765.44,1907.14,1903.77,1740.36,1822.95,1786.11,1795.57,1699.17,1731.04,1715.85,1684.67,1725.28,1745.51,1872.5,1856.08,1888.33,1973.04,1999.25,2120.66,2057.29,2030.74,2064.76,2174.38,2117.73,2050.75,2086.48,2012.17,2067.36,2017.44,1998.99,2016.23,1925.96,1933.71,1944.23
GB00BYT1DJ19,ICG,GB,EUR,513.54,344.54,399.62,669.31,686.14,738.52,760.07,1140.78,1115.36,979.93,1039.56,1054.48,1025.73,879.46,979.67,1029.04,900.63,891.36,1033.36,1042.35,1170.52,1282.13,1210.2,1320.14,1378.57,1324.07,1325.6,1394.14,1436.62,1312.22,1151.11,1066.79,880.74,1039.66,1020.93,959.72,1171.28,1167.14,1248.43,1125.51,1080.62,1204.63,1157.49,1272.74,1369.21,1397.62,1355.83,1491.77,1628.14,1723.26,1865.83,1909.29,2060.64,1977.99,2210.82,2029.9,2167.77,2310.1,2087.62,2118.68,2070.27,2297.39,2100.64,2281.37,2135.97,2106.71,2146.77,2138.47,2011.75,2070.65,2271.06,2298.95,2372.73,2431.55,2395.2,2597.69,2929.06,2843.74,2986.08,2693.36,2565.72,2866.64,3026.08,3067.3,2740.14,2673.54,2950.59,2985.36,3224.66,2236.72,2596.2,2657.85,2613.98,2521.37,2889.17,2983.01,3004.67,3047.05,3053.24,3484.68,3929.04,3816.18,4222.11,4038.0,4431.66,4559.81,5087.54,5517.69,5861.09,5188.51,4903.01,5323.89,5427.55,5271.87,5047.81,4940.4,5150.48,4407.68,4692.56,4360.38
GB00BYW0PQ60,LAND SECURITIES GROUP,GB,EUR,16699.58,13145.89,12132.3,16135.15,15194.29,15248.89,17394.8,19774.44,19844.97,21663.78,21454.46,22198.46,20596.36,19536.18,20865.89,20464.99,17716.4,17151.29,19689.67,19291.01,20944.08,22460.73,20327.21,22137.62,22664.86,26154.27,24911.65,27741.83,29014.99,29244.29,29988.65,25623.81,21603.44,23848.6,23584.92,21557.51,23233.09,23536.14,25445.13,26039.76,24053.87,25784.76,27553.86,27968.2,27630.57,29104.91,29097.21,29985.24,28868.96,28552.01,28802.44,31107.01,32382.95,30937.14,33197.69,31517.46,34629.13,36953.58,36323.87,37433.79,39669.62,42692.45,40222.87,42375.14,42331.87,42186.24,41935.99,42794.17,40413.69,42492.95,44638.75,43574.96,46216.63,46883.33,45224.49,46666.8,48713.27,46342.61,49573.15,47126.88,46980.0,50943.25,45648.6,43026.69,38524.49,34875.68,39561.34,41456.29,42427.46,35030.92,36634.21,36137.53,34950.11,31016.96,30819.58,33816.29,32105.17,34055.76,34285.84,37047.45,35763.99,34460.55,35251.45,34083.41,34484.76,33904.5,33768.19,36419.4,38049.63,34114.29,35483.8,36747.31,33389.38,34630.99,33901.02,32653.85,31980.96,30264.7,29195.1,28827.1
GB00BYYTFB60,HOMESERVE DEAD - DELIST.05/01/23,GB,EUR,4839.72,4863.03,5750.44,6264.91,7663.71,8470.48,7957.76,8346.19,8882.07,9286.44,8930.74,9582.32,9181.93,9092.58,9684.68,10934.03,10927.7,10743.2,12204.02,12512.62,12389.55,12965.09,11993.75,12509.46,12644.88,13265.35,12836.37,14691.67,15470.95,14758.52,14477.92,13816.48,13073.48,10324.68,7534.74,8254.46,8302.72,6590.02,6914.01,7598.74,3959.17,4764.98,6349.67,6836.03,6603.95,6924.32,7481.22,7552.76,7272.62,7098.05,6019.57,6443.89,7934.73,8396.69,8171.1,7604.87,8458.25,7653.48,8542.34,9396.14,11094.75,11392.91,10821.87,11754.14,11676.17,11345.69,10675.65,11314.91,10942.43,11653.23,10835.03,11203.61,10817.18,11127.18,12124.2,12531.25,14137.02,14449.28,14746.83,14030.84,13322.99,13520.17,13791.25,13339.55,12589.89,12356.69,13539.7,13274.11,15602.56,15412.2,16544.2,16494.75,16649.05,16558.14,16847.36,17161.73,16839.43,16614.23,15826.64,19388.79,21255.48,21401.74,21743.44,21427.82,25393.45,25859.19,24619.78,25062.42,25483.86,22705.08,23694.13,23327.31,26647.75,27164.68,30861.72,31395.25,31074.68,28264.62,28194.05,25773.88
GB00BYZN9041,FUTURE,GB,EUR,8.79,8.19,6.49,8.13,10.33,10.7,11.06,12.03,11.67,12.02,10.8,9.63,11.12,10.16,10.53,8.95,9.96,8.61,10.02,10.84,11.11,13.23,12.3,16.78,17.32,17.18,16.32,12.41,10.91,11.25,8.12,7.78,6.52,6.83,5.64,5.49,6.52,7.95,8.04,6.95,7.82,7.65,6.71,6.33,7.16,10.91,11.81,11.66,12.79,11.56,12.02,11.78,9.36,9.44,8.08,8.32,8.55,10.56,10.85,12.62,10.31,9.48,4.38,5.66,6.01,6.55,5.88,5.59,5.45,5.07,6.41,7.01,6.52,6.05,6.04,6.36,6.78,6.67,6.54,6.45,6.26,6.86,6.84,6.33,5.53,5.63,5.43,5.09,5.23,4.81,4.8,4.63,4.33,4.24,6.06,6.86,6.29,5.48,6.16,6.06,9.04,9.29,11.31,11.09,11.19,12.38,13.13,15.54,15.05,14.47,14.55,16.51,17.89,18.63,17.67,17.47,19.9,17.6,23.27,19.28
GB00BZ4BQC70,JOHNSON MATTHEY,GB,EUR,19450.83,19368.44,20906.66,24753.74,26937.96,26810.41,33203.4,32641.62,31398.38,32919.88,34399.92,35225.9,33447.49,34445.64,37735.99,38012.63,31735.68,32447.18,38443.99,35451.55,40306.28,44422.38,40331.71,46635.61,45065.52,44097.76,43576.42,48829.57,50976.05,46923.36,49782.87,41271.86,36753.4,45088.53,45033.79,42751.94,48494.33,55241.74,56473.07,56300.72,50089.31,51888.87,51176.94,58217.79,59483.07,55311.55,59088.89,59356.79,55189.64,53656.48,53674.17,57981.65,59672.51,62247.08,67121.29,68632.09,71014.13,75370.53,81524.56,85290.74,83367.29,85826.49,85616.46,86768.52,84586.53,84385.02,79531.67,83495.27,75336.02,75747.07,83384.08,84794.32,78405.62,84337.99,80467.89,82291.45,85475.11,77670.42,73947.59,67630.95,60280.13,64899.64,69251.87,63662.21,57507.69,58606.89,64865.13,69555.94,69037.83,62659.17,72786.19,73158.23,71604.12,69669.02,65862.35,66219.68,68884.82,64215.53,64864.7,64910.11,67661.33,63969.85,63545.81,61092.65,78707.27,77015.22,70883.83,71865.05,85005.31,74626.76,73724.18,78383.21,80760.13,83827.23,86532.5,79720.79,81494.52,66647.05,65959.5,63025.92
IE0001827041,CRH PUBLIC LIMITED,IE,EUR,205.51,200.61,190.37,230.69,212.32,215.01,212.77,226.21,248.03,214.99,238.98,249.84,221.78,210.01,230.72,250.69,202.96,204.26,197.3,142.52,154.53,163.95,168.19,194.1,203.52,212.47,218.53,237.34,203.12,213.78,191.1,168.02,150.28,175.31,172.45,200.04,191.17,208.91,208.99,203.72,171.79,193.58,192.7,177.65,196.64,188.43,185.86,205.37,222.83,224.88,234.54,224.52,221.89,209.77,220.1,224.13,254.09,263.26,270.19,266.03,281.49,308.25,308.16,314.69,302.28,283.11,253.17,263.44,251.12,242.87,255.06,258.6,263.0,308.34,288.39,313.03,311.01,314.71,322.55,329.6,292.32,306.76,329.87,326.04,300.78,294.91,314.31,339.02,347.17,299.03,341.89,385.56,383.68,371.77,386.22,398.37,400.68,387.96,408.86,425.76,421.18,414.03,417.08,417.66,428.59,436.85,410.88,433.31,460.7,402.61,406.11,426.54,428.8,425.34,404.91,404.79,391.68,333.26,325.76,301.69
IE0002424939,DCC,IE,EUR,1155.36,1064.64,1183.57,1425.78,1682.95,1656.47,1723.37,1974.17,2066.83,2113.48,2197.7,2269.44,2220.07,2142.14,2112.92,2174.54,1937.75,1896.14,2055.12,2100.83,2387.22,2401.52,2206.62,2649.75,2538.02,2714.17,2688.65,2850.9,2633.58,2460.14,2337.98,2359.32,2181.17,2442.04,2116.63,2086.61,2121.38,2279.1,2203.45,2202.9,2101.87,2099.0,2235.2,2348.92,2596.54,2594.99,2756.39,2973.8,2959.56,3197.8,3141.88,3340.99,3519.26,3619.23,3751.4,3675.49,3799.64,4175.36,4442.74,4608.52,4258.7,4967.75,5093.51,4799.67,5600.28,5827.52,5437.7,5649.12,5276.93,5317.17,5348.57,5313.38,5081.94,5736.03,5727.83,6129.88,7690.68,7621.44,7653.07,7243.1,7324.46,7791.16,8758.93,8130.89,7472.72,7660.74,8615.41,8652.35,9006.16,8659.63,8809.65,8928.57,8977.02,8004.92,7579.41,7385.94,7962.13,8454.23,8693.33,9128.8,9515.6,9074.74,8782.04,9072.91,9714.99,9476.42,9735.6,10150.65,10584.9,9189.45,9250.1,9691.46,9759.25,9253.52,9400.62,9189.11,9232.76,8721.84,7719.26,7809.73
IE0003864109,GREENCORE GROUP,IE,EUR,167.39,144.2,152.26,209.6,269.75,303.27,261.81,384.77,396.48,390.57,357.13,344.16,324.08,310.13,330.37,312.14,280.82,277.93,309.63,266.63,288.71,273.22,337.61,313.49,281.94,301.96,314.64,308.56,309.87,267.53,260.3,212.21,214.61,252.54,243.75,202.37,249.59,284.35,311.19,294.82,305.61,306.59,307.51,328.57,338.41,385.47,384.78,437.9,469.67,395.46,429.44,444.78,530.55,548.53,603.11,622.17,649.62,788.82,861.28,1010.83,1122.88,1228.63,1263.87,1214.2,1348.2,1254.51,1234.65,1225.62,1053.02,1167.45,1282.33,1244.96,1293.4,1464.08,1341.01,1529.4,1411.29,1389.41,1391.38,1290.45,1169.81,1320.54,1441.34,1483.04,1568.48,1509.69,1537.28,1509.49,1434.96,1177.66,1248.12,1321.28,1254.55,1161.65,1050.01,1071.42,1046.15,1139.85,1086.25,1043.99,1105.43,1135.07,1050.02,942.16,940.95,917.38,1021.11,1117.35,993.1,878.4,667.66,785.15,873.71,883.97,839.55,818.4,875.29,878.6,874.11,828.48
IE0004906560,KERRY GROUP 'A',IE,EUR,3580.74,4074.22,3871.14,3944.64,4557.29,4376.16,4526.66,5036.3,5500.63,5728.64,5716.24,5699.02,5754.72,6136.04,6023.73,6209.97,5371.62,5396.34,6174.47,6403.53,6835.84,7158.63,6278.55,6533.83,6334.89,7096.65,7289.6,8129.3,8390.95,8103.53,8102.81,7633.12,6908.87,7403.28,7369.29,7236.97,7252.79,8451.51,9130.49,9039.07,8541.74,8696.66,9019.52,9523.59,10176.6,10391.76,10415.6,10504.94,10443.75,11187.51,11897.96,11809.68,11304.99,11007.79,12261.47,12587.51,12179.03,12842.31,12879.33,13955.25,13503.3,15177.04,15342.07,15859.45,15328.85,15113.4,14955.5,15195.87,14217.57,13699.65,15023.29,13950.97,14647.64,14744.68,13582.88,14868.33,15103.83,15016.51,15495.34,15087.15,15219.81,16597.66,16399.6,16860.37,16579.64,17797.38,19007.27,18178.06,18410.17,18101.03,17473.85,17328.85,17031.72,14825.85,14506.73,14664.63,14415.26,15794.14,16170.82,16769.09,18151.66,17657.93,18511.55,19138.9,19787.35,20748.55,21629.85,23155.43,22044.97,20637.71,20937.69,21106.42,21768.94,21653.02,21978.74,23688.0,22936.84,21273.34,21448.26,20538.29
IE0004927939,KINGSPAN GROUP,IE,EUR,2388.02,1967.01,2563.39,3653.96,4616.66,3958.36,4729.29,6344.12,6513.8,6000.91,6190.95,6088.98,5820.23,4826.73,6125.67,6677.39,6261.52,5241.97,4957.64,4900.78,5377.25,5913.7,5581.19,7124.65,6370.28,6862.04,6363.97,6967.46,7477.26,7032.41,7183.47,6452.31,6005.89,6452.58,6422.17,5938.33,6733.46,7812.59,7497.82,7537.73,6160.59,5885.42,5808.82,7184.49,7440.48,7607.72,7721.12,8015.76,8483.44,8513.8,9029.49,8866.08,9069.49,9771.38,10329.55,11369.27,12295.23,12354.52,12810.12,13235.82,14125.21,14788.92,14095.81,13941.73,13287.44,12454.07,12710.94,12979.87,11853.03,11657.26,12055.77,12969.17,13542.12,14729.46,14178.48,14876.55,17080.32,18096.02,19046.52,18432.11,18076.2,18305.55,19716.83,19889.01,19353.69,19019.03,20086.38,19904.53,21261.05,16397.34,17415.48,20761.63,20456.91,18574.08,20331.92,20715.92,22198.82,23497.05,24412.39,26566.28,26525.88,26236.01,25397.87,29629.31,32644.33,32122.58,31531.7,33631.03,35682.74,32705.12,32628.56,34972.99,35711.0,38705.36,35957.61,37711.76,36142.67,33742.08,33412.81,33192.05
IE00B00MZ448,GRAFTON GROUP,IE,EUR,178.57,151.78,208.23,334.0,371.3,340.44,447.36,485.34,526.07,468.27,437.32,387.6,351.33,309.71,410.27,460.14,384.81,339.77,357.97,320.34,398.84,406.59,360.76,442.31,446.53,501.6,457.22,497.94,501.06,477.22,404.83,379.14,348.85,388.24,342.13,304.55,336.41,448.51,411.92,437.78,334.67,347.57,338.58,386.14,435.23,443.96,488.17,508.05,589.63,621.54,662.94,700.65,708.48,693.83,819.95,858.28,962.42,973.01,1037.9,1090.74,994.49,1125.82,1107.08,1006.91,983.01,1017.86,998.96,1099.42,1047.63,1050.38,1037.89,1026.94,1038.01,1196.5,1253.27,1318.99,1298.6,1271.22,1167.89,1199.91,1059.91,1091.18,1076.96,1143.34,1046.83,972.21,1100.23,1072.43,1140.39,701.28,786.18,760.24,692.02,649.63,708.51,727.15,786.13,838.82,969.83,1046.21,1087.36,993.35,1099.0,1098.62,1217.31,1192.56,1141.0,1184.55,1227.38,1150.87,1194.3,1145.22,1115.95,1161.97,1110.98,1112.21,1100.64,1030.75,1006.51,912.45
IE00B010DT83,C&C GROUP,IE,EUR,79.13,94.11,139.64,183.97,257.23,269.63,232.47,301.6,340.03,304.53,343.88,351.48,332.56,303.14,370.73,389.79,326.85,328.13,348.98,322.25,358.96,382.07,337.76,378.27,388.3,403.84,374.84,426.83,435.07,438.63,422.78,369.27,318.05,343.39,342.76,315.05,350.04,416.02,436.58,425.04,365.88,368.94,377.15,391.88,408.43,418.1,461.38,528.86,570.52,552.91,571.06,545.72,521.8,474.2,484.19,487.78,480.49,515.14,534.07,520.92,503.78,602.82,582.3,528.59,553.29,561.31,510.49,511.56,479.2,401.69,428.6,400.67,356.64,394.16,372.51,369.26,359.24,365.33,361.24,370.68,368.33,373.26,366.47,380.03,364.0,354.02,427.08,425.23,441.91,382.13,397.03,406.42,402.78,372.83,358.77,409.82,416.2,406.63,380.53,399.02,384.57,368.87,358.81,358.83,361.86,346.34,345.87,348.0,387.79,362.83,329.4,387.21,369.67,394.08,427.01,420.31,418.96,394.68,369.4,333.43
IE00B4BNMY34,ACCENTURE CLASS A,IE,EUR,218.34,201.95,190.19,203.61,207.07,231.49,242.63,228.31,257.85,261.43,289.35,292.6,289.0,281.81,295.77,310.37,266.84,274.88,281.92,260.3,302.19,321.14,311.15,348.29,369.69,369.76,394.83,413.61,415.49,437.43,428.16,387.98,381.39,441.4,424.33,389.91,420.01,436.13,472.46,480.8,422.69,444.83,446.38,456.0,518.41,504.82,508.64,498.01,538.38,556.87,568.93,616.31,621.38,544.57,558.57,546.76,557.28,563.58,594.02,630.44,612.5,639.11,611.28,622.4,631.94,627.21,615.11,628.92,630.93,637.84,678.81,702.24,660.73,707.9,736.68,736.32,763.26,769.14,819.45,749.19,780.9,861.1,861.26,839.41,847.77,805.35,926.97,915.73,964.79,918.73,914.83,932.59,990.74,952.41,978.55,959.7,932.99,1003.7,982.24,1004.23,1030.48,1023.94,1066.49,1082.55,1118.23,1189.99,1237.22,1279.68,1343.3,1345.89,1283.11,1275.21,1313.5,1379.71,1343.78,1425.93,1435.46,1341.57,1400.3,1200.2
IE00B8KQN827,EATON,IE,EUR,3903.21,3242.15,3305.82,3973.09,3945.88,4046.56,4755.24,4941.17,5182.96,5536.49,5897.82,5871.98,5652.31,6338.09,7049.86,7179.2,6554.04,6131.46,7351.39,6557.34,7785.19,8383.55,9154.57,9639.84,10252.36,10585.79,10595.34,10236.05,9939.98,9897.66,9224.34,8329.46,6884.65,8692.11,8773.45,8503.86,9578.32,10274.19,9809.59,9484.77,8466.71,7865.35,8700.91,8953.76,9464.32,9531.3,10528.44,10936.17,11495.3,12508.57,12446.97,12479.48,13519.28,13468.12,14110.72,13036.36,14172.82,14613.41,15048.33,15764.92,15137.39,15472.9,15659.0,15142.04,15463.82,16196.2,14355.81,14755.29,13394.11,14455.16,14440.65,14468.33,13431.53,15117.66,14578.78,14866.32,15484.94,14598.11,13221.46,12453.23,11196.13,12202.25,12815.55,11467.0,11129.87,12496.04,13920.96,14078.95,13842.23,13415.48,14242.02,15077.63,14889.56,14449.96,15214.68,15347.36,16191.47,16465.98,17103.52,17447.21,17988.86,18093.47,18191.11,16817.43,17996.25,18753.22,18366.04,18656.48,19827.67,19055.53,19018.78,17857.33,18390.86,17948.98,19973.46,20128.61,20997.76,17351.66,18794.26,16771.69
IE00BD1RP616,BANK OF IRELAND GROUP,IE,EUR,9709.39,3080.21,9765.2,15098.71,36243.64,35599.13,42711.2,54038.42,75299.31,37780.6,36407.09,28633.85,27739.92,20556.72,32611.05,33445.35,20788.09,19445.5,26329.7,23188.59,20054.82,17552.89,9684.48,11919.64,9875.27,11552.37,7397.17,9842.26,4496.36,3950.38,3602.85,3025.44,2466.84,3463.88,2989.44,2541.82,3563.51,4312.25,3942.94,3539.85,2627.76,3030.28,2970.07,2648.58,2979.85,2815.82,3478.42,3589.02,4634.98,4120.69,4721.95,5320.18,5725.31,4872.93,5390.16,6958.37,6787.93,8765.05,9298.4,8292.01,9499.34,12829.24,10136.38,9369.85,9188.4,8074.85,8467.04,9530.42,9350.68,9364.37,9823.58,9043.98,7221.03,9106.4,9078.24,9231.64,9110.79,9631.05,10104.28,9498.47,9275.53,8942.47,8902.19,8767.82,7854.59,6797.93,6938.87,7247.94,7283.64,4907.67,4939.95,5371.93,4991.12,5104.2,5091.44,5893.53,6399.85,5683.61,6001.53,6006.61,6471.12,6263.96,6615.94,6624.07,6520.95,6238.49,6220.18,6781.1,7793.9,7476.5,6970.54,7184.53,6596.38,6246.8,6888.16,6574.01,6155.33,5713.36,5102.69,4486.92
IE00BDB6Q211,WILLIS TOWERS WATSON,GB,EUR,172.93,152.89,155.45,194.38,188.16,183.63,177.85,184.06,203.27,194.49,195.57,191.88,190.79,216.61,229.45,252.62,224.53,222.2,226.27,214.73,229.82,237.13,237.35,260.17,282.33,292.17,305.22,312.48,313.84,312.92,311.63,297.85,263.63,278.52,270.46,299.61,300.16,277.07,272.19,283.71,274.45,286.13,289.97,292.64,291.65,265.97,277.11,267.0,284.36,303.23,316.72,318.25,313.27,329.31,345.62,333.35,352.13,366.27,363.91,366.44,352.13,336.59,363.42,337.56,345.38,359.07,337.92,348.04,345.81,338.54,356.75,376.78,364.08,401.25,407.73,411.54,401.64,399.54,396.04,367.08,351.69,382.94,397.3,419.86,373.55,369.8,388.8,409.24,419.47,408.97,406.7,407.99,438.44,415.76,410.7,405.39,414.83,425.78,435.69,441.45,488.08,485.93,497.36,495.99,516.99,539.95,539.01,506.89,539.79,531.14,513.96,501.54,510.45,514.0,540.52,499.32,479.9,487.45,542.92,519.13
IE00BF0L3536,AIB GROUP,IE,EUR,7564.28,2582.55,4437.93,7283.75,11182.58,14318.08,15058.63,23153.64,28327.58,16699.48,14061.68,10403.77,10834.89,8131.6,9795.96,11545.73,7637.61,6476.86,7392.21,5914.07,4182.61,2830.5,2713.8,2432.01,1922.1,2211.84,1620.75,2061.94,1598.52,1244.06,868.34,356.72,324.3,842.88,528.76,541.27,609.12,1026.62,716.18,599.88,485.67,513.8,372.09,380.83,412.04,399.37,416.56,398.36,533.16,529.31,527.65,517.83,548.23,479.13,457.37,557.76,695.3,772.24,1012.01,932.64,1083.82,1210.19,1182.65,988.7,898.78,736.31,751.98,700.47,809.14,870.7,565.01,577.67,531.86,528.69,616.54,602.68,563.16,565.56,574.17,528.15,505.89,487.32,331.87,174.88,122.95,174.13,250.66,224.42,184.59,147.72,175.69,161.52,162.98,140.43,146.16,127.47,131.27,128.43,130.56,137.93,193.0,136.48,141.08,143.87,145.33,142.9,157.1,159.74,169.35,159.58,146.07,145.25,133.01,132.62,140.34,138.25,125.9,119.26,108.42,104.2
IE00BGH1M568,PERRIGO,IE,EUR,268.68,184.39,227.9,237.9,247.02,255.48,249.6,271.99,313.18,342.66,370.42,367.56,408.63,458.03,542.58,564.94,549.54,546.4,518.09,527.92,594.68,610.05,558.46,587.1,674.14,709.22,737.9,838.48,794.61,816.07,838.73,880.53,902.55,839.07,910.7,905.12,889.31,959.45,961.78,976.58,967.92,1098.72,1062.29,1025.31,1083.11,1071.48,965.83,970.78,937.93,1056.9,1108.92,1115.18,1082.67,1130.9,1162.58,1136.9,1154.02,1289.74,1458.94,1436.19,1456.78,1539.94,1448.36,1356.58,1295.21,1366.06,1410.01,1394.97,1408.57,1514.17,1503.36,1568.78,1424.06,1450.87,1554.94,1721.47,1788.55,1737.14,1806.41,1720.83,1479.12,1483.54,1406.18,1362.04,1360.91,1189.73,1205.57,910.98,904.52,855.73,862.52,860.16,872.83,786.43,817.55,788.1,721.06,708.0,629.99,701.63,692.83,718.22,712.51,752.49,806.71,771.83,832.63,832.16,865.19,777.73,797.58,747.82,701.98,699.58,772.6,735.96,681.03,676.22,600.85,373.84
IE00BJ3V9050,ENDO INTERNATIONAL DEAD - DELIST.02/05/24,IE,EUR,183.43,154.94,144.33,135.02,130.04,146.29,171.51,184.24,184.73,182.86,179.84,167.51,164.16,185.71,193.39,178.78,170.94,178.12,196.0,221.55,271.35,299.92,293.96,291.51,271.18,289.96,311.51,319.67,339.84,327.92,304.08,260.49,228.49,263.75,279.43,281.88,303.43,302.61,316.16,286.86,265.47,252.9,242.69,259.75,258.94,233.96,234.12,214.12,258.45,253.06,251.1,299.1,296.33,300.33,313.96,335.43,370.94,356.98,548.49,550.69,537.8,651.59,560.41,513.84,576.24,571.59,547.59,520.08,557.88,546.29,597.31,588.73,649.88,698.78,732.24,686.24,683.75,650.2,714.61,628.57,565.55,489.71,501.88,499.75,452.82,341.31,229.8,220.41,129.06,127.27,141.71,168.98,164.49,153.06,130.69,134.45,99.92,111.43,91.1,92.82,107.59,91.18,89.96,71.76,69.92,52.08,59.92,63.27,56.41,51.47,48.49,46.78,51.35,76.98,101.55,140.0,137.39,138.29,98.2,59.59
IE00BK9ZQ967,TRANE TECHNOLOGIES,IE,EUR,1126.96,995.94,969.25,1529.02,1432.83,1480.28,2045.48,2193.14,2177.52,2242.84,2516.21,2542.53,2309.19,2275.15,2486.19,2636.63,2660.16,2463.71,2675.87,2323.7,2556.02,2813.7,2934.67,3375.88,3383.77,3247.56,3468.6,3625.84,3582.76,3269.48,2694.21,2412.69,2029.98,2249.67,2393.48,2210.2,2534.44,2892.77,3011.63,3096.85,3008.72,3084.62,3101.44,3419.55,3289.09,3451.27,3579.69,3531.32,3783.88,3876.65,4066.08,3976.64,4252.34,4119.19,4529.48,4387.77,4833.93,5042.46,5332.92,5762.61,5499.74,5719.58,5377.45,5617.95,5619.82,5896.14,5545.26,5678.25,5338.24,5931.17,5972.85,6028.2,6314.45,6389.57,6502.57,6288.62,6569.43,6466.52,5889.12,5303.08,4895.58,5714.24,5657.35,5359.56,4989.27,5385.73,6044.54,6388.63,6512.42,6237.49,6490.2,6659.66,6686.5,6622.52,7336.05,7423.13,7849.49,7850.48,8085.01,8823.71,8908.23,9127.43,8776.88,8528.19,8952.83,8895.6,8797.2,9001.53,9550.56,8962.17,8674.52,8510.18,8880.45,9147.82,10042.93,10326.35,10483.91,9832.13,10608.94,9398.39
IE00BLP1HW54,AON CLASS A,IE,EUR,4068.15,4198.82,4482.11,4650.41,3967.17,4173.25,4363.81,4619.33,4500.97,4275.34,4299.77,4256.47,4335.24,4562.59,4759.85,4748.12,4413.76,4150.97,4229.73,4069.16,4391.41,4479.74,4521.44,5185.23,5171.86,5952.05,5988.24,5915.52,5913.25,5816.87,5472.86,5314.77,4774.54,5318.84,5244.68,5339.37,5542.61,5357.21,5614.71,5946.38,5337.97,5370.11,5665.78,5983.61,6021.61,6230.91,6560.07,6422.63,6686.84,7074.8,7122.28,7009.59,7395.21,7474.19,7860.41,7729.98,8668.58,9230.16,9527.76,9790.34,9410.4,10011.56,9857.18,9956.66,10550.22,10567.81,9924.4,10253.8,10313.8,10147.78,10913.59,11189.7,10654.8,11874.7,11373.01,11420.93,12013.16,11830.38,11994.95,11122.44,10547.51,11142.1,11312.86,11010.75,10524.28,11418.18,12515.78,12636.36,13135.23,13130.42,12909.25,13425.29,13562.73,13402.21,13797.64,13486.86,13668.47,14026.25,14394.95,14577.98,15924.59,16172.75,16851.37,16972.11,17818.52,17536.79,17144.32,16383.81,17426.75,17199.98,17201.21,17512.55,17192.96,16861.07,17645.31,17942.44,18955.68,19300.82,20404.39,17963.68
IE00BLS09M33,PENTAIR,GB,EUR,24782.0,22614.79,23481.68,29061.8,27305.43,27949.07,30002.45,31111.61,32418.45,32148.45,33253.21,35683.67,33946.43,36191.74,39593.05,40402.96,38391.75,35978.31,38426.53,33819.83,37786.08,36988.47,37180.59,41260.29,41099.05,42133.05,42939.81,45863.19,46228.64,46091.59,42259.41,39400.78,36748.8,41496.46,43897.37,38426.06,42751.96,44702.63,55280.3,50572.29,47561.75,44667.91,51416.22,49856.04,52213.93,49817.75,57188.99,57967.39,60031.61,63099.52,62483.57,64651.14,69278.38,68624.13,72960.0,71801.38,77570.75,80446.69,84799.38,93133.0,89416.0,97211.19,95442.88,89665.06,90087.5,87046.0,77652.88,82500.88,79373.88,81641.63,78792.44,80874.56,75653.81,81357.56,76975.69,76472.25,78785.5,84593.19,75215.25,68387.63,63130.87,69577.06,70547.56,61626.48,59056.69,59796.16,68005.38,73219.13,75942.13,73483.81,80893.69,81185.19,81426.06,70281.88,73252.25,71480.25,75163.13,74432.38,80483.38,83159.75,85364.13,85776.63,81728.0,80406.25,88064.56,91749.63,92661.13,91957.94,93548.13,89871.63,89138.94,88466.44,85451.0,82396.38,87778.63,85478.5,85222.94,79288.19,84323.94,74607.94
IE00BTN1Y115,MEDTRONIC,IE,EUR,9942.44,8784.62,8748.99,9560.31,10262.39,10423.73,10648.17,11513.97,11063.03,10792.07,12829.56,13295.1,13024.23,13179.1,13674.07,13327.89,11952.09,11064.38,11346.41,9652.27,10305.99,10884.69,10359.45,11459.36,11912.38,12409.77,12232.57,13052.67,12724.4,12045.97,11342.4,11034.06,10458.29,11012.4,11548.12,12125.05,12303.88,12160.33,12501.66,12261.43,11824.9,12431.55,12737.27,13137.93,13932.8,13515.43,13687.7,13415.57,15240.51,14704.15,15358.25,15351.09,16775.05,16926.32,18264.29,17110.38,17606.33,19077.76,19051.17,19167.5,18890.29,19792.05,20553.54,19734.02,20475.47,21391.38,20812.52,21523.8,20883.32,23088.88,25023.13,24559.51,24287.38,26392.96,26634.65,25425.69,26064.32,25433.56,26906.03,24812.31,23102.02,25510.92,26000.98,26676.73,26329.92,26839.74,26142.75,27589.32,28052.91,30245.42,30695.39,30485.21,30414.69,28872.83,25701.11,25225.14,26921.46,28653.19,28680.69,29581.41,30005.07,31596.46,30049.39,28850.57,27995.41,28985.35,29564.91,29232.53,31093.28,28921.2,29211.63,29178.85,31432.9,31174.36,33047.93,35311.44,36213.7,33066.13,35904.46,33672.56
IE00BY7QL619,JOHNSON CONTROLS INTL.,IE,EUR,319.57,304.82,297.37,364.61,423.69,398.68,467.2,489.93,533.06,522.17,558.28,555.33,554.82,564.68,598.98,607.43,569.56,554.45,605.93,590.1,581.39,609.61,603.4,659.93,717.7,725.87,716.74,784.29,794.1,795.39,716.67,672.81,659.38,741.18,780.39,760.05,833.21,847.44,918.74,922.12,873.33,868.24,906.94,930.71,928.73,907.84,958.52,988.25,1026.29,1086.72,1086.38,1096.13,1153.81,1124.46,1193.37,1132.69,1199.2,1258.56,1313.31,1413.17,1399.63,1458.05,1465.65,1419.8,1514.92,1582.96,1503.91,1555.14,1553.4,1502.96,1501.91,1535.52,1434.85,1484.42,1513.95,1391.23,1425.85,1359.44,1349.52,1289.13,1188.6,1301.82,1261.45,1139.27,1237.03,1265.45,1320.48,1393.34,1541.64,1540.92,1656.17,1595.6,1623.25,1571.76,1753.41,1614.92,1724.31,1644.33,1661.15,1639.46,1646.95,1720.16,1545.21,1570.6,1608.38,1652.3,1502.6,1531.97,1572.98,1482.13,1426.64,1371.18,1358.63,1364.53,1530.15,1540.76,1437.81,1313.33,1428.77,1227.93
IL0002300114,BEZEQ ISRAELI TELECOMMUNICATION,IL,EUR,119.54,119.87,125.32,126.47,160.54,155.06,169.49,175.59,189.62,193.65,200.29,223.54,225.05,229.53,251.04,239.31,210.78,213.28,216.8,214.47,255.13,270.81,272.74,314.9,272.34,277.69,303.44,301.35,277.51,274.9,268.44,240.38,213.27,252.34,221.37,218.97,204.6,195.18,192.41,196.99,163.76,140.42,130.98,148.49,170.39,179.03,183.29,168.13,172.08,188.3,203.73,213.18,209.77,216.26,263.02,266.16,329.4,312.77,307.82,303.9,271.42,292.42,318.97,340.44,338.32,352.44,350.91,352.87,347.63,346.7,362.41,359.62,319.22,323.17,375.71,381.58,359.26,359.56,396.41,378.06,403.09,485.28,475.34,485.72,477.79,495.08,497.15,475.92,442.22,453.17,455.97,458.08,445.03,428.67,436.21,448.05,412.61,421.77,424.8,396.17,424.24,402.96,362.88,359.83,358.0,384.07,385.67,387.4,425.69,394.47,324.48,324.63,324.01,294.14,280.7,320.35,313.32,313.03,317.36,266.04
IL0002810146,ICL GROUP,IL,EUR,396.59,414.3,448.72,473.14,642.28,563.53,655.35,633.43,651.08,661.39,734.27,760.47,748.33,701.24,779.77,710.37,628.14,638.54,764.39,769.03,869.26,948.5,886.33,1068.63,971.17,1030.19,1022.68,1085.95,1020.01,1001.64,1053.89,912.1,719.02,777.78,687.63,678.18,691.46,700.69,759.86,769.44,696.49,745.97,806.96,766.51,842.81,870.48,868.47,847.44,936.61,915.48,916.01,850.49,793.48,717.55,579.93,520.31,627.46,616.84,641.97,623.15,611.0,621.65,682.51,692.03,682.47,680.33,648.25,618.13,573.43,538.81,540.04,588.03,581.42,571.01,575.83,570.32,586.75,578.87,565.14,468.59,428.9,456.58,419.75,343.32,346.26,326.98,367.48,414.06,352.03,333.5,346.91,364.1,338.9,309.77,333.94,368.03,404.79,375.29,379.6,379.99,377.31,413.25,427.99,388.3,395.51,375.64,367.16,365.86,384.75,395.9,396.53,414.61,427.26,425.45,444.33,557.79,572.25,540.4,560.53,536.52
IL0006046119,LEUMI LTD.,IL,EUR,89.01,79.18,92.68,118.86,137.26,123.89,158.9,160.83,179.43,180.26,194.8,216.03,201.65,198.33,220.11,201.87,185.56,168.06,198.47,194.11,218.31,220.1,224.89,249.02,219.55,225.23,249.91,250.13,236.76,233.03,228.46,183.02,150.73,174.22,143.62,144.5,161.88,143.83,156.77,155.05,125.12,125.69,111.53,111.12,138.32,159.4,168.26,168.28,164.82,176.67,174.81,175.9,171.35,164.45,166.61,163.99,184.11,189.54,203.98,202.45,186.66,188.26,193.1,193.71,196.2,193.53,195.36,192.06,200.67,176.79,173.68,170.39,165.86,174.48,184.06,192.77,191.21,209.66,217.87,180.25,184.85,191.56,179.18,171.93,161.23,165.73,177.82,180.17,181.97,174.1,178.78,185.24,188.21,186.83,201.64,203.96,204.83,217.27,217.44,228.9,242.51,243.57,239.33,262.37,265.39,277.12,278.23,306.38,312.36,307.29,305.92,302.93,318.9,305.95,323.23,351.92,343.92,325.19,348.13,318.5
IL0006625771,BANK HAPOALIM B M LTD.,IL,EUR,77.35,70.68,76.43,96.75,113.65,111.66,139.19,134.84,148.54,150.41,162.08,183.45,178.32,173.83,185.84,170.07,157.01,151.74,169.42,171.19,192.0,191.41,195.82,220.45,189.58,190.67,218.15,217.45,215.67,208.17,208.33,176.23,147.14,166.41,144.41,141.49,147.8,137.43,157.33,157.26,135.31,134.45,122.56,128.66,150.65,166.36,175.97,181.11,177.96,187.89,192.11,196.84,195.24,191.56,203.89,196.62,215.85,229.5,240.78,240.18,220.38,232.52,245.37,242.81,253.77,249.99,252.89,242.89,244.65,223.95,214.35,206.15,192.68,200.96,210.68,218.98,232.48,237.06,245.98,224.1,222.61,233.32,230.51,230.13,206.78,218.29,232.14,228.78,232.46,226.6,229.91,242.88,256.96,261.42,274.62,271.2,275.74,281.57,276.67,287.37,304.62,312.06,319.91,313.67,327.18,330.02,318.26,345.81,352.05,336.07,320.98,323.86,326.01,321.52,336.42,360.31,348.81,322.34,326.6,301.33
IL0006954379,MIZRAHI TEFAHOT LTD.,IL,EUR,58.78,54.02,60.23,70.28,75.59,75.3,95.33,95.91,106.85,99.49,110.51,115.59,112.94,110.29,119.0,112.73,95.04,92.06,103.18,106.16,120.11,124.16,131.07,144.08,122.86,131.58,146.35,142.38,140.12,138.79,136.07,125.75,110.44,114.35,107.63,104.87,114.84,103.66,120.6,118.22,104.07,102.57,98.38,101.61,116.16,118.95,129.93,135.28,138.5,137.68,140.0,134.08,136.42,131.38,140.07,143.41,145.55,155.6,168.58,173.15,159.72,163.41,180.65,176.7,178.54,171.2,167.85,161.31,158.06,146.48,139.3,139.01,145.71,138.32,134.37,148.02,154.43,164.71,171.12,154.93,157.51,163.2,157.88,159.36,148.33,147.5,156.87,152.26,157.63,154.92,164.07,162.57,171.45,175.76,189.98,199.41,208.69,226.5,232.94,218.74,242.35,252.15,247.45,243.81,247.11,249.02,253.08,256.53,271.09,257.24,265.57,255.92,269.07,258.45,273.65,254.78,246.9,237.26,257.27,238.06
IL0010811243,ELBIT SYSTEMS,IL,EUR,105.07,104.12,115.0,123.94,147.39,147.45,163.41,159.93,165.66,145.82,149.6,160.26,152.14,151.52,157.98,151.18,126.22,126.78,132.8,124.02,133.67,133.13,117.97,136.73,127.59,128.8,141.65,141.67,131.66,121.14,118.48,105.49,104.64,115.32,107.24,107.11,108.51,95.57,99.58,95.61,88.02,92.36,85.5,81.9,91.29,94.08,102.48,107.78,103.28,104.8,113.92,113.28,118.23,114.31,120.85,125.5,148.34,147.46,156.23,167.25,154.92,160.33,169.23,164.05,175.12,172.24,175.51,167.27,174.29,170.44,166.46,172.89,175.98,186.31,204.59,224.9,211.5,224.2,236.89,219.8,211.78,227.75,254.73,253.68,247.57,239.24,270.9,288.82,273.49,262.84,292.09,282.98,278.16,288.44,296.02,300.67,322.02,346.09,338.16,346.46,358.62,366.5,372.86,405.67,436.73,438.57,409.91,395.9,449.34,424.26,365.79,344.79,357.38,359.88,358.14,388.42,380.45,358.61,374.85,345.45
IT0000062072,GENERALI,IT,EUR,9008.12,6528.95,7386.48,8846.33,10026.59,9402.66,10261.62,11282.83,12392.49,11460.22,11694.9,12221.91,10865.19,10291.64,10883.99,9599.22,8502.54,8197.86,9341.06,8411.96,9351.84,10152.93,8150.24,8841.29,10129.33,10499.41,10056.7,11132.81,10448.29,10079.36,9104.42,8654.42,7654.32,8684.11,7918.01,7213.77,7462.17,7727.65,7406.32,6507.79,4966.83,6614.79,6160.24,6989.07,7039.3,7945.8,8204.07,8857.97,9365.16,7939.51,7622.47,8979.81,9283.09,8646.49,9747.76,9477.21,9897.08,11604.34,11392.3,11680.24,10728.6,11152.42,11053.7,11567.17,11553.35,11173.18,10660.87,10447.84,10727.64,10436.0,11051.04,10486.06,10756.07,10520.42,10023.85,9985.02,10179.84,9493.17,10444.59,9647.54,9628.25,10041.53,10023.05,9691.25,7867.18,7338.87,7828.84,8044.1,8101.58,6546.11,7357.38,7091.06,6816.2,7206.05,7062.32,8318.04,8896.98,8023.8,8900.36,8837.11,9306.85,9681.65,10647.07,10533.19,10975.36,10732.87,10802.85,10751.69,11719.86,11093.4,11319.85,11914.41,10560.64,10432.23,11058.58,10377.58,10745.94,10060.4,10483.24,10377.3
IT0000062957,MEDIOBANCA BC.FIN,IT,EUR,3408.27,3054.43,3178.16,4358.27,4490.96,4458.25,5231.43,5144.55,5476.91,5140.6,4787.97,4785.75,4430.04,4243.06,4318.26,3723.05,3064.35,3027.02,3606.09,3166.4,3735.1,4151.23,3389.91,3669.94,4156.08,4351.55,4208.55,4686.14,4558.86,4159.68,3792.32,3799.74,3259.72,3300.1,2742.7,2453.89,2501.27,2781.21,2493.45,2076.58,1481.47,1874.42,1468.18,1994.63,2274.38,2422.01,2378.32,2643.37,3161.0,2618.85,2192.33,2736.16,2853.72,2235.96,2634.78,2668.59,3000.96,3931.85,3685.97,3769.04,3952.31,4291.44,4919.54,4758.42,4313.13,4286.3,3812.29,3767.08,3699.5,3782.55,3942.79,3598.48,3811.59,4057.39,4215.11,4292.32,4512.65,4304.44,4811.88,4405.18,4309.86,4440.12,4322.67,4355.67,3596.21,3069.53,3255.17,3708.63,3501.49,2584.37,3161.51,3342.13,2936.2,3301.92,3249.18,3848.48,4044.89,3782.11,4252.06,4521.48,4465.33,4636.43,4889.84,4821.74,5050.48,5157.66,5650.43,5552.34,5962.67,5874.65,5739.65,5944.05,4603.4,4543.9,5081.01,4558.68,4884.58,4293.26,4594.71,4383.1
IT0000066123,BPER BANCA,IT,EUR,558.47,421.14,518.88,593.07,725.95,639.31,593.74,677.0,721.41,662.14,718.78,726.13,722.29,625.84,664.18,651.63,534.4,507.32,612.61,539.34,611.82,612.55,590.15,622.52,635.52,632.71,598.65,620.85,582.68,568.12,511.33,525.48,498.86,414.26,378.98,364.15,380.83,428.51,365.1,311.26,215.48,279.6,226.37,283.59,279.85,307.82,320.97,357.64,457.61,372.93,366.96,439.66,438.27,301.21,309.22,367.93,372.45,499.57,497.15,496.01,490.65,604.95,654.07,595.81,580.33,515.86,485.08,480.15,454.33,434.18,405.68,377.53,386.19,471.94,498.78,473.09,494.49,510.16,507.46,489.97,470.84,464.41,439.75,437.72,340.61,292.92,272.89,334.67,296.57,213.32,240.4,225.07,218.02,274.44,235.5,312.63,331.71,268.27,293.19,320.21,290.93,295.49,325.46,333.83,354.97,289.23,325.19,299.98,347.23,352.32,330.59,343.56,291.01,333.92,339.9,268.56,281.43,231.18,247.6,233.65
IT0000072618,INTESA SANPAOLO,IT,EUR,2641.1,2049.62,2293.74,2692.39,2958.49,2683.3,3087.55,3615.56,3682.8,3535.93,3610.38,3767.22,3218.03,2937.92,3110.33,2768.03,2306.84,2316.04,2863.39,2436.17,2814.56,3039.92,2258.45,2356.56,2882.91,2921.11,2564.03,2878.21,2497.52,2564.72,2237.42,1573.14,1538.32,1735.02,1592.77,1618.5,1841.51,1883.08,1724.43,1457.68,1194.94,1436.55,1288.08,1595.28,1541.0,1625.66,1704.09,1735.44,2064.32,1645.37,1484.78,1838.1,1980.3,1675.7,1982.99,2050.65,2161.91,2606.92,2538.12,2588.99,2838.68,3248.7,3550.72,3572.16,3591.87,3307.69,3195.5,3193.7,3254.81,3137.09,3308.3,3138.61,3139.43,3584.38,3641.31,3619.42,3936.72,3964.01,4232.94,3988.99,3854.04,3828.8,3752.82,3670.05,3099.13,2784.08,3034.51,3032.52,2992.14,2201.97,2565.46,2762.53,2583.33,2693.54,2589.31,2979.87,2731.02,2722.37,3171.03,3390.99,3557.92,3931.66,4263.34,4186.87,4392.33,4174.9,4178.4,4130.32,4889.27,4689.09,4510.54,4736.55,3911.03,3868.31,4106.62,3298.21,3406.23,2948.51,3089.89,2954.62
IT0000784154,CATTOLICA ASSICURAZIONI DEAD - DELIST.12/08/22,IT,EUR,118.67,94.04,90.53,124.25,131.3,129.73,133.96,137.68,140.83,130.56,144.7,137.94,126.03,121.04,128.07,127.35,105.84,105.55,112.04,98.94,109.49,114.16,90.28,107.25,111.45,111.47,113.81,118.42,106.1,107.51,107.26,112.56,95.76,99.37,88.89,82.79,85.46,94.18,89.22,82.84,53.96,52.69,56.54,62.37,72.19,72.3,70.39,71.42,85.67,77.18,80.33,91.16,98.44,99.43,109.01,109.15,108.62,123.53,129.29,131.59,122.86,127.18,125.1,120.25,119.23,111.69,106.75,109.24,87.25,77.4,55.5,56.49,62.94,66.31,71.07,69.63,66.94,67.5,70.57,60.51,60.13,67.3,66.65,68.18,60.23,55.84,58.47,59.4,62.24,57.08,63.89,52.33,50.71,54.73,51.09,53.24,56.65,57.0,72.78,80.47,81.96,73.57,81.58,81.25,82.3,102.67,102.94,102.93,118.35,113.1,100.76,101.17,84.7,82.41,90.97,80.34,85.02,79.98,81.43,80.24
IT0000784196,BANCA PPO.DI SONDRIO,IT,EUR,452.55,447.8,462.84,500.93,525.77,478.54,511.26,586.37,608.13,539.64,534.5,586.64,563.17,543.61,574.95,550.3,488.81,487.58,537.25,490.35,540.15,564.05,459.02,493.1,526.07,513.06,508.89,538.16,505.03,515.59,471.85,503.99,454.68,477.02,529.6,499.45,515.82,511.77,453.77,425.07,334.53,384.97,348.41,361.84,371.76,359.75,357.79,364.35,453.91,382.4,329.09,366.16,350.37,315.21,332.3,349.09,354.42,366.15,354.06,366.75,354.79,374.26,431.8,455.56,424.61,384.52,356.54,357.17,336.98,313.25,313.05,293.25,304.73,359.45,357.45,357.71,380.77,386.77,406.5,391.63,362.67,364.19,361.25,357.96,301.76,280.78,278.73,296.16,266.41,208.25,219.8,218.36,227.46,270.88,257.66,268.19,287.97,259.3,280.64,302.55,318.07,325.44,360.0,342.57,355.69,327.2,329.19,302.13,334.67,335.72,327.13,391.49,342.29,339.21,365.58,328.81,321.59,266.18,262.37,253.52
IT0001137345,AUTOGRILL DEAD - DELIST.24/07/23,IT,EUR,268.25,220.18,262.37,349.34,421.48,383.51,439.3,512.92,549.75,515.27,563.6,576.17,558.19,566.72,555.13,556.97,510.39,549.93,563.52,526.64,571.88,606.28,583.81,645.65,656.09,644.63,641.95,653.55,596.3,613.55,616.85,582.37,475.55,546.58,486.28,457.7,512.67,476.66,492.87,465.44,418.08,440.81,393.95,415.46,462.52,496.75,480.88,556.69,596.23,623.82,576.2,629.71,640.17,674.89,741.08,765.4,854.87,979.76,907.86,921.08,998.28,1060.77,1115.54,1043.03,1043.54,959.09,929.35,915.59,857.41,736.54,823.11,823.32,931.73,978.07,1056.33,1046.69,1001.41,910.91,988.07,942.31,989.13,1018.62,965.77,1043.07,919.38,860.56,906.85,922.1,933.78,890.77,962.18,947.17,937.09,920.76,911.57,1001.44,971.7,981.27,1101.21,1257.31,1346.84,1357.81,1326.86,1480.72,1459.13,1467.9,1434.22,1549.42,1566.97,1408.22,1442.03,1437.01,1390.99,1417.0,1249.07,1201.49,1167.58,1124.8,1078.16,960.57
IT0001233417,A2A,IT,EUR,270.36,224.61,235.42,257.37,290.5,304.96,303.27,324.26,328.58,310.42,325.91,352.04,319.88,289.87,314.59,283.74,248.11,243.91,265.4,247.91,271.84,288.08,227.4,244.33,263.29,283.59,287.09,320.09,299.24,290.91,268.33,259.31,234.74,257.99,204.39,184.4,186.21,197.61,156.62,124.12,121.13,108.32,84.72,107.74,100.07,99.31,110.15,116.46,135.14,108.87,120.16,158.97,171.08,156.97,183.09,183.34,206.53,238.59,242.54,247.66,228.11,274.49,274.06,257.99,253.45,252.94,250.58,240.76,217.45,219.39,229.09,222.23,208.84,222.6,227.85,253.6,272.65,269.85,290.59,277.47,280.45,311.82,317.94,308.35,269.66,259.97,294.83,323.04,322.79,306.49,332.6,310.12,330.82,318.59,279.49,303.83,312.32,326.25,355.18,348.11,400.66,401.42,410.38,406.05,416.36,415.92,456.02,448.19,466.2,429.86,462.76,487.67,426.16,435.94,462.33,433.24,436.58,405.82,423.06,451.96
IT0001347308,BUZZI,IT,EUR,2610.0,1954.28,2331.5,3086.02,3024.5,3036.36,3203.31,3677.25,3707.93,3628.53,3324.16,3479.03,3226.99,2678.61,2712.55,3215.56,2404.03,2223.88,2389.46,1995.42,2319.88,2514.27,2052.17,2512.04,2762.66,3104.25,3198.7,3399.31,3037.22,3053.34,2582.06,2203.54,1794.49,2036.87,2008.6,1924.14,2327.84,2488.75,2567.99,2230.34,1851.38,2075.29,2226.05,2292.26,2447.65,2619.95,2688.5,3068.9,3213.5,3479.0,3400.09,3380.2,3696.2,3326.47,3265.67,2976.81,3458.26,3850.07,3810.56,4006.35,4052.26,4625.04,4138.45,3926.67,3877.62,3747.25,3620.64,3382.38,3041.1,3005.2,3339.99,2832.31,2734.11,3152.47,3336.54,3601.22,3413.18,3179.7,3839.44,3803.77,3726.84,3799.51,4014.74,4030.08,3363.63,3421.51,3868.45,4233.85,4462.66,3909.88,4497.83,4764.48,4603.22,4359.85,4773.89,5329.04,5530.53,5576.16,5761.29,5768.24,5858.15,5602.43,5687.69,5510.22,6086.85,6284.28,6007.5,6090.45,6641.75,5581.45,5270.32,5708.76,5465.74,5554.23,4998.72,4567.04,4706.52,4359.01,4279.15,3892.58
IT0001469383,ARNOLDO MONDADORI EDI.,IT,EUR,376.02,261.73,268.73,317.48,380.13,333.93,363.91,372.37,431.13,399.13,364.56,384.39,337.52,326.98,360.19,336.67,268.79,254.55,284.52,245.43,272.48,304.46,268.81,307.49,305.36,304.88,337.55,367.0,339.04,326.37,292.67,278.87,197.5,192.05,181.12,162.31,167.91,181.35,160.1,136.5,107.64,104.02,104.02,128.12,118.17,124.54,135.09,136.7,146.76,122.02,110.95,123.05,115.69,106.24,122.7,117.04,119.15,198.0,193.76,178.79,167.24,186.47,184.29,171.05,146.14,129.81,109.43,109.55,94.26,76.18,98.61,97.9,96.14,102.93,111.05,113.7,112.97,102.91,107.71,95.73,96.96,113.32,102.87,104.3,83.64,91.73,104.99,105.42,109.66,98.04,103.96,98.29,94.81,91.22,89.21,114.14,134.82,151.61,181.16,183.45,171.87,168.64,191.97,207.97,220.68,239.2,252.33,231.02,259.03,215.95,193.66,181.32,131.82,140.91,157.43,141.49,160.14,159.78,158.42,180.64
IT0003128367,ENEL,IT,EUR,119.15,106.0,101.47,115.85,125.17,126.71,140.72,153.55,165.06,155.76,159.5,154.82,144.61,144.9,149.35,140.11,122.27,118.4,135.94,132.36,147.84,157.93,133.85,142.52,160.74,169.41,179.3,202.87,194.96,193.25,170.96,144.87,131.9,140.76,129.88,124.92,125.26,123.33,110.54,100.47,87.12,105.75,93.9,108.26,116.06,123.19,124.24,135.63,142.92,118.8,107.17,126.89,123.97,109.11,115.81,114.91,133.53,153.9,158.78,152.35,159.14,178.96,197.21,196.76,197.34,209.02,204.76,190.32,190.49,183.01,173.59,160.51,162.23,165.77,162.34,170.36,173.84,167.88,175.56,166.84,165.04,171.86,163.44,156.75,151.16,149.22,164.69,168.08,168.15,170.56,177.64,170.04,172.01,165.76,156.07,170.4,164.63,169.75,186.12,187.35,210.93,211.07,228.38,242.75,241.86,249.09,261.18,247.35,260.72,238.72,250.33,260.68,224.84,227.47,234.97,208.66,215.73,206.73,228.33,242.74
IT0003132476,ENI,IT,EUR,669.41,632.35,609.37,684.3,787.34,770.62,754.91,773.92,838.15,837.59,831.6,857.34,789.98,759.18,789.07,752.57,647.08,645.52,709.13,690.97,773.29,805.2,721.96,784.37,848.7,873.31,879.99,958.18,883.48,872.23,804.62,743.52,680.83,856.11,810.23,797.77,849.21,888.83,899.12,852.03,765.46,845.04,822.98,881.33,895.02,938.06,966.51,988.37,1025.88,933.01,920.09,978.6,954.15,862.87,927.84,958.54,995.88,1100.49,1046.6,1046.09,986.26,1047.88,1089.33,1126.0,1140.62,1223.41,1140.64,1118.16,1098.57,981.65,923.31,809.2,774.86,862.26,798.38,887.27,856.45,845.39,840.4,781.3,768.2,804.11,797.71,734.33,703.86,689.26,742.4,796.7,771.83,814.56,772.48,761.46,750.4,754.25,726.04,849.9,799.89,803.64,855.11,831.66,847.96,803.31,843.64,837.99,912.11,901.37,907.47,913.21,994.55,921.81,968.39,1078.67,1021.36,1049.01,1088.16,1050.2,1095.96,1031.33,934.85,910.79
IT0003153415,SNAM,IT,EUR,317.96,303.15,326.41,294.94,335.62,340.2,337.83,360.58,376.93,384.64,396.41,393.29,373.32,374.65,401.13,375.76,333.08,330.73,386.63,382.7,417.81,456.54,402.03,421.12,443.39,462.02,474.92,525.79,514.58,517.16,504.8,422.54,405.46,440.94,415.65,396.86,404.9,436.33,431.01,426.98,378.67,418.87,377.61,395.23,416.19,426.98,426.8,447.15,487.87,458.27,440.7,475.11,476.61,456.85,473.1,468.74,508.94,531.9,555.71,577.48,565.69,587.06,603.72,619.08,627.36,643.2,630.05,622.49,590.76,576.59,567.58,529.73,522.4,541.57,518.31,557.09,556.25,535.65,557.54,550.56,577.62,586.1,572.22,591.04,629.53,609.29,706.64,687.68,677.92,704.79,684.94,655.13,656.53,623.03,555.84,592.0,545.51,572.93,621.75,633.68,691.5,655.67,709.75,732.54,725.92,769.73,760.91,738.05,751.3,690.88,706.48,740.91,630.15,666.58,686.51,656.81,665.5,660.98,699.77,696.97
IT0003242622,TERNA RETE ELETTRICA NAZ,IT,EUR,235.83,241.84,241.0,250.02,284.59,268.46,282.5,297.22,313.93,320.74,343.32,355.66,334.8,340.29,358.09,335.37,311.04,310.66,356.97,346.36,365.58,395.78,361.68,373.03,384.85,406.19,421.82,441.25,429.37,426.04,415.95,333.09,341.87,353.63,338.34,319.64,346.84,357.72,379.52,351.69,316.15,358.18,331.7,345.5,370.26,372.95,386.53,405.5,428.52,425.75,421.83,476.54,451.07,439.62,471.32,451.55,478.48,525.78,522.84,540.77,524.83,552.15,578.98,584.28,574.11,588.68,587.29,576.38,561.48,561.95,550.42,517.21,497.95,513.85,500.55,536.8,540.91,517.9,550.09,546.07,568.85,599.51,585.87,615.05,635.54,621.4,680.32,671.4,660.49,678.1,665.61,630.51,630.16,597.81,540.36,571.41,545.92,578.31,619.08,627.63,704.1,688.89,727.19,753.64,746.68,771.22,803.23,754.24,783.16,721.2,757.35,779.75,685.85,724.31,750.63,705.25,715.69,692.72,760.9,770.51
IT0003497168,TELECOM ITALIA,IT,EUR,271.9,270.32,283.9,296.09,326.62,320.58,361.22,375.27,406.67,370.77,371.34,362.2,349.93,331.24,334.7,324.87,285.58,272.64,311.48,331.71,342.26,374.64,302.15,317.3,348.08,382.43,376.6,390.55,366.74,360.08,326.39,314.73,284.6,324.76,293.57,279.24,263.46,299.52,307.3,294.13,226.37,271.66,224.61,255.81,275.22,252.52,249.88,246.98,272.51,202.76,194.05,240.36,220.29,196.96,191.6,198.12,234.31,276.8,277.41,281.93,315.7,322.75,334.78,363.36,352.74,359.36,328.44,327.25,325.29,320.87,320.5,302.85,330.76,339.29,332.79,336.75,347.21,359.8,377.78,344.35,349.05,397.8,366.82,362.21,313.8,277.19,306.55,276.27,268.83,231.71,242.27,257.09,235.66,245.89,214.78,250.51,243.8,230.82,255.84,251.84,265.8,261.51,291.23,271.41,265.86,246.27,237.86,245.5,256.37,256.11,269.07,280.52,227.63,211.18,218.94,181.25,172.37,166.93,184.69,156.77
IT0003506190,ATLANTIA DEAD - DELIST.09/12/22,IT,EUR,494.06,441.77,508.76,599.23,728.42,698.08,758.56,769.77,837.13,821.02,910.43,923.18,888.48,815.13,824.42,752.41,673.25,679.58,744.56,718.68,789.06,867.83,762.86,796.63,886.11,891.64,892.35,958.27,940.87,890.14,775.89,675.04,607.15,644.63,664.96,694.58,673.82,727.32,717.11,655.53,554.72,601.69,621.66,664.21,733.18,778.24,828.85,874.76,897.96,840.74,767.82,868.3,851.75,813.34,945.59,899.49,1016.03,1096.46,1117.15,1147.36,1163.44,1294.52,1312.19,1327.19,1448.98,1485.21,1381.84,1326.0,1286.76,1227.33,1341.28,1240.92,1366.68,1400.78,1393.07,1494.59,1387.89,1334.52,1452.32,1445.07,1507.71,1504.7,1450.5,1462.17,1431.41,1361.62,1525.67,1530.34,1512.29,1392.75,1400.66,1439.27,1422.67,1370.55,1274.05,1345.35,1303.53,1345.61,1483.06,1452.61,1631.29,1645.24,1773.19,1879.22,1848.59,1909.59,1989.36,1889.26,1986.9,1850.47,1848.97,1986.2,1772.21,1810.48,1817.97,1279.0,1271.09,1232.37,1255.83,1265.03
IT0003856405,LEONARDO,IT,EUR,1230.69,1005.02,973.75,1112.88,1145.01,1144.93,1227.7,1301.03,1437.05,1373.68,1347.64,1306.57,1136.83,1054.6,1088.03,1046.91,908.38,891.13,935.54,858.07,1013.52,1187.57,965.28,971.95,1152.15,1067.19,1073.48,1152.58,1110.03,1079.32,687.11,665.33,625.38,617.93,385.49,330.98,401.73,453.24,482.31,383.28,296.72,360.01,327.39,396.7,424.19,441.83,468.99,511.88,586.09,439.22,429.57,464.79,496.7,446.2,465.3,455.23,534.0,655.53,651.05,676.74,784.37,877.89,880.95,823.19,732.81,848.23,824.84,836.67,868.28,803.65,867.47,834.99,975.42,1082.68,1061.56,1144.64,1181.54,1121.19,1293.14,1206.53,1114.28,1172.76,1291.71,1250.17,1055.05,924.27,1133.52,1127.06,1056.68,897.92,1018.55,1016.39,1011.54,1085.48,1159.27,1255.22,1149.21,1229.48,1268.01,1401.81,1587.77,1494.39,1563.89,1521.32,1687.36,1555.74,1078.03,1072.66,1090.43,972.02,1038.6,1045.58,931.59,904.23,1097.13,1027.08,1102.86,994.0,901.78,802.9
IT0004810054,UNIPOL ASSICURAZIONI SPA,IT,EUR,89.38,53.75,52.79,75.0,77.41,69.77,74.21,79.21,90.36,86.9,81.26,82.06,73.0,66.59,67.43,62.81,53.34,48.38,53.87,47.8,51.98,55.99,41.01,44.18,51.85,49.68,51.45,57.81,47.51,38.83,33.03,34.19,30.58,29.78,23.91,23.11,17.87,25.73,22.25,21.47,15.04,16.08,8.87,9.39,8.68,7.8,7.41,7.15,10.26,8.14,9.63,12.23,12.88,12.31,14.37,13.54,16.64,19.99,18.93,22.51,21.54,26.7,29.39,27.14,23.49,22.02,21.45,21.3,18.86,18.8,20.05,19.43,19.65,20.11,20.66,20.51,21.06,20.54,21.81,19.04,17.73,18.94,20.14,20.92,16.45,14.99,16.38,17.32,15.8,10.0,11.86,11.88,10.92,13.06,13.23,15.44,15.79,16.29,17.73,19.05,18.64,19.58,20.88,19.31,20.5,20.18,20.54,20.99,24.74,22.42,21.87,24.04,19.86,18.04,19.44,19.32,20.81,18.83,19.37,18.78
IT0004827447,UNIPOLSAI DEAD - DELIST.03/07/24,IT,EUR,1842.53,1375.58,1372.51,1973.78,2048.0,2005.02,2076.18,2396.53,2617.8,2285.63,2063.72,1986.52,2042.29,1816.52,1878.65,1736.58,1314.45,1240.05,1398.92,1245.14,1323.12,1551.59,875.11,1099.28,1191.58,1238.39,1087.66,1217.6,1053.94,897.58,592.0,493.32,480.07,505.73,305.06,182.39,210.03,418.94,322.29,278.35,272.49,268.02,108.5,114.04,120.7,114.4,108.7,110.02,156.35,133.92,145.65,179.68,176.75,161.61,181.09,165.68,186.75,225.81,233.46,284.26,264.9,300.94,336.9,322.6,327.93,306.09,289.21,299.76,269.42,255.3,273.02,257.4,264.09,281.31,277.33,267.39,258.28,253.53,267.92,234.31,222.33,248.43,264.11,262.54,215.85,210.86,237.36,239.05,222.96,166.78,186.95,185.82,181.36,212.58,212.81,238.64,231.98,236.86,246.5,256.08,267.94,257.62,272.71,267.97,276.11,269.32,277.64,276.33,306.42,285.22,280.98,318.46,278.87,280.49,289.41,284.31,299.29,277.73,295.52,286.8
IT0005218380,BANCO BPM,IT,EUR,54.43,36.58,43.63,63.3,78.51,70.87,76.35,84.23,91.0,83.1,77.85,71.81,61.05,60.6,68.69,63.63,55.43,55.98,64.05,56.65,60.2,53.93,41.61,45.68,49.34,48.42,41.37,41.15,36.65,32.44,27.12,24.21,23.62,21.21,16.86,18.28,21.26,26.0,26.67,20.91,15.63,18.91,16.48,20.59,21.11,22.45,20.75,23.36,29.34,23.79,17.78,20.33,21.03,16.56,17.9,19.98,20.97,28.07,26.79,27.05,24.19,31.02,40.45,38.27,35.91,30.63,28.92,29.08,27.32,26.89,25.71,22.64,23.55,28.75,29.08,29.62,31.3,30.59,32.45,31.93,27.45,27.96,26.81,25.88,17.15,15.31,12.81,13.45,9.43,6.12,7.23,6.4,6.05,7.39,5.28,6.21,7.3,6.43,7.63,7.46,8.0,8.58,9.35,9.73,10.65,8.95,8.81,8.08,9.8,9.73,8.89,9.36,6.65,7.53,8.17,5.79,6.33,4.83,6.01,5.78
IT0005239360,UNICREDIT,IT,EUR,6725.14,4871.18,6262.03,9404.75,11200.47,10775.07,12469.23,15522.79,16702.91,14460.11,14616.98,14383.34,12585.17,11360.15,13268.18,11884.01,9736.64,10272.53,12772.82,10734.35,11660.47,11871.63,8850.66,9470.09,11310.07,11734.4,11286.01,11758.13,10554.89,9841.89,8351.69,6309.49,5006.14,5499.62,4838.3,3875.01,3502.5,3688.65,3530.93,2808.8,2163.03,2669.71,2406.45,2801.11,2935.35,3115.83,3287.09,3449.39,4557.42,3591.98,3018.63,3685.53,4103.31,3369.76,3915.03,4064.46,4595.9,5426.84,5238.78,5341.81,5421.91,5737.16,6584.04,6433.97,6392.3,6132.81,5743.93,5683.42,5792.71,5286.67,5429.16,4729.07,4327.19,4884.78,4979.98,5294.74,5218.45,5015.89,4982.06,4881.12,4645.58,4853.56,4383.61,4168.13,2868.53,2789.68,2699.19,3013.18,2496.31,1706.4,1911.18,2002.39,1815.46,1931.58,1672.38,2248.37,2120.02,2091.35,2404.49,2531.21,2724.02,2901.34,3052.37,3161.19,3314.47,2977.91,3135.2,2910.69,3440.44,3311.38,3251.31,3439.13,2612.84,2643.36,2809.9,2291.01,2384.52,2030.49,2041.7,1791.12
IT0005495657,SAIPEM,IT,EUR,2108.15,2145.21,2443.14,2978.77,3607.89,3444.19,3814.73,3794.07,4259.98,4208.02,4553.84,4896.42,4633.33,4694.39,5489.94,5315.31,4537.17,4472.47,5203.45,5080.34,5804.49,6422.52,6039.43,7152.15,7249.85,7315.81,7703.27,8229.27,7765.63,7602.73,7700.54,6629.73,5249.04,6656.96,6553.59,6281.56,6899.45,7481.89,7597.08,7276.28,5843.45,6682.99,6959.85,7161.29,7235.87,6759.84,6700.62,5814.11,4269.75,4029.68,4636.34,4266.02,4167.49,2520.69,3308.99,3447.66,3375.44,3643.33,3492.36,3329.17,3643.24,3654.16,3791.95,4155.0,4050.85,4187.66,3627.42,3693.64,3302.87,2431.71,2227.91,1646.78,1406.85,1599.61,1583.29,2063.53,1967.9,1639.12,1362.05,1493.6,1241.77,1465.67,1341.35,1263.35,761.41,509.3,494.91,590.55,505.17,491.25,539.17,564.45,522.15,507.03,554.91,696.02,629.84,565.02,561.31,531.35,500.7,454.96,503.17,457.23,531.94,518.43,495.92,563.7,579.46,506.98,482.69,473.01,525.53,567.99,645.27,660.57,760.42,675.72,539.66,460.36
IT0005496473,TESSELLIS,IT,EUR,12.07,10.78,12.49,12.35,12.9,9.91,10.28,11.67,12.95,11.83,9.77,10.04,10.09,8.8,9.86,9.03,6.07,5.95,6.11,5.35,5.82,6.26,4.23,4.56,5.19,4.96,4.56,4.96,4.32,3.88,3.73,3.1,2.66,2.95,2.22,1.86,1.97,2.29,2.36,1.98,1.69,1.67,1.48,1.76,2.31,2.46,2.35,2.14,2.57,2.2,2.15,2.34,2.34,1.97,2.15,2.11,2.29,2.52,2.7,2.49,2.43,4.27,4.31,4.32,4.01,3.38,3.27,2.94,2.71,2.23,3.08,2.68,2.58,2.82,2.97,3.16,2.96,2.49,2.83,2.83,2.46,2.84,2.66,2.65,2.11,2.36,2.72,2.61,2.38,2.01,2.22,2.15,2.02,2.04,1.76,2.03,2.22,2.15,2.18,2.13,2.07,2.06,2.01,1.96,2.07,1.93,1.71,1.81,1.93,1.79,1.66,1.55,1.37,1.11,1.18,0.88,0.79,,0.83,0.68
JE00B8KF9B49,WPP,GB,EUR,20393.82,18871.71,20392.53,25040.54,26826.56,24631.87,28393.64,31404.29,31855.68,33855.58,34904.99,36856.14,34891.91,34432.61,39413.84,40644.57,36259.83,36169.91,40364.54,37770.21,42233.15,44532.25,42511.34,47423.19,47471.94,52823.2,47261.5,50009.89,47803.13,48813.05,44438.32,40874.4,36494.77,41112.58,41424.93,41391.96,46385.3,50608.67,53831.04,53365.85,46971.42,48881.87,51041.37,52191.68,54786.1,52463.43,55878.1,58793.47,64028.65,65166.91,64879.16,67451.55,69657.23,70554.98,74421.81,76641.73,85269.33,89026.05,92549.86,95586.92,87768.94,91671.93,86245.76,89965.68,90280.82,92809.09,85165.63,89365.67,85646.16,83850.12,90299.95,90243.36,94744.09,102076.64,97798.58,100910.1,101120.19,98207.74,100452.63,90989.63,91073.45,99715.73,102324.06,102017.18,95293.05,93990.54,103557.45,103534.95,102612.82,93556.42,101660.72,103707.87,106258.1,98948.34,97328.51,102284.02,105748.14,107602.88,99861.26,97480.98,102624.86,97734.4,95014.96,85298.43,86624.49,83937.26,83829.93,86017.61,86111.86,91008.43,75275.08,81414.59,77708.4,76893.25,76334.15,81124.51,71588.83,56535.99,55005.65,53688.88
JE00BJ1DLW90,MAN GROUP,GB,EUR,1685.37,1388.75,1775.13,2129.09,2204.99,2590.26,2754.07,2631.65,3179.62,3067.27,3249.37,3097.98,2361.62,2127.27,2278.06,2315.84,2103.41,2237.52,2279.27,2143.11,2312.39,2792.67,2821.31,3169.34,3222.7,3195.74,2695.63,2848.29,2891.76,2687.63,2583.34,2576.28,1854.11,1709.06,1652.34,1446.3,1351.75,1548.14,1594.57,1301.56,868.94,924.95,966.45,944.63,1109.2,1054.21,1026.66,1121.97,1169.71,1269.94,1129.14,1432.15,1576.62,1136.16,1096.09,1156.62,1247.25,1312.61,1333.8,1292.36,1232.59,1595.34,1548.79,1576.33,1593.68,1703.92,1903.15,1903.6,1862.92,1915.82,2167.7,2420.72,2603.36,2864.12,2926.44,2919.02,2683.52,2431.06,2504.45,2492.77,2334.7,2596.37,2471.58,2602.41,2320.5,2164.79,2205.2,2223.02,1973.81,1590.19,1583.46,1507.89,1549.23,1612.55,1500.66,1548.27,1772.29,1929.6,1950.91,2156.72,2202.46,2180.89,2287.81,2393.55,2499.63,2852.81,2975.61,3103.48,3427.37,2625.94,2671.15,2834.49,2745.94,2648.01,2584.78,2606.39,2685.03,2318.43,2164.65,1977.16
LU0075646355,SUBSEA 7,GB,EUR,9.57,9.03,10.77,13.58,17.84,17.36,18.77,17.81,22.17,22.49,26.01,28.05,27.42,29.13,32.37,33.89,25.68,27.01,29.5,27.64,33.28,36.08,35.75,44.19,43.69,46.16,45.36,47.31,47.61,46.2,47.4,41.88,34.7,39.45,35.31,33.41,36.43,43.41,47.49,46.5,35.36,37.94,40.57,44.29,44.48,42.2,44.04,45.72,46.51,45.68,45.08,41.55,42.58,33.59,37.69,40.82,41.43,42.2,38.89,38.15,34.17,38.1,37.06,39.8,39.88,38.34,34.28,34.32,29.37,22.13,20.52,20.99,17.48,20.48,17.69,22.83,21.49,20.06,18.1,17.26,15.43,16.1,16.38,14.65,12.13,13.02,15.58,18.92,18.27,19.98,22.03,22.34,22.07,23.1,24.01,26.11,28.02,29.16,31.79,35.34,30.75,28.58,31.41,30.61,35.0,35.77,31.25,32.06,33.33,32.45,27.22,31.34,33.98,35.63,32.34,30.39,32.94,28.22,23.97,21.69
NL0000008977,HEINEKEN HOLDING,NL,EUR,3311.9,2878.8,2997.19,2996.17,3782.76,3995.65,4308.25,4508.78,5178.78,4970.45,5236.86,5331.08,5379.29,5196.02,5664.35,5274.6,4814.24,4737.98,5047.4,5012.99,5687.51,5583.0,5239.68,5664.67,5770.51,5967.68,6249.2,6960.2,6899.11,6734.08,6708.52,5672.73,5165.62,5760.08,5345.07,5461.86,5379.83,5962.97,6219.47,6253.77,5468.01,6054.23,6216.19,6319.53,6626.47,6913.86,7378.96,7444.98,8051.48,8551.9,8748.01,8303.74,8158.75,7728.87,8638.23,8370.05,8798.78,8863.26,8771.52,8809.51,8018.39,8998.63,8979.61,8968.84,9288.76,9243.71,8963.75,9798.29,9367.81,9170.95,9707.63,8898.31,9291.54,9874.66,9748.33,9989.04,9942.88,10045.12,10006.75,10046.08,10237.69,11613.01,11335.13,11117.68,11019.02,10471.83,11264.88,12044.73,11974.43,11855.79,12227.39,11790.29,11784.55,11290.8,10331.03,10248.84,10316.89,11191.45,11716.82,12435.25,13816.07,13590.03,14531.43,14737.51,14046.81,13876.67,14429.59,14804.12,15919.58,14902.29,15384.88,15374.21,14695.01,14486.43,14614.92,14538.15,13788.16,13192.24,13433.43,12831.11
NL0000009082,KPN KON,NL,EUR,316.11,305.65,315.29,296.86,322.84,338.03,367.7,386.39,416.54,458.1,446.12,427.06,418.97,401.43,399.04,390.79,339.65,335.53,373.07,389.88,415.3,447.23,383.42,392.81,423.32,434.8,457.38,445.5,411.17,407.53,411.84,409.08,382.79,381.68,352.61,345.83,316.12,313.59,316.5,279.35,294.22,298.45,260.33,272.4,242.41,200.02,179.29,155.25,178.34,108.29,106.77,109.08,100.93,108.5,137.49,152.31,166.62,167.27,170.37,168.75,195.45,186.61,184.77,185.67,193.35,190.42,166.73,173.84,167.5,172.81,175.42,167.6,163.36,180.42,178.8,198.51,193.93,204.59,214.94,210.24,203.57,201.23,207.41,206.89,210.02,202.02,228.89,217.65,221.25,220.19,202.64,200.71,204.47,200.53,177.6,182.75,177.27,174.36,185.9,182.4,216.42,202.72,231.99,226.84,220.55,221.74,236.0,224.25,225.61,201.3,192.47,205.99,180.7,180.97,195.73,173.08,178.35,178.89,199.97,197.78
NL0000009165,HEINEKEN,NL,EUR,3085.54,2821.94,2968.08,3175.9,3782.99,3936.38,4215.23,4523.74,4930.24,4756.92,5033.91,5109.46,5308.56,5270.15,5512.17,5062.52,4656.27,4622.9,4896.88,4897.6,5662.4,5519.43,5065.55,5366.77,5495.96,5626.47,5965.63,6619.13,6637.31,6637.38,6548.48,5589.12,5013.15,5455.78,5227.19,5173.06,5150.99,5905.97,6182.6,6169.41,5376.91,5890.73,6120.83,6313.84,6782.95,7005.23,7495.98,7562.68,7989.67,8497.42,8581.23,8118.18,8006.1,7306.93,8051.53,7920.41,8199.99,8001.2,7876.25,7820.06,7057.2,7823.57,8050.86,8101.0,8244.94,8387.64,8217.95,8968.51,8799.73,8779.7,9272.33,8388.25,8794.66,9211.8,8970.42,9365.68,9291.03,9008.96,9415.04,9437.06,9632.95,10969.46,10618.19,10222.52,10343.57,9626.47,10843.16,11318.46,11218.34,11101.36,11399.84,10839.82,10693.33,9996.66,9115.85,9133.05,9091.23,10058.3,10370.69,10938.3,12098.37,11915.65,12757.28,12938.15,12211.39,12034.65,12602.06,12889.6,13931.27,12883.18,13257.8,13164.47,12476.99,12535.05,12638.02,12447.36,11786.52,11333.09,11499.2,11089.12
NL0000009538,PHILIPS ELTN.KONINKLIJKE,NL,EUR,1532.26,1361.95,1317.98,1633.54,1680.84,1649.32,2032.34,2026.21,2179.13,2265.0,2449.93,2658.15,2727.08,2625.13,2961.97,3117.61,2759.58,2791.99,2872.09,2591.16,2902.11,2784.86,2495.3,2835.1,2877.83,3013.23,2951.26,2843.61,2653.08,2458.26,2386.98,2030.49,1740.53,2015.83,1939.7,2023.38,1936.39,2017.81,1937.91,1900.86,1781.97,1991.31,2219.12,2322.07,2353.9,2519.21,2603.22,2643.52,3147.73,2861.7,2987.44,2786.16,2963.37,2843.05,3336.28,3220.77,3368.65,3702.65,3745.88,3834.32,3638.97,3657.75,3670.89,3341.2,3420.09,3432.24,3340.74,3304.39,3452.41,3021.1,3270.98,3161.21,2996.05,3248.16,3069.97,3109.95,3037.61,2839.86,3123.93,2868.51,2623.76,3034.12,3052.83,2858.69,2960.35,2844.18,3186.49,3070.41,3118.31,2877.41,3087.09,3354.03,3428.52,3481.3,3329.67,3537.56,3391.52,3506.72,3726.84,4007.42,4192.96,4203.51,4524.81,4478.18,4894.37,4826.41,4610.72,4488.8,4852.0,4558.03,4542.8,5042.18,4955.08,5154.99,5324.24,5428.14,5523.6,4521.21,4562.83,4285.67
NL0000226223,STMICROELECTRONICS,NL,EUR,180.53,156.62,177.36,234.11,262.35,264.75,268.91,307.64,334.23,287.59,286.03,328.33,294.62,310.07,356.26,334.48,283.95,290.28,296.77,242.61,278.22,316.95,328.41,379.23,442.65,471.7,455.15,434.07,412.71,368.37,292.58,249.97,248.33,261.52,240.5,226.59,252.84,288.08,313.7,218.07,195.82,214.56,212.98,235.83,213.97,233.2,256.42,284.75,346.25,324.51,313.15,353.71,382.55,369.22,352.11,326.99,382.13,320.67,326.45,337.04,343.78,379.98,391.69,404.14,423.32,382.6,355.27,358.11,333.44,287.44,324.07,327.51,364.52,390.75,411.22,351.32,375.3,364.62,349.66,322.72,305.72,313.31,327.17,306.37,297.01,262.57,257.48,284.58,277.26,272.3,341.02,348.79,383.98,447.8,480.09,536.93,622.65,722.91,726.47,766.52,782.74,681.96,809.27,823.12,922.95,1122.27,1082.72,1044.96,1145.18,1097.27,1059.56,1048.75,1138.51,1070.96,1044.9,988.74,876.02,731.89,704.7,689.51
NL0000235190,AIRBUS,NL,EUR,126.26,106.54,83.8,105.2,117.18,116.85,137.5,150.59,162.96,137.21,130.28,147.38,144.1,151.17,147.49,136.66,146.54,151.49,173.63,161.81,183.1,192.43,164.71,171.52,211.58,212.24,213.84,227.56,241.73,246.12,255.96,234.26,209.78,219.97,220.69,231.75,248.69,270.0,303.02,292.91,248.7,263.81,268.47,285.1,237.03,265.72,252.28,291.76,352.79,385.09,383.71,398.49,434.73,403.24,450.82,435.4,483.27,522.16,540.49,584.73,539.94,561.7,546.46,523.97,548.84,512.87,444.74,473.25,483.71,459.06,470.71,386.19,411.64,480.23,503.13,539.41,528.58,505.08,556.88,508.67,462.39,548.98,567.76,529.93,493.07,512.86,526.0,495.72,495.23,457.32,469.29,465.41,484.53,476.28,514.01,533.82,547.19,595.17,617.46,655.18,667.07,667.71,677.81,684.73,776.52,836.22,852.55,817.4,946.38,986.17,949.72,970.07,937.63,967.44,1026.28,1024.25,1042.08,919.42,890.96,799.25
NL0000289213,WERELDHAVE,NL,EUR,1045.23,985.59,1015.3,1092.07,1244.65,1176.04,1272.2,1552.61,1556.27,1551.73,1552.31,1513.89,1433.87,1427.77,1519.02,1414.83,1228.72,1264.28,1392.88,1399.16,1644.66,1718.18,1493.73,1658.36,1654.22,1719.82,1809.47,1850.61,1747.34,1799.28,1641.32,1506.3,1257.28,1401.07,1228.18,1177.71,1296.87,1326.9,1401.18,1354.13,1174.67,1235.28,1013.38,990.6,1071.52,1138.29,1181.67,1218.16,1326.77,1352.59,1332.98,1482.52,1451.35,1324.08,1440.87,1356.26,1481.88,1591.26,1562.51,1608.4,1552.81,1752.51,1738.68,1807.85,1920.12,2001.09,1915.72,1986.26,1772.92,1763.89,1692.54,1706.29,1780.66,1704.84,1660.51,1664.12,1566.15,1472.71,1544.08,1484.27,1493.65,1627.91,1490.41,1497.43,1451.4,1353.8,1493.32,1419.44,1403.34,1246.99,1356.97,1341.77,1420.53,1276.32,1193.19,1287.23,1274.63,1274.28,1285.84,1363.63,1428.61,1450.19,1454.92,1474.28,1422.67,1397.98,1428.87,1477.35,1561.86,1159.55,1196.96,1290.87,1211.96,1260.92,1216.67,1199.9,1149.56,1150.63,1093.5,1038.63
NL0000337319,BAM GROEP KON.,NL,EUR,12335.56,10690.99,12780.83,15322.43,14333.47,12489.16,13403.57,16176.08,17755.27,18237.6,16756.32,16015.57,15254.48,12221.34,12000.73,11839.34,9947.36,9238.56,9565.22,9933.16,12830.03,13323.61,10541.34,12201.51,12917.3,12731.98,15271.05,15925.11,13481.86,12447.89,11262.88,10059.03,8103.04,8379.77,6855.55,8418.69,8593.75,9444.35,9345.93,7468.7,5305.7,5907.65,5533.29,6024.2,6444.08,7819.58,8144.2,8958.05,8802.5,8588.04,8543.42,9603.17,10789.32,10310.7,12378.17,8830.16,11656.34,11609.45,10390.11,11301.36,11162.01,12935.11,12997.41,11875.21,11482.83,10754.67,5978.19,5202.59,6489.58,5262.2,6226.67,6843.53,6636.76,10428.94,9785.11,9203.79,8595.79,9273.38,10241.04,12147.74,10209.34,12180.18,11431.11,12235.21,11756.73,9952.65,10415.35,10624.2,10379.87,8035.38,8658.04,9885.5,10230.13,10254.71,9546.98,10213.76,10426.97,11555.4,11942.03,12636.92,11927.72,12205.69,13311.15,13454.74,12847.95,12691.87,12221.87,10333.57,11034.42,9945.55,10453.87,10993.81,10756.11,9693.33,9471.65,9447.62,8850.64,7937.27,7212.13,6620.1
NL0000360618,SBM OFFSHORE,NL,EUR,2100.02,2296.61,2303.27,2818.99,3080.56,3124.6,3482.8,3808.86,3887.72,3529.88,3454.3,3617.59,3610.24,3255.09,3669.53,3742.15,2991.22,2731.44,2978.82,2882.22,3584.46,3848.9,3766.93,4248.32,4508.75,4749.73,5489.78,5536.0,5096.67,5122.88,4683.64,4044.31,3423.0,4323.35,4151.65,4003.55,3287.89,3529.54,3953.39,3519.25,2529.48,2675.98,2367.57,2744.53,2763.92,2530.44,2173.93,2685.66,2972.72,2720.02,3211.43,3180.8,3624.68,3317.0,3814.53,3869.95,3914.1,4141.73,3957.08,4026.67,3807.43,3059.63,3596.04,3604.06,3215.42,3185.61,2656.4,3031.14,2866.92,2469.07,2673.07,2336.81,2158.13,2325.32,2454.39,2555.45,2625.81,2338.42,2422.42,2356.13,2490.36,2718.79,2773.31,2500.91,2590.34,2505.78,2515.45,2689.77,2373.93,2338.93,2683.27,2936.23,2853.32,2880.14,2900.06,3158.85,3263.71,3096.99,3301.83,3353.78,3139.22,3258.37,3507.48,3254.84,3693.91,3634.08,3383.34,3586.91,3812.71,3472.01,3254.27,3479.31,3263.8,3216.22,3213.48,3349.27,3743.23,3579.06,3137.81,3054.37
NL0000379121,RANDSTAD,NL,EUR,685.55,506.48,583.58,794.8,1056.11,951.05,1184.9,1422.65,1483.79,1314.27,1500.45,1722.09,1665.69,1443.09,1637.45,1752.99,1451.77,1366.44,1544.44,1281.9,1564.69,1634.85,1578.56,1822.47,1879.98,1855.73,1918.08,1996.72,1748.98,1637.63,1600.22,1222.22,1149.14,1274.02,1102.2,1051.61,1209.38,1346.28,1334.99,1283.05,1003.64,1089.79,1125.78,1207.34,1233.03,1209.33,1205.12,1358.42,1536.1,1577.56,1519.76,1606.71,1648.72,1578.36,1856.29,1786.42,2172.87,2382.19,2407.02,2504.64,2449.78,2430.24,2258.27,2290.6,2295.9,2136.78,1955.45,1918.5,1835.58,1737.18,1950.38,1911.01,2087.4,2328.11,2391.28,2408.88,2331.65,2624.7,2777.8,2546.52,2395.42,2420.61,2521.15,2520.56,2187.64,2088.83,2238.69,2243.93,2257.17,1677.62,1797.25,1966.46,1903.26,2147.97,2122.72,2270.08,2428.41,2436.97,2416.65,2578.45,2506.36,2523.4,2601.35,2526.67,2677.98,2663.1,2670.05,2662.89,3066.82,3107.05,2953.56,2899.46,2679.56,2646.54,2854.24,2822.43,2436.36,2302.85,2220.23,2090.74
NL0000395903,WOLTERS KLUWER,NL,EUR,8668.95,7671.73,7777.92,8375.77,9575.49,8816.21,9877.88,10005.28,10770.65,11318.63,10990.09,11082.26,10624.0,10200.82,10968.01,10782.7,9699.68,10162.58,10606.15,9846.38,11057.02,11948.02,10453.85,11570.87,12070.38,12436.27,12314.5,12795.91,12380.28,12147.02,11401.28,10401.22,8993.47,9793.47,9521.91,9506.11,9948.65,10250.61,10368.46,9960.89,8381.13,9176.73,9605.41,10402.08,10862.3,11165.49,11094.1,11774.86,11695.69,11513.44,12624.0,13305.39,13142.51,12692.75,14473.99,14155.28,15495.5,16317.92,16972.24,17173.19,16591.28,17365.97,16956.68,17304.56,18633.31,18406.03,17219.41,17266.59,16589.85,16587.33,18267.97,19074.81,18625.75,20216.59,20302.01,20629.97,19776.1,18898.23,21225.92,20150.43,19676.96,21799.48,22133.23,21555.3,21729.87,24227.05,25616.29,24805.89,25988.11,26466.71,27416.86,27443.07,28036.92,25309.96,23635.01,23776.47,25023.38,26907.39,27292.68,28236.66,29202.89,28114.33,29493.57,29173.37,30906.62,32781.0,34704.7,34913.25,35514.08,33994.79,35519.88,36758.65,38057.29,38239.78,40942.71,43379.17,42574.22,38809.45,41227.2,40325.44
NL0006237562,ARCADIS,NL,EUR,679.69,686.08,747.34,923.71,1004.54,1071.92,1211.13,1206.88,1182.17,1298.45,1491.66,1465.33,1437.96,1430.86,1367.18,1403.43,1166.48,1202.33,1288.7,1354.99,1493.09,1481.74,1392.04,1554.69,1556.48,1592.42,1610.58,1720.77,1607.67,1674.87,1616.25,1300.96,1266.04,1356.33,1224.66,1075.63,1323.59,1250.4,1428.94,1585.72,1467.15,1541.14,1472.11,1475.58,1494.31,1505.62,1637.3,1663.44,1854.72,1973.04,1955.6,1952.94,2015.29,1939.43,1871.35,1786.84,2068.2,2272.17,2469.93,2551.56,2583.74,2735.08,2780.6,2563.39,2614.02,2546.36,2309.71,2447.0,2446.98,2270.61,2313.14,2229.14,2247.52,2457.9,2374.43,2342.15,2141.41,2076.0,1994.34,1895.69,1770.83,1914.85,1822.25,1523.22,1009.28,1090.67,1410.66,1350.74,1315.01,1189.22,1055.95,1055.6,1135.15,1037.27,917.21,1108.68,1071.2,1072.52,1246.48,1402.67,1432.95,1461.73,1650.43,1757.17,1745.85,1872.75,1873.37,1853.02,1847.33,1947.89,1588.62,1646.56,1686.24,1505.47,1526.29,1482.73,1395.88,1129.27,1051.09,1016.32
NL0009432491,KONINKLIJKE VOPAK,NL,EUR,242.17,214.95,256.79,295.25,329.74,331.23,395.79,426.7,430.37,450.47,520.34,528.5,501.2,489.23,523.69,558.11,514.67,500.74,550.11,545.48,647.18,676.4,624.22,642.14,655.6,655.15,652.36,664.12,656.3,677.69,692.46,693.32,668.43,721.65,759.69,733.13,752.25,775.37,795.71,906.19,828.73,901.93,892.4,903.8,988.33,978.56,1038.86,988.21,959.76,1012.97,849.07,796.03,865.16,845.76,825.2,803.45,823.08,884.99,861.1,841.14,789.47,841.48,801.91,732.44,750.73,719.48,682.5,756.6,794.47,737.01,741.39,767.46,823.62,776.03,812.59,786.81,744.5,756.0,788.33,616.77,597.09,605.67,650.19,645.99,649.68,684.18,747.6,832.32,798.46,763.89,787.67,775.43,804.12,772.38,716.5,724.93,657.36,649.6,669.55,708.49,712.0,727.37,745.69,663.98,689.03,680.26,664.89,689.76,712.1,744.3,769.82,796.52,790.25,744.69,759.68,832.66,794.52,730.52,704.49,731.12
NL0010273215,ASML HOLDING,NL,EUR,1176.94,1094.74,1270.63,1478.06,1472.77,1549.45,1867.05,1968.46,2106.18,1944.02,2201.91,2468.37,2288.68,2202.24,2586.09,2386.46,2088.14,2022.97,2302.53,1806.23,2160.45,2380.28,2342.99,2800.3,3020.3,3138.06,3187.7,3037.81,2843.77,2697.36,2629.8,2600.15,2562.98,3092.63,2858.03,3087.93,3148.45,3380.46,3655.82,3771.62,3400.54,3769.0,4310.72,4207.84,3966.35,4077.75,4490.74,4548.45,5394.96,5122.75,4842.43,5399.09,6042.05,5716.4,6512.02,6343.23,7168.98,6896.18,6804.79,6802.04,6161.56,6317.6,6722.21,6039.45,6296.52,6824.26,6939.35,7029.2,7297.32,7295.81,7760.01,7937.5,7714.33,7942.1,7461.16,7998.95,8234.04,7623.36,7391.43,6755.27,6439.41,6898.92,6818.41,6619.02,6726.16,6786.57,7509.39,7135.32,7439.88,7340.69,8270.91,7940.01,8206.65,7907.72,7741.29,8409.12,9080.6,9091.23,9945.93,9976.11,9974.8,9824.51,11406.34,11712.85,12856.3,13614.12,13286.43,13158.01,15348.91,14852.22,14869.19,14492.34,14881.87,15089.58,16351.85,15563.02,14232.21,13022.93,12857.4,11940.82
NL0010583399,CORBION NV C,NL,EUR,6378.24,5463.23,5819.17,6990.48,7956.39,8060.7,9576.86,11888.38,13774.37,14512.1,14339.8,14401.54,15132.61,14541.77,17001.62,17722.57,16939.56,16968.79,16433.82,14780.1,16675.99,17919.23,17224.64,19910.58,18623.44,20159.25,20064.57,21745.33,20462.07,19766.3,15577.68,14233.82,11742.72,8807.85,7725.61,9207.67,10884.66,11103.09,10532.62,8295.89,10346.05,11454.7,9305.4,10499.52,11084.62,12683.55,12285.67,13314.51,14395.45,13909.37,13171.01,13924.11,13575.7,13080.56,15411.05,15926.11,16340.66,15682.39,14539.82,14311.28,14137.12,15205.58,15921.65,15606.34,15182.17,14347.75,12971.01,11419.95,10023.19,10977.58,12004.32,11376.05,11318.46,13197.39,12921.3,15568.06,13944.11,14206.34,15234.96,15789.47,16451.26,17754.9,17141.0,17428.42,15939.62,16010.66,17098.45,18355.44,18594.88,17938.04,17985.0,20350.52,20135.46,17220.43,18551.44,20045.79,19137.82,19297.47,20498.15,23194.23,23575.11,24788.27,24974.35,23365.69,25005.3,25942.53,25123.19,25165.16,25489.76,24160.21,23502.36,24871.0,24824.92,25255.81,27164.51,24946.04,25767.82,24096.15,22913.94,22154.74
NL0011821202,ING GROEP,NL,EUR,401.02,228.31,270.18,460.42,515.12,493.27,625.55,742.02,874.44,646.5,594.76,632.16,609.23,572.14,638.73,572.17,508.16,483.09,613.95,569.61,663.42,680.76,565.41,623.65,728.76,801.49,809.32,843.15,769.23,785.92,690.04,553.94,456.9,557.58,493.34,460.9,581.65,568.74,531.22,450.25,368.81,426.74,423.17,489.53,505.16,564.02,573.91,594.48,645.67,514.09,454.02,524.65,598.53,581.02,651.2,691.71,721.87,814.58,831.02,888.75,847.36,932.24,904.31,906.22,895.31,896.99,832.66,880.26,912.32,912.9,937.78,836.84,801.25,956.56,935.78,987.15,1057.22,1062.53,1102.0,1000.67,924.15,956.92,898.24,885.19,750.32,774.81,792.82,831.64,846.07,692.28,759.17,868.08,857.97,913.45,946.97,979.67,994.77,960.75,1052.82,1130.58,1195.01,1229.17,1330.78,1283.62,1336.36,1338.81,1309.41,1333.43,1429.01,1279.57,1220.9,1261.29,1086.24,1075.14,1145.1,1035.16,988.64,903.75,920.73,818.69
NL0013267909,AKZO NOBEL,NL,EUR,1872.72,1849.12,1971.81,2301.61,2530.15,2395.02,2971.73,3086.8,3369.44,3259.65,3477.3,3651.26,3295.23,2795.42,3131.6,3333.43,2875.97,2957.22,3306.0,2972.86,3468.28,3353.37,3050.01,3526.83,3542.33,3848.74,3890.85,4490.48,4162.34,3640.18,3540.78,2945.2,2580.69,3103.55,2940.8,2823.8,3031.27,3316.05,3432.44,3206.98,2733.56,2813.13,3235.9,3456.38,3386.98,3280.21,3446.85,3955.67,4125.3,3858.07,3835.13,3729.17,3946.74,3478.76,3753.94,3625.12,4062.81,4528.13,4693.27,4827.96,4479.01,5154.22,5076.47,4784.64,4762.63,4758.53,4577.68,4498.03,4350.43,4243.37,4425.24,4456.91,4622.5,4758.33,4831.85,4976.12,4934.82,4719.83,4675.94,4388.12,4201.08,4645.93,4639.37,4372.31,4170.7,3845.81,4454.17,4713.18,4514.95,4163.67,4309.28,4485.74,4504.59,4317.77,4169.88,4190.55,4539.48,4500.35,5561.36,5942.72,5695.57,5899.42,6124.79,6206.83,6278.0,6200.7,6180.1,6333.78,6787.22,7027.33,6817.58,6706.44,6496.72,6344.1,6858.98,6942.67,6932.35,6268.24,6248.93,5993.65
NL00150001Q9,STELLANTIS,NL,EUR,1125.22,1035.97,1602.07,2280.05,2433.83,2299.43,2525.57,2714.01,2941.86,3432.27,3378.95,3367.1,2907.14,2415.47,2986.69,3083.09,2552.27,2430.74,2984.42,2738.42,3601.5,3938.8,3867.82,4824.0,5220.11,4988.23,4869.69,5823.88,5784.68,5979.69,5406.11,3398.28,2992.7,3374.24,2804.71,2510.87,3270.93,3164.64,3198.19,2630.79,2560.02,2743.59,2683.92,2974.97,2910.35,2654.7,2522.77,2722.54,3328.04,2927.54,2903.44,3262.51,4325.12,3803.02,4333.55,4102.19,4344.08,4288.78,4332.31,4463.5,5433.43,5707.83,6345.32,6557.38,5698.59,5378.2,5281.88,5339.57,5258.22,6079.0,6812.72,6329.23,7193.07,8427.45,8864.93,8150.89,8691.69,7976.72,8608.09,7655.74,7060.83,8077.45,7779.71,7647.18,5699.82,5670.21,6654.24,6603.57,5905.5,5048.15,5326.41,5705.35,5250.43,6046.18,6394.89,7557.7,9026.12,9076.92,9065.25,9356.09,8689.67,8705.31,9986.0,12488.38,14882.14,14355.43,14277.45,14866.69,20133.01,17796.8,16852.36,18630.84,18804.68,15836.17,14183.6,14066.76,14605.59,12654.54,13701.15,12038.07
NL00150003E1,FUGRO C,NL,EUR,953.63,914.2,1114.64,1268.74,1532.49,1529.78,1649.25,1990.88,2131.32,2071.73,2093.87,2134.08,2210.73,2151.54,2419.21,2420.82,1965.26,1787.54,2013.17,2153.42,2511.63,2694.69,2576.8,3146.84,3077.96,3211.5,3365.58,3504.33,3113.84,2824.83,3032.96,2380.44,2000.54,2335.63,2190.05,2283.87,2577.82,2889.49,2787.69,2855.92,2327.81,2452.3,2655.0,2468.34,2756.4,2736.53,2429.37,2376.43,2452.94,1931.65,2244.82,2344.5,2514.04,2293.15,2576.0,2596.86,2585.39,2653.86,2581.71,2528.28,2217.17,2463.56,2605.76,2802.39,2534.66,2512.47,1692.14,1595.84,1328.59,605.96,1008.35,916.62,952.3,1050.74,1177.39,1263.69,1159.89,961.35,924.92,916.16,774.26,836.33,813.68,718.01,645.36,751.32,843.96,893.28,782.45,773.28,775.91,693.08,710.44,783.21,722.08,673.29,691.05,701.15,685.53,647.09,639.34,650.72,702.16,556.47,620.79,565.71,619.58,684.56,734.28,638.86,579.14,695.96,691.35,637.19,633.43,564.49,579.82,566.88,533.71,378.57
NL0015001FS8,FERROVIAL,NL,EUR,135.97,125.89,108.67,149.04,180.73,171.59,182.78,196.51,255.61,223.04,232.81,255.01,227.38,190.82,210.54,190.64,143.38,141.62,198.59,199.57,212.04,257.83,218.17,228.68,272.19,276.05,287.94,316.77,299.06,297.93,301.56,296.0,271.75,302.55,296.79,290.63,281.29,305.11,275.53,267.32,232.72,277.47,268.14,291.03,320.48,347.51,364.64,390.76,424.03,415.48,420.67,438.35,434.71,428.99,456.79,444.75,483.5,513.18,509.74,533.08,528.73,581.21,596.09,610.18,595.98,612.47,587.56,571.4,543.19,571.22,589.38,570.17,569.23,609.44,610.02,652.59,627.57,631.1,712.36,695.71,693.69,738.66,701.66,671.36,645.61,574.11,637.73,637.77,638.6,583.88,624.12,593.04,641.93,598.71,546.7,552.36,557.79,586.26,618.25,655.5,706.3,694.24,673.71,712.86,689.6,695.57,706.03,727.53,736.86,693.69,667.97,686.01,663.02,668.68,674.13,706.15,676.35,653.53,686.03,674.48
NL0015435975,DAVIDE CAMPARI MILANO,IT,EUR,207.55,199.21,231.5,247.97,290.76,297.78,315.78,316.15,333.45,356.62,391.92,389.49,375.0,383.7,398.57,380.5,378.49,374.36,397.89,392.04,452.55,478.6,448.96,493.61,483.22,485.26,511.85,544.97,573.58,628.29,631.52,625.05,562.45,597.54,546.34,510.48,509.77,574.09,519.58,540.22,493.81,539.75,535.23,533.65,609.97,628.45,578.88,592.43,604.66,617.31,603.84,630.17,581.69,567.08,604.81,620.24,680.25,684.25,632.98,656.83,625.87,669.7,642.9,680.48,680.23,687.39,620.26,613.74,573.52,570.84,556.6,496.04,537.85,538.66,554.15,615.16,612.33,611.07,646.78,599.68,638.65,691.54,705.68,698.37,701.26,633.05,804.48,775.92,785.37,801.35,838.87,882.5,915.57,816.97,784.14,795.94,814.65,824.3,944.35,960.63,1145.7,1151.79,1207.03,1183.1,1188.05,1311.81,1276.33,1266.66,1307.01,1177.81,1237.94,1230.02,1230.53,1356.95,1391.73,1463.52,1405.42,1270.11,1378.54,1392.66
NO0003028904,VEND SERA DEAD - DELIST.28/10/25,NO,EUR,42.67,26.3,25.97,46.74,55.75,50.6,63.56,80.29,94.19,92.92,115.0,126.24,124.31,138.47,141.66,139.64,113.51,109.8,126.9,129.66,142.25,154.93,138.25,167.69,170.03,173.03,166.27,170.58,184.48,185.08,171.53,153.74,124.75,152.37,141.86,143.88,164.79,190.4,213.32,219.77,182.23,190.33,180.67,210.13,224.72,219.67,243.23,248.58,235.75,250.0,261.87,255.6,251.04,256.12,302.33,291.36,307.2,364.75,385.71,394.13,347.57,393.45,369.92,341.62,353.09,313.77,291.84,306.82,327.27,318.59,396.97,380.74,388.77,360.38,349.35,375.31,388.89,376.25,425.4,391.09,410.66,408.94,441.23,400.82,353.22,333.43,355.1,354.19,380.06,363.33,385.06,387.81,359.0,293.5,263.94,281.35,324.06,323.57,314.56,304.68,294.46,296.5,312.94,298.51,317.58,317.12,333.05,353.36,397.54,327.25,343.66,360.78,350.53,377.2,429.77,445.87,465.97,431.52,449.28,415.84
NO0003053605,STOREBRAND,NO,EUR,47.75,58.18,57.71,68.61,68.17,81.11,100.71,101.61,113.27,128.17,128.67,127.68,132.43,129.59,147.6,141.23,98.9,96.91,110.61,92.61,114.58,134.9,107.94,140.02,146.68,161.37,159.93,198.02,173.58,163.06,158.54,126.87,97.14,118.51,103.25,99.2,94.23,91.76,96.11,85.47,56.81,74.26,72.94,80.41,87.52,95.86,91.56,91.74,97.4,85.93,73.99,86.63,90.21,91.34,109.15,106.48,105.46,123.03,117.65,118.92,112.92,120.74,109.85,106.49,113.13,107.12,105.85,106.01,105.98,97.5,88.77,74.14,57.47,68.08,69.3,67.35,68.11,78.25,77.14,64.54,62.26,66.88,70.2,75.16,76.45,74.83,74.4,80.59,83.08,71.34,72.25,80.4,94.08,98.09,99.5,101.55,116.26,128.92,126.55,129.22,128.06,134.48,162.5,161.39,166.09,167.21,156.66,159.97,176.0,172.09,158.88,174.35,166.22,163.99,173.38,180.63,181.51,169.71,159.23,144.72
NO0003054108,MOWI,NO,EUR,,,,,,,,,,,,,,,,0.5,,,,,0.52,0.59,0.56,0.64,0.68,0.71,0.75,0.8,0.67,0.55,,,,,,,,,,,,,,0.53,0.55,0.54,0.6,0.63,0.68,0.72,0.63,0.71,0.72,0.7,0.7,0.64,0.75,0.82,0.82,0.86,0.81,0.8,0.82,0.88,0.93,1.05,1.05,1.05,1.09,1.12,1.12,1.08,1.03,1.01,0.92,0.98,0.93,0.93,1.01,0.98,1.04,1.11,1.13,1.12,1.12,1.2,1.3,1.31,1.42,1.42,1.45,1.35,1.56,1.59,1.6,1.6,1.57,1.59,1.38,1.51,1.59,1.57,1.71,1.83,1.86,1.84,1.7,1.64,1.67,1.91,1.96,2.13,1.99,1.98,2.18,2.18,2.33,2.45,2.39,2.15
NO0003078800,TGS,NO,EUR,24.47,27.88,33.02,31.9,42.14,41.98,48.03,53.94,63.44,65.24,69.39,77.2,82.46,81.43,90.4,82.08,57.84,52.13,59.09,60.11,64.41,76.89,76.29,100.92,105.12,115.18,119.68,117.59,125.68,130.22,135.13,116.12,86.76,106.44,102.31,102.53,115.72,134.19,126.37,133.34,114.84,129.01,141.55,140.44,156.87,163.27,152.29,156.71,179.06,182.4,181.25,172.35,168.59,144.66,160.18,147.31,147.28,137.82,132.31,132.64,128.98,158.29,164.08,172.25,163.2,167.18,148.68,147.35,133.17,122.04,116.48,112.82,121.15,128.14,116.06,132.87,137.6,127.4,116.03,104.45,100.95,108.36,105.36,87.45,78.53,80.85,84.54,92.61,84.15,90.98,92.97,98.16,101.6,114.47,111.67,126.56,136.41,125.92,121.19,125.25,120.39,117.67,121.18,124.1,138.12,132.96,141.2,138.61,147.2,144.74,143.49,186.81,199.08,217.96,226.04,226.58,242.33,200.24,167.25,144.38
NO0003733800,ORKLA,NO,EUR,3048.94,2726.96,3117.49,3467.53,3909.68,3464.97,3765.71,3834.02,4481.59,4458.97,4389.87,4699.81,4359.54,3741.09,4228.05,4206.79,3452.16,3217.01,4139.59,4180.88,4616.69,4802.67,4184.95,4865.99,4490.85,4542.66,4833.39,5303.83,4878.83,4998.67,4912.27,4379.71,4011.67,4598.15,4442.01,4361.05,4731.38,4874.82,4604.69,4533.57,4179.28,4474.81,4430.41,4566.54,4695.04,4879.78,5028.42,5383.58,5438.99,5073.31,4946.25,5852.08,5476.28,5290.11,5008.5,4677.57,4727.55,5266.11,5060.79,5063.2,5031.36,5135.97,5535.13,5634.6,6054.25,6088.59,6214.45,6197.71,6184.29,5220.27,5093.84,4664.01,5036.62,5393.77,5170.35,5580.28,5556.87,5579.88,5706.88,5175.85,5263.33,6075.1,5785.8,5634.91,5714.8,5864.11,6447.34,6434.04,6670.83,6504.03,6850.99,6741.47,7616.58,6970.95,6570.56,6695.32,6888.05,6503.46,6598.45,6922.06,7647.22,7725.37,7818.43,7808.25,7827.66,7926.93,8161.45,8633.58,8477.55,8909.28,8694.03,7769.89,7551.84,7335.05,7091.19,6908.57,7070.03,7246.39,6910.07,6579.18
NO0005052605,NORSK HYDRO,NO,EUR,1158.61,1044.12,1214.63,1448.38,1729.72,1655.42,1888.26,1936.08,2139.1,2139.21,2274.33,2722.58,2383.2,2174.27,2464.21,2504.3,1942.13,1621.96,1908.99,1692.85,2149.26,2158.94,2085.03,2599.14,2660.38,2918.57,2907.3,3146.85,2885.89,2776.98,2574.79,2208.32,1663.03,1901.37,1729.43,1676.5,1908.65,2180.52,1960.83,1752.91,1541.16,1667.68,1518.45,1591.54,1740.74,1669.37,1780.58,1860.04,1774.91,1648.24,1606.76,1741.3,1733.7,1515.39,1616.86,1534.76,1582.31,1707.19,1634.03,1703.24,1727.24,1892.38,1903.2,2038.7,2125.64,2090.26,2320.07,2302.22,2186.22,2184.08,2290.91,2211.52,2298.63,2242.71,2055.0,1845.24,1879.75,1687.43,1505.7,1372.91,1335.52,1445.97,1554.57,1503.5,1320.01,1597.51,1654.61,1747.47,1651.69,1500.75,1771.76,1758.84,1785.33,1854.73,1952.93,1987.3,2365.5,2352.61,2404.45,2369.14,2299.58,2350.22,2732.23,3061.98,3094.11,3283.27,2901.89,3242.69,3114.37,2893.08,2489.72,2658.18,2765.02,2638.04,2515.18,2440.4,2644.14,2294.42,2074.56,1995.5
NO0010063308,TELENOR,NO,EUR,19.3,15.23,16.77,18.43,24.78,22.6,27.01,27.7,33.91,38.28,40.01,41.27,38.68,37.17,39.94,42.04,37.16,38.57,46.85,44.56,47.73,48.68,43.64,49.5,46.82,50.32,49.93,52.52,53.39,52.06,52.85,53.02,49.17,56.99,53.99,51.97,51.63,58.77,58.53,58.07,48.61,55.32,56.5,60.79,64.88,65.29,67.52,67.04,73.19,71.83,72.81,74.86,73.24,68.65,76.83,72.27,79.54,83.71,83.86,82.99,72.07,77.06,77.17,81.55,86.65,83.16,84.04,84.03,80.19,82.03,77.22,73.81,78.38,73.63,73.83,82.55,84.33,81.49,82.27,73.47,69.52,70.69,66.54,63.89,61.52,57.04,61.73,65.64,65.46,64.58,65.69,68.5,67.37,64.25,59.58,60.42,64.0,65.95,67.08,65.32,68.93,68.8,82.84,84.03,88.03,90.04,95.47,91.31,99.84,96.01,95.73,94.24,89.57,89.18,85.13,82.21,87.27,84.33,88.67,88.65
NO0010096985,EQUINOR,NO,EUR,34.17,33.02,34.74,37.44,43.74,40.94,44.3,45.45,46.6,49.65,50.95,52.18,47.33,46.67,48.26,50.44,43.0,42.38,44.09,41.05,45.68,47.35,43.22,51.99,52.93,57.47,60.43,63.88,60.0,58.04,56.23,54.98,49.31,58.75,58.92,58.64,57.25,65.63,61.79,60.81,53.78,56.69,57.02,61.23,61.58,58.82,58.29,59.53,63.35,59.44,57.7,58.25,56.94,51.43,54.16,54.97,56.89,59.42,56.72,60.73,59.22,66.27,70.75,75.92,79.86,79.95,74.46,74.11,71.77,59.63,50.36,46.59,44.11,51.04,47.75,56.87,51.0,48.57,46.37,40.85,40.22,44.5,43.43,39.21,38.06,41.55,44.89,50.36,46.05,49.72,45.52,46.24,49.03,48.02,50.85,54.6,55.32,53.34,51.31,49.69,53.05,50.26,56.75,58.15,61.59,62.22,62.6,66.64,72.95,72.6,73.89,80.59,83.37,84.13,84.24,82.23,90.1,83.42,75.23,68.5
NO0010199151,PGS DEAD - DELIST.02/07/24,NO,EUR,7.69,7.74,9.75,11.51,15.0,14.46,16.32,18.56,22.68,22.26,24.27,26.89,29.64,29.58,30.63,32.55,23.23,19.79,20.96,21.04,26.74,29.03,28.36,36.51,34.57,38.52,37.43,36.94,37.62,33.56,37.98,29.52,23.83,25.84,24.13,25.62,29.94,35.81,34.09,35.21,27.45,28.76,35.0,36.02,39.17,40.77,39.7,40.57,41.92,37.46,36.54,34.72,36.0,29.24,32.38,30.91,29.81,29.29,28.96,28.42,24.88,26.38,29.38,29.03,26.95,26.44,21.32,18.84,15.81,12.37,12.25,14.09,13.53,14.14,12.84,16.52,15.47,13.56,11.6,11.15,9.7,10.58,11.89,10.39,7.62,5.74,7.08,8.95,7.27,5.96,5.04,5.38,5.55,6.81,7.42,8.6,8.43,7.14,6.69,5.98,5.47,4.39,5.52,4.78,6.0,4.14,3.81,5.16,7.54,8.18,7.83,10.97,12.2,11.88,12.4,9.88,11.4,7.95,5.41,3.46
NO0010208051,YARA INTERNATIONAL,NO,EUR,47.9,45.23,46.06,57.48,70.93,60.43,66.7,58.74,67.71,72.28,92.58,98.64,91.63,88.99,93.93,75.57,65.05,62.79,83.23,88.91,100.26,115.44,105.11,128.17,124.24,117.02,111.81,129.47,135.0,127.25,128.57,124.32,87.15,108.11,90.96,90.4,90.6,110.87,107.04,110.16,86.93,100.53,109.68,113.05,115.76,108.63,115.84,113.61,122.96,110.74,104.76,108.3,108.44,96.19,108.49,95.75,100.11,104.78,105.98,104.32,99.85,98.52,107.17,114.24,114.94,125.94,115.04,126.62,126.32,115.37,107.08,111.97,130.67,139.09,127.94,128.96,130.81,135.0,130.09,114.54,103.51,118.54,120.51,112.5,97.44,101.01,97.91,104.13,98.62,86.18,89.03,96.95,90.85,96.74,101.16,107.99,115.5,104.12,105.23,101.87,105.26,105.67,111.92,115.12,126.48,133.78,125.95,129.99,136.23,125.86,119.04,119.44,118.53,119.28,127.06,132.76,141.18,124.12,115.44,110.78
NO0010215684,AKASTOR,NO,EUR,20.49,23.34,27.93,27.78,39.59,37.35,38.69,44.5,50.76,54.91,56.21,59.14,61.46,59.95,70.94,78.54,64.63,53.83,60.32,51.41,67.72,70.46,68.84,79.43,84.56,98.43,106.88,112.41,105.01,95.83,95.63,71.23,52.71,63.91,63.5,57.42,66.85,94.95,91.94,96.42,74.71,80.16,83.85,103.74,107.64,111.42,106.9,115.22,123.98,112.27,105.75,82.45,87.22,79.82,88.54,89.34,82.8,81.6,104.9,105.36,90.0,99.31,91.84,98.55,108.44,107.17,91.29,93.68,111.73,95.61,83.57,79.98,68.06,65.35,55.84,54.16,48.06,49.05,37.74,39.23,35.8,36.42,37.89,37.64,27.77,22.23,29.37,38.61,31.54,30.82,27.59,29.26,29.56,38.35,40.44,52.25,49.94,42.52,41.86,41.16,38.07,45.57,56.22,54.6,60.68,63.79,58.27,55.66,56.42,59.06,53.89,55.17,61.14,60.97,57.59,56.17,60.27,54.3,40.92,41.87
NO0012470089,TOMRA SYSTEMS,NO,EUR,23.14,23.17,25.32,26.12,27.64,25.16,26.54,32.11,32.62,35.56,35.06,33.62,32.95,33.81,34.37,34.48,29.53,29.99,35.06,40.07,42.7,43.31,37.39,47.69,46.63,50.39,58.38,62.19,65.88,63.42,65.48,57.52,47.11,53.96,50.2,48.65,53.14,60.57,59.02,57.69,51.28,62.95,58.39,63.83,65.69,61.0,60.97,66.91,62.94,71.88,72.42,71.04,67.56,63.88,69.15,67.66,71.15,69.72,66.56,70.53,64.72,70.8,72.74,71.97,65.59,63.1,64.37,65.63,59.19,58.04,54.6,59.5,62.07,70.93,65.23,76.89,76.58,72.13,70.54,68.15,74.18,84.83,85.86,85.34,76.13,75.76,82.48,93.56,89.61,85.46,88.25,89.84,93.51,87.64,80.45,84.72,88.39,90.39,88.19,95.8,97.69,100.18,116.62,123.73,123.51,114.64,122.08,132.27,139.76,146.04,171.87,155.45,191.01,175.35,172.96,184.9,208.35,207.83,226.84,188.02
PTBCP0AM0015,BANCO COMR.PORTUGUES 'R',PT,EUR,190.4,150.96,152.39,179.41,204.06,193.65,203.05,249.85,281.81,272.92,252.51,231.19,208.07,193.63,212.63,182.65,154.42,148.4,169.03,156.47,170.47,177.63,149.57,152.57,157.26,174.36,159.73,163.13,145.6,125.16,97.42,76.7,55.09,45.52,36.0,37.17,37.21,47.88,38.97,29.54,26.56,26.19,24.37,23.09,26.9,29.63,29.74,32.3,43.9,46.55,39.85,45.22,45.3,40.76,40.78,41.35,42.45,48.94,57.91,74.91,73.13,88.98,102.21,99.2,85.45,85.38,80.75,76.75,73.67,63.48,58.25,44.75,40.02,52.53,57.86,56.21,52.59,48.92,43.54,39.74,27.33,32.52,30.08,29.9,23.69,21.04,22.9,24.95,19.18,11.38,12.72,11.29,9.74,9.98,9.4,8.48,7.37,6.98,9.14,9.72,11.27,11.72,12.41,11.58,12.64,13.02,13.38,14.24,17.49,15.68,14.58,14.65,12.78,13.1,13.69,12.72,12.91,11.76,12.24,11.44
PTEDP0AM0009,EDP ENERGIAS DE PORTUGAL,PT,EUR,182.57,163.49,177.93,187.84,216.12,210.92,212.44,232.95,246.33,238.87,246.85,240.08,214.85,198.02,214.41,192.49,175.71,170.11,187.07,173.61,195.33,217.46,182.55,190.19,218.95,216.02,221.94,233.04,225.48,215.42,210.99,200.04,188.45,193.37,194.39,188.32,177.2,177.75,176.21,173.46,137.15,156.18,150.75,161.28,181.95,179.33,167.11,199.35,212.85,198.36,203.65,227.19,227.99,228.29,251.58,250.21,259.36,261.64,269.08,261.09,266.61,307.75,329.69,344.38,354.23,375.28,350.66,363.04,326.51,321.6,307.68,291.32,285.08,295.88,280.0,299.46,307.01,298.82,293.1,275.9,287.59,293.06,262.46,284.17,274.18,244.52,280.59,280.04,278.87,255.9,286.95,279.92,280.94,276.06,241.96,255.31,242.97,259.43,284.02,275.97,326.87,289.92,314.04,340.42,334.31,316.81,311.77,307.58,312.91,298.12,337.19,350.41,368.7,374.28,384.91,369.13,348.02,331.6,329.56,328.62
PTJMT0AE0001,JERONIMO MARTINS,PT,EUR,3960.31,3188.23,3835.19,4428.11,5222.93,5340.75,5478.68,6142.7,6893.46,7044.59,7747.14,7930.78,7648.9,7631.26,8062.23,8216.86,7372.36,7371.36,8731.47,8868.23,10733.8,12022.55,11396.45,12294.12,12177.37,12922.32,12979.66,13257.44,15085.03,15504.85,15836.65,15140.38,12761.93,14125.08,14772.16,13471.17,13568.21,15064.87,16539.42,15251.19,14489.15,13816.07,12851.74,13725.95,13720.71,14393.22,15372.72,15881.11,17555.73,16506.41,16172.85,19817.07,17731.17,17583.81,16525.26,16282.11,17321.64,15648.7,17554.44,16667.9,14629.96,14570.1,14431.66,15063.86,14772.68,14235.45,11340.09,11808.77,9601.77,7649.51,8935.82,8878.0,9520.98,10485.78,11144.01,12968.46,12210.2,11421.39,13349.15,12376.62,12045.52,12674.65,12467.92,11732.53,12530.3,12784.26,14827.24,14831.83,14711.11,14300.49,15245.94,14689.94,15840.59,15708.14,14485.36,14260.23,15540.35,14835.3,16520.47,16944.35,18458.17,18108.69,18261.47,18623.43,18495.77,17090.3,18561.01,18402.13,20287.16,19805.51,17391.09,16837.34,15107.13,13949.34,14445.16,14621.78,14400.75,12084.14,11777.44,11720.72
PTSON0AM0001,SONAE SGPS,PT,EUR,399.41,365.53,437.81,548.12,679.43,636.46,703.48,829.9,929.97,889.03,906.62,840.34,840.31,748.83,801.68,739.39,643.56,653.59,736.22,761.95,778.2,828.35,679.04,733.67,790.17,792.18,819.87,843.59,807.51,764.5,698.88,575.99,515.15,535.57,434.18,435.78,419.34,449.06,434.37,396.89,371.86,413.79,420.08,502.77,527.42,586.63,601.15,716.86,784.22,734.61,711.38,770.02,823.88,785.45,855.07,904.7,1031.71,1196.88,1234.69,1194.93,1304.27,1489.95,1554.02,1551.94,1490.04,1393.88,1277.08,1295.23,1231.38,1137.31,1160.2,1052.16,1115.28,1219.12,1291.31,1181.81,1150.61,1147.82,1221.35,1114.13,1074.69,1052.01,1032.54,1032.67,1013.86,938.29,1094.64,1007.78,934.04,710.43,705.97,755.63,693.14,720.87,764.96,836.17,779.31,799.02,919.66,930.45,974.74,1050.11,1083.29,1057.53,1140.99,1132.05,1148.55,1278.1,1522.68,1388.15,1273.0,1288.3,1212.69,1181.97,1118.39,1048.61,1018.82,984.99,931.48,910.05
PTZON0AM0006,NOS SGPS,PT,EUR,39.17,34.78,38.57,39.84,42.82,40.01,42.53,44.99,50.94,47.92,48.04,46.8,42.86,38.27,38.63,33.11,31.02,30.72,32.71,31.86,31.21,41.91,30.63,35.85,39.01,41.37,41.39,44.74,40.45,38.18,33.8,30.67,25.12,26.0,23.82,24.8,26.51,25.64,27.94,27.77,22.96,26.22,22.44,24.74,24.85,28.04,30.3,34.62,37.83,39.76,37.4,39.75,41.53,44.15,53.49,50.26,54.53,63.05,66.54,68.13,61.3,71.7,71.92,66.0,63.78,61.68,56.04,54.89,56.6,53.78,58.19,59.47,59.71,62.33,67.95,68.36,70.64,76.58,81.68,77.35,78.83,80.0,73.94,75.42,69.34,66.51,63.98,68.75,73.05,59.51,65.85,66.49,66.9,65.21,55.77,58.45,55.33,58.38,53.72,56.28,62.4,61.8,64.67,65.2,63.16,61.1,69.42,67.1,69.67,62.55,60.06,60.68,58.12,59.45,63.23,62.04,65.0,60.96,67.36,65.65
SE0000106270,HENNES & MAURITZ B,SE,EUR,13244.71,12721.9,12674.09,15261.39,16809.73,17563.61,20813.51,19637.51,19788.66,20446.86,20850.72,19672.56,21063.75,21494.08,23038.33,23425.22,20768.79,20259.67,23000.88,23991.01,26521.26,25674.67,24685.3,24365.36,24063.94,23914.32,24296.79,27055.27,28328.75,26400.09,26047.08,23865.73,22987.01,25503.24,24237.56,24656.85,24980.1,27622.04,27557.86,26231.59,23624.29,28529.23,29509.16,28801.17,27702.98,26930.18,25807.95,27468.12,29296.04,28662.24,28523.12,29386.55,28455.6,27089.61,30817.6,30430.41,36047.35,35895.38,35285.34,38258.98,35787.82,37453.75,35314.58,34917.47,36381.91,37533.94,35202.66,36647.96,35704.38,34105.51,36881.98,35742.69,35423.03,37482.03,34825.71,35200.51,34806.75,34028.13,35401.34,33963.45,32241.14,34617.68,32811.81,31696.97,28821.75,28744.11,29537.2,31479.31,28092.05,26668.22,27767.52,27897.13,25892.1,25818.0,26599.53,25568.12,26215.02,24284.44,23510.68,22712.16,23401.74,23335.05,24401.28,23685.65,24239.62,23543.51,22710.21,19856.14,17035.09,15926.41,14353.14,16455.06,14935.26,14813.24,15454.94,13387.56,18332.25,17566.41,18865.54,14558.16
SE0000108227,SKF B,SE,EUR,286.98,285.34,292.04,389.55,411.6,431.05,522.36,538.17,550.49,570.72,580.95,608.56,551.65,556.57,626.71,724.57,633.62,653.17,686.63,648.14,829.02,926.18,959.76,1025.95,1030.65,1003.78,1048.84,1168.81,1100.06,1071.37,973.98,873.89,704.08,831.85,788.82,784.61,870.74,939.89,899.15,907.1,753.6,752.83,793.54,795.72,826.36,861.49,918.77,959.22,948.23,943.83,934.44,923.3,965.93,922.49,1096.34,1047.81,1103.88,1051.59,1084.82,1041.02,1051.64,1062.34,1046.51,1055.61,1051.33,1044.33,967.68,946.87,856.07,817.83,845.16,862.57,967.72,1030.98,1084.07,1025.13,1010.74,956.31,825.99,800.64,768.99,743.27,731.84,682.89,637.14,692.78,758.83,803.65,766.08,689.94,692.69,733.48,753.55,739.77,783.82,804.21,877.66,832.03,892.61,987.85,921.27,909.69,892.42,897.03,977.48,1045.37,1020.45,1000.28,1114.5,946.4,944.92,945.22,899.98,864.88,955.06,892.82,915.15,746.51,732.84,703.86
SE0000108656,ERICSSON B,SE,EUR,339.97,351.97,344.69,381.1,402.66,422.41,420.15,414.64,432.78,466.48,414.44,399.02,429.01,433.41,457.14,515.73,454.85,497.2,488.87,431.41,487.57,485.48,457.48,515.5,548.27,570.98,572.22,694.59,673.85,659.5,573.67,516.26,442.8,480.57,489.53,468.59,423.84,461.11,471.41,452.0,402.74,433.52,443.2,444.38,433.22,416.99,441.9,474.93,551.94,577.65,592.7,614.26,578.23,553.07,579.4,576.77,654.24,587.49,614.37,600.73,600.65,637.61,653.45,613.18,639.0,614.86,629.86,636.38,646.86,598.45,642.3,613.53,620.89,659.75,639.84,574.52,587.59,543.09,564.64,510.36,514.15,514.96,511.0,512.11,461.28,483.44,526.1,444.94,422.71,416.75,410.57,390.93,397.09,266.13,282.49,323.4,324.47,358.23,374.08,360.16,408.18,398.96,362.14,326.87,320.03,351.58,352.84,367.34,359.8,375.87,359.59,437.4,412.12,440.57,446.11,480.47,504.74,496.74,474.71,500.14
SE0000112724,SVENSKA CELLULOSA AKTIEBOLAGET SCA B,SE,EUR,241.56,199.79,231.27,313.78,370.58,336.59,409.89,420.77,435.09,451.69,442.22,430.4,439.43,477.13,455.4,438.51,390.19,396.85,482.23,446.25,509.55,517.0,487.66,528.55,585.38,553.44,538.87,534.85,540.3,491.3,506.67,470.95,427.56,513.1,517.26,517.99,580.79,625.79,623.31,571.67,513.24,541.16,615.56,645.31,671.52,702.71,730.06,782.21,874.58,885.23,932.48,964.61,923.75,925.12,979.18,904.86,935.74,1054.93,1087.03,1143.77,1057.0,1127.68,1090.1,1064.22,1061.65,991.83,940.3,917.83,909.29,849.7,900.21,821.73,921.71,947.04,877.5,988.47,1016.34,991.94,1118.25,1110.8,1088.42,1158.79,1126.43,1141.62,1151.54,1166.95,1221.91,1259.07,1276.63,1268.06,1191.17,1225.32,1187.85,1132.91,1064.25,1131.2,1201.64,1230.19,1292.81,1351.98,1442.56,1718.93,1879.51,1893.47,1922.54,2135.23,2228.15,2348.58,2360.98,2264.52,2457.48,2576.39,2559.93,2517.91,2398.71,2696.71,2620.81,2193.58,1862.09,1794.03
SE0000113250,SKANSKA B,SE,EUR,178.03,145.86,176.76,240.14,242.08,245.37,306.34,319.74,322.46,331.28,370.88,375.39,345.58,365.4,401.83,385.4,340.59,337.59,390.57,356.45,424.34,440.81,411.05,458.54,469.7,475.32,487.2,519.9,470.69,456.33,413.76,387.14,355.18,420.93,395.29,423.0,443.79,466.91,439.71,436.88,355.98,411.15,406.94,413.58,435.29,419.6,426.2,438.3,456.13,478.2,486.43,481.92,504.24,466.81,532.73,506.19,544.73,546.38,541.39,579.16,558.71,615.16,665.84,673.35,684.77,673.16,614.05,612.11,611.21,598.96,636.84,632.93,654.59,735.56,661.78,680.37,634.21,618.44,647.2,597.56,596.91,598.96,608.02,597.09,586.68,650.81,698.18,702.64,700.04,660.78,680.39,698.61,746.25,694.17,732.97,755.76,781.4,762.7,754.33,795.21,792.54,787.55,754.23,749.59,768.22,729.15,732.06,689.97,677.54,664.35,677.11,684.96,642.65,636.19,658.88,656.99,686.16,550.99,549.49,555.98
SE0000114837,TRELLEBORG B,SE,EUR,47.35,26.53,33.72,80.76,66.49,64.8,97.33,105.37,112.58,121.87,132.76,147.06,136.37,126.35,143.18,144.17,120.39,119.09,143.6,131.47,181.93,185.13,190.24,208.54,229.22,197.97,202.39,244.91,234.36,225.13,224.74,170.63,132.11,173.45,169.75,176.13,190.08,218.04,210.44,239.79,203.22,192.0,216.1,216.84,235.07,226.93,247.13,258.41,267.8,296.92,286.95,320.05,333.41,321.64,378.65,363.08,408.8,408.1,420.54,429.3,430.75,425.39,434.24,469.35,482.35,469.4,423.41,423.56,382.99,376.05,359.41,372.12,399.62,446.09,436.55,441.29,438.69,416.65,392.11,367.57,356.01,383.52,441.67,440.84,387.92,375.21,446.77,422.26,431.87,406.38,423.3,440.37,454.05,404.76,422.61,457.0,480.76,476.92,497.68,555.55,556.71,538.69,555.56,562.08,590.52,585.34,569.85,548.3,632.61,606.55,591.9,566.94,527.75,516.28,502.85,472.23,492.06,436.66,411.98,379.48
SE0000148884,SKANDINAVISKA ENSKILDA BANKEN A,SE,EUR,126.17,123.17,177.53,223.73,247.44,247.94,313.46,399.02,380.87,356.73,366.87,351.9,342.56,343.48,363.21,390.72,303.29,311.23,398.23,362.34,430.27,447.22,420.19,483.51,527.59,527.26,531.06,573.59,532.25,487.54,453.86,353.79,323.86,378.87,345.97,347.99,373.75,448.03,437.19,416.41,341.25,400.24,455.01,472.58,517.74,511.6,496.36,524.19,618.36,644.93,646.69,660.0,672.7,610.14,707.23,658.59,681.14,779.34,782.42,848.25,830.27,904.15,921.09,923.6,914.16,897.81,902.22,879.79,898.86,859.22,889.63,854.74,811.69,847.75,822.3,890.5,866.21,897.86,852.38,816.29,748.75,744.14,747.48,745.3,674.56,688.2,715.65,715.24,716.03,644.12,657.95,730.15,752.71,755.86,744.7,786.85,840.83,858.07,881.85,909.69,954.03,954.07,998.73,1026.17,1038.14,973.49,941.9,928.85,1000.8,933.3,879.4,794.78,757.61,801.79,901.85,899.75,939.89,873.26,877.33,817.96
SE0000163594,SECURITAS B,SE,EUR,242.05,208.31,215.88,248.36,263.46,262.77,290.12,303.8,299.15,296.38,292.85,304.95,304.63,336.3,332.56,328.9,289.38,295.7,328.36,298.83,349.11,352.63,343.78,378.63,391.08,378.37,385.55,406.48,366.31,358.63,343.77,313.48,248.53,312.08,297.47,292.88,316.94,326.93,325.0,309.69,260.22,277.21,291.3,266.11,268.31,259.53,279.05,311.14,333.53,333.7,336.83,350.19,342.86,325.18,363.86,393.77,427.64,427.93,386.76,398.24,389.3,412.74,432.59,450.48,450.68,461.96,453.41,426.8,433.3,429.18,471.55,470.19,475.32,554.59,558.97,582.42,541.72,527.94,576.56,508.73,486.57,525.33,610.01,616.33,586.84,598.92,663.14,631.74,646.83,627.04,677.95,713.4,689.65,635.8,603.06,648.58,654.29,628.68,644.28,679.33,673.89,710.61,701.83,692.75,705.35,740.64,744.51,738.24,783.78,727.98,714.42,685.54,698.36,715.4,781.98,772.93,755.27,745.35,731.1,696.41
SE0000163628,ELEKTA B,SE,EUR,36.3,34.79,31.64,36.79,43.68,46.1,49.25,55.87,61.93,61.74,72.97,76.82,76.03,81.18,90.03,83.86,78.05,81.78,92.86,92.83,117.68,122.4,109.26,124.97,131.66,123.9,129.88,148.32,140.93,154.13,149.25,121.91,125.0,133.19,140.33,143.73,157.59,155.61,166.6,167.42,158.12,150.73,153.78,168.24,177.33,190.87,193.53,208.9,199.25,201.7,203.96,206.32,203.85,202.54,228.23,210.58,219.9,201.8,205.44,209.18,199.28,181.79,181.72,190.74,176.89,173.68,167.44,159.99,138.21,143.05,143.0,142.56,150.31,146.14,125.75,130.8,98.42,87.75,93.57,86.56,93.72,109.87,117.42,120.8,105.01,124.9,105.67,103.35,111.18,113.78,112.72,120.56,137.37,123.07,116.97,125.73,128.15,134.93,139.54,148.4,142.63,134.56,136.62,147.81,147.69,137.5,119.77,118.33,136.98,131.89,153.07,163.74,175.2,189.86,202.23,189.44,194.62,183.83,174.43,172.04
SE0000171100,SSAB A,SE,EUR,90.08,94.68,107.23,129.78,177.8,155.73,174.39,196.44,207.64,211.59,215.82,229.9,221.59,225.89,244.35,240.18,199.53,184.2,195.83,186.03,216.39,189.24,182.82,227.73,223.34,212.76,214.66,247.64,230.47,207.09,185.91,139.97,103.63,135.3,125.01,122.27,144.51,145.76,134.38,145.45,109.31,117.93,117.59,107.75,101.47,101.96,115.93,123.92,117.73,110.81,108.88,106.32,101.68,86.39,94.76,101.46,95.13,96.16,105.75,111.81,116.37,115.06,112.24,126.17,139.78,135.41,141.21,135.08,125.18,105.4,103.54,84.88,70.89,86.29,71.68,88.09,82.15,76.03,69.81,61.04,49.77,53.02,50.39,39.06,34.92,39.51,52.57,61.26,50.39,44.64,61.22,57.66,56.7,61.61,74.97,73.9,79.82,77.02,77.13,84.67,79.38,88.5,97.9,98.45,93.33,95.31,91.71,106.47,123.56,116.48,108.95,112.8,106.93,93.75,97.8,86.48,99.59,79.27,70.89,68.17
SE0000190126,INDUSTRIVARDEN A,SE,EUR,260.4,291.75,330.11,426.78,470.34,441.05,521.55,588.97,583.94,601.7,610.71,609.91,584.78,586.28,663.36,709.69,593.8,574.47,668.03,610.02,742.56,771.26,763.54,908.61,873.9,940.89,989.3,1145.31,982.32,922.49,824.98,691.17,585.93,697.92,671.51,667.88,783.86,843.68,828.18,845.47,696.86,744.8,779.47,772.64,822.19,804.56,837.22,936.3,996.95,1026.82,1039.0,1079.28,1063.91,1013.06,1088.98,1047.25,1113.44,1103.42,1119.56,1168.67,1103.85,1166.42,1192.93,1276.23,1277.63,1253.46,1158.39,1151.79,1092.47,1092.25,1123.63,1083.36,1114.21,1198.36,1174.83,1272.37,1273.56,1203.03,1223.66,1161.18,1163.76,1211.89,1184.86,1160.67,1062.14,1056.11,1154.63,1210.51,1183.99,1104.24,1167.19,1232.6,1268.72,1209.08,1173.25,1261.6,1311.83,1347.44,1475.31,1583.81,1640.3,1655.42,1683.47,1624.62,1733.75,1766.57,1676.17,1682.32,1839.82,1640.41,1576.28,1476.99,1459.87,1356.66,1467.38,1471.26,1529.55,1431.18,1401.2,1383.27
SE0000202624,GETINGE B,SE,EUR,181.73,156.33,130.13,162.11,185.96,180.59,205.37,238.02,231.79,262.81,280.87,264.46,299.66,320.23,333.2,316.7,279.73,274.54,311.29,283.57,329.57,297.23,295.59,295.17,342.99,344.21,347.83,382.99,400.35,386.79,387.62,372.07,315.8,376.57,370.22,365.67,389.45,413.35,416.46,393.55,364.12,363.37,420.41,437.03,443.38,450.94,472.49,496.02,452.25,443.06,458.73,451.75,448.27,452.57,552.66,515.25,536.0,475.97,470.11,513.41,515.62,540.04,428.92,449.79,394.97,402.9,374.03,401.99,387.49,355.48,355.75,348.39,378.81,423.89,384.96,378.22,374.93,373.7,383.7,344.73,345.43,391.54,393.51,410.2,340.95,345.1,364.09,333.9,336.16,321.55,320.74,307.2,306.21,258.8,240.94,253.7,255.18,268.35,281.35,312.38,333.22,312.4,276.95,300.7,303.27,319.12,292.94,286.74,271.01,249.06,223.65,187.55,194.3,182.93,216.65,239.56,231.21,197.51,207.39,180.96
SE0000242455,SWEDBANK A,SE,EUR,14.77,10.89,13.81,23.82,24.6,24.06,31.78,43.57,47.74,44.81,47.84,49.92,44.28,48.03,51.69,54.92,45.21,46.8,57.32,56.5,69.7,69.82,63.46,70.05,79.01,88.43,87.6,97.29,94.93,86.2,89.72,70.59,57.07,72.68,68.25,66.54,73.41,88.09,83.29,89.0,76.31,84.59,93.92,94.1,101.19,99.66,99.23,104.96,126.74,129.71,130.78,141.38,137.43,130.75,138.01,129.66,133.73,149.85,147.05,161.7,150.15,162.13,162.76,161.0,161.89,161.03,155.97,155.12,153.14,160.33,159.68,151.72,147.32,158.06,153.16,149.2,150.02,149.3,151.12,146.08,141.29,148.02,141.98,142.23,133.86,129.84,138.27,147.53,150.2,141.71,143.98,156.9,160.8,160.28,157.59,165.71,172.84,169.13,169.0,172.29,175.52,176.91,189.41,196.19,200.53,180.4,174.33,175.68,186.36,183.34,173.66,169.87,161.42,166.75,184.29,181.15,192.66,175.38,180.74,173.48
SE0000379190,CASTELLUM,SE,EUR,74.73,72.13,69.28,78.72,82.83,78.4,90.42,116.3,119.42,117.96,118.15,125.62,113.33,123.07,131.28,118.25,114.05,118.66,134.37,133.4,172.99,169.4,148.02,176.86,181.68,185.9,196.46,209.88,211.16,202.83,195.41,195.23,165.8,185.09,169.06,167.99,171.5,178.83,177.06,178.3,158.0,170.51,189.66,188.49,191.01,188.74,192.0,199.98,207.78,212.56,209.72,220.19,220.84,198.11,209.08,200.88,209.66,225.71,222.91,229.01,234.79,257.61,253.78,259.53,263.5,271.06,256.86,250.07,232.93,233.92,248.02,238.52,240.68,261.81,239.14,246.79,226.56,222.23,227.03,223.65,222.12,238.6,222.69,226.61,235.34,239.01,261.66,263.18,257.75,267.98,287.15,285.73,284.02,256.92,249.42,260.35,261.03,257.15,257.38,264.98,289.2,283.68,300.11,302.4,308.85,316.43,320.95,333.44,341.04,311.75,327.9,326.75,322.56,326.42,363.26,364.21,365.87,353.21,357.74,376.8
SE0000667891,SANDVIK,SE,EUR,234.14,243.52,257.33,317.52,389.41,353.22,451.1,482.7,526.37,543.57,561.87,578.45,528.73,515.86,599.45,692.45,572.2,596.44,622.97,573.73,741.29,725.42,817.27,941.87,950.93,927.1,911.87,1027.3,937.14,870.32,790.58,663.23,576.8,690.4,633.33,610.03,730.86,761.36,712.72,784.41,636.23,654.27,713.36,683.93,695.01,708.71,763.42,813.23,820.17,833.48,787.71,752.9,747.97,630.49,669.35,708.6,733.57,719.11,744.04,749.32,744.9,740.95,748.41,747.03,785.58,751.98,694.47,688.36,621.79,601.95,577.86,537.39,577.76,617.92,615.81,692.38,684.96,629.42,579.45,549.34,483.75,536.22,590.36,500.52,473.49,519.49,590.46,603.05,573.2,580.36,630.93,636.36,646.59,668.38,694.48,728.37,792.55,800.56,880.54,961.12,939.64,940.17,941.86,987.53,1030.19,1093.05,1031.95,1050.42,1182.19,1116.0,1089.45,1050.76,1061.01,1088.53,1121.18,1072.88,1086.37,970.97,908.47,872.82
SE0000667925,TELIA COMPANY,SE,EUR,7.34,6.65,7.92,8.18,8.87,9.04,10.99,11.25,11.33,11.65,12.25,12.56,11.75,12.0,12.31,12.42,10.85,11.69,13.06,13.03,14.66,15.03,13.93,14.33,14.93,15.29,15.71,15.68,14.89,14.08,14.64,13.73,12.73,13.46,13.06,13.07,12.73,14.06,13.32,13.66,12.45,13.07,13.56,14.13,14.74,13.45,13.7,13.84,14.74,14.07,14.63,15.01,14.61,14.11,15.73,15.57,16.7,18.08,17.85,18.16,16.18,16.8,16.4,16.81,17.24,16.96,17.42,16.99,16.09,16.02,16.61,14.96,14.33,14.75,14.76,15.3,14.45,14.45,15.03,13.84,13.2,12.65,12.06,12.3,11.56,11.3,12.78,12.19,11.93,11.95,11.67,11.5,11.43,10.62,9.96,10.72,10.76,10.69,11.17,11.12,12.51,12.54,12.8,12.99,12.82,12.96,12.34,12.5,14.1,13.29,13.11,14.25,13.51,13.21,13.89,12.81,13.25,13.4,13.69,14.05
SE0000695876,ALFA LAVAL,SE,EUR,34.07,33.82,36.22,44.54,47.17,47.17,53.57,55.53,58.09,62.27,66.04,68.85,68.45,70.59,73.34,76.36,64.43,66.75,78.66,74.61,89.18,87.78,89.25,107.12,108.6,103.82,110.46,116.64,113.97,112.24,108.58,102.3,82.62,98.12,100.01,98.84,106.3,107.39,106.58,106.13,87.67,91.19,92.55,91.19,96.73,92.45,104.6,110.75,113.65,124.34,122.93,119.51,119.17,110.81,123.54,117.77,131.83,124.86,129.89,140.25,132.6,148.3,147.44,147.71,146.45,143.74,126.95,127.76,119.53,114.47,111.28,105.72,103.75,112.0,109.68,106.66,107.66,100.52,105.8,96.21,93.31,101.19,105.73,105.11,98.0,89.86,93.72,93.23,89.18,92.04,93.39,91.62,92.74,85.0,88.56,98.06,110.29,107.18,111.89,124.15,122.05,123.67,134.93,136.86,147.43,153.28,143.6,143.21,159.22,146.26,142.43,153.58,153.79,146.58,169.67,165.47,167.15,157.72,132.7,131.94
SE0000806994,JM,SE,EUR,23.86,19.59,25.67,32.08,32.26,31.71,38.32,49.55,56.91,70.49,76.58,79.48,68.03,74.28,81.74,76.82,67.36,63.68,76.69,74.27,98.47,101.83,92.9,110.31,109.29,115.68,125.4,138.28,128.95,114.28,93.64,80.79,62.61,89.29,78.81,78.94,89.22,88.54,89.2,94.1,86.67,89.64,96.75,87.3,93.01,91.52,87.0,90.61,104.42,116.88,120.75,120.03,115.29,111.57,141.27,136.69,154.93,152.14,150.63,150.39,142.59,175.13,174.34,185.52,202.39,203.86,174.11,179.34,175.95,176.81,175.31,174.8,181.29,195.03,183.01,168.49,160.04,154.21,150.87,148.4,151.76,161.24,165.23,169.71,155.5,134.35,147.09,169.86,165.52,146.08,152.6,148.83,160.56,169.19,159.36,170.02,177.23,184.92,185.95,212.94,227.88,213.73,211.86,193.79,189.59,159.56,139.83,138.04,136.74,132.47,136.83,127.9,122.02,115.0,118.66,132.42,126.17,122.38,121.56,125.47
SE0000862997,BILLERUD AKTIEBOLAG,SE,EUR,5.23,5.11,5.52,12.33,14.96,12.42,14.55,18.44,19.45,20.47,24.7,27.05,25.2,25.63,29.61,28.65,23.63,22.36,23.66,21.07,27.75,29.36,29.04,31.74,36.31,39.64,41.52,44.67,43.18,40.47,34.84,30.63,26.21,30.26,31.44,32.9,33.83,35.61,35.58,37.27,31.29,37.69,36.51,33.74,38.12,38.9,43.21,47.74,53.99,51.53,48.9,50.13,49.75,49.11,48.96,47.41,52.79,61.49,63.55,66.14,62.74,72.97,72.17,75.98,80.57,77.74,79.25,77.66,75.99,77.93,79.22,76.96,81.56,85.0,86.43,92.73,92.63,86.0,84.62,83.59,78.56,99.91,104.69,102.12,86.93,86.34,89.65,85.13,86.66,83.83,98.84,96.57,100.44,93.24,94.07,95.47,94.48,90.19,91.74,90.9,93.3,92.22,92.19,97.23,98.73,100.51,100.2,100.21,90.14,87.0,90.02,86.23,91.5,85.44,71.96,71.28,77.84,71.59,80.57,71.76
SE0000949331,NOBIA,SE,EUR,10.55,9.67,11.62,19.53,19.61,17.95,22.84,25.71,27.7,31.91,33.5,29.68,28.93,25.53,27.12,26.16,22.87,25.86,29.73,26.42,37.04,39.22,38.65,45.32,45.22,44.54,47.5,40.44,39.51,33.26,29.34,24.95,17.52,22.13,19.2,18.07,19.31,25.53,23.78,20.23,16.41,15.31,18.25,17.57,19.13,20.35,21.64,20.6,30.68,28.25,26.99,29.34,29.5,29.66,37.15,40.21,41.16,44.82,44.57,43.56,39.8,46.48,45.33,47.33,46.37,43.59,39.93,39.37,45.51,42.38,44.43,46.58,45.4,50.92,46.19,57.68,58.31,56.09,63.05,62.59,65.04,65.95,65.62,67.18,59.54,51.17,55.96,62.88,57.45,47.47,51.88,49.98,52.38,48.06,45.3,51.46,49.6,54.05,56.77,58.88,61.9,57.33,58.33,55.15,56.59,46.68,46.42,48.22,46.1,47.54,51.05,49.89,51.67,48.65,47.52,46.98,44.64,40.23,37.97,35.06
SE0001662230,HUSQVARNA B,SE,EUR,7.47,6.42,8.45,10.44,12.09,11.37,13.1,14.92,14.52,13.5,14.59,15.5,14.5,13.54,15.3,15.92,13.3,12.96,15.08,13.46,15.85,14.97,14.85,17.85,17.83,17.22,18.33,16.85,17.49,14.65,12.74,11.57,9.0,11.31,10.9,10.21,11.64,13.36,13.79,13.19,10.62,10.81,11.75,10.99,11.72,13.29,13.76,13.81,14.82,14.22,13.56,13.72,13.62,12.52,14.3,15.01,15.51,14.07,14.38,14.4,13.87,16.16,16.65,20.45,19.38,19.18,19.49,18.73,17.49,18.31,18.2,18.2,17.15,19.3,17.88,18.44,18.91,18.73,18.27,16.13,16.26,16.86,16.56,16.88,16.09,16.11,18.6,20.46,20.32,18.93,22.07,22.14,22.41,19.6,19.24,20.3,21.79,22.35,22.93,26.09,27.27,26.04,26.65,26.43,26.94,26.04,24.41,25.42,27.89,28.54,25.61,25.99,26.41,25.57,21.31,21.41,22.91,20.78,21.64,20.36
SE0003366871,SAS DEAD - DELIST.14/08/24,SE,EUR,7.42,4.02,4.4,4.11,4.72,3.86,4.39,5.12,6.2,5.47,5.5,4.95,4.32,3.08,3.29,3.71,2.26,2.22,2.52,2.46,2.58,2.63,2.23,2.33,2.64,2.36,2.42,2.32,2.08,1.87,1.36,1.6,1.11,1.17,0.95,0.81,0.9,0.79,0.87,0.85,0.57,0.55,0.61,0.68,0.79,0.68,0.73,0.84,1.48,1.57,1.44,1.51,1.51,1.32,1.38,1.31,2.45,2.09,1.96,1.79,1.92,1.94,1.54,1.48,1.32,1.3,1.27,1.13,1.23,1.07,1.43,1.35,1.39,1.52,1.31,1.34,1.24,1.24,1.24,1.26,1.3,1.35,1.58,2.01,1.99,1.88,1.98,1.99,1.9,1.31,1.37,1.43,1.39,1.18,1.14,1.07,1.12,1.15,1.11,1.15,1.28,1.52,1.66,1.71,2.22,2.15,2.15,1.81,1.69,1.79,1.64,1.74,1.48,1.34,1.37,1.54,1.68,1.57,1.71,1.63
SE0005190238,TELE2 B,SE,EUR,35.38,32.38,36.41,41.41,46.27,46.4,61.51,64.22,61.05,68.78,70.53,71.23,65.95,68.79,77.28,78.51,70.35,73.08,85.91,87.56,102.02,106.39,96.94,100.76,107.53,110.77,112.15,122.13,115.56,117.26,126.03,125.24,108.77,125.97,117.88,115.62,112.83,121.26,120.43,112.78,97.83,102.0,109.43,115.98,119.84,109.98,115.13,118.66,118.2,105.34,114.97,113.14,118.59,110.81,121.33,119.17,121.54,114.77,116.17,107.72,104.75,117.94,117.62,120.95,118.61,117.83,122.11,124.85,121.02,126.74,129.86,121.41,113.32,117.43,119.66,133.54,135.53,134.26,120.95,113.93,112.23,116.37,117.67,116.17,95.62,95.67,107.34,110.34,108.67,107.65,105.07,103.03,107.19,106.49,98.21,103.48,113.58,115.39,123.31,129.64,140.56,142.55,161.95,158.46,155.65,173.42,175.18,167.83,171.06,162.03,163.02,177.75,172.64,166.32,189.85,174.46,170.01,160.79,176.76,180.02
SE0006993770,AXFOOD,SE,EUR,37.36,37.59,37.54,43.0,46.23,44.3,50.22,55.29,56.73,62.22,62.64,60.31,60.06,64.74,63.33,61.54,55.47,56.64,61.26,61.43,70.88,75.13,72.91,80.43,78.07,82.64,84.27,83.28,83.46,79.66,86.97,85.88,77.43,86.62,82.65,83.65,82.35,85.69,85.07,86.29,74.47,75.59,84.27,83.89,89.39,87.86,87.84,89.4,98.19,99.81,101.28,109.42,104.65,103.32,115.47,110.55,121.45,128.84,125.93,124.86,119.2,141.45,143.15,137.52,141.66,140.73,131.99,129.3,134.29,159.22,153.63,154.49,157.48,150.5,142.02,169.24,164.4,171.62,183.99,181.76,176.97,195.19,195.35,187.28,187.51,180.32,210.88,211.24,209.56,217.1,205.41,202.13,201.4,178.37,165.91,179.65,187.48,174.63,179.53,189.09,199.6,198.51,200.22,210.41,203.82,215.36,225.2,229.95,240.16,220.12,212.64,232.5,230.87,240.27,252.93,238.53,233.41,222.82,216.84,213.45
SE0007100581,ASSA ABLOY B,SE,EUR,216.61,181.95,198.63,262.52,289.87,306.4,360.71,354.55,357.8,395.46,404.75,426.2,386.53,415.45,433.57,525.89,456.31,456.45,499.13,452.83,570.73,576.98,606.62,636.93,616.72,632.93,650.12,680.05,640.71,622.26,593.58,538.71,479.89,568.31,567.17,581.53,626.15,706.02,723.34,688.52,611.32,659.36,718.38,722.64,768.37,787.38,854.18,882.29,883.84,940.36,967.07,960.94,972.78,938.38,1064.16,1024.54,1106.87,1198.1,1223.82,1275.07,1203.87,1228.41,1280.92,1272.89,1239.84,1246.5,1206.68,1241.43,1266.89,1295.33,1334.5,1298.71,1340.07,1470.74,1460.79,1423.25,1462.34,1401.89,1521.57,1423.57,1331.84,1491.94,1585.02,1573.34,1570.32,1432.42,1472.58,1588.33,1570.72,1536.96,1665.24,1529.94,1539.41,1378.04,1429.4,1408.45,1433.43,1475.32,1561.92,1665.25,1729.0,1686.27,1643.35,1658.96,1750.98,1621.81,1564.63,1599.2,1707.1,1723.55,1654.71,1647.97,1679.23,1669.14,1552.11,1595.82,1571.3,1561.88,1454.19,1395.29
SE0007100599,SVENSKA HANDELSBANKEN A,SE,EUR,406.02,444.98,518.7,679.79,747.8,726.63,935.8,1014.54,983.23,1025.23,1104.77,1104.69,1022.83,1056.34,1135.67,1132.37,978.71,991.32,1150.32,1051.05,1317.34,1307.45,1198.54,1283.03,1371.38,1355.72,1374.93,1457.8,1406.33,1295.55,1318.64,1154.87,1074.35,1217.63,1104.72,1106.32,1255.31,1415.91,1394.88,1421.67,1225.28,1441.37,1529.4,1530.31,1647.24,1502.67,1558.71,1567.77,1793.2,1913.94,1953.47,2074.22,1965.76,1819.03,2065.45,1953.94,1951.92,2069.23,2126.85,2243.92,2170.9,2385.14,2402.79,2401.53,2442.08,2346.76,2317.64,2253.96,2258.97,2282.09,2347.29,2246.17,2277.45,2415.22,2261.86,2312.6,2259.03,2192.05,2313.86,2241.0,2148.94,2057.14,2023.55,2013.04,1880.98,1926.93,2021.97,2114.41,2028.77,1906.53,1915.28,2044.56,2183.66,2166.94,2200.04,2211.29,2370.68,2212.92,2273.69,2344.8,2330.56,2361.75,2454.45,2466.01,2487.05,2367.61,2267.36,2263.55,2411.03,2276.64,2209.64,1990.66,1943.71,1976.45,2196.05,2154.7,2241.58,1934.17,1956.22,1969.07
SE0011090018,HOLMEN B,SE,EUR,369.49,298.99,314.52,423.76,469.08,413.53,518.08,540.93,522.08,524.37,466.58,487.34,461.03,473.21,533.21,500.83,451.11,471.32,517.15,523.62,609.45,624.16,586.35,649.77,751.13,694.48,704.34,753.39,709.46,636.38,592.08,581.52,510.25,581.98,563.14,587.25,588.82,595.19,582.17,564.43,542.98,578.43,572.11,549.02,582.03,626.38,611.1,628.76,655.19,655.72,633.67,622.94,604.64,596.12,644.24,639.35,717.33,741.63,781.34,811.79,771.27,835.86,816.53,814.83,844.91,827.91,781.0,740.79,706.45,763.9,782.97,787.54,836.55,804.98,781.76,792.37,716.62,698.9,688.28,673.55,670.29,727.58,758.14,743.89,686.63,700.59,786.03,860.25,851.85,793.94,846.73,869.86,889.35,854.53,842.06,896.9,911.84,967.82,1009.09,1088.29,1162.31,1118.95,1163.23,1126.7,1205.59,1268.52,1282.33,1374.31,1363.57,1341.23,1395.95,1316.27,1251.01,1208.89,1184.45,1368.61,1381.84,1219.02,1119.45,1048.37
SE0011166974,FABEGE,SE,EUR,23.61,25.03,24.45,31.79,33.49,25.15,31.77,41.22,43.77,44.35,41.55,47.26,44.75,48.6,52.78,48.76,43.45,46.45,54.37,54.66,78.36,81.16,71.06,90.95,85.35,84.24,87.92,93.57,89.05,81.84,78.27,77.1,61.88,70.57,63.44,63.89,70.89,73.53,73.54,72.26,62.06,67.04,74.34,75.96,81.54,84.95,87.93,86.45,93.43,94.89,91.63,96.74,99.12,87.41,100.53,92.99,98.89,103.13,103.34,106.97,113.63,124.43,120.64,129.62,131.11,131.07,126.95,122.17,118.08,118.53,122.54,119.09,126.81,140.66,136.57,145.04,132.51,129.68,132.91,134.44,139.19,152.27,151.64,158.1,147.01,147.33,160.9,163.08,158.03,164.56,174.83,180.79,178.24,165.15,154.19,160.03,166.53,165.11,160.29,173.08,189.05,192.9,198.03,201.18,205.48,212.1,209.8,214.17,220.31,218.18,216.82,238.69,242.63,246.12,291.94,275.49,285.24,263.49,256.45,274.55
SE0015811955,INVESTOR A,SE,EUR,647.01,630.2,692.7,838.66,897.06,889.25,1021.77,1082.1,1053.81,1049.07,1056.92,1105.91,1044.57,1036.12,1101.33,1135.36,965.31,967.17,1111.02,1027.89,1206.26,1206.31,1157.07,1275.55,1382.52,1391.79,1463.01,1543.37,1472.65,1429.71,1363.46,1243.81,1103.44,1225.38,1155.97,1147.42,1253.61,1393.32,1379.83,1311.55,1143.88,1230.1,1348.03,1340.77,1426.41,1426.58,1491.82,1702.56,1856.13,1909.1,1894.55,2009.56,1954.91,1799.77,2024.23,1950.18,2047.91,2178.6,2217.52,2324.75,2200.27,2411.09,2457.06,2630.88,2752.95,2618.63,2531.87,2618.28,2487.34,2509.16,2659.96,2578.2,2585.45,2795.68,2809.49,2862.05,2840.4,2678.27,2799.86,2597.28,2445.46,2698.13,2730.23,2685.05,2416.85,2406.91,2580.13,2672.57,2674.02,2509.8,2596.04,2668.0,2751.1,2684.74,2540.59,2838.9,2992.36,3003.06,3209.36,3467.78,3595.76,3701.05,3630.52,3597.65,3792.66,3811.5,3636.18,3532.09,3785.02,3521.64,3429.59,3387.79,3294.98,3243.91,3482.01,3631.8,3702.2,3509.2,3529.36,3460.09
SE0015812219,SWEDISH MATCH DEAD - DELIST.02/01/23,SE,EUR,90.37,87.19,95.27,98.32,109.21,110.6,129.36,132.0,136.97,143.08,146.83,150.34,145.0,156.22,164.07,160.85,147.76,155.17,166.24,162.88,188.31,196.29,196.96,204.15,203.57,222.73,234.55,250.74,255.31,243.15,268.94,263.2,240.14,252.39,237.27,257.79,251.67,277.99,287.16,293.95,280.24,299.17,312.89,307.94,300.14,252.36,260.6,248.52,277.83,243.47,230.53,266.35,265.84,270.56,285.73,267.35,270.81,253.39,239.14,246.83,224.95,243.05,250.19,262.32,277.48,275.11,259.55,265.42,257.35,256.68,274.31,247.91,258.27,249.69,233.12,250.72,242.27,231.68,251.27,240.49,245.64,257.99,281.29,290.3,289.22,262.65,277.16,279.16,299.58,303.55,321.59,312.92,323.09,306.33,274.11,289.68,295.64,283.53,296.48,299.66,324.17,337.39,336.74,341.47,335.72,361.34,364.36,378.62,389.78,409.33,432.33,442.96,465.22,487.52,537.87,525.98,502.9,501.49,383.84,387.04
SE0015988019,NIBE INDUSTRIER,SE,EUR,163.19,166.95,166.19,220.75,247.39,233.2,255.53,260.24,276.98,309.55,278.1,264.56,272.22,279.07,315.72,319.13,257.94,248.76,262.95,253.21,325.9,341.7,351.51,425.71,439.67,433.44,477.96,475.98,513.34,491.73,477.32,454.8,409.48,428.37,436.99,420.58,431.74,452.48,451.61,448.86,397.49,394.63,396.95,462.64,477.15,437.73,407.98,416.48,454.19,490.08,503.6,472.36,486.62,458.76,501.19,529.35,560.35,564.83,672.6,663.87,645.5,798.29,755.14,823.47,863.41,934.8,798.07,823.89,752.2,788.2,795.78,763.73,756.89,728.22,740.18,792.6,894.79,815.81,852.91,907.01,878.87,975.17,1013.64,1015.72,867.69,940.93,1033.28,1046.76,1119.53,1003.14,1048.8,1088.33,1085.15,951.15,946.76,1009.21,1053.93,1029.34,1024.73,1132.02,1206.81,1216.74,1228.84,1185.95,1296.83,1290.58,1235.29,1238.49,1259.78,1225.08,1217.25,1322.12,1324.57,1402.16,1468.0,1503.03,1562.47,1364.45,1352.17,1338.01
SE0016589188,ELECTROLUX B,SE,EUR,500.3,472.77,535.17,783.52,864.22,953.97,1271.12,1424.93,1564.62,1685.5,1674.37,1609.21,1645.43,1460.23,1610.78,1817.39,1586.65,1624.2,1564.61,1358.41,1732.85,1697.61,1668.4,1996.11,2004.99,1762.64,1812.05,1865.56,1983.26,1749.53,1379.06,1232.02,1083.29,1378.07,1268.15,1170.7,1338.67,1616.56,1615.03,1710.11,1450.7,1520.36,1743.17,1855.51,1892.61,1959.03,2002.79,2007.58,2022.4,1962.09,2030.45,2257.25,2153.88,1998.49,2313.52,2102.76,2069.04,1968.79,1944.38,2089.04,1693.2,1888.22,1815.56,2305.17,2097.96,2107.42,2075.11,2120.25,2207.77,2360.09,2482.4,2436.59,2582.87,2721.64,2452.79,2564.95,2604.99,2679.25,2475.7,2411.23,2407.83,2539.61,2511.86,2082.78,1856.12,2009.53,2254.66,2563.88,2365.12,2380.74,2397.94,2295.48,2216.37,2093.04,2062.53,2199.0,2347.91,2346.56,2502.33,2664.93,2885.58,2935.93,3062.44,3256.26,3079.68,3213.22,3031.52,2933.7,3218.89,2999.89,2848.54,2443.4,2275.57,2106.09,2169.55,2062.19,2035.5,1963.78,2144.22,1991.44
SE0017486889,ATLAS COPCO A,SE,EUR,557.26,570.7,611.09,801.18,854.12,849.38,1005.63,1073.77,1093.98,1177.66,1204.24,1256.35,1174.32,1208.57,1325.72,1419.67,1247.49,1290.93,1427.0,1332.23,1688.59,1818.88,1929.08,2205.1,2103.02,2195.73,2323.65,2631.44,2417.43,2429.83,2176.75,2085.18,1650.49,2032.26,1973.13,1988.06,2186.74,2417.12,2221.9,2259.94,1910.83,2041.71,2142.91,2125.41,2220.36,2334.25,2444.46,2602.76,2705.77,2769.9,2701.99,2583.49,2607.34,2352.82,2551.16,2644.77,2872.21,2723.66,2740.13,2721.34,2665.47,2756.09,2822.75,2913.6,2963.4,2914.13,3018.27,2945.13,2897.21,2905.29,2914.76,2814.76,2991.67,3252.64,3267.45,3183.82,3153.16,2921.87,2873.52,2629.39,2505.67,2781.75,2839.52,2618.24,2257.96,2389.94,2669.28,2784.76,2773.58,2757.32,3027.47,3043.81,3241.35,3194.87,3286.96,3322.34,3487.56,3569.86,3853.17,4110.32,4073.9,4208.26,3975.02,4300.43,4643.45,4864.98,4785.91,4798.4,5217.87,4753.67,4783.77,4456.46,4602.33,4495.38,4419.03,4399.98,4442.27,3823.09,3780.84,3661.16
SE0018012494,MODERN TIMES GROUP MTG B,SE,EUR,31.96,26.17,31.45,50.75,55.46,52.43,69.92,77.34,81.65,84.31,83.99,94.39,88.14,104.24,110.51,116.25,101.21,106.03,120.08,110.63,143.2,137.06,140.05,134.41,141.31,135.89,154.5,155.98,142.76,136.7,140.15,106.81,83.43,110.43,100.07,99.04,103.26,101.62,113.41,100.37,85.5,98.25,97.69,97.05,94.0,64.67,71.12,74.0,77.76,89.29,84.72,90.98,88.5,93.29,103.08,99.54,114.98,120.46,111.51,114.3,99.55,104.97,102.69,97.6,107.41,98.04,89.09,86.23,72.37,70.28,72.8,72.53,64.66,70.62,69.96,75.84,75.0,63.59,67.72,64.22,60.84,67.81,70.02,60.98,62.66,64.16,71.17,71.21,70.43,65.41,65.09,62.48,63.85,67.12,65.72,74.0,76.85,80.84,83.6,81.26,89.48,89.23,90.09,93.93,93.8,99.02,109.37,109.3,119.42,117.34,104.99,102.47,103.79,112.55,98.76,96.33,98.48,99.41,91.15,88.78
SE0018012635,WIHLBORGS FASTIGHETER,SE,EUR,14.66,15.57,14.4,17.35,18.76,18.35,20.97,24.61,25.33,26.13,24.9,25.43,26.32,27.75,29.04,29.1,25.7,27.33,32.09,31.0,39.48,40.16,34.32,41.54,41.1,41.41,42.68,44.91,46.79,43.14,41.74,41.75,37.79,41.18,38.93,39.49,40.63,41.39,41.92,42.97,40.27,41.63,45.06,45.15,46.31,47.27,47.34,48.34,49.54,51.55,51.1,53.17,52.26,47.42,52.66,49.91,51.71,55.67,55.86,57.72,58.84,64.28,62.51,63.8,63.73,63.68,61.89,61.55,57.21,58.09,59.78,60.65,65.13,70.18,64.21,66.22,57.4,55.71,59.39,59.62,61.23,67.34,67.53,69.45,65.68,67.45,72.81,71.81,71.75,71.83,78.56,76.73,75.28,68.55,64.16,65.9,67.52,70.44,67.25,71.16,74.83,77.04,88.64,88.5,89.1,86.69,85.38,87.53,89.1,84.38,84.31,87.74,81.77,87.3,89.77,90.94,90.59,85.28,85.78,87.03
SE0020050417,BOLIDEN ORD SHS,SE,EUR,1.41,1.91,3.52,4.47,5.4,5.26,7.46,7.19,7.49,8.7,8.77,9.02,9.51,8.58,10.03,10.03,8.7,8.08,8.56,8.19,10.93,12.19,12.39,14.65,15.07,15.39,15.54,16.28,14.66,13.9,13.0,10.39,7.86,10.83,10.83,11.01,12.83,13.24,11.76,12.02,9.95,10.86,11.94,11.47,13.04,13.64,13.8,14.65,14.43,13.3,12.59,12.37,11.69,10.01,11.46,11.84,12.18,11.59,11.93,12.46,12.37,12.9,12.33,12.32,11.53,12.01,13.46,13.15,13.45,13.62,14.02,13.27,12.99,16.76,16.46,18.04,17.95,15.27,15.58,13.83,13.08,16.16,15.42,14.22,11.59,12.64,13.44,14.64,15.17,16.5,18.94,18.15,20.21,19.92,22.15,22.49,25.06,26.28,25.68,25.06,24.03,23.89,27.48,30.62,29.6,30.67,27.84,30.04,31.89,31.19,30.61,31.38,32.26,29.77,27.33,24.01,25.55,20.97,20.53,19.85
US0528001094,AUTOLIV,SE,EUR,66.77,54.66,68.21,90.62,102.05,105.68,131.54,117.8,123.42,123.35,149.18,159.28,157.26,163.87,189.29,201.12,174.48,175.77,211.0,199.91,241.23,263.27,272.41,292.89,284.95,279.29,276.83,298.83,288.65,294.16,248.08,211.05,183.37,218.42,203.12,203.92,240.51,255.65,257.37,240.83,223.77,211.57,218.97,231.26,241.71,224.67,237.5,265.16,258.9,258.32,274.01,302.86,312.91,308.64,326.11,324.93,350.65,358.03,374.66,370.39,365.83,390.82,407.09,413.7,432.2,434.56,405.73,425.03,376.78,376.04,407.9,437.42,437.17,465.95,487.77,491.71,524.8,485.69,437.64,427.24,455.93,507.08,528.69,524.23,431.84,448.7,500.45,517.3,520.32,455.99,448.99,453.09,455.74,412.98,444.12,485.72,496.5,451.88,441.34,432.41,481.53,476.67,470.54,474.23,539.63,545.13,561.2,557.51,667.76,631.9,642.91,590.53,654.57,633.56,629.2,550.75,535.85,515.2,535.0,437.36
US70211M1099,PARTNER COMMS.ADR 1:1 DEAD - DELIST.22/09/23,IL,EUR,106.58,100.04,105.75,114.34,120.23,121.52,134.84,138.02,135.87,136.74,134.5,149.31,152.75,174.79,167.91,146.72,133.95,115.51,126.27,126.9,141.37,158.35,162.45,160.5,151.04,150.35,154.13,158.68,140.15,125.13,122.66,94.0,82.74,105.53,86.23,80.62,75.55,68.95,71.65,71.54,45.26,40.26,33.91,44.45,55.36,60.61,68.56,64.5,62.51,61.31,68.69,76.91,67.84,70.51,85.93,82.55,90.35,93.5,110.14,109.05,99.84,107.17,105.55,105.23,99.22,93.5,89.74,86.74,85.92,79.86,75.32,62.99,41.96,49.16,35.12,32.56,31.4,36.35,58.68,59.68,55.06,64.45,64.53,63.38,65.75,66.07,69.59,77.43,80.04,69.31,73.49,73.26,71.58,72.88,77.95,76.04,94.28,101.67,86.71,79.05,91.05,87.89,83.83,84.79,91.57,90.77,101.5,108.21,98.51,90.77,80.71,72.12,70.73,67.37,65.59,75.82,90.77,85.68,93.27,83.03
US8816242098,TEVA PHARMACEUTICAL INDUSTRIES ADR 1:1,IL,EUR,7999.13,8609.42,8707.16,8489.71,8974.38,9558.52,10341.3,9991.58,9816.49,9808.34,10264.77,10932.54,11045.07,11693.49,12301.07,11461.14,10706.85,10163.52,9558.71,9915.38,10342.72,10181.7,9831.5,10253.89,10760.3,9875.26,9902.68,9037.87,10073.66,9556.93,9256.68,8224.52,7415.63,8153.57,7921.22,8086.18,9059.26,9008.02,9074.65,9232.2,7922.3,7988.98,8299.5,8050.97,8439.09,8255.17,8258.75,7658.89,7810.93,7706.17,8193.84,7925.38,7926.87,8152.51,8277.27,7989.5,7917.66,7794.08,8588.11,8467.69,9453.79,10591.03,11241.25,10417.2,10788.92,11224.66,11480.96,11294.43,11584.48,12198.41,12330.93,12471.86,12355.52,12417.88,13600.35,13219.53,13173.3,12978.63,15185.61,14199.68,12475.68,13110.25,13963.88,14592.16,13691.21,12405.49,11965.04,12199.27,11647.05,11303.73,12064.63,11389.19,10422.96,9706.43,8586.96,8282.8,7663.95,8052.77,7405.7,7312.09,6476.5,7751.38,7531.97,3734.09,4165.52,3286.5,3549.77,4557.33,4926.49,4533.47,4155.18,4388.66,5267.44,5975.87,5900.38,5664.89,5341.49,4972.43,5370.57,3844.68
US91822M5022,VEON ADR 1:25,NL,EUR,,,,,,,,,,,,,,,,94.16,84.05,87.46,88.16,80.81,80.27,82.86,87.23,83.73,77.05,78.61,79.68,82.21,80.31,72.78,70.73,65.2,54.36,62.63,70.68,56.15,63.21,72.16,66.18,60.42,43.7,48.09,49.75,63.03,70.56,65.35,62.74,66.92,76.62,76.17,75.85,76.76,69.75,70.52,70.17,75.22,82.37,100.87,89.19,93.98,70.38,73.79,65.59,61.01,60.79,61.01,60.57,61.88,52.44,47.06,38.36,30.51,26.3,40.04,38.29,41.43,45.38,36.32,42.23,34.12,30.07,27.62,26.56,24.2,24.27,26.11,31.43,28.11,28.03,28.62,30.1,31.5,25.67,24.64,25.05,28.7,31.53,30.64,31.93,32.32,30.36,30.6,32.01,33.94,33.62,31.45,32.49,30.89,30.56,23.24,22.49,23.43,20.36,20.28,25.81,25.83,25.83,25.02,24.22,20.84
