ISIN,NAME,Country,Region,2005-01-31 00:00:00,2005-02-28 00:00:00,2005-03-31 00:00:00,2005-04-29 00:00:00,2005-05-31 00:00:00,2005-06-30 00:00:00,2005-07-29 00:00:00,2005-08-31 00:00:00,2005-09-30 00:00:00,2005-10-31 00:00:00,2005-11-30 00:00:00,2005-12-30 00:00:00,2006-01-31 00:00:00,2006-02-28 00:00:00,2006-03-31 00:00:00,2006-04-28 00:00:00,2006-05-31 00:00:00,2006-06-30 00:00:00,2006-07-31 00:00:00,2006-08-31 00:00:00,2006-09-29 00:00:00,2006-10-31 00:00:00,2006-11-30 00:00:00,2006-12-29 00:00:00,2007-01-31 00:00:00,2007-02-28 00:00:00,2007-03-30 00:00:00,2007-04-30 00:00:00,2007-05-31 00:00:00,2007-06-29 00:00:00,2007-07-31 00:00:00,2007-08-31 00:00:00,2007-09-28 00:00:00,2007-10-31 00:00:00,2007-11-30 00:00:00,2007-12-31 00:00:00,2008-01-31 00:00:00,2008-02-29 00:00:00,2008-03-31 00:00:00,2008-04-30 00:00:00,2008-05-30 00:00:00,2008-06-30 00:00:00,2008-07-31 00:00:00,2008-08-29 00:00:00,2008-09-30 00:00:00,2008-10-31 00:00:00,2008-11-28 00:00:00,2008-12-31 00:00:00,2009-01-30 00:00:00,2009-02-27 00:00:00,2009-03-31 00:00:00,2009-04-30 00:00:00,2009-05-29 00:00:00,2009-06-30 00:00:00,2009-07-31 00:00:00,2009-08-31 00:00:00,2009-09-30 00:00:00,2009-10-30 00:00:00,2009-11-30 00:00:00,2009-12-31 00:00:00,2010-01-29 00:00:00,2010-02-26 00:00:00,2010-03-31 00:00:00,2010-04-30 00:00:00,2010-05-31 00:00:00,2010-06-30 00:00:00,2010-07-30 00:00:00,2010-08-31 00:00:00,2010-09-30 00:00:00,2010-10-29 00:00:00,2010-11-30 00:00:00,2010-12-31 00:00:00,2011-01-31 00:00:00,2011-02-28 00:00:00,2011-03-31 00:00:00,2011-04-29 00:00:00,2011-05-31 00:00:00,2011-06-30 00:00:00,2011-07-29 00:00:00,2011-08-31 00:00:00,2011-09-30 00:00:00,2011-10-31 00:00:00,2011-11-30 00:00:00,2011-12-30 00:00:00,2012-01-31 00:00:00,2012-02-29 00:00:00,2012-03-30 00:00:00,2012-04-30 00:00:00,2012-05-31 00:00:00,2012-06-29 00:00:00,2012-07-31 00:00:00,2012-08-31 00:00:00,2012-09-28 00:00:00,2012-10-31 00:00:00,2012-11-30 00:00:00,2012-12-31 00:00:00,2013-01-31 00:00:00,2013-02-28 00:00:00,2013-03-29 00:00:00,2013-04-30 00:00:00,2013-05-31 00:00:00,2013-06-28 00:00:00,2013-07-31 00:00:00,2013-08-30 00:00:00,2013-09-30 00:00:00,2013-10-31 00:00:00,2013-11-29 00:00:00,2013-12-31 00:00:00,2014-01-31 00:00:00,2014-02-28 00:00:00,2014-03-31 00:00:00,2014-04-30 00:00:00,2014-05-30 00:00:00,2014-06-30 00:00:00,2014-07-31 00:00:00,2014-08-29 00:00:00,2014-09-30 00:00:00,2014-10-31 00:00:00,2014-11-28 00:00:00,2014-12-31 00:00:00
AT000000STR1,STRABAG SE,AT,EUR,,,,,,,,,,,,,,,,,,,,,,,,,,,,,,,,,,157.12,142.66,142.74,116.61,123.51,128.32,140.4,158.57,158.03,136.58,125.84,88.23,39.21,34.71,45.63,37.65,26.48,39.79,47.36,45.32,46.42,50.92,66.98,67.95,65.11,65.84,62.44,57.6,51.79,53.54,55.49,49.54,46.99,49.61,45.4,51.33,55.69,50.23,59.41,62.79,63.58,68.76,72.65,66.74,65.91,64.05,77.61,68.42,68.92,66.26,63.67,65.16,67.06,67.48,59.25,48.45,52.62,51.82,51.6,55.54,57.51,60.41,61.69,62.14,56.45,51.43,52.8,49.27,47.94,51.91,49.68,57.9,61.08,68.17,68.14,69.13,63.24,60.1,64.8,68.66,72.96,63.25,64.92,55.76,51.2,54.54,52.02
AT00000VIE62,FLUGHAFEN WIEN,AT,EUR,396.8,429.25,370.95,372.36,368.24,371.72,369.12,380.86,386.76,370.51,363.9,408.74,451.72,462.1,448.05,450.65,437.01,451.87,451.57,479.39,489.55,530.57,543.32,580.53,588.22,547.79,577.47,645.36,593.63,600.92,642.31,609.7,626.89,720.14,688.62,702.81,675.06,697.06,735.97,769.28,721.04,599.3,534.54,511.8,391.98,254.62,245.32,277.04,252.17,172.2,183.43,211.36,270.31,283.46,269.67,296.03,362.86,352.34,353.16,349.14,327.64,320.47,348.4,393.01,368.14,388.22,424.44,430.23,426.45,455.85,452.69,505.73,484.26,494.67,467.3,463.96,449.85,393.59,381.83,379.23,331.95,350.67,297.77,293.67,284.75,288.71,300.79,354.04,311.87,315.38,311.01,364.15,369.63,360.86,393.68,451.48,491.68,477.93,475.05,494.29,491.87,464.93,516.91,520.02,551.77,630.0,653.45,684.58,655.11,739.57,807.04,798.25,781.54,772.79,779.05,745.81,693.2,761.72,804.06,771.62
AT0000606306,RAIFFEISEN BANK INTL.,AT,EUR,,,,124.76,144.69,154.46,136.52,140.55,161.81,151.93,150.09,158.31,174.68,201.64,205.84,210.26,200.68,211.39,208.92,219.41,259.08,278.59,286.58,370.85,370.57,327.09,341.54,341.7,380.7,389.51,376.21,354.08,357.19,404.49,399.76,371.13,306.74,317.67,335.26,397.14,366.88,316.59,309.78,273.32,173.75,76.91,68.01,66.42,50.76,47.13,69.71,86.9,104.1,89.05,113.87,135.65,167.08,151.84,152.11,145.37,128.28,115.52,122.18,126.19,110.48,98.94,117.29,105.8,120.52,145.3,127.26,141.97,151.99,155.09,143.44,142.55,140.98,137.18,133.67,111.02,79.15,75.39,62.73,69.36,90.63,96.83,93.96,88.41,73.04,90.79,91.89,93.1,100.75,111.07,114.43,115.23,124.66,105.21,94.6,98.15,95.06,80.9,89.05,100.48,96.12,108.03,108.36,103.64,117.81,106.9,102.24,96.7,102.77,101.85,87.91,81.96,69.41,68.04,66.19,48.4
AT0000652011,ERSTE GROUP BANK,AT,EUR,512.38,567.13,543.83,501.95,518.89,526.55,536.35,581.21,564.06,546.52,560.28,583.49,590.76,644.49,624.18,642.2,613.1,603.8,618.48,648.41,667.5,730.76,782.53,822.2,832.39,796.16,832.87,864.46,841.91,846.95,823.83,786.7,824.73,879.02,790.67,769.31,581.5,634.11,705.71,805.74,840.7,686.8,709.57,665.19,533.47,289.95,249.02,248.28,167.28,107.4,186.63,248.17,292.68,327.89,422.1,515.68,542.68,493.25,494.22,454.52,466.01,459.07,511.58,546.32,447.54,400.75,498.02,451.88,497.74,559.55,486.96,585.2,622.91,655.84,627.23,628.37,631.3,664.29,608.14,462.61,329.22,275.79,218.82,223.52,278.58,319.35,291.82,291.82,219.02,240.38,229.92,256.57,283.16,318.22,372.81,401.48,426.41,408.87,353.66,397.69,418.03,343.04,392.19,413.76,409.1,456.86,456.4,451.57,471.14,459.4,442.2,433.93,453.67,421.79,336.05,335.54,298.8,331.91,354.15,303.59
AT0000720008,TELEKOM AUSTRIA,AT,EUR,232.1,246.17,242.63,237.68,234.96,244.36,254.32,263.99,250.62,260.11,284.62,281.5,303.82,286.92,295.65,307.73,289.79,288.51,292.56,317.18,326.69,322.55,343.56,346.91,352.29,323.55,322.78,368.25,354.7,335.8,330.97,346.64,350.74,385.0,394.54,373.92,373.5,305.43,278.76,331.66,335.56,305.8,290.98,305.06,245.13,171.47,186.6,201.68,198.55,185.16,213.2,186.83,233.2,236.18,229.52,264.41,272.2,248.66,262.78,215.78,209.67,198.65,211.69,200.57,192.71,182.19,209.56,208.8,245.39,248.93,226.77,229.78,224.56,232.76,238.44,252.17,227.97,224.78,215.98,196.09,179.15,202.25,204.21,211.29,205.5,205.92,204.87,193.23,170.74,182.5,168.91,148.25,131.15,116.73,120.53,140.27,137.19,122.61,121.83,127.21,127.03,118.31,129.83,134.23,157.01,154.35,159.45,141.93,163.71,182.35,186.11,185.52,182.14,184.22,180.3,176.74,169.85,141.2,139.98,136.72
AT0000743059,OMV,AT,EUR,1498.77,1671.03,1532.94,1484.93,1722.83,2133.57,2283.42,2658.21,2916.36,2638.68,2705.32,2858.51,3456.83,3038.06,3270.41,3398.46,2911.45,2971.34,3059.04,2659.49,2583.79,2713.56,2679.8,2829.82,2664.05,2782.09,3133.16,3188.47,3385.9,3409.44,3227.34,3167.39,3397.21,3808.73,3634.94,4132.94,3625.06,3709.12,3383.35,3847.73,4290.16,4098.05,3613.98,3361.07,2149.13,1653.13,1304.08,1357.55,1496.8,1381.45,1745.46,1640.41,2199.79,2030.78,2141.96,2139.21,2186.13,2249.86,2294.96,2389.33,2156.4,2013.71,2039.16,1952.46,1793.27,1707.31,1885.15,1820.24,2112.01,2102.1,1898.66,2350.5,2502.59,2396.71,2549.56,2573.45,2434.57,2562.31,2344.47,2322.87,1772.58,2068.27,1942.8,1785.15,1924.98,2191.93,2082.0,1985.95,1676.79,1934.99,1939.17,2046.41,2156.85,2249.48,2200.14,2220.12,2536.78,2683.07,2622.29,2895.16,2942.66,2864.55,2805.29,2925.17,3137.96,3034.53,3117.34,3044.74,2749.24,2892.06,2882.88,2968.97,2746.01,2991.8,2663.52,2564.47,2228.83,2081.27,1920.2,1763.66
AT0000746409,VERBUND,AT,EUR,1114.75,1219.99,1184.88,1302.84,1350.96,1438.0,1555.03,1765.26,1834.15,1659.9,1635.77,1851.66,2328.11,2422.52,2346.26,2507.04,2424.92,2539.83,2552.96,2658.85,2552.93,2636.97,2646.82,2815.61,2546.7,2219.78,2413.09,2794.73,2906.61,2763.42,2661.88,2682.53,3105.03,3564.33,3662.87,3781.1,3526.82,4022.03,3859.22,4264.39,4646.59,4938.24,4392.12,4180.18,3337.43,2583.58,2424.65,2492.38,2114.84,1712.77,2090.29,2369.56,3072.06,2907.26,2769.41,2901.48,2885.29,2578.56,2573.11,2435.25,2396.54,2331.32,2272.07,2226.86,1899.39,1836.55,2114.35,2124.95,2140.01,2378.83,1880.67,2229.24,2385.71,2282.04,2651.63,2747.82,2722.56,2639.12,2482.35,2341.31,1764.53,1780.29,1616.48,1633.25,1649.79,1707.79,1843.07,1743.88,1440.33,1428.84,1195.13,1264.83,1290.6,1449.74,1424.7,1541.15,1327.44,1296.82,1352.96,1416.86,1351.41,1225.94,1272.54,1242.37,1463.99,1519.97,1407.39,1382.09,1363.43,1370.52,1330.2,1339.8,1344.93,1339.01,1299.88,1357.97,1392.67,1396.93,1375.72,1279.7
BE0003470755,SOLVAY,BE,EUR,6850.64,7450.15,7635.02,7267.07,6950.61,6663.19,7004.03,7024.01,7557.53,7535.23,7157.6,7115.21,7367.68,7226.2,7528.51,7622.26,7502.17,7612.87,7846.81,8010.73,8552.13,8566.13,9431.27,10141.73,10112.73,9464.52,10203.7,10593.34,10757.75,10630.96,10312.1,10002.12,9752.34,10227.12,10017.63,9427.46,8465.75,8603.67,8718.29,10007.8,9897.0,9047.52,8307.56,8516.89,8377.53,6372.19,4925.6,5096.71,4987.84,4027.06,4920.69,6072.89,6561.93,6052.67,6997.24,7564.34,7442.75,7078.44,7571.96,7778.84,7240.1,6963.25,7482.08,6954.85,6480.11,6358.17,7237.24,6723.36,7902.19,7823.21,7168.82,7914.06,7839.34,8786.7,8877.85,10813.39,11328.18,11715.26,11431.75,9325.98,7224.19,7835.23,7111.64,6267.26,7583.68,9493.95,9083.58,9350.11,8174.66,7700.82,8126.43,8772.63,9039.44,9378.01,10573.47,11248.02,12364.17,11255.28,10671.24,11541.96,11518.18,10432.81,10774.13,11077.39,11960.11,12494.0,12165.49,12631.02,11250.59,12489.44,12634.9,13017.94,13179.0,14008.67,13163.05,12840.11,12534.57,11086.32,11213.52,11071.48
BE0003565737,KBC GROUP,BE,EUR,6623.96,7233.91,7250.03,6781.46,7137.35,6934.0,7004.96,7249.1,7127.56,7143.95,7626.79,8137.45,8802.92,9160.83,9404.86,10159.17,9654.47,9606.05,9746.8,9633.5,9419.97,9782.64,10082.33,10968.76,11256.91,10877.03,11098.09,12214.64,12670.51,12403.58,12077.82,11518.36,12598.85,12845.99,12803.45,12914.06,11554.1,11616.72,11950.83,12457.26,11698.04,10547.06,9708.97,9093.13,7962.96,4031.96,2842.38,2830.14,1742.36,1012.49,1536.19,2127.45,1948.01,1730.7,2013.18,3558.43,4762.28,4106.04,4223.55,4136.38,4165.55,4301.92,4605.05,4329.92,3713.65,3701.31,4191.82,3952.15,4263.78,4123.32,3339.02,3246.97,3806.99,3972.33,3574.11,3875.18,4092.94,3805.92,3435.37,2747.54,2274.37,2192.9,1082.32,1223.66,1838.07,2297.47,2426.38,1873.22,1484.86,2049.78,2033.92,2111.63,2328.02,2274.58,2920.21,3341.65,3819.9,3599.86,3344.16,3807.8,3951.82,3694.07,3977.52,4359.85,4884.01,5423.11,5681.51,5647.49,5875.74,6309.46,6114.01,6048.98,5920.34,5406.89,5406.7,5676.51,5291.83,5321.6,5697.52,5589.77
BE0003593044,COFINIMMO,BE,EUR,281.45,292.7,287.05,300.04,296.97,292.29,289.87,297.85,294.68,292.08,289.71,293.81,300.64,295.19,310.0,313.98,329.26,337.02,340.33,340.38,369.19,369.5,389.67,391.25,387.83,387.65,404.58,399.82,398.54,387.6,365.56,349.87,358.98,381.88,390.23,382.89,394.81,418.18,441.49,436.07,399.64,389.5,405.03,389.76,369.79,264.63,271.74,281.24,260.05,232.43,228.06,254.42,281.91,268.72,285.38,306.07,322.29,333.62,329.21,326.57,312.43,313.61,325.93,317.5,284.31,276.22,309.54,292.6,324.34,347.61,301.89,318.85,331.55,340.21,357.51,376.1,364.46,367.62,358.06,347.88,305.66,317.7,307.35,304.05,302.22,312.21,316.64,311.48,285.43,305.23,297.11,301.51,303.98,310.83,309.35,322.95,330.3,324.16,313.66,329.6,330.12,314.85,329.26,319.17,337.96,348.71,356.26,356.59,335.67,346.62,343.7,353.17,362.93,377.79,375.93,375.11,343.56,351.93,354.45,352.11
BE0003739530,UCB,BE,EUR,17869.03,18392.75,17714.46,17715.42,16741.07,18062.12,20056.45,21070.07,19657.27,18336.98,18295.13,17375.65,18319.65,17593.3,18239.97,19087.94,19434.17,20409.95,21972.65,22103.0,23971.74,23358.4,23958.07,25849.14,24933.21,24334.82,21885.58,22889.1,22402.2,22691.97,21677.94,21572.53,22548.97,22462.24,18266.77,17376.89,18428.66,18240.99,13360.01,16994.51,15806.72,14535.27,13476.0,15533.42,13721.85,9931.81,11701.76,12712.83,12260.05,10932.16,11563.92,10774.01,13513.86,13009.57,13375.13,15836.92,17141.88,17440.67,18100.19,17046.78,18261.0,18035.81,17395.48,15760.0,13762.2,13196.56,13437.45,11930.73,14468.56,16153.49,13521.62,14360.38,14936.2,15516.79,15856.41,20171.09,20341.75,19156.55,19651.86,19125.44,18354.08,18974.38,17833.03,17996.81,17355.67,17290.34,18370.46,20346.81,20424.25,22026.31,21868.53,21415.81,23983.1,25404.82,24730.78,24825.36,25141.66,25202.83,27859.28,25777.0,24288.69,23835.3,25490.53,25707.25,26984.93,29167.74,29799.75,33057.1,31364.28,35586.75,35493.22,36779.74,35821.74,38000.14,41229.84,43579.8,40760.38,36216.03,35301.72,34330.56
BE0003755692,AGFA-GEVAERT,BE,EUR,169.49,176.27,174.73,165.46,145.55,140.25,140.71,132.5,122.55,109.12,100.0,92.16,87.42,101.06,96.45,105.02,105.22,125.65,120.24,121.6,122.9,130.92,123.24,132.45,133.55,115.41,116.65,128.66,138.4,137.12,112.43,110.67,101.74,73.52,58.8,81.27,58.37,51.48,41.56,38.94,40.64,34.44,39.44,42.44,33.19,21.84,15.72,13.7,18.67,12.18,8.93,12.01,16.13,15.09,16.3,27.45,29.12,32.13,34.21,34.44,38.67,46.79,41.09,39.81,34.07,30.7,32.03,36.37,39.14,33.74,25.34,24.87,25.82,26.57,25.08,25.87,28.32,25.87,22.89,18.1,15.24,14.63,10.53,9.25,10.47,11.39,13.35,12.65,9.1,9.48,8.92,9.13,9.69,9.46,9.27,10.16,11.72,11.44,10.42,10.46,11.19,10.24,11.54,11.46,13.33,13.78,12.7,14.05,17.11,16.8,19.64,22.17,18.2,16.97,17.3,16.71,15.27,14.61,13.95,14.65
BE0003810273,PROXIMUS,BE,EUR,168.61,172.01,169.21,163.64,146.95,146.36,151.88,150.1,145.55,143.31,143.19,139.07,131.73,128.78,136.67,145.91,141.09,148.06,150.61,157.59,173.88,182.72,191.42,197.81,202.94,192.52,198.98,205.81,212.01,206.75,190.36,204.31,215.66,222.42,243.64,232.41,227.93,227.05,209.41,227.17,231.44,212.4,194.88,197.26,183.03,166.83,177.44,189.47,174.79,163.95,156.27,154.34,165.16,168.18,187.94,197.98,205.21,198.42,199.64,193.87,195.65,200.26,208.85,196.3,171.27,176.88,200.41,199.54,218.02,218.75,189.42,190.91,203.81,212.6,219.71,233.97,206.79,211.77,207.59,195.3,180.55,181.58,188.31,189.89,188.53,192.89,193.71,181.16,167.97,181.74,183.87,189.39,194.87,186.37,187.38,191.94,200.06,183.51,163.28,162.08,157.42,157.38,171.87,167.67,186.87,192.59,209.19,211.98,204.41,215.92,224.09,231.86,251.4,251.51,247.69,270.95,263.9,285.97,300.0,279.45
BE0974293251,ANHEUSER-BUSCH INBEV,BE,EUR,116.39,120.25,110.16,101.23,105.21,107.5,118.19,123.53,125.96,126.81,134.37,137.69,149.45,146.82,148.68,161.33,154.37,157.09,168.02,166.2,176.2,180.47,210.4,210.95,205.51,212.05,230.49,253.37,272.48,256.97,262.85,265.42,292.35,304.9,284.21,269.52,262.65,294.59,285.65,275.09,257.93,232.4,225.81,233.58,196.63,133.56,87.55,123.37,136.57,148.2,147.43,166.86,189.2,194.99,213.76,233.41,246.35,255.04,269.52,282.02,271.37,270.96,272.56,264.93,262.44,265.01,288.19,284.01,320.7,340.77,297.1,312.58,301.65,303.9,310.53,352.57,332.69,320.14,318.89,305.6,294.59,309.65,329.2,338.99,334.98,372.33,402.69,404.35,379.81,436.45,443.37,472.25,477.61,469.01,491.76,486.29,486.64,526.34,556.53,543.88,526.39,507.58,548.78,529.89,568.73,594.63,587.67,611.47,550.3,602.48,602.39,624.66,639.84,669.01,631.1,648.66,648.32,642.97,691.72,667.15
CH0008038389,SWISS PRIME SITE,CH,EUR,111.19,114.8,110.21,110.82,107.49,105.78,111.59,111.64,108.79,105.49,106.32,109.4,113.39,116.29,121.64,125.32,121.22,122.57,126.89,124.5,128.57,128.72,137.28,149.94,149.78,144.88,153.09,152.4,150.47,145.17,140.62,144.46,147.53,147.91,138.93,132.22,146.44,157.63,178.98,161.84,165.33,160.86,165.26,162.44,156.91,125.44,117.91,131.21,116.05,103.48,123.3,129.25,139.2,134.47,139.86,142.84,154.97,162.02,167.43,164.79,166.34,169.19,184.02,173.55,163.59,178.12,193.66,202.42,221.53,222.89,205.78,232.2,226.37,229.19,245.72,270.43,278.61,278.93,298.18,289.01,262.33,268.6,248.57,245.6,247.43,255.29,270.11,284.8,272.15,285.36,285.98,281.37,282.13,284.93,277.98,288.33,292.13,278.73,280.54,297.65,272.27,266.16,265.76,265.63,280.51,275.52,278.5,281.54,282.29,304.24,308.5,319.4,306.28,315.19,301.95,304.36,282.18,288.84,294.04,279.38
CH0008742519,SWISSCOM 'R',CH,EUR,140.13,146.05,136.3,132.42,128.62,125.0,126.84,128.46,125.7,125.96,119.99,120.56,117.45,115.15,123.86,132.38,128.38,130.74,131.2,134.08,132.95,139.91,146.77,151.34,149.1,150.21,144.11,147.23,146.59,142.32,142.44,146.34,157.88,153.92,158.64,162.63,164.59,158.93,143.3,156.14,153.13,147.04,142.18,141.56,129.94,132.83,125.65,140.2,138.5,132.81,123.6,122.69,138.15,143.31,152.31,161.85,166.98,169.4,181.73,178.85,171.89,160.79,170.85,167.25,157.12,167.69,183.72,191.9,199.93,206.02,202.26,217.39,218.47,217.53,220.61,237.28,238.88,237.72,249.99,232.87,211.95,211.5,196.24,197.62,205.12,207.72,209.61,205.93,200.7,222.64,221.81,222.48,222.35,229.69,232.84,237.83,244.98,252.58,256.41,274.4,248.28,254.5,259.1,263.27,279.83,297.76,298.45,308.28,320.61,344.39,357.9,368.88,362.29,352.89,337.14,353.3,344.68,357.33,369.53,319.22
CH0010645932,GIVAUDAN 'N',CH,EUR,131.9,141.32,134.67,131.68,127.58,124.32,128.5,136.23,137.38,137.51,136.1,144.35,151.67,153.03,163.81,181.87,176.42,170.72,179.29,174.91,173.45,179.93,194.61,200.79,195.38,192.87,200.05,208.1,209.97,218.06,208.13,199.42,203.43,216.86,212.64,212.84,215.88,221.96,223.75,227.51,217.75,201.9,184.09,188.26,186.92,152.15,147.33,175.75,152.82,130.8,116.88,148.09,152.18,147.94,160.52,174.1,181.05,179.88,191.4,193.31,199.43,198.89,217.26,216.04,194.2,211.26,226.84,236.5,254.07,254.89,249.53,267.63,246.01,246.32,255.51,280.37,278.82,267.4,277.3,244.5,198.13,233.13,235.83,242.27,236.57,240.1,249.84,251.95,240.53,254.9,252.92,245.49,246.5,259.79,260.71,273.07,288.49,311.51,329.52,344.54,345.53,344.76,371.23,359.63,390.94,380.65,378.77,383.35,396.56,419.28,429.03,436.73,455.25,462.36,454.58,461.32,443.34,461.75,495.48,500.25
CH0011075394,ZURICH INSURANCE GROUP,CH,EUR,1179.85,1311.33,1249.02,1194.55,1182.11,1222.45,1263.84,1249.48,1213.07,1208.04,1448.61,1506.85,1550.21,1676.34,1662.16,1720.83,1608.29,1551.71,1618.75,1641.5,1767.9,1783.79,1876.07,1938.76,1934.24,2062.01,2073.0,2178.27,2277.09,2304.22,2190.47,2130.69,2226.21,2240.64,2171.47,2186.96,2101.07,2341.66,2354.54,2374.83,2281.67,2001.63,2062.62,2047.93,2127.72,1555.26,1518.05,1662.82,1410.61,1116.33,1234.94,1554.94,1538.21,1455.08,1613.37,1820.52,1964.18,1904.38,1781.7,1811.67,1785.25,1996.13,2123.27,1956.57,1799.82,1950.21,2041.11,1960.59,2069.94,2150.79,1967.3,2281.75,2410.12,2548.07,2467.65,2628.34,2512.24,2371.85,2239.36,2117.66,1975.28,2198.59,2065.23,2134.78,2257.49,2375.45,2521.32,2469.05,2063.07,2276.98,2252.86,2431.82,2515.63,2487.95,2577.01,2684.22,2902.41,2774.48,2816.46,3013.75,2856.77,2792.37,2891.06,2678.76,2777.59,2988.09,3018.18,3134.53,3135.39,3299.65,3313.4,3292.88,3456.66,3466.44,3347.73,3478.3,3427.86,3474.84,3614.21,3607.57
CH0012005267,NOVARTIS 'R',CH,EUR,3556.44,3730.04,3534.3,3671.82,3695.94,3597.74,3683.29,3647.38,3844.37,4055.23,3953.88,3955.38,4136.97,4063.66,4256.71,4389.39,4265.87,4146.43,4355.68,4371.74,4466.72,4657.44,4473.61,4415.68,4399.72,4263.0,4465.95,4566.76,4394.74,4403.9,4244.61,4126.94,4302.23,4157.46,4458.27,4290.72,3931.03,3975.53,4150.66,4080.94,4226.59,4454.04,4806.17,4519.77,4211.52,4032.53,3751.65,3993.46,3340.96,3093.34,3199.0,3217.3,3364.88,3419.02,3839.6,3921.14,4219.13,4431.1,4687.38,4614.95,4553.72,4702.56,4731.53,4465.77,3973.96,4265.58,4225.14,4601.1,5044.01,5072.63,4672.17,5155.59,4890.77,5112.99,4966.96,5392.92,5881.77,5578.8,5612.39,5314.69,5101.15,5196.58,4931.56,5238.14,4939.38,5216.7,5269.93,5257.54,4949.92,5328.66,5600.55,5629.54,5838.58,5739.0,5902.28,5983.97,6492.07,6742.78,7042.05,7348.64,7108.69,7010.85,7085.97,7194.27,7598.44,7691.59,7838.87,7914.69,7838.02,8519.24,8674.14,8853.31,9176.62,9250.78,8937.48,9186.05,9638.9,9479.18,9913.95,9494.96
CH0012032048,ROCHE HOLDING,CH,EUR,886.56,880.41,909.65,1020.17,1069.24,1070.81,1152.98,1163.97,1179.5,1261.66,1271.23,1266.1,1333.56,1250.28,1272.24,1313.38,1337.39,1413.16,1523.46,1576.35,1476.83,1499.22,1547.95,1533.24,1604.29,1524.87,1532.24,1645.31,1596.0,1543.31,1551.53,1512.08,1572.23,1483.34,1660.62,1503.19,1570.83,1707.88,1683.05,1477.69,1531.94,1608.93,1651.31,1508.31,1386.11,1348.14,1246.55,1359.82,1253.86,1016.84,1265.02,1168.28,1257.25,1250.58,1441.78,1466.46,1486.51,1480.83,1506.61,1566.08,1559.38,1539.92,1545.87,1501.46,1307.11,1315.65,1232.34,1295.02,1307.09,1398.03,1315.58,1398.63,1454.22,1434.36,1431.65,1612.72,1755.71,1668.19,1793.44,1746.69,1616.72,1658.95,1590.44,1699.66,1691.32,1745.41,1810.07,1902.39,1624.7,1800.04,1850.17,1899.93,1947.02,2003.06,2050.44,2093.41,2303.5,2395.88,2514.02,2694.87,2683.97,2675.31,2643.13,2681.46,2905.42,2988.22,3012.32,3018.28,2965.26,3319.08,3327.31,3250.0,3269.11,3308.04,3228.57,3241.87,3286.12,3269.34,3331.32,3012.6
CH0012138530,CREDIT SUISSE GROUP DEAD - DELIST.14/06/23,CH,EUR,1061.49,1153.16,1135.83,1105.11,1090.52,1071.47,1140.98,1172.71,1206.87,1197.78,1322.98,1380.43,1582.3,1505.08,1519.98,1700.8,1613.61,1556.06,1560.51,1551.68,1607.9,1680.41,1843.5,1946.25,1962.05,1928.3,1990.54,2204.33,2169.67,2034.39,1907.35,1874.63,1898.52,1928.42,1731.8,1725.84,1608.53,1429.32,1466.34,1589.43,1520.51,1377.51,1505.84,1393.23,1331.38,1112.1,878.3,801.07,769.12,742.68,911.94,1174.11,1337.76,1367.44,1406.98,1530.64,1661.55,1623.33,1552.61,1485.12,1324.12,1333.18,1548.25,1382.38,1214.96,1186.26,1417.47,1374.72,1343.95,1292.08,1161.77,1263.45,1404.33,1445.66,1333.67,1414.97,1388.24,1255.69,1167.46,924.55,854.31,950.58,780.13,763.14,839.61,872.54,920.42,773.4,636.35,612.5,577.99,655.06,717.7,784.67,801.48,822.99,999.81,910.57,890.26,942.83,1017.86,899.42,1018.38,1001.08,1063.01,1084.98,1039.09,1067.12,1052.95,1094.47,1126.4,1103.2,1063.88,1021.72,972.06,1009.6,989.77,949.6,957.44,901.78
CH0012138605,ADECCO GROUP,CH,EUR,246.77,260.87,262.43,229.56,226.01,220.65,242.73,229.8,221.88,206.19,220.91,222.56,269.76,265.7,269.82,299.27,310.34,289.51,285.23,286.25,295.14,303.07,325.1,334.53,314.1,326.56,309.99,339.42,362.48,385.16,348.47,324.01,293.01,298.76,277.84,268.97,257.63,261.48,288.26,296.65,289.93,253.61,234.73,240.76,219.21,175.1,151.18,171.28,171.46,156.67,159.44,202.29,228.76,218.81,251.6,252.98,279.2,236.15,262.31,290.18,286.56,261.71,298.97,309.72,258.44,255.64,270.36,248.7,279.99,297.89,305.45,350.06,346.67,358.51,351.69,385.64,369.16,347.21,326.93,253.09,215.98,264.17,234.92,228.25,257.33,272.99,283.84,264.14,219.61,251.18,249.53,257.28,269.6,273.8,279.79,297.08,325.14,324.2,310.85,314.04,328.89,333.86,370.9,368.69,417.78,433.72,453.12,465.68,462.17,505.83,488.44,503.51,503.99,496.17,452.07,457.4,409.09,407.39,424.45,417.64
CH0012142631,CLARIANT,CH,EUR,103.0,108.14,108.75,98.08,88.23,84.75,88.69,90.82,91.87,84.83,86.7,93.49,95.93,97.34,98.43,98.81,96.17,91.55,88.19,78.64,87.11,89.38,90.91,96.64,110.6,101.09,110.39,107.66,110.24,106.29,102.54,87.22,80.19,83.59,57.98,60.89,51.97,56.26,56.06,71.78,72.81,68.27,66.8,60.62,64.11,41.1,41.02,44.92,33.39,25.33,26.01,38.33,39.24,42.3,49.85,60.72,60.94,64.42,70.25,79.27,74.81,72.76,85.43,93.18,78.24,85.56,88.45,86.37,98.63,113.45,121.91,136.26,118.97,110.53,121.45,139.44,148.24,128.77,106.48,75.75,61.65,74.34,66.16,66.89,82.02,94.74,93.01,85.78,68.7,68.59,73.73,78.27,82.9,74.54,83.94,93.93,95.35,106.45,99.47,104.47,103.66,100.76,111.13,115.49,120.35,126.09,125.4,130.87,134.98,145.99,141.73,143.35,150.8,142.65,136.08,128.58,124.77,126.82,132.36,122.62
CH0012214059,HOLCIM,CH,EUR,1606.35,1711.88,1586.58,1561.53,1594.95,1592.91,1622.48,1688.05,1744.17,1625.16,1698.54,1776.64,1975.83,2062.46,2078.06,2187.7,2126.74,2067.42,2108.39,2185.63,2202.88,2327.36,2425.35,2473.31,2668.7,2680.3,2694.43,2918.54,3034.06,2973.32,2939.23,2965.83,3020.76,3125.2,2960.19,2940.05,2646.65,2812.86,2893.6,2684.6,2645.97,2303.43,2022.33,2048.37,2048.2,1596.01,1257.0,1606.31,1146.63,949.19,1011.9,1455.03,1566.1,1688.94,1869.12,2094.0,2123.8,1983.7,2231.48,2413.7,2155.31,2052.72,2314.52,2324.6,2005.77,2134.22,2101.59,1903.65,2040.47,1970.65,2049.21,2394.64,2222.41,2318.2,2389.59,2739.1,2569.01,2431.73,2218.99,2038.76,1730.15,2075.33,1802.9,1734.16,1840.51,2113.5,2102.87,2045.48,1744.83,1817.38,1943.66,2019.5,2094.38,2242.55,2252.3,2401.56,2556.81,2667.14,2625.12,2605.92,2601.0,2325.32,2405.64,2263.03,2486.76,2494.37,2431.15,2507.75,2435.04,2708.49,2768.83,3058.69,2984.56,2985.7,2723.13,2707.41,2475.99,2405.2,2515.34,2439.03
CH0012221716,ABB LTD N,CH,EUR,490.18,543.08,555.27,552.21,583.12,584.08,608.57,639.87,653.63,680.29,782.62,861.75,966.51,1066.25,1121.3,1267.72,1136.75,1164.06,1158.08,1189.29,1176.51,1333.93,1448.56,1605.33,1581.25,1501.83,1528.02,1820.86,1936.7,2054.78,2224.41,2226.57,2377.52,2723.07,2662.11,2610.09,2238.6,2310.2,2441.7,2769.2,2935.79,2584.4,2448.99,2277.97,1736.43,1179.93,1190.06,1349.45,1202.5,1130.83,1288.32,1324.99,1511.07,1447.79,1715.16,1818.18,1895.58,1775.48,1732.64,1824.09,1744.86,1915.41,2069.03,1828.98,1621.48,1663.5,1950.25,1878.3,2057.78,2011.5,1894.33,2169.39,2302.78,2372.98,2340.68,2669.11,2673.13,2578.8,2398.45,2134.25,1729.28,1912.55,1891.05,1883.27,2081.73,2047.72,2040.87,1886.45,1620.31,1689.75,1812.58,1804.89,1943.09,1865.45,2018.07,2120.47,2219.24,2374.9,2340.57,2421.5,2357.49,2316.34,2350.69,2280.76,2527.78,2734.32,2742.37,2821.24,2669.09,2728.53,2758.22,2565.76,2629.12,2544.46,2549.51,2513.22,2484.12,2417.99,2487.55,2350.92
CH0012549785,SONOVA N,CH,EUR,662.68,714.12,680.58,686.38,724.32,739.27,786.32,755.75,852.22,824.92,844.05,850.95,979.06,957.77,1125.06,1226.75,1141.6,1236.6,1258.45,1188.86,1258.0,1273.08,1492.38,1584.75,1538.34,1505.68,1519.22,1776.61,1904.03,1801.42,1944.71,1773.99,2006.76,2251.25,2150.98,2267.47,1767.44,1908.41,1848.63,1689.98,1820.19,1686.57,1482.47,1477.3,1302.37,833.48,1089.54,1210.05,978.55,1003.7,1227.23,1331.11,1496.78,1665.56,1796.59,1966.36,2066.02,2119.16,2437.08,2490.61,2567.0,2562.39,2553.19,2555.76,2224.95,2555.44,2501.28,2652.35,2543.07,2399.81,2602.83,2681.1,2611.06,2753.36,1852.3,2082.35,2177.43,1959.61,1988.01,1793.19,1914.87,2256.97,2200.85,2208.52,2149.65,2356.61,2332.45,2320.47,1968.37,2057.04,2017.81,1977.84,2153.33,2141.24,2325.75,2358.49,2462.16,2559.68,2560.91,2319.4,2340.7,2289.41,2377.85,2388.27,2687.29,2819.64,3021.68,2917.05,2974.46,3053.37,3162.11,3118.41,3303.44,3343.86,3410.51,3513.0,3500.29,3411.29,3325.6,3240.15
CH0013841017,LONZA GROUP,CH,EUR,74.83,76.12,74.61,74.37,75.63,68.44,68.41,70.26,73.23,71.11,70.03,75.38,77.65,80.22,85.74,88.73,85.87,85.84,85.09,81.67,86.6,96.79,104.78,108.17,118.29,111.41,119.98,124.95,125.52,116.7,120.54,124.57,138.09,147.85,148.73,154.16,161.17,167.93,169.14,174.94,177.85,179.01,187.37,182.53,160.21,105.76,105.89,117.94,117.63,124.27,127.32,120.93,135.29,129.9,128.84,128.84,142.58,102.2,101.37,92.46,93.96,103.25,106.98,104.79,87.94,89.57,103.37,111.07,114.87,117.1,103.88,107.5,105.78,113.05,112.59,117.83,119.01,107.63,117.51,90.6,83.4,92.69,84.44,81.75,74.42,71.88,71.1,65.14,51.31,60.1,65.39,67.04,75.61,73.24,69.62,77.89,85.03,90.63,93.97,104.36,111.47,112.58,114.72,105.82,122.52,134.09,139.92,142.42,150.69,158.08,152.79,160.37,165.33,167.1,170.57,176.22,185.47,168.97,181.05,173.4
CH0014786500,VALIANT 'R',CH,EUR,266.1,275.61,268.98,268.09,256.35,250.26,250.15,265.68,262.78,263.32,257.71,260.43,288.71,293.71,297.74,316.41,321.46,323.42,323.2,332.03,326.7,332.76,340.95,338.33,347.89,369.04,409.15,438.42,428.02,431.67,440.88,449.71,467.28,471.51,483.2,482.16,523.84,551.65,605.9,578.04,583.94,600.49,588.13,560.31,555.28,535.73,514.92,585.57,545.07,536.61,553.1,552.99,597.33,587.47,593.39,607.88,624.04,628.81,644.8,622.4,610.37,605.07,621.84,604.81,570.53,603.43,626.59,634.4,652.82,506.01,454.52,454.78,477.99,470.7,444.94,457.9,475.66,497.62,526.94,490.69,449.93,465.91,418.34,422.84,414.4,415.65,408.38,403.75,375.43,384.36,298.32,276.34,297.99,337.16,364.23,325.21,340.1,314.58,305.69,321.19,311.29,298.79,333.15,334.11,349.81,333.03,321.32,319.28,346.34,360.74,358.1,393.6,393.69,382.78,349.25,344.55,292.75,321.38,322.93,305.37
CH0014852781,SWISS LIFE HOLDING,CH,EUR,126.97,129.44,127.53,116.25,111.97,111.66,119.53,120.24,122.8,133.47,138.31,155.86,157.17,160.37,180.53,198.55,200.4,202.11,199.5,212.33,205.09,207.47,216.51,219.87,220.55,223.73,219.66,228.42,236.59,232.44,218.83,213.75,232.85,248.68,253.69,225.15,216.36,226.73,251.34,268.51,252.81,241.4,247.8,175.37,137.51,85.32,58.66,65.18,52.18,47.3,66.2,75.17,80.29,82.65,99.91,113.8,118.62,120.96,123.36,128.2,128.67,126.71,132.1,122.93,108.19,96.82,107.49,107.27,117.64,125.84,115.11,148.98,164.73,169.74,170.42,186.62,171.36,168.21,158.49,146.33,118.2,132.96,111.07,98.32,105.76,123.2,126.44,114.11,89.36,104.94,107.09,126.92,132.81,140.39,149.3,147.93,167.58,183.82,165.74,181.96,192.09,186.67,205.68,214.96,217.71,228.96,238.72,239.45,248.36,285.77,282.48,289.6,284.03,279.68,273.53,297.98,281.67,270.08,271.0,280.58
CH0024638212,SCHINDLER 'R',CH,EUR,2349.33,2621.43,2404.11,2309.2,2273.81,2304.41,2582.58,2517.21,2515.77,2487.79,2443.22,2482.47,2723.51,2962.59,3418.48,3527.78,3335.45,3370.7,3451.85,3390.38,3361.54,3668.64,3790.23,3973.42,4091.7,4037.04,3989.66,4235.4,4276.58,4371.56,4187.74,4060.47,4091.58,4477.01,4066.59,4187.5,3844.48,4423.56,4930.97,5271.86,5312.73,4983.55,4647.39,4772.67,4021.13,3010.83,2665.87,2933.22,2898.42,3189.69,3151.41,3602.85,4015.92,4267.32,4418.09,4570.77,4847.97,4783.72,5132.75,5223.0,5203.7,5475.88,6134.28,6136.68,5466.79,5909.1,6164.55,6948.17,7575.86,7668.7,8111.9,8462.55,7876.87,7993.73,8798.87,9302.23,9089.18,8801.72,8472.32,8838.78,7971.23,8611.08,8860.41,8469.07,8461.47,8863.42,8828.17,9451.56,8234.38,8352.31,8688.16,8748.65,9136.1,9570.05,10345.65,10486.74,10688.43,11173.32,10746.27,11010.92,10666.93,10166.7,10449.85,10148.1,10920.86,10706.48,10487.55,11120.69,11062.01,11399.3,11243.65,11653.77,11700.01,11527.29,11317.56,11144.98,10194.45,10343.4,10712.77,10972.58
CH0025751329,LOGITECH 'R',CH,EUR,793.32,856.16,791.02,744.64,771.88,833.6,1003.41,957.74,1052.5,980.73,1186.95,1214.44,1099.66,1047.38,1033.39,1073.31,1051.76,998.73,1052.54,1118.43,1122.42,1362.91,1525.35,1492.78,1474.9,1356.3,1433.16,1421.98,1374.84,1385.29,1412.99,1398.64,1538.11,1800.78,1768.66,1901.24,1557.4,1336.98,1317.66,1577.79,1693.98,1399.6,1385.05,1392.35,1163.22,766.92,674.33,797.31,503.35,444.99,537.53,701.38,728.67,717.37,867.05,957.5,943.75,891.34,855.89,899.19,891.63,799.25,854.51,855.03,744.43,709.56,811.11,771.48,908.44,983.56,998.64,990.01,975.98,985.59,937.23,715.09,640.63,579.97,499.19,607.47,405.21,507.83,426.61,406.65,397.14,443.11,403.78,529.47,527.08,559.76,461.03,483.22,518.91,407.66,399.38,428.3,380.24,383.72,384.15,360.53,392.05,389.23,401.22,413.2,511.22,595.81,665.17,799.92,917.01,926.36,867.83,784.92,763.31,756.38,855.81,798.97,747.59,820.64,864.93,800.94
CH0030170408,GEBERIT 'R',CH,EUR,252.16,271.95,248.87,233.82,229.16,222.71,234.59,255.05,254.23,240.66,256.73,274.56,315.87,315.94,331.48,404.81,386.4,408.67,395.64,411.78,430.29,461.41,513.63,544.7,596.14,583.89,542.31,632.86,629.91,615.13,592.31,531.38,470.28,485.83,497.76,495.45,495.6,532.19,539.75,554.47,630.07,550.13,475.36,544.08,452.92,382.51,342.09,395.64,361.2,336.54,334.98,400.45,476.76,477.5,538.53,599.16,596.39,645.96,670.42,690.03,692.17,666.33,696.87,690.89,609.98,629.23,655.46,649.72,721.33,771.8,818.97,934.07,853.71,868.72,880.32,967.3,1000.53,981.46,980.03,868.87,770.5,859.96,795.39,803.03,857.58,894.34,867.02,908.01,830.87,847.12,845.31,907.47,934.53,885.52,907.69,944.92,1003.69,1042.78,1059.91,1081.37,1102.59,1095.3,1181.04,1074.06,1194.53,1325.25,1303.53,1345.35,1285.53,1389.04,1449.66,1512.36,1505.75,1593.69,1525.77,1544.13,1467.24,1546.29,1586.03,1546.14
CH0038388911,SULZER 'R',CH,EUR,464.01,491.32,503.75,481.73,494.49,490.29,570.05,561.84,604.16,570.19,573.52,627.03,709.96,742.76,808.19,1012.24,867.28,899.98,900.24,973.25,956.46,1059.59,1229.69,1367.57,1698.62,1463.57,1682.9,1617.28,1566.63,1579.43,1624.79,1619.17,1744.8,1956.61,1846.36,1794.99,1277.37,1407.82,1620.22,1629.66,1673.6,1589.2,1504.1,1545.38,1313.41,726.58,666.85,703.55,623.65,490.67,644.31,717.37,870.64,824.36,853.66,1009.87,1124.01,1020.42,1038.12,1022.38,1112.63,1166.11,1269.01,1334.77,1113.06,1255.03,1379.1,1326.81,1558.97,1627.37,1749.29,2042.57,1856.95,2071.4,2021.09,2448.84,2469.58,2216.41,1986.91,1835.41,1416.27,1613.68,1518.35,1464.76,1708.94,1967.16,1936.43,2010.59,1666.41,1654.68,1812.0,1895.01,2038.53,2024.35,2166.07,2201.4,2199.23,2458.89,2395.29,2435.28,2397.6,2277.79,2126.07,2075.96,2208.36,2238.36,2225.65,2307.89,2156.19,2016.14,2016.1,2254.08,2229.85,2056.14,1942.37,1949.32,1802.48,1666.12,1641.45,1563.62
CH0038863350,NESTLE 'N',CH,EUR,2869.63,3044.23,3001.15,2946.13,2956.59,2868.94,3082.21,3134.18,3294.08,3332.76,3324.2,3341.35,3280.05,3295.51,3318.36,3488.55,3431.81,3595.7,3756.56,3937.69,3988.31,3919.45,4050.12,4068.89,4194.25,4264.4,4446.61,4658.55,4560.97,4455.37,4527.8,5096.01,5246.04,5403.87,5635.43,5382.1,5218.74,5607.31,5879.08,5726.01,5886.35,5438.06,5276.26,5309.7,5158.29,4623.0,4340.9,4690.06,4153.97,3949.23,4060.98,4083.36,4517.53,4683.81,5087.29,5180.51,5298.0,5812.35,5885.79,6045.48,5963.99,6202.31,6386.61,6293.68,5822.58,6214.17,6318.99,6659.37,6878.9,7035.37,7026.09,7540.77,6974.61,7265.32,7387.83,8218.92,8532.69,8248.53,8474.21,8226.53,7331.6,7770.04,7470.23,7676.33,7624.69,8159.86,8353.16,8428.89,7794.91,8220.75,8470.45,8572.11,8682.27,8733.03,9008.12,8959.06,9656.27,9657.27,9975.4,10142.8,9382.5,9290.43,9575.02,9291.15,9925.37,10264.15,10395.41,10418.7,10309.9,10729.28,10690.55,11302.77,11508.75,11345.78,10879.64,11393.69,10767.69,10712.89,11027.76,10752.17
CH0044328745,CHUBB,CH,EUR,556.76,570.36,532.07,553.86,557.21,581.2,598.82,575.49,613.06,678.57,722.85,698.99,716.13,728.94,683.26,729.64,680.11,668.01,680.42,711.19,725.97,759.4,753.96,806.72,769.56,747.72,763.3,795.41,823.63,839.98,775.49,776.03,817.53,818.07,807.54,837.53,789.54,762.43,750.09,821.34,818.34,754.4,694.29,720.44,741.26,790.83,720.38,729.61,605.11,506.01,563.55,646.13,613.63,616.98,688.74,732.54,754.87,725.21,687.79,716.13,700.07,710.3,747.5,760.22,702.62,735.78,763.39,769.0,842.54,859.46,846.44,905.29,895.69,919.83,945.76,983.03,1005.98,967.33,984.38,949.11,895.8,1066.53,1027.8,1036.52,1035.67,1067.06,1096.22,1137.7,1083.19,1110.14,1108.04,1111.51,1147.12,1193.4,1202.2,1218.29,1302.72,1303.63,1365.83,1368.44,1376.73,1373.66,1410.38,1353.89,1451.8,1480.97,1594.87,1606.51,1465.14,1528.55,1557.12,1608.36,1630.21,1630.05,1583.34,1681.88,1668.97,1739.48,1819.69,1838.93
CH0102484968,JULIUS BAER GRUPPE,CH,EUR,,,,,,,,,,,,,,,,,,,,,,,,,,,,,,,,,,,,,,,,,,,,,,,,,,,,,,,,,,98.45,86.19,91.89,87.34,81.34,94.88,91.16,76.72,75.74,91.9,93.16,96.59,111.42,100.84,123.97,119.94,118.22,114.94,124.6,117.27,110.43,114.16,109.88,90.48,102.51,95.77,105.19,108.88,105.35,107.93,105.43,86.32,99.67,98.8,90.68,96.11,97.78,96.57,99.56,115.32,107.29,109.87,114.25,113.47,111.71,129.64,126.0,133.72,141.1,134.7,138.02,139.37,134.09,127.26,135.91,126.08,119.89,123.92,132.5,130.41,127.14,132.13,134.07
CH0126881561,SWISS RE,CH,EUR,2403.09,2586.14,2524.32,2328.24,2227.34,2206.61,2288.96,2303.27,2365.18,2418.76,2649.68,2618.52,2661.66,2555.92,2500.82,2682.19,2598.49,2571.22,2649.32,2807.28,2813.13,3022.81,3147.59,3128.4,3054.55,3139.13,3351.48,3591.43,3610.8,3464.93,3279.7,3194.07,3368.79,3559.2,2821.72,2696.75,2813.46,3057.6,3328.47,3297.67,3080.11,2655.85,2488.37,2459.35,2152.01,1625.45,1620.03,1878.67,1059.67,495.82,655.84,965.23,1297.23,1322.04,1524.11,1848.06,1803.62,1641.34,1903.05,1931.6,1765.2,1800.42,1972.63,1791.02,1666.6,1690.23,1869.52,1692.62,1798.08,1960.6,1896.23,2200.03,2340.7,2495.8,2341.64,2553.79,2560.08,2412.35,2418.69,2255.16,2014.05,2383.08,2269.06,2202.62,2336.02,2564.76,2744.21,2845.35,2615.59,2855.54,2854.54,2851.41,2919.46,3136.56,3270.26,3267.61,3377.12,3645.13,3700.29,3983.32,3683.97,3717.63,3968.77,3831.76,4139.08,4404.09,4465.85,4616.31,4331.73,4669.65,4642.13,4840.89,4941.44,4934.47,4723.85,4556.92,4420.1,4477.55,4754.62,4668.98
CH0210483332,RICHEMONT N,CH,EUR,738.08,748.33,742.86,702.17,719.72,793.32,833.01,890.95,965.89,923.11,961.1,1054.55,1102.91,1058.7,1162.07,1255.22,1137.92,1110.76,1095.19,1154.84,1200.19,1237.13,1347.02,1454.11,1390.47,1377.74,1391.48,1519.62,1537.16,1499.28,1585.1,1547.59,1698.46,1833.96,1769.86,1765.06,1457.24,1498.0,1448.28,1559.27,1598.76,1436.62,1547.22,1506.73,1145.9,1256.16,1044.45,1146.71,881.46,798.16,941.08,1088.49,1308.13,1249.5,1468.5,1641.19,1716.03,1713.6,1966.89,2043.16,2088.45,2053.17,2358.99,2248.05,2016.05,2140.15,2362.76,2366.59,2968.29,3058.82,3327.11,3616.97,3349.77,3505.28,3554.31,3945.28,3995.79,4007.5,3969.94,3555.62,2790.82,3572.39,3347.03,3145.3,3507.15,3817.32,3876.47,3826.3,3526.08,3391.16,3518.97,3804.65,3747.02,4049.88,4815.41,4870.15,5132.49,5041.09,4912.18,5047.59,5585.74,5513.09,6087.71,5919.56,6322.78,6484.73,6431.87,6300.97,5863.76,6276.17,6029.6,6400.49,6660.24,6621.56,6013.45,6032.56,5262.79,5398.23,6051.67,5735.68
CH0244767585,UBS GROUP,CH,EUR,2369.96,2544.52,2474.55,2407.88,2327.81,2350.38,2481.19,2454.82,2569.08,2553.75,2778.27,2858.09,3267.04,3197.85,3299.49,3637.43,3490.43,3366.42,3361.84,3492.83,3688.21,3693.48,3718.55,3750.8,3855.16,3658.06,3656.68,4174.48,4149.55,3822.01,3572.52,3318.29,3410.51,3401.84,3224.32,2945.74,2600.96,2095.02,1857.04,2245.6,1719.24,1506.3,1391.64,1572.83,1178.15,1185.5,892.57,997.77,902.62,679.4,673.43,1002.14,1068.97,874.47,1037.99,1323.12,1308.3,1208.78,1110.25,1111.12,952.49,987.91,1165.32,1119.91,961.97,959.6,1217.5,1212.49,1221.82,1212.22,1079.16,1178.55,1289.4,1420.6,1289.09,1424.68,1371.0,1302.91,1190.28,1035.58,830.39,921.28,879.05,855.62,975.06,1004.92,1001.56,893.33,813.45,842.76,761.5,809.28,879.52,1082.24,1129.88,1125.39,1251.06,1147.14,1109.21,1289.99,1291.07,1237.77,1428.95,1407.66,1490.11,1412.43,1392.79,1385.67,1446.83,1560.37,1505.61,1522.11,1485.08,1354.7,1272.44,1327.05,1287.45,1281.24,1329.62,1269.97
CH0319416936,FLUGHAFEN ZURICH,CH,EUR,177.44,199.33,191.27,209.94,200.28,211.32,232.83,242.29,240.93,236.18,234.65,255.04,264.71,279.73,294.39,314.84,316.36,313.77,325.02,345.61,344.41,393.52,414.57,448.15,497.26,492.46,554.23,574.99,559.69,588.59,625.93,535.86,557.68,585.54,577.33,588.56,510.23,606.44,609.24,639.19,640.71,533.65,509.6,534.19,470.09,386.13,331.26,342.99,327.44,308.97,263.8,308.31,349.76,333.35,406.19,403.76,434.23,435.56,414.51,449.23,424.62,445.03,531.55,501.56,435.05,451.96,497.13,506.94,556.56,561.75,555.47,624.21,641.48,618.21,636.78,680.92,693.36,707.41,713.84,685.67,586.97,601.16,568.31,541.14,590.74,603.05,600.18,594.27,532.48,561.43,576.67,615.6,655.45,682.93,705.39,737.01,710.24,740.84,744.45,794.27,800.77,818.14,879.65,827.21,860.15,906.25,937.02,956.65,960.18,1033.54,1049.98,1046.2,1037.82,1020.92,1035.83,1088.3,1042.28,1057.2,1094.81,1114.26
CH0418792922,SIKA,CH,EUR,2889.36,3182.72,3363.64,3277.17,2830.37,2862.35,3040.66,3520.58,3507.74,3261.16,3471.38,3793.24,4468.06,4510.89,4702.98,5347.25,5171.72,5091.99,5353.73,5822.12,5843.24,6059.3,6683.13,7203.12,7829.65,7790.51,7869.18,9241.15,9357.42,9614.21,9059.1,9498.0,9150.57,9312.54,8803.98,8892.52,7301.35,8750.81,9292.2,8363.87,8282.43,7640.16,6280.45,6173.2,5429.72,3770.43,3386.7,4092.29,3815.16,3315.14,3596.59,4627.19,5227.04,5619.33,6022.48,6444.51,6832.41,6897.29,7619.82,7917.23,7841.02,7104.39,8569.79,9232.58,8080.63,9234.27,9720.9,9124.96,9624.73,10283.03,10407.29,11412.62,11431.24,11104.8,12539.85,13466.77,13501.6,12751.69,12456.84,12003.66,9462.72,10549.0,9969.66,10068.07,10989.21,11631.53,11498.48,11536.2,9833.74,10515.81,10186.94,10545.11,11112.58,11361.55,11960.66,12551.23,13729.92,13570.96,13259.79,13482.95,13755.63,14422.15,15496.68,15246.21,16263.36,17626.99,18379.82,19891.86,18407.21,20547.36,22838.07,22918.73,22508.93,23183.15,22072.92,21482.07,19653.22,20206.69,21643.55,16753.05
CH1169151003,GEORG FISCHER,CH,EUR,269.17,298.0,317.92,296.72,302.53,311.49,346.27,339.71,361.58,322.83,336.92,355.88,391.2,423.3,464.43,506.47,474.17,447.7,485.57,505.43,502.53,550.73,610.38,695.51,717.89,695.65,775.15,831.88,824.85,833.8,909.77,834.74,757.98,828.32,728.96,680.15,476.75,552.47,549.26,602.46,570.99,481.5,424.48,447.06,414.98,259.24,222.92,263.51,193.09,137.39,137.16,198.62,228.14,205.01,250.91,294.82,314.45,316.52,312.06,304.03,325.77,363.74,441.46,428.82,373.1,394.99,471.66,442.27,483.0,515.18,593.3,679.52,650.42,675.65,677.86,781.11,746.11,674.35,653.36,549.86,431.39,516.3,453.13,421.68,515.92,585.99,581.53,564.05,445.3,438.69,443.28,462.57,450.29,446.26,471.9,511.67,543.73,580.28,560.52,574.56,610.55,581.53,688.79,714.4,803.79,912.75,913.19,931.56,907.54,1056.78,1024.61,1045.2,996.91,946.16,897.17,897.42,797.12,780.12,831.25,857.13
CH1175448666,STRAUMANN HLDG.,CH,EUR,1052.42,1204.9,1091.17,1086.19,1014.41,1046.6,1079.43,1144.21,1350.61,1168.79,1088.65,1160.21,1204.37,1183.98,1150.88,1241.84,1321.23,1288.72,1287.24,1049.39,1087.32,1151.17,1264.92,1223.8,1273.32,1330.05,1445.58,1500.55,1485.92,1433.69,1426.17,1401.33,1429.8,1424.6,1447.69,1408.8,1299.95,1499.85,1464.06,1378.01,1412.11,1243.03,1214.06,1390.32,1420.7,867.88,686.83,901.41,793.61,852.42,819.63,974.09,990.81,961.34,1149.22,1203.77,1365.81,1279.27,1295.24,1494.94,1414.65,1290.26,1336.4,1327.24,1138.71,1164.3,1169.3,1130.94,1202.87,1122.39,1135.51,1230.33,1317.96,1316.3,1406.15,1417.91,1497.45,1309.85,1241.01,1039.38,856.24,969.49,957.45,944.17,980.77,866.99,925.55,926.54,856.21,820.63,751.05,665.28,743.32,689.03,652.19,683.24,751.87,775.46,754.23,756.05,793.73,863.43,866.21,1049.24,1046.83,1149.09,1076.24,1080.56,1150.86,1238.88,1225.56,1303.57,1308.87,1362.57,1390.29,1443.32,1333.57,1447.43,1526.41,1484.54
CH1256740924,SGS 'N',CH,EUR,538.81,565.16,558.62,522.32,543.81,530.9,581.81,598.44,598.25,568.37,625.76,649.39,722.94,713.77,732.17,781.42,790.13,763.07,743.44,735.27,809.06,855.84,860.3,896.48,880.88,909.29,970.86,1044.48,1063.16,967.75,991.03,976.16,929.99,1069.86,1017.93,973.32,1052.23,1103.41,1210.62,1179.42,1256.83,1203.54,1185.76,1080.25,978.14,817.65,711.04,866.59,888.57,762.96,917.88,986.86,1090.02,1080.88,1024.14,1081.75,1174.15,1172.5,1120.16,1141.43,1135.93,1170.67,1256.06,1183.41,1141.23,1232.76,1271.46,1318.21,1477.99,1456.12,1498.91,1530.64,1486.4,1581.97,1695.43,1875.55,1879.78,1798.21,1848.72,1764.57,1451.75,1645.13,1604.15,1577.64,1704.23,1785.03,1913.55,1902.37,1774.83,1847.11,1975.05,1991.31,2024.89,2085.93,2210.41,2180.08,2345.22,2514.03,2482.25,2442.26,2274.79,2165.08,2276.43,2294.63,2410.66,2370.52,2282.71,2329.57,2288.84,2497.77,2567.64,2594.94,2613.94,2494.21,2274.49,2315.09,2158.03,2284.15,2257.84,2142.2
DE0005140008,DEUTSCHE BANK,DE,EUR,1679.34,1737.99,1711.47,1618.43,1588.72,1592.35,1767.33,1755.7,1911.15,1899.13,1990.01,1966.51,2181.67,2247.3,2317.06,2483.18,2335.53,2351.44,2417.7,2384.19,2527.32,2625.69,2707.43,2800.37,2942.95,2744.58,2804.18,3235.68,3290.86,3134.88,3008.44,2691.96,2781.89,2897.35,2868.24,2832.56,2420.36,2424.8,2470.25,2599.11,2472.76,1977.91,2141.22,1976.02,1628.88,875.95,817.14,899.66,605.91,607.55,946.87,1228.64,1561.92,1413.12,1510.02,1576.55,1804.47,1681.45,1682.91,1657.78,1437.58,1481.84,1800.68,1602.32,1410.0,1351.28,1648.65,1496.73,1425.45,1504.4,1252.53,1362.71,1543.85,1666.87,1538.19,1698.93,1576.69,1559.88,1468.24,1081.41,932.56,1132.79,1020.9,1007.99,1130.93,1249.2,1319.01,1153.3,953.27,983.39,831.29,964.34,1082.73,1236.15,1201.66,1184.67,1403.4,1256.11,1066.0,1251.87,1294.53,1168.18,1246.19,1205.98,1277.57,1349.01,1335.36,1328.51,1343.1,1353.4,1247.89,1222.32,1154.68,1055.08,1025.77,1029.5,1043.08,933.9,979.94,910.27
DE0005190003,BMW,DE,EUR,6066.72,6167.51,6545.7,6080.65,6371.5,6717.14,6892.55,6562.41,6890.99,6371.82,6453.59,6397.92,6628.89,7043.41,8071.93,7967.73,7687.98,7436.82,7688.1,7698.38,7976.95,8554.47,8212.6,8564.91,9049.92,8599.79,8771.29,9242.96,10088.96,9724.29,9500.46,9242.83,9743.49,10078.13,9222.22,9437.66,8282.58,8340.97,8387.85,8274.55,9160.08,7483.92,7018.48,6467.13,5988.39,3970.92,3882.9,4748.66,3715.05,3903.19,4479.84,5392.02,5646.95,5922.6,7194.93,7184.21,7570.86,7716.19,7447.3,7225.48,6768.03,6396.34,7288.55,7761.2,7390.7,7801.35,8541.93,8370.09,11138.77,11336.08,11985.83,12495.05,12228.14,12950.24,13251.25,14947.66,14311.57,16161.11,16243.86,13133.86,10832.53,13345.16,12186.07,10839.74,13888.09,15061.29,14550.39,15401.87,12749.07,12125.56,12563.39,12243.86,12366.45,13382.79,14928.53,16181.99,16907.92,15533.46,14628.56,15501.17,16584.75,15193.08,16973.37,16333.1,18724.28,19769.31,19957.53,20474.32,18915.87,20211.06,21953.84,21772.66,22521.34,22734.47,21401.71,20874.83,19509.22,19173.09,20514.77,19509.84
DE0005200000,BEIERSDORF,DE,EUR,4027.63,4051.42,3983.89,3856.33,3887.45,4047.7,4118.2,4192.0,4161.79,3896.0,4342.59,4433.38,4620.0,4922.29,5215.53,5463.65,5259.53,5534.99,5780.39,6095.31,5820.13,6243.3,6502.76,7136.43,7344.13,7090.96,7492.81,8040.49,7982.81,7923.64,7798.07,7497.32,8285.15,8795.47,8968.93,8600.11,8500.12,8940.03,9365.01,9503.15,8836.77,8312.72,7324.81,6594.89,7124.29,6060.17,6221.67,6601.15,5536.41,4719.85,5049.34,4630.16,5686.16,5439.62,5809.13,5906.41,6795.82,7116.16,7564.54,7678.25,6822.96,7081.55,6943.67,6659.41,6408.45,6519.89,7000.93,6326.3,7201.3,7704.36,6864.13,6592.68,6479.09,7087.27,7203.8,7790.83,7935.35,7753.3,7725.1,7056.7,6423.96,6991.68,6867.01,6770.8,7185.65,7523.97,7783.73,8511.69,7639.67,7857.15,8050.94,8677.01,8901.48,8817.03,9515.85,9891.72,10664.79,10613.56,11221.52,11079.53,11071.7,10709.78,11341.68,10535.5,10864.89,11782.19,12441.56,12458.3,12109.91,12527.43,11987.4,12370.04,12452.17,11985.03,11178.92,10961.62,10342.4,9996.03,11006.99,10154.12
DE0005408884,LEONI DEAD - DELIST.21/08/23,DE,EUR,762.04,858.18,898.66,840.04,857.4,854.57,922.8,1021.83,1064.22,1038.55,1050.12,1050.63,1113.82,1156.22,1176.44,1368.5,1303.19,1275.36,1316.41,1181.05,1178.2,1287.69,1416.2,1378.09,1412.07,1393.94,1388.04,1530.66,1639.87,1613.64,1726.6,1818.65,2106.73,2200.32,1846.25,1706.74,1435.48,1473.93,1682.88,1870.96,1805.13,1524.45,1477.54,1590.43,1073.57,450.59,495.54,642.14,414.83,320.43,323.18,511.83,566.81,599.78,698.16,767.96,828.29,737.23,823.52,846.23,817.29,686.87,848.1,842.48,738.65,770.4,1080.19,947.34,1226.13,1320.05,1348.92,1591.28,1538.89,1520.09,1563.82,1986.43,2072.1,2116.09,2078.0,1586.79,1219.42,1567.62,1366.85,1225.38,1664.51,1861.98,1921.42,1891.49,1584.81,1476.89,1428.93,1445.93,1450.22,1291.05,1337.65,1455.22,1663.15,1748.92,1496.88,1747.19,2057.92,2011.84,2006.85,2204.27,2459.44,2756.69,3029.69,3031.73,3142.07,3068.29,2964.2,2997.81,3304.59,3283.55,2794.68,2558.33,2251.3,2360.08,2474.22,2464.66
DE0005439004,CONTINENTAL,DE,EUR,2489.7,2657.85,2783.74,2644.94,2590.74,2625.97,2835.82,2868.2,2996.04,2778.96,3086.05,3215.47,3538.56,3742.51,4010.25,4325.81,4029.35,3763.22,3768.83,3933.43,4268.06,4111.64,4194.95,4277.97,4431.66,4576.58,4736.27,5246.91,5295.28,5267.72,5461.38,4898.73,5193.79,5660.83,4889.57,4867.01,3894.07,3709.08,3867.93,4545.65,4858.36,3930.32,4337.37,4196.57,3154.6,1655.86,1841.65,1525.71,688.19,586.73,633.81,999.86,1220.58,1090.21,1331.79,1580.02,2077.6,2061.87,2030.94,2024.29,2188.59,1817.48,2038.17,2239.22,1870.49,2064.66,2537.64,2430.33,3077.14,3497.54,3104.81,3110.19,3161.12,3376.28,3603.67,3994.44,4076.01,4169.82,3963.82,2946.49,2306.2,3016.95,2782.72,2471.82,3177.69,3645.55,3757.94,3930.5,3382.9,3360.36,3679.54,4053.3,3988.93,4064.14,4473.5,4677.57,4751.95,4768.89,4851.32,4821.96,5475.92,5540.58,6515.53,6229.21,7039.86,7614.8,8675.09,9128.24,8926.88,10092.11,9999.28,9848.09,9973.29,9775.87,9103.46,9028.28,7995.48,8276.15,8843.94,8968.11
DE0005470405,LANXESS,DE,EUR,130.36,152.58,138.45,139.28,143.45,150.43,195.21,198.4,202.46,195.8,213.0,213.18,212.91,232.34,253.7,276.03,272.19,265.04,251.87,276.54,287.75,308.16,355.67,374.17,347.45,334.07,345.62,371.82,380.65,378.82,368.27,339.49,320.14,335.39,316.68,326.53,233.43,259.3,273.99,263.83,316.0,288.12,273.08,271.31,190.58,106.08,117.18,131.78,102.89,104.02,118.89,150.06,168.35,177.97,208.75,218.75,248.24,227.78,274.24,273.68,275.67,264.97,332.54,341.0,293.15,314.71,352.85,320.97,403.32,509.27,518.93,577.07,532.89,547.99,548.04,672.31,637.6,600.95,597.44,460.14,361.28,439.15,408.31,382.1,482.97,557.37,613.19,592.8,497.86,472.89,525.01,573.62,629.42,620.72,656.88,655.07,637.93,640.66,536.49,549.24,572.43,461.69,479.27,491.16,495.73,538.9,507.9,513.01,506.04,567.91,578.11,579.43,548.19,520.12,491.21,479.4,426.05,401.93,384.52,361.9
DE0005552004,DEUTSCHE POST,DE,EUR,121.23,125.87,127.73,122.63,126.59,125.54,133.47,135.27,126.19,119.96,117.13,130.06,151.37,139.78,134.15,143.08,149.89,148.94,137.11,140.3,145.23,153.34,165.34,167.41,170.01,177.59,167.08,191.51,182.03,184.86,168.43,166.25,165.55,172.88,194.19,194.85,183.52,189.99,175.57,178.48,189.54,155.56,141.1,140.53,124.67,65.44,85.15,98.02,75.01,58.26,64.4,73.17,88.08,82.59,100.34,110.03,119.48,107.25,119.37,123.95,111.93,103.73,110.52,108.9,99.44,98.52,116.01,109.36,121.94,124.89,108.44,113.28,122.73,122.95,120.87,132.11,131.88,134.92,124.76,106.68,90.25,107.55,106.21,108.7,116.85,123.86,134.86,131.61,121.56,129.89,133.24,142.94,144.95,146.83,153.26,161.02,173.8,166.4,170.41,175.14,193.72,189.64,213.76,220.74,253.72,258.64,270.04,279.5,264.12,286.43,285.39,287.2,290.54,283.78,252.22,257.89,251.71,247.77,261.5,258.99
DE0005557508,DEUTSCHE TELEKOM,DE,EUR,167.36,161.78,154.98,151.0,150.4,149.41,160.19,152.58,147.24,142.51,134.19,133.78,127.73,127.52,135.89,145.91,137.87,136.39,131.25,123.94,134.69,147.3,150.95,155.42,148.53,152.0,139.73,155.77,166.23,165.15,154.51,167.06,175.69,183.66,198.7,196.99,182.64,171.21,150.58,161.07,160.18,157.42,166.66,158.82,145.12,142.5,132.32,143.02,117.1,117.16,119.29,117.21,119.89,122.91,133.15,139.58,143.17,142.97,155.14,155.32,136.86,135.43,142.66,137.55,127.0,135.52,152.7,150.21,156.29,164.5,146.65,146.91,152.35,153.35,175.54,189.84,180.62,189.45,187.86,156.91,143.97,156.36,156.86,139.46,136.96,143.2,146.29,137.07,130.23,144.36,148.07,157.78,162.37,151.17,145.15,149.43,161.94,142.59,140.07,156.55,162.66,164.78,172.1,180.25,204.62,223.24,225.51,243.65,229.81,240.88,229.93,236.22,247.28,258.42,243.09,221.24,222.77,220.66,251.03,237.84
DE0005773303,FRAPORT,DE,EUR,113.39,129.17,121.74,118.72,122.69,128.38,137.74,140.85,156.19,151.69,150.03,160.5,193.92,231.54,231.18,229.82,208.42,220.14,223.04,236.82,211.45,211.56,217.34,220.68,233.8,253.14,225.07,223.7,228.63,224.0,216.01,215.76,217.03,243.96,243.39,250.89,233.91,236.44,228.25,227.75,215.88,216.47,198.3,209.19,190.13,103.36,111.3,137.69,121.18,99.75,103.59,131.85,139.38,143.54,152.76,170.25,179.01,158.13,166.25,173.3,171.67,169.43,177.4,175.3,153.91,148.44,182.14,180.72,211.74,219.24,204.52,218.82,244.15,247.74,253.49,277.87,283.43,285.07,285.1,247.58,211.27,228.05,200.59,176.37,213.61,219.72,221.43,230.98,184.52,196.25,207.86,202.71,211.77,212.2,203.45,211.25,222.54,217.2,205.37,218.25,215.92,227.53,242.67,239.91,262.48,291.98,277.46,281.85,277.4,300.33,280.95,275.35,289.97,269.96,252.83,260.55,251.99,235.06,234.38,224.34
DE0006047004,HEIDELBERG MATERIALS,DE,EUR,1138.82,1125.76,1093.61,1008.28,1126.63,1261.78,1269.16,1263.47,1267.16,1321.5,1514.52,1558.1,1791.86,1877.54,1993.93,2141.68,2114.98,1999.91,2212.13,2216.65,2312.76,2387.66,2495.66,2593.16,2604.36,2570.28,2617.81,2850.16,2887.5,2702.08,2664.19,2676.19,2632.2,2862.3,2932.89,2783.66,2676.15,2878.13,3106.38,3017.26,3112.16,2605.56,2174.4,2057.16,1901.0,1318.74,853.39,805.48,705.95,487.23,595.05,765.66,671.09,755.83,793.73,1060.11,1276.2,1181.55,1310.73,1352.33,1197.87,1015.04,1107.94,1219.25,1078.01,953.15,996.95,797.25,958.23,1036.13,1081.97,1242.17,1296.48,1387.36,1387.6,1516.58,1378.97,1262.09,1107.37,861.84,728.48,922.5,832.05,850.03,977.02,1077.19,1206.24,1097.89,878.79,960.59,935.44,1009.56,1060.26,1065.61,1094.36,1207.73,1270.19,1388.22,1443.72,1448.97,1526.78,1359.34,1549.15,1397.49,1567.77,1598.88,1578.31,1540.8,1510.23,1669.53,1738.86,1757.16,1760.74,1745.76,1522.06,1542.44,1351.71,1391.81,1551.17,1458.09
DE0006048432,HENKEL PREFERENCE,DE,EUR,665.47,665.95,674.04,651.23,697.58,677.15,711.19,713.86,689.96,648.4,729.38,758.28,846.43,834.23,883.58,922.06,864.31,876.77,910.06,978.45,1069.72,1026.51,1098.08,1128.8,1196.39,1080.04,1130.65,1229.12,1210.05,1229.12,1274.83,1208.2,1194.46,1188.13,1289.92,1307.34,1056.73,1038.54,1080.69,1011.14,1135.53,948.33,950.28,937.99,864.47,678.59,669.71,758.44,615.43,562.57,643.32,661.52,749.8,758.77,892.96,963.03,1049.81,1098.55,1230.67,1268.22,1260.52,1257.69,1314.71,1322.97,1161.18,1213.68,1232.62,1167.85,1331.71,1455.36,1521.27,1552.37,1510.53,1498.54,1537.16,1715.48,1780.99,1741.9,1702.45,1493.78,1346.25,1505.89,1492.45,1456.68,1548.55,1640.08,1841.89,1901.84,1644.71,1690.67,1841.89,1927.6,2038.04,2041.2,2133.57,2088.97,2261.5,2255.79,2461.33,2434.85,2501.02,2422.22,2522.05,2498.47,2656.02,2808.32,2922.25,3005.72,2809.05,2890.21,2805.79,2908.46,3022.8,3035.76,2917.79,2760.61,2605.05,2593.93,2909.77,2847.67
DE0006070006,HOCHTIEF,DE,EUR,2199.92,2208.58,2162.46,2010.49,2369.44,2423.9,2644.37,2826.0,3096.69,2812.09,2815.54,3100.15,3665.82,3723.41,3928.95,4720.61,4130.63,3933.64,3652.82,4005.61,4413.77,4600.31,4743.84,5125.1,5682.43,6191.61,7141.5,7466.43,8263.48,7795.88,7274.18,7209.9,8671.57,9810.01,9513.1,9498.63,7122.2,7801.58,6582.88,7348.97,8471.82,7243.85,5666.12,6195.53,3455.51,2265.45,2834.69,3622.78,2529.77,2046.6,2745.11,3510.47,3644.03,3814.95,4509.82,5581.47,5740.59,5679.4,5966.39,5772.43,5686.92,5333.94,6407.13,6254.35,4968.26,4691.44,5014.8,5158.93,6717.24,6709.44,5801.77,6579.97,6888.47,7636.51,8342.57,7362.96,6760.26,6718.4,6347.34,5734.76,5085.32,5865.44,4605.08,4619.6,5216.35,5634.91,4882.04,4694.26,3605.54,3863.03,3844.93,3778.55,3776.34,4008.98,4275.3,4622.82,5251.88,5438.63,5233.8,5603.99,5765.7,5409.93,6205.24,5801.51,7134.56,7411.79,7249.05,7016.48,6487.08,7592.14,7432.09,7585.55,7532.11,7176.54,7053.34,6617.52,5770.75,6192.14,6273.31,5910.58
DE0006231004,INFINEON TECHNOLOGIES,DE,EUR,26.94,30.09,27.84,24.32,25.63,27.24,28.6,27.06,28.59,27.16,26.01,26.5,27.39,26.82,29.83,35.29,32.81,32.29,31.04,34.11,34.38,35.24,37.75,40.81,41.61,44.52,45.06,45.44,45.12,48.03,48.04,45.31,49.87,42.55,34.77,34.46,29.27,23.62,20.56,26.94,26.17,24.97,22.01,25.05,16.13,9.13,6.87,3.84,2.62,1.79,3.38,7.58,9.1,10.28,13.23,17.28,18.45,14.72,15.54,18.06,18.15,17.72,22.53,22.97,18.59,19.22,21.85,18.32,22.47,25.62,28.94,30.51,34.7,35.98,33.83,37.2,37.97,36.88,32.96,28.12,24.5,29.84,27.02,24.74,30.02,33.52,34.06,33.15,26.43,22.48,24.14,23.14,21.33,22.79,25.61,27.06,30.22,28.69,26.86,26.99,28.89,28.43,30.1,30.72,34.13,32.99,34.61,36.42,35.05,39.06,41.19,40.17,42.77,43.15,38.33,40.07,35.66,33.49,33.93,36.83
DE0006599905,MERCK KGAA,DE,EUR,280.91,326.56,306.01,328.73,338.39,347.97,384.4,369.1,363.71,356.57,355.17,356.61,451.53,431.5,409.58,457.9,441.28,392.92,398.48,432.52,461.05,460.69,477.69,453.39,516.76,558.23,570.4,600.07,590.73,613.82,561.52,576.45,546.12,560.75,584.37,584.89,551.47,558.89,582.16,663.24,656.77,662.7,565.23,536.87,494.47,412.06,388.0,418.75,397.7,352.77,411.55,428.95,458.53,486.33,441.28,433.29,474.44,450.98,452.5,443.33,430.29,376.74,387.75,398.9,350.27,357.27,432.46,423.46,409.18,404.24,381.18,392.44,415.98,439.8,439.25,524.54,544.81,538.01,531.47,444.58,406.97,466.25,489.35,495.39,516.77,512.87,547.89,555.34,462.98,498.63,507.91,577.52,623.56,644.72,673.14,661.38,697.73,712.53,760.23,775.41,811.85,779.58,841.9,768.79,793.42,853.5,887.6,915.61,793.16,898.79,860.83,862.33,891.37,901.84,920.99,905.3,956.55,936.93,1037.64,988.29
DE0006602006,GEA GROUP,DE,EUR,91.73,105.16,98.1,84.73,86.98,91.57,103.85,89.93,87.7,87.03,89.18,94.36,118.38,124.98,128.06,144.36,134.0,131.15,126.08,125.87,138.49,138.26,152.86,172.25,176.83,177.73,211.75,225.18,246.22,265.93,253.85,250.81,271.28,286.98,278.85,262.91,234.61,249.77,259.61,288.47,301.3,272.99,256.43,245.29,151.9,111.77,120.6,132.88,90.11,85.76,82.55,105.02,126.01,122.16,131.49,143.53,169.34,153.17,171.38,180.12,166.75,151.49,187.92,183.04,165.5,165.41,183.84,171.05,204.99,214.36,198.72,238.21,235.16,253.71,270.76,303.28,279.73,299.35,291.96,244.14,197.19,231.68,245.41,232.95,269.61,283.74,286.91,281.32,215.26,226.37,230.1,225.16,257.66,266.09,279.46,274.83,308.98,304.56,282.31,295.05,317.6,308.31,359.23,352.12,358.12,382.03,407.62,416.79,409.43,423.4,399.95,397.5,382.89,421.16,399.06,402.04,387.97,407.15,425.61,394.52
DE0006969603,PUMA,DE,EUR,768.32,734.98,785.99,725.5,799.47,778.88,790.25,847.69,852.83,792.43,849.14,914.62,998.32,1125.67,1186.43,1274.61,1161.16,1230.44,1149.48,1100.46,1076.69,1123.3,1149.89,1234.51,1145.8,1122.15,1152.2,1457.25,1423.21,1420.04,1280.69,1284.16,1360.12,1362.17,1285.3,1257.59,1132.02,1136.41,1238.27,1143.72,1257.28,1083.74,1046.14,1021.76,878.33,539.53,540.72,630.31,580.35,489.22,490.03,691.73,760.65,721.92,828.15,927.95,1086.87,1004.82,1125.89,1099.56,977.37,925.41,1039.23,1105.39,941.07,898.92,968.31,884.64,1087.6,1089.65,984.1,1095.36,1021.77,986.36,977.85,1116.54,1049.63,1050.81,1022.72,1156.0,979.81,1081.25,1047.92,961.74,1041.25,1159.28,1182.42,1175.53,1010.49,973.48,941.03,977.08,925.07,955.89,974.89,993.86,1059.05,1022.63,1047.91,1039.2,971.74,948.74,937.34,956.49,1010.53,1003.57,1074.18,1088.67,953.49,952.35,945.47,985.02,983.63,961.73,860.69,834.26,776.44,706.8,773.32,705.9
DE0007030009,RHEINMETALL,DE,EUR,2173.85,2404.22,2229.63,2094.05,2168.57,2136.96,2368.49,2530.63,2823.19,2612.98,2474.2,2665.24,3099.34,3312.14,3299.13,3442.47,3202.18,3004.19,2782.22,2890.24,3133.65,3111.62,3007.16,3269.39,3387.25,3473.08,3974.02,4303.03,4142.03,4063.3,3943.99,3634.58,3481.01,3870.63,3637.63,3509.35,3076.13,3078.25,3097.87,3326.78,3555.34,3245.53,2752.86,2874.4,2419.58,1370.93,1050.82,1419.32,1402.1,1488.2,1527.76,1906.39,1956.26,2024.45,2310.07,2285.46,2787.77,2563.79,2817.95,3002.44,3008.19,2962.72,3361.27,3300.89,2673.23,2734.95,2844.25,2624.46,3137.34,3414.34,3077.45,3797.39,4049.03,3837.8,3937.64,4246.5,4181.68,4273.31,4013.7,3247.64,2308.72,2600.26,2327.9,2158.8,2626.49,2976.55,2875.37,2719.3,2114.24,2484.05,2579.37,2539.73,2396.79,2430.72,2357.3,2431.58,2705.98,2803.18,2368.85,2441.97,2685.78,2498.13,2507.02,2627.66,3066.18,3316.09,3304.68,3286.45,3420.85,4034.34,3779.54,3547.93,3716.35,3809.41,3285.48,2910.6,2612.32,2333.79,2300.32,2378.05
DE0007037129,RWE,DE,EUR,3150.0,3315.89,3306.91,3352.19,3455.09,3639.69,3769.38,3750.12,3733.32,3578.74,3893.13,4142.73,4642.0,4836.33,4898.9,4992.93,4923.53,4802.16,5053.9,5276.21,5323.68,5685.72,6579.17,6348.82,6008.96,5898.28,6082.05,6395.34,6789.93,6384.81,6423.59,6780.34,7539.4,8197.73,8239.9,8490.88,7391.59,7308.21,7465.08,7244.45,8103.61,7904.39,7526.33,6791.59,5989.13,5229.51,5235.5,5524.37,4918.95,4032.78,4424.98,4922.89,5648.84,5378.07,5730.74,6303.77,6339.37,5978.82,6256.32,6666.8,6084.76,5790.56,6061.1,5905.28,5155.3,4739.33,5078.86,4718.41,4874.65,5155.81,4513.19,4823.9,5203.01,4867.83,4610.49,5076.36,4510.7,4328.42,4082.83,2913.06,2904.4,3356.8,3207.76,2726.68,3000.27,3573.31,3738.73,3546.58,3029.69,3353.93,3237.25,3467.71,3727.98,3777.41,3442.6,3398.04,3127.14,3059.36,3098.28,3203.56,3056.2,2837.89,2675.24,2442.06,3028.18,3287.25,3421.66,3271.66,3290.47,3536.16,3599.55,3510.47,3687.51,3956.39,3705.84,3575.36,3589.49,3269.91,3345.64,2866.31
DE0007042301,RHOEN-KLINIKUM,DE,EUR,1326.68,1380.17,1279.73,1345.03,1330.17,1393.99,1485.63,1576.94,1553.28,1474.26,1528.58,1552.88,1752.04,1774.21,1739.24,1900.16,1801.32,1816.29,1566.01,1688.96,1857.53,1711.52,1870.72,1975.09,2161.97,2227.9,2469.88,2506.3,2567.39,2513.12,2425.79,2572.01,2671.33,2636.44,2634.2,2620.15,2217.38,2419.6,2483.13,2540.14,2580.87,2673.48,2770.72,2851.86,2383.42,1825.75,1650.45,2071.07,1711.34,1608.83,1616.53,1776.37,1694.49,1911.79,2050.57,2023.89,2273.2,2180.4,2217.23,2202.8,2215.92,2223.05,2305.17,2313.48,2058.41,2038.29,2091.57,2001.67,2025.17,2140.0,1930.4,2010.92,2138.48,2018.01,1981.22,2099.03,2289.74,2261.43,2335.39,2292.21,1922.27,1887.67,1774.02,1796.73,1943.22,1841.62,1879.81,2624.41,2552.86,2258.75,2044.29,2284.45,1894.7,1864.57,1938.94,1916.32,1987.55,2032.11,2030.14,2024.21,2059.56,2218.89,2344.17,2216.23,2494.65,2694.68,2714.53,2843.97,2851.64,3115.82,3096.97,3128.14,3209.64,3201.65,3033.13,3064.04,2972.94,2911.53,2859.31,2748.41
DE0007100000,MERCEDES-BENZ GROUP N,DE,EUR,83.08,84.35,82.04,75.18,77.4,77.66,92.76,98.01,101.63,95.34,96.57,97.02,109.59,106.08,109.54,108.4,103.56,97.2,101.89,103.87,98.67,111.95,115.13,122.0,122.48,134.17,162.0,164.79,184.53,186.12,184.85,180.07,203.13,223.65,206.51,195.45,156.38,169.66,173.5,162.93,159.52,129.6,122.38,123.48,106.1,72.29,65.61,77.01,59.18,48.37,54.08,76.93,78.64,77.57,98.81,97.01,108.81,104.39,109.07,114.66,99.89,90.19,101.61,110.36,107.93,110.44,115.26,104.84,136.3,142.24,140.5,146.87,158.0,151.61,152.56,171.91,157.61,167.09,161.26,121.31,100.15,115.57,100.5,97.74,123.61,136.13,134.95,129.56,108.83,105.16,116.74,114.97,113.99,109.88,115.8,128.05,136.34,140.3,128.29,136.28,157.56,148.96,170.55,168.98,192.31,202.7,204.97,214.66,206.4,229.58,234.63,236.64,242.89,238.7,211.61,208.6,195.12,198.28,214.87,214.72
DE0007236101,SIEMENS,DE,EUR,2318.53,2279.44,2306.48,2137.31,2141.44,2132.02,2250.65,2214.29,2255.08,2163.14,2210.42,2489.04,2708.33,2728.17,2762.77,2809.09,2548.29,2582.17,2392.96,2516.56,2586.64,2659.23,2832.07,2958.27,3304.76,3175.23,3217.03,3678.8,3974.97,4326.21,3868.87,3804.26,4134.58,4124.37,4604.12,4787.78,3945.13,3953.91,3375.3,3640.48,3492.51,3401.17,3763.59,3370.1,2866.98,1852.8,1840.01,2259.24,1795.68,1642.18,1828.36,2134.09,2331.39,2199.09,2525.85,2759.03,2967.22,2878.06,3121.14,2941.17,2942.32,2811.59,3277.16,3191.93,2961.05,2963.83,3176.79,2974.59,3454.61,3726.62,3600.52,4076.9,4318.25,4520.46,4605.83,4893.21,4483.28,4598.98,4281.07,3485.17,3058.15,3577.58,3365.59,3215.66,3295.9,3509.49,3519.16,3243.76,2887.8,2927.07,2962.17,3310.74,3499.6,3517.3,3602.93,3777.01,3965.93,3777.1,3901.03,3780.28,3814.85,3656.54,4077.19,3959.58,4510.39,4783.29,4951.19,5121.59,4869.84,5134.02,5186.86,5083.56,5130.64,5087.66,4768.03,4838.0,4571.42,4341.08,4582.65,4383.39
DE0007257503,CECONOMY,DE,EUR,216.69,232.74,223.09,220.22,212.66,210.86,214.3,215.47,210.1,192.18,190.38,204.45,215.99,226.21,217.94,240.11,246.67,246.58,247.64,255.08,253.31,258.27,271.45,276.17,296.72,299.92,306.97,337.27,358.34,366.18,347.92,382.3,398.45,400.92,401.21,370.68,360.76,371.51,358.44,351.15,333.79,289.99,256.57,253.78,226.25,143.68,138.61,181.01,164.66,132.28,149.36,193.39,253.54,224.18,270.4,255.77,265.4,259.79,295.0,288.99,259.15,241.29,279.04,281.55,252.96,248.14,267.84,242.91,315.79,337.88,347.28,348.97,340.63,353.83,330.65,355.13,330.65,302.07,273.64,220.35,213.66,233.76,243.48,181.73,191.28,198.29,192.42,160.78,151.91,153.61,144.18,158.54,157.95,152.73,147.65,145.25,164.27,164.06,150.4,164.85,184.22,173.15,188.15,200.62,216.99,256.27,274.68,266.52,225.95,227.46,223.82,218.39,228.52,238.81,197.82,192.28,180.03,175.35,186.42,167.16
DE0007500001,THYSSENKRUPP,DE,EUR,2105.81,2260.75,2042.88,1820.34,1822.76,1720.16,1861.39,1884.7,2071.41,2007.0,1988.4,2054.59,2611.42,2593.37,2953.7,3373.91,3520.48,3499.66,3575.07,3481.1,3452.71,3799.37,3968.82,4832.26,4943.05,5150.37,5198.55,5695.38,6128.85,6244.05,5927.5,6180.36,6687.53,6996.92,6252.04,5912.94,5334.62,6350.54,6298.41,6881.93,7392.27,6884.62,6118.06,5513.14,3292.23,2065.39,2199.03,2930.47,2432.62,2151.64,2096.42,2553.23,3029.72,2949.05,3628.98,4020.67,4104.11,3827.32,4332.8,4527.33,3860.0,3809.79,4137.57,3933.74,3248.54,3006.57,3559.23,3304.5,3938.16,4412.01,4639.62,5012.08,4959.55,5072.3,4986.28,5628.2,5779.42,6306.71,5400.61,4142.04,3024.12,3568.55,3136.1,2811.53,3548.44,3389.81,3106.75,2957.16,2063.33,2024.03,2289.87,2490.39,2676.6,2842.02,2517.93,2916.56,3030.27,2810.19,2552.62,2277.84,2502.58,2450.25,2697.53,2622.36,2981.63,3193.43,3277.48,3045.04,3193.38,3414.7,3337.91,3551.09,3749.94,3637.21,3535.3,3463.99,3258.79,2990.39,3285.87,3223.49
DE0007664039,VOLKSWAGEN PREF.,DE,EUR,263.72,271.36,267.62,243.26,249.87,270.74,318.17,305.12,354.15,313.74,295.15,295.29,332.17,398.38,421.98,430.84,400.27,399.01,423.71,449.47,469.2,505.97,550.79,592.75,587.53,699.8,813.82,823.0,792.02,835.75,909.62,1008.65,1108.71,1537.44,1231.77,1175.99,1113.82,1131.82,1347.59,1359.69,1250.77,1195.33,1287.34,1279.6,1021.28,521.71,338.21,445.48,407.92,373.08,474.54,538.49,624.09,598.13,667.93,805.48,988.76,848.77,730.68,800.87,700.2,700.27,792.51,841.96,775.75,784.0,934.35,882.66,1066.55,1330.66,1425.31,1441.22,1430.34,1488.99,1434.31,1739.57,1595.79,1852.89,1798.18,1497.21,1211.52,1585.68,1532.17,1341.72,1597.8,1692.21,1576.61,1736.29,1471.23,1458.63,1569.99,1622.6,1688.48,1908.88,1996.05,2088.43,2285.11,2016.92,1837.23,1915.42,2059.89,1902.01,2233.57,2139.79,2222.21,2387.34,2501.17,2651.65,2390.54,2462.74,2446.57,2535.36,2559.16,2517.73,2247.0,2161.96,1994.32,2050.88,2218.2,2152.44
DE0008402215,HANNOVER RUECK,DE,EUR,385.25,431.42,397.07,374.43,383.44,392.88,391.05,369.68,357.68,372.02,343.69,363.21,390.31,391.84,383.63,382.14,377.72,360.87,364.24,397.58,433.45,437.92,434.95,477.06,457.23,440.96,457.42,527.42,517.59,523.0,485.79,501.43,545.35,567.43,513.76,500.07,479.27,516.62,564.03,587.45,634.92,569.73,548.19,492.65,409.86,288.24,263.54,366.82,347.47,416.63,367.67,374.6,426.26,424.02,466.24,507.67,528.41,524.69,552.24,543.48,535.09,519.81,570.82,543.93,522.07,530.93,591.54,545.21,566.58,617.8,582.59,657.82,687.76,714.42,673.81,746.86,691.31,679.51,679.48,615.87,593.8,653.56,676.49,647.21,693.78,724.57,775.2,789.64,725.64,808.85,818.39,835.65,874.52,953.76,1007.43,1058.61,1102.55,1064.38,1068.95,1150.03,1079.7,1027.15,1060.3,996.05,1057.44,1150.93,1189.08,1231.09,1139.34,1221.13,1280.45,1332.71,1333.41,1345.72,1281.02,1247.51,1205.42,1244.41,1337.06,1360.37
DE0008404005,ALLIANZ,DE,EUR,2552.53,2704.39,2733.58,2556.99,2587.09,2520.59,2782.65,2820.19,2963.75,3076.38,3181.92,3300.84,3518.0,3534.73,3650.93,3650.2,3440.79,3505.07,3483.89,3763.48,3838.85,4107.65,4329.45,4535.69,4414.8,4772.23,4551.93,5054.82,5033.46,5296.32,4868.65,4884.43,5294.36,5112.12,4714.48,4918.78,4043.4,4035.42,4528.23,4620.49,4485.09,4184.89,4065.07,3993.98,3228.67,1792.1,1957.32,2473.48,2010.46,1626.28,2005.75,2302.12,2451.61,2289.12,2454.67,2882.32,3140.17,2871.07,3067.81,3136.9,2788.24,2875.66,3138.19,2862.96,2625.1,2624.34,3033.19,2699.72,2978.6,3285.37,2912.87,3132.61,3658.87,3792.34,3702.24,4139.52,3799.83,3815.64,3575.84,2849.84,2592.72,3103.1,2812.52,2613.15,3034.7,3336.45,3281.98,3055.32,2620.82,2902.95,2880.54,3175.26,3458.88,3592.8,3766.12,3992.55,4150.56,3974.81,3946.86,4279.33,4674.57,4395.05,4665.47,4312.59,4733.82,5062.79,5231.46,5402.78,5030.12,5374.11,5107.79,5207.75,5320.6,5245.86,5225.81,5360.61,5081.69,4967.89,5402.41,5234.58
DE0008430026,MUNCH. RVRS.GESELL. MUNCH.N,DE,EUR,5420.63,5847.22,5725.12,5336.41,5348.47,5187.89,5665.95,5428.82,5571.2,5703.69,6357.11,6562.15,6603.43,6607.13,6893.18,7059.76,6762.05,6827.97,6878.07,7498.45,7895.19,8084.35,8167.29,8630.29,7841.07,7990.91,8396.44,9232.7,9693.95,9471.51,8966.8,8954.34,9878.08,9869.49,9440.12,10037.58,9250.7,9116.23,10154.17,10418.97,10114.25,9460.99,8994.72,8426.44,8076.75,7185.58,7317.22,8218.53,7178.61,6658.95,6592.21,7798.65,7946.78,7689.38,8594.84,8494.79,9111.25,9091.54,8949.39,8907.68,8643.86,8818.13,9283.32,8495.92,7638.24,7599.07,8336.16,7694.13,8322.46,9369.65,8412.31,9135.3,9436.56,10069.2,9493.88,10490.05,9744.83,9693.74,9423.72,8317.28,7953.1,8655.13,8013.98,7793.51,8303.31,9333.08,9592.52,9727.76,8291.46,9436.84,9483.79,9948.15,10507.66,10775.0,11447.1,12030.63,12344.8,12099.15,12562.52,14050.66,13161.15,12870.97,13843.84,12760.57,13727.25,14660.81,15356.9,15551.09,14509.45,15354.82,15399.97,16244.4,16311.33,16245.24,15658.84,14766.96,14490.82,14392.24,15130.59,14791.68
DE000A0D9PT0,MTU AERO ENGINES HLDG.,DE,EUR,,,,,,144.99,149.92,140.55,148.98,138.31,148.22,147.9,163.35,158.68,161.36,171.91,157.84,161.51,173.04,168.88,182.47,199.88,199.74,230.02,259.24,256.57,289.12,292.56,307.88,324.14,343.06,317.68,302.73,304.01,267.35,285.0,263.56,253.6,211.06,227.53,221.4,167.64,159.38,179.24,139.0,101.42,102.86,136.57,143.85,133.25,119.21,173.22,173.28,194.11,192.44,225.56,251.31,242.12,272.09,290.42,277.81,267.98,311.51,298.91,297.26,305.7,316.34,301.96,312.38,328.05,319.34,365.23,385.56,363.23,365.58,417.37,426.12,443.1,406.59,365.29,352.37,377.18,355.19,354.61,389.24,424.95,445.88,469.09,417.05,417.99,430.93,433.38,447.97,477.46,505.41,516.17,539.31,529.01,539.27,538.84,582.11,557.27,524.98,521.63,537.46,577.16,544.74,568.17,510.37,485.57,536.98,543.02,548.46,543.83,508.04,514.51,504.23,517.0,525.28,514.6
DE000A0S8488,HAMB.HAFEN UD.LOGISTIK,DE,EUR,,,,,,,,,,,,,,,,,,,,,,,,,,,,,,,,,,,166.99,166.92,139.17,147.8,146.2,157.66,163.49,148.13,126.27,122.77,113.62,64.29,57.36,62.89,48.91,44.02,47.11,68.4,79.93,76.38,90.68,83.27,89.55,77.57,77.29,76.91,73.9,72.93,76.11,72.33,62.82,65.0,73.71,70.97,78.81,88.27,81.49,94.02,89.43,92.15,93.53,97.0,97.36,89.59,82.08,70.18,57.97,63.53,61.36,61.32,66.1,73.29,69.19,68.33,51.31,54.08,46.86,51.54,54.46,51.67,47.99,49.76,52.07,50.32,46.52,45.65,51.33,46.61,52.14,48.95,53.51,55.2,55.57,53.64,55.05,59.6,52.68,52.98,55.62,59.33,57.37,55.02,53.93,47.88,51.71,47.58
DE000BASF111,BASF,DE,EUR,3314.63,3626.75,3446.33,3241.92,3345.46,3340.75,3571.22,3507.96,3786.74,3608.11,3697.17,3830.94,3944.27,3796.12,3927.34,4288.11,4207.81,4142.32,4158.42,4243.9,4141.59,4534.06,4772.37,5044.5,4960.94,5242.38,5780.48,6373.82,6606.79,6984.57,6966.0,7084.2,7393.58,7398.62,7441.81,7905.07,6921.57,6841.52,7246.03,7922.77,8342.45,7658.42,7118.44,6461.23,5347.17,3745.22,3551.29,4265.22,3266.59,3127.16,3397.81,4228.21,5014.36,4738.77,5904.89,6231.08,6319.13,6441.6,7181.28,7465.35,6782.55,6678.41,7403.14,7247.4,6537.04,6840.32,7179.97,6552.78,7842.85,9008.31,9282.54,9946.02,9556.58,10303.47,10717.43,12685.27,11867.73,12456.64,11605.23,9135.44,7867.1,9464.55,9263.23,8888.87,9862.86,11288.91,11154.13,10948.19,9276.86,9217.8,9705.63,10316.42,11230.79,11012.88,11930.73,12483.49,13534.96,12586.11,11743.76,12819.81,13414.51,12344.36,12158.32,12027.12,13172.45,14277.24,14710.97,14729.43,14748.54,15806.95,15301.0,15943.0,16382.19,16582.5,14825.54,14664.91,13025.87,12508.78,12912.0,12083.4
DE000BAY0017,BAYER,DE,EUR,2056.18,2250.15,2136.15,2119.55,2219.96,2202.04,2358.13,2316.39,2428.0,2282.75,2627.49,2736.74,2745.29,2657.79,2638.01,3027.82,3037.48,3109.61,3325.06,3345.67,3433.34,3391.15,3510.14,3639.01,3960.14,3874.93,4299.83,4737.77,4967.03,5195.78,4924.66,5465.27,5460.44,5740.38,5708.41,6285.53,5628.5,5317.94,5548.63,6011.68,6268.23,5936.55,6101.75,5610.06,5151.58,3950.34,3660.83,4064.44,3779.4,3431.76,3432.79,3514.96,4168.89,3931.64,4467.04,4508.75,5100.74,5091.24,5620.82,5912.44,5049.98,4874.46,4963.02,4704.53,4234.02,4245.08,4338.73,4620.71,5265.1,5656.38,5511.67,5575.93,5581.54,5855.64,5882.25,6619.92,6335.86,6208.6,6215.97,5015.96,4311.96,5008.97,5074.54,4946.81,5429.72,5760.68,5446.0,5640.58,5042.12,5728.14,6057.29,6191.54,6877.42,6948.03,7220.84,7564.49,7879.49,7945.97,8241.4,8530.51,8785.03,8691.39,9455.12,9069.09,9634.02,10196.3,10919.47,11500.87,10790.85,11555.4,11083.71,11558.09,12089.09,11763.78,11028.23,11247.87,11676.38,11813.53,12557.59,11436.63
DE000CBK1001,COMMERZBANK,DE,EUR,747.07,788.66,764.43,768.01,779.09,778.1,799.32,925.2,980.14,931.41,1054.0,1103.76,1212.07,1303.26,1418.32,1472.21,1363.57,1318.08,1276.06,1267.89,1228.96,1285.53,1310.98,1376.49,1527.7,1490.68,1602.24,1820.12,1818.72,1764.86,1609.15,1525.17,1500.97,1572.52,1467.49,1424.85,1110.89,1119.89,1171.28,1347.09,1365.82,1150.59,1245.74,1148.15,587.63,418.12,357.52,362.07,178.29,135.91,211.45,260.27,305.12,238.04,303.16,358.5,493.3,405.71,361.98,327.6,303.87,288.86,332.49,305.3,275.92,274.96,349.91,308.08,323.83,348.57,283.68,289.71,297.03,333.62,302.56,246.89,220.22,209.04,184.31,144.48,123.27,120.8,89.62,81.84,116.22,122.58,122.42,104.64,79.93,82.15,75.37,76.78,86.71,93.11,86.9,91.41,105.74,90.07,71.45,65.13,67.66,56.53,55.15,75.05,74.53,83.3,96.68,104.73,110.63,117.08,119.15,115.26,102.82,101.53,93.9,98.32,96.68,97.49,99.2,86.16
DE000ENAG999,E ON N,DE,EUR,4442.43,4460.7,4259.93,4329.6,4480.6,4584.59,4763.36,4892.54,4746.67,4653.43,4898.75,5302.47,5748.07,5698.92,5650.96,6289.68,6378.18,6355.62,6660.06,6997.95,6555.84,6602.61,7098.52,7521.99,7467.67,7226.01,7441.34,8353.67,9368.23,9494.26,8985.32,9571.55,10469.99,11114.39,11617.27,12108.67,10462.79,10743.3,10653.15,11600.96,12457.7,11847.69,11244.82,10315.25,8880.94,6764.77,6163.77,6860.11,5734.94,4592.33,4922.4,5939.6,6646.75,6623.42,7087.8,7888.46,7955.81,7182.67,7412.43,7816.85,6932.85,6674.5,6924.19,6928.1,6030.74,5401.98,5923.44,5610.25,5877.07,6212.25,5743.16,6082.43,6634.8,6503.42,6095.01,6804.34,6010.68,6038.4,5829.5,4645.24,4634.58,5201.4,5224.1,4551.73,4551.46,4916.33,5091.5,4820.97,4122.68,4844.31,4800.16,5176.9,5377.68,5128.67,4081.49,4187.02,3933.07,3778.92,3968.75,4117.47,4141.33,4020.66,4131.66,3865.14,4356.53,4493.59,4718.53,4524.42,4431.95,4652.86,4765.58,4649.04,4956.47,5268.52,4829.93,4649.39,4659.73,4391.38,4528.95,4413.93
DE000PSM7770,PROSIEBENSAT 1 MEDIA,DE,EUR,168.62,182.52,170.49,156.46,155.1,163.88,172.28,166.59,162.75,161.46,167.56,179.59,214.95,217.87,243.85,259.02,243.98,234.15,238.58,263.52,271.57,282.24,294.93,311.48,328.56,332.33,345.71,358.85,360.0,384.46,376.45,349.97,316.56,296.9,272.75,239.34,196.93,219.54,220.04,157.87,143.44,118.25,100.66,121.66,77.82,36.63,25.39,39.49,26.09,20.9,19.33,33.73,75.4,65.27,74.42,111.87,130.13,122.75,154.38,139.0,159.44,173.72,202.12,221.86,181.54,178.16,210.21,215.32,286.77,314.33,314.87,360.8,369.55,383.99,351.8,342.4,308.5,337.9,327.66,260.64,225.64,275.7,245.82,228.98,296.86,331.97,321.96,319.45,282.57,298.45,281.42,323.31,341.2,374.81,393.84,378.15,460.71,468.0,482.66,516.65,540.37,579.36,659.72,673.91,683.43,764.21,724.74,797.65,716.62,770.6,737.95,701.94,730.61,748.08,708.47,676.4,668.0,676.73,719.08,710.77
DE000TUAG505,TUI N,DE,EUR,2420.36,2703.67,2736.09,2490.64,2685.95,2675.16,2824.13,2540.01,2475.96,2251.54,2236.8,2356.82,2469.79,2289.56,2270.72,2465.67,2467.63,2405.53,2467.28,2377.05,2501.39,2647.25,2567.55,2429.5,2526.49,2821.55,2985.42,3348.88,3305.04,3340.19,3431.98,3158.17,3279.21,3558.8,3396.84,3399.41,2616.51,2933.19,3128.9,3465.25,3259.25,2852.82,2834.81,2459.47,2004.24,1483.41,1361.9,1364.56,1030.93,699.92,661.46,1343.96,1091.69,904.11,795.29,1069.75,1273.05,854.85,975.08,1034.21,1140.42,1208.74,1390.05,1360.95,1119.42,1094.7,1278.03,1242.36,1516.12,1438.59,1305.67,1722.02,1696.63,1613.61,1474.55,1570.37,1365.98,1337.39,1143.84,856.86,641.67,805.74,684.07,768.09,895.98,977.94,909.3,899.57,689.63,733.86,791.69,956.8,1070.29,1149.31,1224.43,1270.71,1333.46,1229.61,1331.58,1304.03,1512.02,1463.33,1548.29,1421.85,1571.08,1640.24,1794.12,2031.07,2106.75,2265.86,2081.44,2062.28,2114.19,2091.11,1773.0,1808.95,1859.96,1894.07,2120.86,2081.62
DK0010234467,FLSMIDTH AND B,DK,EUR,132.11,135.74,130.34,127.4,140.67,153.05,150.33,198.85,210.65,197.17,212.2,221.69,224.38,236.63,301.88,351.99,308.3,292.23,301.5,335.09,358.7,408.72,451.92,492.1,506.42,500.01,523.29,601.93,640.68,620.75,706.1,744.22,836.04,853.62,800.48,806.66,687.18,744.3,782.89,843.88,957.65,878.19,778.19,645.46,395.8,295.38,254.64,270.22,220.91,188.74,203.06,259.54,294.83,283.82,345.52,446.54,438.15,430.43,524.16,570.09,521.24,514.07,559.93,620.03,511.0,531.55,580.57,483.0,596.51,601.79,672.1,780.8,701.38,717.39,695.46,736.33,688.38,706.03,646.32,510.63,420.71,537.16,534.36,490.19,614.98,664.32,582.89,597.67,446.75,464.54,513.73,479.2,493.86,502.29,486.91,491.71,527.74,581.57,515.78,508.41,438.28,396.97,413.95,475.02,470.64,436.84,457.54,477.49,465.16,459.39,443.91,469.75,511.87,491.36,451.63,470.72,420.91,398.25,372.82,389.19
DK0010244508,A P MOLLER MAERSK B,DK,EUR,1136.46,1305.21,1293.79,1231.22,1268.58,1335.37,1365.69,1500.63,1431.84,1263.16,1315.64,1441.34,1391.77,1282.08,1199.19,1211.69,1143.45,1099.28,1065.36,1175.59,1209.32,1279.62,1323.56,1329.3,1420.39,1454.8,1468.66,1611.78,1740.34,1719.92,1900.79,1864.74,1952.25,1964.03,1702.74,1520.12,1386.96,1478.01,1595.85,1496.99,1798.76,1769.07,1696.82,1624.62,1233.99,826.03,737.79,757.66,697.43,684.22,633.12,850.16,907.03,882.01,911.26,1061.78,1011.93,1015.93,1075.43,1039.2,1167.44,1128.93,1124.1,1254.35,1130.7,1181.62,1250.14,1120.27,1241.41,1285.27,1204.05,1348.33,1443.96,1473.74,1396.72,1534.96,1455.16,1304.51,1161.88,1060.9,898.0,1040.25,1035.18,1002.02,1115.67,1224.97,1166.65,1211.95,961.24,1016.77,1076.09,1015.47,1110.3,1081.02,1106.55,1166.45,1237.01,1241.16,1211.77,1135.45,1142.7,1140.1,1248.12,1352.51,1462.54,1544.33,1620.72,1732.72,1777.54,1950.13,1912.76,1939.69,2123.54,2023.75,1898.85,2044.84,1935.05,1897.41,1702.98,1637.21
DK0010274414,DANSKE BANK,DK,EUR,2882.47,3039.88,3005.49,3027.29,2973.91,3109.41,3229.98,3122.01,3171.43,3237.71,3325.68,3627.18,3626.29,3685.46,3997.39,4285.4,4124.81,4105.24,4132.74,4146.64,4237.66,4526.09,4718.49,4789.8,4953.89,4981.61,5156.49,5235.64,4847.52,4562.04,4731.98,4569.76,4504.26,4895.56,4477.32,4356.43,3915.77,4283.38,4313.33,4028.37,3992.57,3371.72,3331.51,3294.48,2735.97,1705.96,1354.34,1131.32,1181.57,740.76,980.18,1300.46,1976.64,2007.74,2412.28,3133.13,3047.82,2707.93,2508.89,2650.58,2816.2,2659.47,2871.14,3065.66,2361.55,2262.37,2743.59,2599.6,2814.92,3094.41,2897.43,2998.99,3127.96,2738.63,2791.42,3030.41,2646.06,2330.83,2440.15,1868.78,1783.0,1758.14,1754.7,1604.06,1839.9,2276.49,2129.54,2043.87,1666.45,1749.27,1875.2,2193.49,2274.69,1968.23,2158.64,2127.83,2414.02,2346.54,2255.22,2382.06,2481.51,2150.07,2316.26,2514.58,2712.22,2944.09,2867.85,2892.63,2839.47,3336.53,3557.48,3603.63,3591.12,3607.02,3694.59,3596.75,3469.58,3499.43,3634.92,3471.7
DK0060336014,NOVOZYMES B,DK,EUR,33.5,34.73,34.89,34.55,34.53,35.14,36.26,36.78,36.67,37.05,35.62,38.69,39.4,42.5,48.53,55.86,51.36,48.42,47.57,50.37,54.62,57.45,60.42,61.63,61.72,61.76,64.49,76.32,77.63,84.03,86.24,85.66,90.68,78.64,79.32,82.56,55.32,63.68,68.74,66.73,78.08,66.18,69.49,73.84,64.08,51.35,51.18,57.14,58.7,54.53,53.54,50.59,58.79,60.2,66.3,63.7,69.71,68.44,75.11,77.22,76.69,76.29,83.04,90.32,80.18,80.49,95.66,88.23,95.43,99.68,98.05,104.77,103.79,104.83,115.99,130.95,126.86,123.1,123.6,111.07,108.39,114.24,121.41,117.15,106.58,112.99,111.32,100.37,102.59,99.17,94.57,106.37,105.61,105.71,105.42,107.66,125.6,133.61,131.44,133.78,133.78,123.68,132.4,140.7,148.12,151.79,149.95,163.6,167.0,181.91,171.92,187.09,191.21,196.0,193.59,181.86,169.58,181.23,172.13,164.99
DK0060448595,COLOPLAST B,DK,EUR,541.45,539.36,532.1,588.07,577.1,592.47,600.45,606.41,622.96,584.5,555.87,636.79,675.18,687.83,774.07,831.24,775.12,764.39,776.73,781.11,826.58,872.97,906.38,938.19,892.64,866.58,877.96,901.06,899.98,842.92,868.79,985.79,984.18,1003.29,970.42,918.46,858.87,895.11,970.58,1016.99,932.9,923.61,895.45,761.73,772.24,766.07,631.11,732.94,662.64,706.67,662.17,741.29,743.05,740.24,785.22,833.45,899.52,884.79,1003.57,997.26,1194.09,1245.1,1206.35,1217.99,1132.64,1090.52,1135.6,1166.8,1309.04,1352.36,1459.1,1511.35,1611.17,1561.39,1606.29,1630.49,1629.55,1681.38,1704.6,1664.44,1604.58,1630.85,1697.1,1624.46,1663.45,1859.83,1946.99,2083.46,1935.45,2025.84,2137.47,2253.28,2347.33,2468.45,2628.56,2791.24,3014.04,2984.12,3079.02,3111.51,3288.25,3229.42,3365.27,3124.69,3285.9,3765.64,3794.15,3900.61,4413.09,4958.06,4761.82,4932.82,5119.22,5364.11,5024.03,4935.65,4972.93,5162.24,5153.06,5074.19
DK0060738599,DEMANT,DK,EUR,236.46,255.05,243.98,231.92,234.05,242.65,236.45,232.23,229.1,220.56,257.45,268.56,277.86,283.81,322.42,347.25,368.03,364.2,365.45,359.99,373.74,403.9,388.16,394.8,411.46,398.66,430.93,473.93,497.37,483.75,488.58,429.84,429.54,445.98,441.23,451.95,324.23,350.99,390.88,386.32,364.48,321.2,297.06,236.66,215.59,185.04,156.88,198.85,162.1,155.34,195.88,232.33,274.68,251.95,288.57,298.76,361.66,349.24,350.97,368.8,382.7,348.48,345.42,334.04,346.27,358.59,356.99,331.63,360.12,364.88,340.45,361.43,390.74,413.9,422.56,455.05,460.44,439.7,427.63,403.51,368.24,391.88,404.35,406.5,403.89,454.18,453.59,459.95,428.14,437.96,460.92,421.23,437.3,419.03,395.91,416.69,427.23,390.15,409.03,390.36,387.94,402.45,428.41,416.9,450.63,482.76,456.31,474.33,447.83,438.95,417.04,436.06,437.91,442.45,424.0,377.37,373.87,369.2,350.41,370.76
DK0061539921,VESTAS WINDSYSTEMS,DK,EUR,46.56,51.9,56.19,48.94,63.25,64.46,71.4,80.62,94.04,83.92,57.85,63.51,76.38,81.38,96.59,105.17,100.25,106.09,104.52,108.54,103.49,109.31,149.89,163.88,170.75,180.91,216.63,255.15,272.69,256.34,262.71,262.75,305.76,345.72,369.68,419.99,367.63,399.28,425.46,424.2,533.58,508.26,512.86,530.11,329.47,157.59,173.18,219.94,189.78,171.33,170.16,256.45,283.28,278.1,271.9,278.67,280.18,275.79,272.43,237.18,207.1,192.11,211.23,237.23,185.36,162.9,188.61,145.22,146.44,123.69,110.74,123.02,133.95,133.78,168.54,138.03,116.88,90.14,85.77,81.75,63.53,61.36,52.26,42.02,43.8,40.08,39.31,34.25,23.75,21.47,18.6,27.07,27.62,22.47,18.62,21.85,23.42,27.76,31.08,33.66,57.27,55.05,78.51,72.43,97.97,104.33,110.85,114.82,127.64,140.33,156.02,172.14,207.74,195.76,175.43,163.7,151.72,129.85,143.29,142.83
ES0109427734,ATRESMEDIA CORPN.DE MEDIOS DE CMNI.,ES,EUR,281.05,282.51,300.21,299.61,300.43,299.81,295.89,294.63,277.95,297.01,335.8,363.19,413.79,405.92,393.9,408.84,384.53,355.0,337.82,357.37,317.62,336.88,370.67,373.29,348.47,354.88,353.61,341.97,356.82,337.79,312.44,302.98,298.11,294.26,255.36,254.84,231.51,230.31,229.07,211.99,177.4,141.65,146.76,156.85,130.4,95.88,101.7,108.14,85.51,76.46,72.23,102.01,130.54,140.31,181.9,194.79,196.51,159.12,162.19,209.66,201.03,187.39,207.91,177.45,117.45,109.53,138.85,129.65,157.47,194.51,151.09,181.88,203.26,189.41,181.6,186.84,158.79,165.97,160.16,142.8,119.04,122.07,120.52,126.44,132.17,126.09,124.96,110.9,80.63,94.5,82.48,94.97,100.62,88.22,96.56,115.74,132.3,133.89,122.84,137.1,148.2,177.3,234.93,219.04,289.77,377.93,346.93,372.84,423.45,401.05,346.53,322.41,354.45,324.9,333.63,332.02,345.35,332.3,313.39,321.75
ES0112501012,EBRO FOODS,ES,EUR,234.44,267.51,261.12,262.41,281.39,277.39,273.9,272.13,281.31,262.13,278.25,261.68,266.88,288.05,287.8,313.79,311.38,326.06,331.16,342.19,325.89,356.04,378.25,407.38,383.26,374.1,378.48,376.01,356.8,348.52,363.31,356.94,331.98,335.92,320.68,300.88,291.58,310.93,337.02,341.97,331.84,315.64,290.73,288.52,259.85,215.53,218.65,229.37,208.42,192.67,197.62,243.13,271.99,263.68,290.48,296.3,335.63,342.56,361.46,377.76,361.69,357.86,334.34,339.31,314.16,309.7,320.1,321.86,367.23,408.23,366.95,399.91,393.21,413.17,443.07,471.38,443.09,440.34,375.52,375.42,332.86,399.87,386.71,367.52,381.0,401.3,385.45,351.54,321.57,345.57,315.58,329.83,356.38,371.82,371.09,404.51,417.26,396.21,410.62,423.49,407.36,426.66,448.43,450.24,473.85,474.19,484.32,494.86,467.08,464.84,487.83,488.12,481.81,471.08,436.23,432.81,404.55,384.09,390.61,358.97
ES0113211835,BBV.ARGENTARIA,ES,EUR,1248.06,1285.51,1209.56,1154.12,1176.83,1155.62,1273.56,1246.86,1325.92,1337.08,1343.9,1349.92,1541.4,1555.31,1591.66,1700.22,1600.94,1584.99,1647.87,1772.14,1794.03,1885.08,1888.37,1877.56,1943.73,1911.66,1921.19,1911.59,2005.37,1950.62,1983.16,1839.87,1868.29,2022.69,2009.54,1972.2,1690.33,1694.95,1793.6,1895.67,1835.74,1580.62,1539.39,1419.45,1342.44,964.66,874.05,1018.69,807.88,632.47,697.72,958.88,1061.35,1095.88,1439.62,1567.18,1562.82,1598.73,1669.99,1628.82,1375.92,1162.35,1222.46,1191.82,942.51,951.02,1223.1,1098.73,1228.38,1202.12,877.57,966.14,1183.48,1189.5,1169.52,1257.75,1142.12,1148.23,1044.96,902.97,835.1,921.86,850.65,873.39,891.01,918.01,810.36,703.91,592.67,744.02,693.57,809.73,831.93,896.17,911.63,985.88,1079.23,1054.47,942.61,1073.46,1037.68,925.53,1057.06,1064.74,1265.76,1328.02,1355.45,1395.85,1352.57,1406.4,1386.87,1415.57,1481.12,1471.05,1433.74,1410.04,1413.96,1308.04,1262.05,1125.06
ES0113679I37,BANKINTER 'R',ES,EUR,487.18,505.46,491.09,460.42,484.2,487.41,500.89,480.55,501.47,552.27,530.46,532.31,559.53,611.7,670.9,673.81,658.31,630.07,648.15,663.28,693.54,747.8,750.57,771.94,784.6,729.19,805.74,864.92,920.1,888.7,865.15,765.24,715.52,742.14,1055.55,918.23,770.98,749.26,801.2,777.98,734.82,576.69,486.87,546.64,628.38,546.3,440.34,450.95,450.95,428.48,549.23,623.58,684.56,656.54,637.32,750.29,711.06,601.88,608.58,582.82,515.4,468.84,477.65,424.71,331.61,355.54,436.38,379.52,404.94,390.59,297.58,327.23,404.86,391.26,406.95,443.02,404.86,402.27,370.45,353.19,332.63,375.89,340.27,373.42,409.24,378.99,319.78,274.09,188.02,212.59,201.11,234.68,270.02,247.69,249.34,259.36,341.96,354.06,305.06,364.5,367.43,352.05,451.55,443.56,534.99,609.67,631.63,685.3,749.55,811.62,805.36,764.98,796.52,785.56,869.87,836.08,854.6,830.74,908.13,819.58
ES0113860A34,BANCO DE SABADELL,ES,EUR,168.96,169.13,166.03,167.14,176.06,173.18,171.32,173.88,171.75,176.64,173.66,177.02,189.72,204.28,222.11,247.39,239.12,239.47,242.57,249.8,245.82,270.58,275.46,309.44,317.7,323.7,328.5,318.37,323.3,307.87,304.39,272.25,268.5,287.74,331.54,307.8,264.59,263.1,312.89,288.09,292.04,244.61,236.38,229.25,224.05,197.45,193.13,199.85,148.91,123.49,148.77,176.46,194.51,189.77,201.73,229.49,227.19,208.46,195.72,173.42,167.31,151.21,172.55,161.42,135.48,144.82,180.69,154.11,159.41,154.39,123.74,128.75,155.85,141.37,142.52,146.84,141.82,136.64,123.98,131.13,121.0,122.28,112.59,127.93,123.95,109.18,105.84,91.91,63.57,78.42,76.95,116.86,108.39,98.1,112.52,104.97,107.96,87.85,75.08,85.48,77.44,68.06,83.86,94.43,111.06,113.28,113.87,115.18,130.38,145.77,137.45,151.62,147.63,152.28,145.36,140.87,132.16,128.62,126.92,119.09
ES0113900J37,BANCO SANTANDER,ES,EUR,802.17,845.68,830.68,792.68,785.32,796.54,851.68,841.89,911.18,881.2,887.11,916.3,1001.63,1024.3,1022.74,1085.72,1024.9,1033.94,1071.63,1106.21,1127.25,1235.06,1305.58,1339.56,1362.05,1337.69,1285.47,1301.18,1406.33,1353.2,1394.6,1346.85,1429.21,1600.07,1595.26,1605.25,1300.29,1355.72,1496.93,1614.19,1583.19,1398.93,1481.55,1315.92,1132.44,814.97,680.99,783.15,675.96,528.27,584.93,817.74,926.04,1048.76,1258.25,1360.48,1419.99,1460.97,1542.67,1492.35,1289.3,1184.91,1210.64,1154.51,946.84,992.29,1203.73,1100.88,1191.4,1217.19,901.48,1008.98,1182.0,1188.8,1119.83,1232.15,1169.78,1136.7,1036.37,924.46,835.16,879.28,769.2,777.66,812.18,868.58,801.19,678.58,576.83,719.66,682.82,800.51,835.09,862.39,884.26,924.56,987.71,894.64,792.68,877.57,870.42,772.42,911.16,879.45,1019.17,1137.42,1139.83,1147.08,1131.71,1187.29,1248.84,1328.71,1372.74,1396.72,1377.79,1364.06,1311.73,1227.52,1259.78,1180.12
ES0116870314,NATURGY ENERGY GROUP,ES,EUR,3617.14,3712.82,3606.03,3558.01,3518.92,3692.4,3791.27,3762.19,3706.52,3464.67,3468.87,3545.47,3709.35,3913.12,3713.96,3912.59,3903.63,3920.86,4221.43,4378.51,4767.48,5199.52,5344.28,5176.77,5266.57,5652.6,6187.36,6691.99,7798.94,8059.93,7766.26,7123.48,7530.4,8211.98,8256.66,7823.37,7359.25,8234.01,8378.59,7879.52,7805.99,7875.8,6703.59,6392.28,5023.45,4176.93,3765.66,3677.27,3374.69,2539.12,2241.27,2630.32,2948.92,2984.39,3154.05,3563.2,3739.67,3423.53,3514.01,3666.92,3458.71,3173.45,3193.18,2956.28,2521.82,2516.33,2974.82,2699.87,2656.95,2602.4,2411.77,2743.4,3024.5,3125.27,3437.9,3763.54,3592.29,3964.32,3817.71,3472.23,3245.75,3560.52,3297.41,3259.65,3166.71,3287.75,3087.31,2694.69,2205.49,2605.76,2508.68,2511.52,2879.54,3151.9,3154.29,3638.19,4147.23,4127.41,3684.47,4355.3,4305.83,4183.33,4332.81,4167.62,4454.6,5036.34,5319.76,5494.26,5368.11,5569.84,6100.57,6214.08,6257.4,6848.35,6779.54,6784.44,6499.22,6363.38,6268.25,5558.07
ES0118594417,INDRA SISTEMAS,ES,EUR,273.47,282.77,293.17,281.56,298.88,323.03,327.68,332.19,362.17,336.93,325.06,320.56,318.0,327.73,334.25,338.37,322.18,323.07,336.94,349.39,365.57,373.49,409.5,412.7,409.75,386.55,422.44,422.85,422.64,426.97,457.25,454.88,469.36,504.16,476.24,472.58,444.33,487.01,502.82,474.82,474.47,452.81,478.42,459.58,420.16,343.15,361.94,401.21,359.8,327.17,343.68,354.81,406.0,385.7,420.86,437.21,458.52,434.85,437.21,434.73,402.1,377.61,378.13,369.84,320.09,297.2,313.12,321.69,366.07,374.69,307.63,328.74,361.32,373.28,384.87,435.62,400.79,395.42,396.39,358.54,290.09,338.31,280.45,254.71,262.81,254.65,244.04,206.93,178.81,185.44,190.94,206.53,208.51,245.12,251.98,283.97,280.94,268.96,256.69,289.33,283.46,277.75,298.67,318.84,330.9,364.86,337.18,369.37,390.61,405.09,443.28,413.09,397.8,394.0,348.97,339.53,315.93,248.43,232.61,220.03
ES0122060314,FOMENTO CONSTR.Y CNTR.,ES,EUR,491.89,522.59,518.38,545.26,559.36,570.58,578.37,586.99,612.36,561.49,567.68,578.71,668.53,705.89,767.38,840.56,799.09,788.92,818.23,818.72,838.16,915.54,1024.59,1069.14,1104.63,1101.92,1087.12,993.64,1049.64,959.63,983.21,936.67,867.15,934.23,910.74,807.4,721.62,666.85,724.19,789.37,756.38,651.68,594.67,567.43,500.46,441.56,408.51,364.29,302.62,299.64,353.41,415.45,459.62,473.12,471.65,477.73,552.77,483.33,503.68,499.32,467.49,405.03,441.76,394.92,296.26,268.39,322.76,293.34,343.99,334.68,283.44,327.69,373.87,409.4,424.81,435.93,392.6,390.62,363.29,344.63,329.1,345.46,340.42,343.08,318.58,344.67,302.16,231.39,170.68,173.29,145.8,180.01,186.51,186.57,169.72,176.45,193.1,167.01,136.45,148.21,144.76,132.95,197.05,253.59,284.02,329.71,302.59,318.35,382.81,325.69,325.5,314.19,307.74,333.01,310.56,267.72,274.96,262.17,279.73,277.25
ES0124244E34,MAPFRE,ES,EUR,330.0,366.0,351.94,338.43,333.26,341.37,382.1,374.54,392.46,398.9,386.75,378.79,412.57,443.78,468.29,485.97,451.34,427.99,455.55,464.37,484.23,513.65,527.82,528.18,584.4,580.17,598.68,613.8,608.38,588.25,555.72,522.77,533.59,554.8,550.4,528.9,484.01,545.53,605.61,611.89,649.96,585.36,612.12,588.4,527.01,384.34,393.06,418.4,355.16,258.03,276.03,375.89,455.17,425.38,485.59,538.39,584.14,563.19,579.09,561.67,531.68,482.81,491.55,439.07,375.68,379.73,455.29,397.7,420.58,457.35,351.61,395.38,482.63,527.36,535.17,593.36,544.01,540.4,518.67,500.82,456.72,540.42,486.48,475.55,496.16,515.2,479.68,431.16,288.94,315.52,283.27,377.31,425.42,429.72,436.14,480.06,484.85,512.62,486.94,577.49,568.53,522.81,587.02,540.33,575.81,647.8,639.8,698.68,672.76,674.86,686.9,685.4,665.84,663.01,641.54,625.19,589.25,569.24,612.02,576.21
ES0125220311,ACCIONA,ES,EUR,1665.13,1782.32,1716.74,1633.13,1745.98,1905.67,1976.11,2140.15,2204.49,2098.09,2126.37,2138.72,2414.9,2698.6,3009.63,3322.65,3130.73,3033.98,2976.81,2983.46,2969.78,3441.08,3573.63,3634.98,4024.07,3924.62,4242.75,4419.68,5263.41,5370.46,5171.12,4970.19,5370.99,6102.82,6743.75,6278.52,5001.88,5108.9,5353.13,5696.96,5655.31,4732.78,4270.56,4046.14,3012.63,1886.97,1816.58,2496.33,2311.61,2034.76,2096.01,2109.44,2662.89,2504.45,2491.52,2688.46,2818.77,2542.34,2661.57,2735.93,2547.82,2331.99,2325.76,2084.61,1663.18,1609.99,1892.84,1700.65,1816.99,1886.91,1396.12,1527.29,1886.84,2120.48,2369.93,2537.69,2359.6,2311.02,2315.64,2095.12,1904.17,2134.51,2066.65,1931.56,1814.86,1784.74,1575.37,1387.62,1185.93,1406.72,1028.62,1102.92,1341.01,1443.77,1525.93,1744.17,1913.73,1464.08,1300.16,1561.47,1483.67,1254.82,1155.92,1258.02,1402.91,1565.6,1509.73,1418.29,1636.71,1965.61,2134.33,1998.92,1989.02,2203.82,2030.57,1976.23,1844.75,1717.66,1829.19,1675.89
ES0130670112,ENDESA,ES,EUR,1764.7,1757.71,1747.19,1688.64,1690.7,1820.85,1774.62,1780.3,2123.88,1965.97,2063.9,2073.3,2303.31,2683.28,2580.32,2653.46,2687.07,2782.64,2925.83,2978.7,3641.27,3798.94,3983.89,4047.98,4343.56,4401.85,4670.03,4752.53,4665.86,4706.51,4799.07,4825.17,5059.06,4616.37,4894.4,4715.55,4186.21,4518.42,4724.82,4428.63,4605.83,4375.45,4124.17,4015.49,3338.79,3030.65,2698.51,3674.37,2862.56,2569.47,2340.34,2715.62,3256.88,2995.66,3308.5,3717.03,4132.02,4191.1,3918.68,4300.83,3904.85,3682.94,3646.45,3616.85,2939.5,2729.2,3231.08,3041.98,3500.01,3613.3,2941.23,3379.78,3789.0,4044.78,4139.58,4658.16,4489.1,4440.96,3993.92,3514.6,3177.54,3271.24,2954.99,2795.78,2668.13,2801.92,2703.28,2434.26,2035.45,2385.64,2266.54,2435.07,2706.29,2993.97,2856.78,3129.65,3349.1,3255.96,2978.51,3197.13,3156.71,3001.29,3261.24,3267.27,3667.51,4086.03,4234.9,4517.78,4372.1,4890.34,5349.98,5627.44,5673.88,5746.71,5726.87,5532.98,5871.94,5498.81,5474.82,5657.66
ES0130960018,ENAGAS,ES,EUR,281.92,286.13,265.91,274.26,278.0,308.58,309.02,304.01,317.34,311.05,310.75,328.14,336.24,360.0,351.44,390.19,379.14,378.83,390.26,409.41,435.22,435.98,450.63,417.72,396.64,413.05,467.21,442.11,459.09,449.27,441.07,418.44,475.23,521.21,555.21,537.17,506.08,562.0,556.62,563.38,589.72,526.25,489.61,483.14,403.1,364.64,348.84,408.39,333.66,310.26,271.22,335.63,353.63,376.35,385.61,387.2,409.16,405.48,424.2,440.41,415.04,416.08,436.92,399.01,320.63,302.03,378.37,363.68,416.24,451.44,380.07,417.19,440.37,446.82,471.05,516.73,491.0,505.12,489.04,450.24,396.58,426.03,401.52,406.01,438.37,450.74,420.57,384.57,341.8,399.13,393.43,421.66,447.44,450.39,463.69,492.11,547.14,554.63,539.42,616.77,578.76,570.68,586.77,539.36,583.84,637.34,627.76,636.53,665.72,708.19,739.87,748.55,716.42,782.4,831.88,834.71,805.53,837.16,838.57,803.99
ES0144580Y14,IBERDROLA,ES,EUR,1379.84,1472.96,1461.03,1450.67,1427.39,1471.63,1447.93,1454.21,1588.92,1516.74,1493.67,1543.88,1634.79,1813.38,1852.5,1868.82,1848.69,1978.65,2072.59,2167.2,2612.4,2680.63,2594.16,2551.45,2517.74,2588.37,2782.93,2942.72,3410.06,3313.36,3374.12,3316.96,3502.9,3843.73,3955.71,3635.95,3637.72,3517.34,3755.5,3535.97,3480.56,3235.96,3350.76,2974.16,2458.58,1750.19,1810.5,2228.76,1944.06,1647.9,1749.21,1983.82,2129.63,2022.89,2186.54,2374.9,2510.81,2335.92,2430.67,2494.64,2239.22,2104.04,2213.49,2076.18,1724.82,1535.99,1909.72,1913.08,2085.51,2280.18,1865.9,2152.94,2387.94,2429.93,2422.71,2588.08,2460.01,2475.55,2336.09,2119.76,1951.05,2103.17,1913.6,1801.41,1742.88,1757.27,1676.45,1376.66,1124.42,1395.72,1132.77,1239.56,1415.23,1612.18,1549.18,1724.56,1741.15,1600.11,1506.54,1741.32,1746.59,1702.57,1849.86,1775.89,1951.73,2112.14,2142.74,2144.11,2129.56,2295.44,2413.75,2408.71,2485.31,2637.2,2634.65,2602.48,2533.72,2500.26,2622.26,2449.12
ES0148396007,INDUSTRIA DE DISENO TEXTIL,ES,EUR,197.71,216.13,209.35,206.98,198.65,179.89,190.38,193.29,209.38,210.31,209.19,231.11,244.12,255.46,274.11,288.89,282.6,299.9,314.04,326.12,336.94,345.95,367.05,389.38,408.72,420.47,448.18,448.14,456.74,427.74,439.48,431.45,494.13,546.18,513.86,451.65,364.64,383.36,409.94,400.39,361.25,338.91,356.17,354.8,315.42,252.82,252.42,329.42,289.62,287.52,294.75,324.64,345.38,367.53,410.32,417.73,439.51,452.57,493.57,482.36,491.48,457.99,511.71,480.4,436.26,451.51,517.57,523.87,622.75,652.96,596.54,593.29,597.25,571.93,634.21,708.92,724.54,726.85,723.86,681.16,688.9,731.78,683.94,662.16,703.82,747.36,770.91,724.97,672.99,842.77,840.92,907.7,1012.62,1039.07,1124.4,1140.88,1148.96,1100.7,1089.02,1103.49,1027.39,1019.84,1100.7,1092.49,1275.53,1360.9,1331.49,1375.71,1244.03,1200.46,1250.76,1249.64,1213.2,1284.68,1220.67,1212.38,1153.43,1172.29,1229.1,1207.79
ES0152503035,MEDIASET ESPANA COMUNICACION,ES,EUR,213.2,217.73,229.7,224.75,236.8,238.57,241.71,235.35,213.54,225.67,244.34,255.99,250.91,248.79,253.89,272.28,257.88,255.92,259.36,274.64,271.79,280.52,300.8,303.75,288.23,296.25,307.35,324.0,330.45,318.65,308.85,298.09,293.6,322.04,304.0,287.06,238.91,240.7,229.03,235.52,189.49,156.0,165.33,157.98,122.97,96.79,107.07,127.98,105.32,87.81,84.51,115.85,130.95,125.07,152.08,150.37,168.95,139.47,149.36,195.64,192.7,177.71,214.15,194.21,136.82,122.34,156.03,138.31,150.23,173.51,143.07,166.18,189.44,189.06,172.55,169.42,141.01,135.96,147.11,113.68,90.1,104.8,92.27,89.61,91.53,93.87,89.63,73.13,68.08,78.25,80.56,88.75,87.48,86.53,94.98,108.13,121.58,113.54,115.89,126.63,125.03,140.12,167.14,157.05,185.62,197.15,189.44,186.27,198.76,193.08,187.76,178.29,186.56,187.91,188.22,184.95,200.57,201.7,198.42,203.65
ES0171743901,PROMOTORA DE INFORMACIONES,ES,EUR,96.4,104.47,101.0,94.86,98.06,96.74,94.52,91.78,96.47,91.36,85.93,84.68,91.65,92.36,92.73,91.9,84.54,80.63,80.85,83.03,82.17,82.02,90.04,87.52,93.43,99.56,112.62,114.36,114.93,111.66,112.13,108.42,99.78,99.09,88.11,95.1,79.5,70.98,77.91,90.43,84.73,55.21,44.95,45.22,34.17,19.93,18.44,16.19,13.34,8.25,13.48,14.2,20.35,27.18,28.09,30.99,29.38,24.79,23.68,25.95,28.29,23.39,18.55,21.69,13.0,12.78,14.7,10.68,11.61,13.29,10.87,10.54,13.95,14.24,15.07,14.6,12.6,12.07,10.48,7.9,5.6,5.39,6.04,5.82,5.33,4.69,3.91,2.49,1.85,2.52,2.25,2.47,2.49,2.24,1.84,1.6,1.92,1.52,1.49,1.53,1.24,1.41,1.27,1.36,2.26,2.63,2.5,2.84,2.81,3.13,2.98,2.87,2.52,2.5,2.36,2.07,1.56,1.45,1.72,1.61
ES0171996087,GRIFOLS ORD CL A,ES,EUR,,,,,,,,,,,,,,,,,137.52,161.53,168.98,169.25,198.85,205.62,216.14,261.65,299.96,300.79,314.35,344.28,391.26,427.46,418.11,412.88,451.2,520.3,457.28,443.95,473.81,454.69,520.51,550.7,565.28,634.23,596.82,592.97,501.6,389.95,339.62,339.5,350.35,315.23,285.81,350.45,357.48,355.6,364.73,354.43,383.1,326.97,336.78,356.42,312.62,308.35,304.62,258.46,234.13,210.36,229.62,240.68,295.96,333.26,238.66,281.99,314.46,335.87,359.7,408.76,420.25,413.5,451.44,425.18,388.18,387.61,333.03,371.58,402.09,459.49,469.13,554.46,499.45,558.57,687.12,621.67,728.01,763.53,704.35,795.45,778.24,816.42,850.1,919.41,838.14,843.62,969.08,922.26,945.55,945.1,1054.63,1102.58,1193.22,1312.84,1261.69,1228.62,1248.35,1262.75,1045.69,1078.41,946.9,942.24,1032.01,931.62
ES0173093024,REDEIA CORPORACION,ES,EUR,352.17,389.97,373.99,364.72,374.51,417.53,411.99,410.94,437.49,407.17,423.68,471.46,490.97,515.87,496.59,536.87,534.55,531.99,579.56,603.17,606.41,607.0,680.76,670.01,632.59,716.62,740.41,727.91,771.57,740.77,728.34,719.66,826.5,896.3,989.81,1010.68,918.89,1011.6,989.8,1046.02,1138.92,1049.37,987.64,969.72,822.55,708.83,720.93,817.48,680.94,669.86,644.17,695.17,771.05,745.56,787.82,790.87,861.5,875.55,920.99,938.67,858.85,859.34,916.0,805.38,673.25,614.37,766.28,723.58,824.4,878.25,767.6,826.66,906.83,955.99,1009.9,1134.24,1070.82,1071.0,995.26,898.5,836.04,888.35,800.49,781.62,851.64,937.83,903.89,805.38,684.54,807.86,759.92,830.75,908.91,897.64,887.38,941.7,1080.96,1075.88,978.7,1034.0,1031.86,1066.41,1117.0,1037.57,1141.85,1251.45,1288.0,1340.04,1420.52,1580.72,1650.09,1667.93,1742.78,1855.83,1782.22,1751.46,1796.78,1810.23,1905.41,1837.92
ES0173516115,REPSOL YPF,ES,EUR,1071.28,1144.19,1112.67,1062.57,1051.5,1074.07,1188.85,1248.52,1376.04,1259.54,1248.31,1231.94,1158.21,1194.79,1212.78,1275.24,1195.41,1224.01,1214.1,1242.19,1285.71,1435.08,1553.41,1494.04,1429.23,1388.78,1469.97,1447.4,1604.24,1728.35,1689.83,1594.9,1574.01,1741.86,1632.92,1574.81,1420.44,1560.2,1557.96,1823.52,1859.23,1773.72,1543.48,1428.17,1343.2,861.03,882.52,960.44,847.98,731.49,815.39,903.72,1056.04,1053.76,1119.47,1203.34,1317.12,1299.08,1331.65,1326.66,1176.79,1121.11,1171.38,1163.8,1004.39,1008.07,1188.0,1153.29,1299.25,1394.89,1218.18,1408.83,1616.41,1724.48,1760.47,1835.5,1746.98,1781.09,1654.01,1510.14,1400.91,1596.39,1575.51,1610.22,1464.52,1394.64,1334.41,1018.91,795.73,893.38,892.0,1027.38,1081.23,1112.9,1181.48,1160.18,1280.91,1223.55,1167.89,1346.58,1311.15,1243.2,1409.46,1365.79,1463.63,1586.67,1552.9,1529.8,1420.28,1523.68,1547.18,1630.04,1708.75,1723.59,1628.57,1626.46,1552.32,1459.02,1470.87,1265.72
ES0178430E18,TELEFONICA,ES,EUR,1894.29,1920.45,1818.12,1764.47,1775.1,1800.76,1853.44,1807.74,1803.95,1751.35,1661.5,1682.16,1711.21,1730.99,1758.41,1794.9,1871.82,1900.03,1928.27,1957.57,1976.26,2199.51,2351.73,2466.54,2525.6,2498.51,2548.7,2614.67,2676.55,2630.77,2787.35,2925.12,3287.76,3883.04,4010.05,3873.94,3449.96,3483.02,3439.03,3447.77,3477.53,3225.66,3166.06,3019.71,2860.37,2217.82,2513.16,2747.95,2226.34,2330.09,2487.2,2381.49,2761.08,2897.92,3171.85,3235.27,3532.43,3598.66,3758.43,3666.93,3160.26,3081.6,3107.66,2963.91,2583.42,2527.52,3069.61,3008.57,3354.29,3647.21,2968.07,3166.17,3498.98,3535.59,3487.42,3745.95,3494.42,3520.81,3218.51,3009.12,2787.62,3089.96,2830.26,2613.14,2624.32,2577.1,2460.29,2191.63,1775.77,2114.75,1826.02,2033.59,2144.91,2115.71,2108.89,2158.96,2329.6,2100.85,2164.59,2360.06,2207.66,2056.39,2286.35,2177.19,2503.75,2836.82,2707.91,2678.4,2533.64,2520.07,2599.63,2748.54,2831.78,2889.7,2754.31,2680.33,2609.79,2533.64,2784.31,2501.14
ES0182870214,SACYR,ES,EUR,325.16,374.82,365.67,345.14,415.23,499.24,492.54,543.14,598.31,564.67,543.01,518.36,545.54,602.82,728.57,743.99,702.47,745.28,835.26,862.75,1016.2,1146.65,1375.12,1330.73,1357.72,1219.95,1254.5,1188.54,1292.25,1087.86,1052.56,897.13,789.27,1066.01,1009.82,883.3,719.42,699.87,795.61,814.23,822.32,702.83,470.47,422.5,376.43,230.13,241.8,223.2,216.41,177.03,194.11,261.19,411.0,349.3,401.68,420.68,476.58,383.43,347.76,289.31,264.34,205.4,222.79,193.78,144.47,126.68,129.38,114.21,151.07,165.22,128.42,161.61,241.56,284.01,297.42,323.56,278.66,251.7,221.08,204.91,151.08,189.04,159.87,137.23,127.37,106.86,80.77,47.97,41.35,51.59,44.76,47.75,60.1,55.5,49.89,60.9,64.14,61.62,50.48,58.24,77.65,87.62,108.17,104.47,135.39,158.56,156.48,152.39,149.92,178.0,195.02,192.53,199.17,185.92,166.55,164.88,158.12,128.48,115.46,101.7
FI0009000202,KESKO B,FI,EUR,964.9,975.98,1015.08,952.93,949.39,989.5,1074.63,1122.02,1096.61,1082.82,1023.13,1113.34,1167.64,1239.01,1280.59,1416.24,1628.78,1575.34,1705.91,1737.98,1726.17,1942.21,2103.63,2168.59,2183.99,2163.76,2267.3,2981.26,2948.52,2842.46,2285.42,2502.16,2826.32,2547.51,2504.37,2352.31,2157.99,1958.16,2213.55,1697.93,1820.82,1452.67,1248.38,1390.51,1128.23,1040.16,1094.34,1109.12,1105.73,964.39,989.72,1252.56,1373.71,1261.62,1250.93,1403.02,1596.43,1595.92,1622.44,1579.24,1544.52,1733.3,1938.11,1905.03,1576.01,1603.34,1905.64,1914.18,2309.66,2433.47,2262.4,2303.25,2369.38,2118.85,2301.8,2659.75,2540.68,2378.98,1989.68,1982.53,1588.01,1837.86,1795.77,1723.75,1806.56,1726.34,1657.21,1435.62,1345.11,1404.4,1391.99,1426.05,1524.69,1682.02,1696.62,1755.29,1762.63,1681.47,1681.93,1698.67,1714.6,1569.01,1771.67,1700.45,1696.73,1880.77,2113.66,2087.03,2085.84,2530.45,2466.69,2412.11,2618.91,2335.59,2253.43,2167.74,2116.16,2237.39,2306.49,2157.98
FI0009000277,TIETOEVRY,FI,EUR,2350.35,2917.55,2855.8,2506.68,2576.56,2542.3,2722.8,2779.45,2808.13,2645.03,2777.54,3032.49,3238.09,2998.5,3339.62,2683.58,2438.36,2471.35,2038.23,2460.84,2513.34,2372.85,2440.43,2758.49,2291.2,2402.69,2621.91,2882.97,2877.68,2916.38,2238.59,2098.77,2022.48,2213.02,1945.45,2028.92,1664.08,1706.23,2310.69,2437.35,2064.74,1942.02,1905.77,1843.63,1358.08,1028.62,966.62,1007.09,1059.82,1171.18,1029.63,1289.44,1419.49,1318.92,1692.17,1815.35,1973.93,1995.38,2119.76,2065.66,2233.03,2234.61,2370.56,2132.25,1896.36,1702.73,1797.6,1686.24,2037.24,1951.95,1856.02,1941.59,2155.23,1963.74,1971.45,1989.11,1876.48,1822.07,1598.58,1634.27,1369.01,1719.93,1658.47,1537.8,1626.88,1983.72,2126.08,1996.25,1721.94,1808.98,1893.64,1948.12,1959.27,2173.19,2175.31,2224.52,2524.01,2641.3,2520.48,2550.11,2451.45,2259.12,2266.75,2363.89,2539.5,2620.02,2567.26,2695.0,2611.71,3023.2,3213.2,3412.86,3474.63,3698.44,3328.63,3408.52,3158.19,3165.38,3213.44,3253.73
FI0009000459,HUHTAMAKI,FI,EUR,613.06,648.85,677.65,667.69,648.59,718.8,737.2,689.94,676.87,671.93,653.4,697.86,743.19,788.52,822.92,851.04,783.22,774.18,729.25,764.97,753.7,776.65,818.12,855.27,773.71,710.53,718.92,770.08,805.91,755.37,675.0,679.57,683.34,644.34,578.35,534.59,530.71,472.37,483.78,519.35,511.67,410.78,409.05,485.48,376.31,319.07,322.94,293.15,354.38,353.66,325.81,492.53,525.39,522.77,569.41,611.99,644.87,689.07,681.35,705.7,683.67,553.64,579.0,618.97,544.58,492.96,659.67,621.35,681.87,670.64,626.7,736.2,769.1,738.21,752.43,777.21,757.15,708.84,723.3,645.61,585.97,640.93,643.97,659.9,678.54,775.04,805.52,915.16,797.83,857.65,868.54,830.02,921.44,975.99,938.31,933.66,1048.19,1116.68,1136.09,1124.39,1138.79,1112.48,1143.63,1170.45,1286.03,1444.88,1504.21,1541.4,1489.03,1731.31,1644.99,1620.7,1676.67,1614.64,1646.64,1659.22,1695.69,1564.3,1568.79,1631.82
FI0009000681,NOKIA,FI,EUR,7756.27,8253.57,7870.63,8276.27,8763.99,8724.82,8323.98,8114.64,8745.4,8650.76,8895.76,9483.18,9509.46,9740.16,10988.77,12087.22,11409.63,10849.33,10535.91,11126.31,10546.02,10551.16,10703.91,10851.75,11598.61,11580.28,12193.38,13538.97,14892.26,15285.16,15760.46,17919.39,20620.14,21519.71,21768.39,21086.24,19614.78,19896.87,17269.46,16697.44,16104.44,13648.79,15401.53,14063.88,10133.44,8637.81,7870.22,8629.57,6872.99,5341.52,6593.87,8401.53,8916.69,8494.37,7681.56,8074.68,8521.62,7386.21,7637.49,7423.69,8175.57,7833.58,9050.35,7061.04,6243.28,4996.27,5618.6,5211.28,6116.09,6556.34,5629.9,6311.78,6517.2,5272.73,5205.94,5609.27,4435.39,4209.2,3785.55,4208.16,3701.76,4411.96,3736.92,3180.36,3246.25,3423.26,3530.57,2333.19,1848.41,1446.92,1690.16,2004.87,1819.98,1895.21,2334.27,2715.14,2753.3,2554.25,2281.06,2360.5,2409.95,2603.59,2756.91,2715.42,4628.32,5329.58,5711.31,5644.55,4883.2,5429.02,5228.4,5264.84,5690.19,5675.67,5948.33,6314.87,6396.78,6255.51,6252.25,5950.78
FI0009002158,UPONOR DEAD - DELIST.30/04/24,FI,EUR,566.69,654.75,678.2,640.45,599.44,628.27,637.79,689.35,747.64,694.13,704.53,683.98,794.85,843.03,874.92,1025.86,973.29,906.01,912.75,910.84,907.32,1073.17,1157.22,1323.95,1380.11,1237.91,1313.96,1555.39,1542.55,1453.03,1374.69,1431.04,1154.97,973.64,896.34,939.16,919.61,980.27,964.91,883.18,886.6,601.4,617.9,565.61,509.17,386.09,376.5,437.45,418.98,415.77,426.69,513.08,591.4,539.89,621.56,769.51,759.77,833.67,907.29,983.81,873.67,816.05,864.72,871.07,672.64,675.52,765.92,658.81,784.53,847.43,799.81,878.89,824.22,796.36,848.08,970.63,911.32,823.94,735.27,553.25,411.23,518.65,499.22,442.39,508.55,581.81,594.19,674.68,518.84,463.03,536.15,522.39,544.82,582.24,650.21,653.67,722.05,725.13,728.13,792.69,836.13,799.63,927.67,947.31,1009.44,1058.16,1118.75,1048.23,857.01,943.5,1004.22,1089.7,1040.82,1014.14,850.41,849.5,741.61,731.44,722.97,765.72
FI0009002422,OUTOKUMPU 'A',FI,EUR,520.02,535.71,526.05,429.44,422.04,393.47,420.72,449.63,408.41,391.48,410.18,451.77,525.47,554.14,632.28,754.04,708.87,733.39,759.92,796.36,799.2,967.25,1051.04,1225.78,1248.65,1165.85,1119.42,1099.53,1171.58,1104.4,1029.0,989.1,1170.85,1217.58,1056.33,1013.46,1016.66,1255.74,1554.44,1624.88,1521.29,1193.65,801.17,823.18,528.97,349.74,340.04,391.92,389.66,348.13,390.26,543.67,713.28,620.95,702.23,761.94,677.12,600.03,621.9,685.28,659.88,635.15,809.12,781.83,582.48,560.27,609.77,603.33,731.93,660.28,605.45,685.18,686.62,661.24,650.92,625.91,552.58,497.12,401.56,378.57,249.78,320.42,299.38,247.53,308.09,262.1,300.39,232.9,146.91,139.4,125.65,128.51,153.13,121.35,133.55,150.12,148.33,125.61,109.2,99.73,99.43,92.85,88.92,86.3,96.59,79.93,74.68,80.37,83.6,84.71,109.04,125.11,144.56,164.98,133.36,127.07,114.4,92.62,97.89,94.74
FI0009003727,WARTSILA,FI,EUR,1088.76,1251.91,1327.93,1323.7,1512.22,1446.85,1545.96,1475.38,1600.33,1388.88,1346.47,1477.11,1639.78,1827.41,1946.28,2236.31,2057.47,2217.72,2038.91,2170.31,2130.45,2411.53,2641.72,2946.43,3126.2,3269.17,3507.92,3843.62,3775.01,3759.74,4021.13,3542.73,3890.23,4645.25,4370.12,4335.41,3593.97,3929.55,4254.94,4303.01,4434.5,3953.59,3852.61,3639.1,2599.15,1573.89,1461.8,1834.53,1690.36,1451.95,1443.88,2288.98,2445.96,2202.1,2435.51,2589.87,2739.07,2493.13,2553.24,2756.2,3261.83,3274.69,3645.96,3687.58,3089.4,3297.84,3778.83,3842.91,4695.61,5033.31,4985.12,5503.89,5555.92,5527.81,5769.71,5810.69,5348.72,4983.11,4260.39,4115.74,3546.16,4543.01,4837.46,4276.0,4976.59,5101.23,5753.79,6184.15,5006.31,5000.46,4598.57,4928.07,5297.34,6179.22,6444.47,6591.14,7269.03,7070.92,7074.23,7723.07,7374.4,6829.94,7100.32,7322.33,7102.23,6981.2,7706.47,7747.62,8535.79,9298.0,8762.93,8974.58,8708.77,7996.06,8138.57,8126.52,7216.78,7467.17,7240.85,7237.07
FI0009005318,NOKIAN RENKAAT,FI,EUR,2940.55,3633.58,3305.1,3490.07,3726.12,3794.31,4226.52,4417.66,4945.43,3240.48,2711.31,2614.43,3214.46,3312.44,3664.53,3610.89,3168.63,2778.87,2918.99,3699.19,3800.01,4047.31,4379.75,4326.39,4164.47,5155.08,5768.96,6634.38,7479.64,7542.06,7162.53,7548.33,8381.4,8073.05,8196.59,7546.15,7187.59,8913.92,9181.84,9311.87,11229.42,10516.04,9519.67,7868.17,5164.0,2836.07,2549.23,2406.32,2148.16,2607.11,2568.56,3636.4,4299.04,4269.74,4773.28,5114.96,5289.78,4873.5,5743.27,5540.76,5538.29,5713.94,5911.27,5480.86,5397.23,5728.91,6510.19,6673.13,7981.93,8032.92,7489.91,8547.27,8394.66,9438.16,9891.25,12291.1,11529.65,11874.16,11109.17,8799.75,7171.05,8766.01,7794.19,7645.22,8462.59,10547.58,11517.95,11612.24,9173.61,9278.44,9797.11,9656.91,9970.1,10153.52,10222.83,9717.18,10532.63,11143.02,10910.21,11101.94,10744.98,10410.52,11341.45,11923.5,12999.04,12961.31,12681.25,12291.65,10797.28,11482.43,10347.6,10665.44,11398.16,10486.86,9339.43,8585.07,8107.35,7573.32,7609.15,6598.73
FI0009005870,KONECRANES,FI,EUR,412.64,417.21,392.91,373.65,388.43,404.96,431.08,441.15,440.47,412.02,422.13,465.88,520.26,597.37,665.94,717.06,791.86,697.68,712.11,768.86,734.86,834.88,985.7,1139.51,1245.77,1207.57,1318.27,1433.42,1661.72,1657.74,1622.97,1499.0,1582.9,1763.82,1514.36,1360.15,1184.66,1449.44,1578.02,1781.81,1867.89,1691.2,1638.54,1358.67,952.21,688.34,600.77,685.38,629.2,668.19,733.13,903.0,1045.18,1029.59,1188.6,1240.16,1247.85,1177.44,1265.17,1199.64,1298.02,1206.93,1348.86,1472.64,1223.19,1199.83,1486.26,1393.27,1706.83,1816.3,1790.62,1888.81,1917.21,2044.8,2113.15,2265.17,1940.89,1910.25,1498.05,1286.36,958.32,1089.44,1012.82,887.56,1149.88,1497.1,1294.35,1502.04,1178.05,1294.85,1283.9,1248.77,1432.02,1560.06,1599.19,1662.07,1657.58,1801.58,1698.13,1864.64,1781.83,1462.59,1504.35,1594.77,1730.35,1734.34,1804.07,1830.12,1811.07,1822.95,1710.72,1728.49,1723.72,1732.41,1747.74,1707.09,1443.88,1500.04,1570.14,1546.78
FI0009005961,STORA ENSO R,FI,EUR,639.43,677.57,650.64,612.92,610.78,592.11,613.73,633.92,637.61,590.8,593.55,623.82,640.5,660.29,735.31,748.48,670.39,668.03,706.38,726.31,724.83,774.27,746.39,757.04,793.88,788.08,856.58,910.65,945.13,934.58,857.14,882.6,961.6,906.62,818.07,741.03,677.16,623.67,607.78,650.29,636.84,492.71,478.12,529.97,503.38,483.06,424.8,402.63,321.41,220.59,186.01,303.16,313.42,276.73,347.23,377.46,382.07,418.07,419.62,384.47,341.02,348.48,419.08,477.55,424.67,416.6,460.87,440.23,563.38,564.88,491.24,586.83,678.16,641.93,678.92,707.41,654.76,614.83,506.21,429.56,347.75,375.92,365.17,352.14,417.42,441.84,434.76,422.82,336.4,380.99,355.21,375.28,385.76,391.29,406.21,428.95,442.46,417.63,401.04,456.16,479.47,439.09,485.57,505.54,556.28,610.85,649.28,659.39,613.88,747.86,701.99,695.0,699.79,664.28,615.45,595.53,569.38,562.18,606.16,613.96
FI0009005987,UPM-KYMMENE,FI,EUR,985.72,1040.73,1034.73,969.2,943.84,935.99,948.56,970.62,977.95,941.21,917.86,951.64,994.43,1033.88,1193.89,1185.31,1087.73,1090.03,1120.78,1198.05,1200.98,1284.32,1260.7,1275.52,1291.78,1316.54,1335.4,1305.24,1363.33,1300.16,1179.54,1192.58,1268.84,1175.86,1114.18,1062.88,982.91,917.57,999.87,1084.61,1089.55,919.06,893.53,966.21,861.89,786.64,804.27,701.74,531.89,399.65,350.51,549.25,566.93,528.61,632.42,729.81,727.42,732.45,771.7,724.42,672.71,652.24,847.26,920.22,817.21,852.46,924.89,877.24,1093.63,1058.51,949.03,1130.24,1314.1,1266.67,1349.33,1356.21,1243.98,1207.56,1031.72,868.27,755.48,781.27,769.13,729.69,847.38,914.51,898.05,898.34,719.01,792.72,753.72,778.94,794.15,751.26,789.63,814.79,856.96,821.69,784.54,789.18,812.96,737.91,839.41,908.12,1044.02,1200.23,1255.41,1275.78,1156.99,1370.33,1289.5,1382.24,1393.75,1351.82,1293.67,1191.2,1130.35,1251.01,1316.75,1303.95
FI0009007132,FORTUM,FI,EUR,408.93,440.07,446.95,483.94,484.5,510.88,582.98,618.48,641.25,563.43,560.25,595.08,711.21,770.83,845.58,846.3,834.9,858.24,908.78,902.12,893.17,923.48,981.74,954.09,921.0,924.75,1031.77,1107.26,1167.65,1112.03,1156.27,1175.2,1299.74,1537.46,1531.12,1599.32,1419.34,1493.02,1452.06,1587.67,1804.93,1900.62,1658.18,1543.78,1238.51,910.9,746.4,791.69,732.22,647.81,712.47,819.45,981.73,914.77,926.37,1051.31,1029.72,956.92,1019.55,1094.34,1028.88,1026.71,1039.03,1098.18,946.4,939.02,985.98,979.2,1110.79,1200.45,1122.06,1281.52,1307.95,1314.75,1441.66,1525.67,1477.83,1280.07,1172.17,1191.65,1049.93,1087.22,1015.36,946.43,972.34,1103.02,1071.53,1008.34,850.96,890.62,786.34,868.04,864.28,866.91,844.5,874.61,878.8,895.43,946.32,928.74,938.26,934.5,984.48,991.44,1125.95,1113.17,1144.75,1144.13,1073.89,1183.3,1135.38,1206.97,1306.07,1436.41,1374.52,1346.07,1305.05,1239.47,1345.99,1163.4
FI0009007884,ELISA,FI,EUR,83.25,88.02,86.21,72.37,75.97,79.33,91.34,91.79,87.79,88.61,96.66,95.91,102.39,104.93,107.37,111.07,105.81,103.12,107.55,109.75,119.38,136.88,141.14,148.2,158.92,159.69,167.83,170.32,167.85,158.73,165.9,161.81,180.21,180.24,190.72,186.86,171.39,186.91,168.96,151.74,149.99,141.55,143.44,144.69,130.08,100.6,96.56,115.24,107.02,86.89,104.06,95.26,105.99,117.34,130.13,140.82,146.15,142.78,158.28,168.0,161.02,153.1,160.84,149.55,130.67,135.58,154.34,154.73,179.06,171.59,159.03,175.31,177.08,183.61,187.07,204.64,187.2,182.75,182.72,180.27,175.04,185.44,189.05,182.31,183.28,199.05,208.35,212.43,184.47,189.81,196.14,199.56,213.14,201.87,200.04,207.75,223.99,198.74,190.75,194.63,195.19,200.02,219.85,215.07,244.53,256.87,258.52,272.09,263.1,287.16,295.17,326.67,326.1,334.68,313.78,298.66,290.55,300.26,318.12,299.38
FI0009013296,NESTE,FI,EUR,,,,138.51,138.51,160.12,172.14,207.13,229.73,191.36,181.08,174.09,199.63,189.3,218.61,221.85,213.86,224.23,219.39,200.5,184.87,200.41,205.26,193.37,193.36,204.22,226.53,236.04,249.23,259.5,238.37,228.21,240.8,236.76,231.97,232.69,208.5,232.9,242.66,209.46,230.13,204.0,168.36,166.0,141.55,108.41,96.55,101.73,100.52,86.88,92.02,97.79,115.04,103.83,105.16,124.25,137.93,133.04,130.21,133.23,123.26,106.94,130.62,124.0,114.35,111.54,112.27,102.85,119.21,126.24,107.52,122.15,143.95,135.24,157.33,148.28,135.26,122.57,102.72,87.1,68.57,95.83,97.39,79.24,87.84,96.72,99.9,96.02,74.63,91.29,86.14,93.79,106.6,101.53,103.81,104.64,129.56,122.45,114.74,131.07,122.97,122.78,121.52,154.03,186.0,166.92,160.88,166.41,150.16,180.03,171.42,179.64,179.42,170.79,161.65,171.81,180.25,189.2,208.23,212.49
FI0009013403,KONE B,FI,EUR,2791.18,3075.88,2797.53,2734.12,3071.37,3454.43,3935.01,3775.15,3926.72,3882.38,3854.92,4559.88,4646.45,4907.14,4876.21,5526.62,5176.6,4929.23,5309.89,5377.84,5747.17,5619.57,6073.44,6716.09,6972.74,6937.71,6912.08,7384.95,7268.01,7667.07,8241.37,7930.86,8831.5,10024.07,9162.85,8507.27,8002.37,8811.48,10276.82,9821.81,10090.32,8783.21,7588.54,7788.98,6659.6,5518.61,4917.61,5387.22,5254.02,5403.04,5376.06,7184.93,7862.01,7947.49,8784.17,9032.57,9530.62,9746.41,10501.61,11156.87,10545.2,10981.27,11209.72,11950.5,10547.44,10863.84,12351.17,12487.21,14007.52,14486.96,14198.39,15108.47,14765.07,14788.97,15956.94,17376.23,17455.75,17398.45,16078.37,16444.78,13302.62,15429.11,15565.62,14417.13,15089.63,16520.03,15920.13,17710.56,15971.47,17300.05,17800.05,17550.81,19828.65,21051.19,22027.57,21631.45,24245.93,24511.7,23823.24,26731.54,26710.31,23997.24,22446.58,24682.63,26997.17,26702.7,27854.51,27884.92,25125.51,25976.56,26738.56,27235.8,26263.89,26595.84,26837.6,27032.51,25617.87,27389.82,29398.06,29167.43
FI0009800643,YIT,FI,EUR,1034.67,1267.48,1209.99,1190.45,1381.81,1424.45,1491.31,1614.32,1814.36,1640.1,1726.02,1816.87,2030.29,2165.24,2368.94,2463.51,2224.3,2144.0,1919.83,1897.74,2024.27,2174.66,2274.66,2416.27,2331.06,2848.06,3083.64,3225.26,3129.16,2831.5,2877.27,2709.92,2661.1,2760.38,2108.59,1967.7,1870.39,2254.42,2682.06,2676.37,2763.55,2371.46,1621.03,1478.33,965.8,581.68,554.59,599.69,590.24,569.44,696.14,1001.57,1096.28,1077.64,1355.73,1485.45,1974.43,2017.47,2140.09,2152.45,2327.68,2243.03,2458.44,2261.67,1939.98,1923.55,2328.14,2209.29,2522.39,2565.11,2342.86,2658.25,2683.19,3059.76,3258.39,3295.68,2971.22,2743.32,2436.72,2198.13,1668.4,1749.83,1759.7,1763.89,2025.88,2429.9,2454.39,2456.21,1844.96,1941.42,2057.2,2114.17,2196.16,2247.66,2122.11,2228.06,2514.25,2557.56,2492.82,2260.11,2336.44,2048.2,2096.46,2120.59,2153.98,2009.82,1985.46,2165.01,1945.63,1910.47,1730.95,1667.06,1773.59,1870.71,1667.45,1495.96,1253.99,1082.97,1110.98,839.49
FI4000440664,NELES DEAD - DELIST.01/04/22,FI,EUR,672.63,835.42,798.89,824.48,915.32,995.16,1099.86,1124.85,1161.01,1185.65,1193.45,1244.07,1492.82,1680.56,1758.3,1891.39,1698.95,1729.22,1717.25,1771.95,1752.33,2071.61,2197.54,2403.63,2517.28,2361.93,2509.61,2734.31,2750.41,2926.18,3181.1,3169.28,3396.33,3001.55,2691.71,2698.45,2285.44,2598.52,2679.4,2346.13,2709.82,2474.06,1962.13,2130.03,1299.63,712.09,649.3,641.99,529.3,532.16,640.53,914.93,1119.88,1099.02,1235.36,1482.03,1655.99,1655.88,1894.49,2081.81,2002.08,1830.75,1961.87,2359.06,1916.01,1969.83,2390.44,2221.98,2783.15,2871.48,3123.38,3400.32,3240.63,3137.44,3398.14,3876.49,3634.96,3584.23,3097.22,2399.02,1870.56,2477.3,2514.91,2347.36,2751.32,3009.91,2836.59,2850.24,2167.9,2286.56,2430.11,2382.48,2377.9,2331.43,2499.09,2807.59,2974.41,2858.66,2832.55,2893.98,2718.21,2389.48,2473.7,2701.45,2766.65,2774.78,2853.69,3008.43,2805.17,2902.72,3060.26,3746.89,3641.4,3544.66,3679.71,3677.87,3333.18,3051.66,2908.08,2814.78
FR0000035081,ICADE REIT,FR,EUR,932.7,1107.94,1072.5,1197.38,1273.61,1366.49,1501.04,1781.92,1586.12,1421.9,1447.83,1632.18,1748.74,1786.61,1759.5,1724.67,1600.4,1650.0,1822.68,1910.24,2046.36,2064.36,2344.95,2338.0,2508.73,3122.86,3199.42,3522.47,3659.93,3686.86,3614.56,3383.08,2823.5,2814.89,3059.75,2960.9,2520.56,2827.0,2965.27,2939.11,2971.29,2401.2,2226.23,1935.14,1646.01,1221.14,1303.11,1700.49,1659.81,1524.93,1455.22,1678.82,1830.75,1775.52,1882.57,2017.19,2313.92,2286.8,2178.48,2071.03,2098.35,2173.99,2411.55,2200.16,1867.42,1916.66,2145.17,2146.25,2501.08,2610.48,2231.28,2435.08,2584.44,2667.71,2937.87,3179.94,3144.52,3050.89,2853.19,2512.07,1953.71,2244.46,1975.93,1952.99,2017.06,2058.86,2204.43,2087.6,1911.63,1990.77,2021.36,2007.14,2146.87,2368.12,2377.55,2322.31,2322.3,2369.5,2305.71,2561.72,2519.44,2289.0,2500.16,2413.19,2536.76,2561.31,2551.55,2588.5,2436.94,2738.19,2747.33,2828.96,2927.02,3131.13,2817.5,2722.83,2463.57,2323.49,2342.46,2346.85
FR0000044448,NEXANS,FR,EUR,171.82,177.05,164.09,152.28,146.48,163.04,179.21,180.96,186.36,188.9,190.07,190.3,220.99,265.3,312.59,338.27,316.16,291.25,316.74,339.94,354.78,366.85,437.03,522.58,555.84,506.61,538.42,607.34,665.97,690.23,738.07,667.88,677.21,700.51,554.42,516.02,447.7,456.03,488.63,561.83,576.35,522.22,506.48,537.08,368.2,238.23,248.32,250.17,244.25,165.39,160.49,197.95,243.53,236.24,297.73,325.36,359.11,316.4,332.86,356.24,359.15,314.76,379.86,352.67,284.17,267.98,307.66,272.61,330.4,322.64,302.63,358.13,364.39,411.08,434.38,481.5,439.02,433.97,399.51,371.34,271.03,293.8,269.68,240.09,286.58,320.76,310.84,230.54,185.86,185.7,210.0,223.82,225.39,204.01,223.19,211.8,248.68,239.76,220.66,220.26,271.03,230.08,258.42,274.33,294.78,243.39,243.57,276.13,255.48,288.6,285.33,305.91,321.95,285.18,247.34,229.8,204.15,165.98,178.68,167.28
FR0000045072,CREDIT AGRICOLE,FR,EUR,208.31,208.01,190.58,180.66,185.08,180.51,195.37,188.98,209.27,208.33,215.47,223.29,250.94,260.04,276.44,286.21,274.35,279.33,294.89,298.06,322.21,312.18,311.17,308.49,318.68,297.34,290.0,316.58,319.63,315.69,300.47,292.36,297.85,305.69,272.97,261.14,234.88,212.03,240.45,260.97,218.54,183.23,192.5,191.54,168.7,127.64,99.08,99.64,109.53,88.65,98.88,132.97,136.7,116.4,132.75,173.34,195.15,180.77,193.41,165.79,148.66,139.33,163.96,134.5,106.97,103.87,134.46,124.13,153.7,160.72,120.68,125.21,145.27,172.53,161.37,163.75,156.51,154.12,126.95,100.67,71.93,81.16,65.6,58.02,63.22,65.92,63.61,52.69,36.66,45.15,44.07,59.93,70.82,77.15,77.72,82.23,101.3,96.49,84.59,93.94,96.95,87.98,97.71,103.34,113.11,123.99,128.83,131.44,138.06,163.11,161.7,161.4,164.99,148.98,143.06,157.04,159.41,156.13,148.89,137.55
FR0000051070,MAUREL ET PROM,FR,EUR,1039.26,1119.09,1029.79,942.53,918.79,1068.1,1119.19,1234.22,1241.5,898.8,897.36,909.27,1169.44,1104.13,1009.44,1181.85,1040.05,1017.4,1002.25,1084.82,1179.26,1131.12,1124.65,1055.28,1036.04,1030.25,1040.19,1048.84,1108.95,1098.83,1025.63,1060.86,1142.59,1187.18,1124.12,1122.05,929.05,1035.62,1104.76,1239.98,1338.5,1366.61,1341.65,1202.97,912.74,678.73,659.38,657.99,546.51,599.71,782.13,858.41,1002.92,1009.27,1027.36,1109.13,1202.92,1206.29,1037.76,1083.65,1012.55,883.21,971.25,923.44,715.9,677.61,720.75,662.17,829.35,885.79,766.8,852.12,1130.87,1091.06,1161.98,1285.33,1454.16,1475.62,1404.72,1273.76,1009.07,1244.21,1175.72,1114.03,1213.69,1389.59,1281.26,1214.12,976.3,1091.41,1164.21,1185.85,1121.02,1050.87,1227.11,1262.33,1394.93,1381.01,1321.54,1285.63,1301.06,1160.8,1274.05,1285.78,1200.42,1263.53,1198.91,1309.26,1264.4,1235.06,1203.36,1392.71,1344.99,1339.31,1187.12,1223.2,1101.45,935.0,763.11,733.89
FR0000054900,TF1 (TV.FSE.1),FR,EUR,1572.83,1573.2,1532.81,1366.68,1353.29,1325.0,1392.3,1333.8,1324.96,1276.33,1251.66,1376.78,1576.92,1500.81,1506.53,1649.61,1690.6,1664.2,1625.05,1631.35,1628.62,1734.09,1890.19,1891.84,1723.68,1717.21,1702.61,1762.34,1878.61,1830.64,1785.36,1540.42,1415.54,1458.36,1464.82,1412.72,1318.09,1258.48,1165.5,1189.37,1108.69,939.35,967.89,981.87,977.67,710.52,766.52,813.99,606.63,458.69,439.45,566.25,698.11,670.98,922.36,969.66,1050.68,945.3,1065.63,1106.82,1041.07,961.78,1112.33,1150.3,884.24,815.34,982.22,918.25,963.09,1006.72,901.02,1077.33,1201.38,1201.36,1135.68,1214.35,1156.34,1174.54,1236.09,1027.36,813.03,880.12,668.96,632.51,711.25,775.2,789.84,672.51,512.32,555.57,588.17,651.82,580.15,597.89,681.02,812.12,840.83,784.17,781.57,789.39,846.26,890.68,1101.1,991.21,1298.08,1438.97,1395.46,1439.03,1377.1,1387.76,1232.78,1321.02,1388.65,1274.02,1149.42,1173.01,1049.25,1156.19,1244.45,1197.1
FR0000064578,COVIVIO,FR,EUR,2869.81,3228.35,3137.86,3524.33,3586.22,3914.64,3903.83,4328.71,4489.23,4011.52,4112.79,4161.02,4511.9,5046.86,5692.03,5848.82,5649.79,5275.86,5603.15,5526.54,6124.37,6534.59,6910.48,7948.85,8097.68,7473.88,7583.09,7810.24,7573.12,6532.51,6773.04,6959.5,6514.31,6495.42,6186.08,5653.38,5843.97,6572.55,6586.31,6780.32,6405.7,5772.47,5937.78,5406.8,4848.53,3087.36,2681.93,3207.76,2887.07,2387.09,2210.64,2929.86,4009.81,3989.95,4629.59,5561.22,6176.01,5878.35,5465.66,5464.44,5332.41,5332.71,5888.08,5516.0,4909.37,4680.16,5133.46,5256.94,5997.06,6404.82,5118.35,5458.11,5660.53,6106.28,5996.17,6386.13,6267.54,6296.37,5809.22,4964.61,4190.76,4428.15,3949.13,3827.93,3932.55,4327.93,4768.29,4607.29,4126.4,4609.41,4646.83,4518.36,4826.34,5153.88,5383.09,5351.97,5415.16,5312.74,5029.66,5466.74,5814.66,5143.59,5611.81,5296.6,5697.72,5895.94,5851.51,5936.42,5628.94,6438.32,6362.26,6965.16,7285.93,7883.75,7297.41,7376.32,6554.74,6679.09,6960.28,6758.59
FR0000073272,SAFRAN,FR,EUR,13240.3,15531.64,14912.15,13575.72,12679.06,13818.5,14827.5,13759.35,14428.46,13248.61,14235.42,15877.2,17590.4,16969.31,16869.92,17080.61,15017.27,14820.22,13235.06,14844.77,13750.26,15410.04,14649.7,15786.03,16104.69,15598.16,16561.62,16543.2,17726.2,17661.49,17382.54,16268.57,16580.32,17444.95,13432.93,14124.99,11174.33,13913.95,14152.26,14495.2,15013.73,13761.84,12046.76,12672.42,12248.85,8900.51,9167.54,9570.98,8965.89,7343.09,6651.64,8602.66,9368.04,9598.93,11199.45,13388.64,13626.98,11815.93,12181.35,14299.56,14354.04,17169.31,19013.29,18614.62,19846.16,20839.75,19987.51,18257.58,20854.39,23456.15,23274.26,26336.6,26813.98,26379.17,26219.29,29382.98,30701.75,32276.31,31534.39,29413.84,23499.41,24957.89,22316.45,23036.28,23845.95,25733.22,28060.69,28341.62,26263.3,28732.75,26350.42,27223.55,27916.43,30842.03,31757.61,33640.32,35930.19,35899.96,34974.86,38483.14,41692.19,41484.16,46618.91,44065.3,49027.54,50904.69,52475.63,55904.52,57146.1,56587.05,55670.41,53951.76,55268.58,53258.71,47784.82,53459.92,52803.76,51477.14,52771.4,51019.67
FR0000077919,JCDECAUX,FR,EUR,162.04,156.3,165.87,160.24,147.42,153.71,141.63,141.25,134.15,123.84,131.83,140.83,150.42,152.1,163.78,180.93,173.04,163.16,158.97,171.16,166.88,157.65,174.37,176.56,182.17,176.47,181.61,193.7,205.27,199.7,198.1,191.72,220.11,231.19,244.15,247.13,202.45,190.88,185.4,180.02,183.78,164.25,163.97,143.54,138.65,110.72,90.29,110.06,89.08,83.34,72.84,92.5,105.41,102.2,131.42,139.63,139.31,130.83,146.46,157.38,166.47,161.09,180.28,185.41,153.49,151.68,165.35,154.32,170.24,188.36,162.15,198.9,206.32,208.08,216.39,225.36,206.77,206.37,177.94,159.98,161.34,173.93,167.39,148.75,163.41,179.43,196.45,182.69,137.9,145.63,133.68,150.88,149.93,139.64,149.3,156.48,184.57,179.44,181.17,181.57,175.94,183.59,215.88,225.3,248.31,271.15,265.82,278.37,287.73,297.81,295.37,276.17,273.46,255.79,235.22,242.58,216.47,227.38,226.07,236.98
FR0000120073,L AIR LQE.SC.ANYME. POUR L ETUDE ET L EPXTN.,FR,EUR,14266.42,14944.39,15300.86,14782.14,14843.94,14512.34,15139.19,14742.83,15693.79,15458.61,15387.22,16307.92,17479.91,16797.56,17688.74,18379.17,18136.66,18649.82,19309.11,20189.79,19519.01,20387.8,21693.59,22717.72,22237.44,21919.31,23265.19,23884.31,23259.24,25783.51,25669.2,24986.03,26152.85,26925.51,28527.24,29156.66,26959.76,27942.91,29979.9,29503.01,29449.45,29154.72,29010.29,26965.46,23991.2,18830.58,18716.15,20074.07,16126.05,16297.88,17941.46,18084.5,21220.67,20884.52,23752.86,24432.31,25989.78,24765.85,26572.86,27241.83,24471.51,27374.12,27503.39,26705.43,24514.52,25590.59,28165.5,26107.95,30581.52,32335.65,29390.78,31780.77,31309.12,32434.2,33305.66,37091.4,35586.6,36746.07,35355.9,33420.28,30268.74,33532.07,32434.64,31820.23,32299.68,33455.53,34133.76,32980.61,31309.96,33082.2,32435.43,34135.16,35921.42,34137.62,35359.29,36278.66,36992.55,35272.83,35232.68,36684.42,38247.13,36628.79,39354.99,38974.95,41394.99,40503.71,41494.74,42078.04,37332.8,40927.11,40251.08,42462.77,44354.35,45172.89,42546.55,42862.52,40821.36,40355.08,42218.2,41646.94
FR0000120172,CARREFOUR,FR,EUR,12687.66,12918.43,13093.22,12200.27,12540.26,12233.91,11919.43,11675.08,11630.62,11198.33,10963.66,11765.64,11891.49,12516.98,13388.53,14595.71,14970.37,15098.48,16044.56,15879.56,16259.47,15695.33,16118.97,15604.09,14794.37,17176.58,18773.35,19908.54,19124.35,18479.1,18805.14,18376.72,18335.4,18865.13,20379.37,20444.82,18264.53,18595.61,20320.54,18914.6,18812.26,15217.58,13800.49,14287.92,12487.59,11212.43,10126.08,10275.38,9221.1,9133.98,10484.75,10994.44,12429.64,11862.97,12982.67,13104.68,12598.58,12007.07,13488.35,13386.92,13656.85,12857.48,13425.34,13618.64,11876.68,11514.66,13213.17,13075.5,15449.58,15475.94,13026.87,11882.7,14086.55,14110.1,12728.63,13634.86,12705.27,11788.6,10109.2,9125.91,7853.33,9160.11,9079.58,7809.19,7801.19,8597.69,8174.47,6859.43,5888.52,6303.6,6358.32,7435.77,7350.5,8550.67,8741.06,9028.8,10081.1,9663.11,9707.13,10500.57,10736.43,9972.45,11122.76,11339.69,12472.01,13318.18,14317.03,14415.0,12512.94,13399.84,14059.61,14423.69,13505.82,13688.06,12826.77,12898.33,11466.88,10866.75,11772.41,11361.69
FR0000120222,CNP ASSURANCES DEAD - DELIST.20/06/22,FR,EUR,410.54,411.91,408.16,389.89,386.75,379.77,399.76,407.32,398.95,412.32,448.86,465.87,514.86,568.44,597.09,640.16,590.27,578.02,578.41,627.67,589.18,639.81,637.06,678.25,702.83,689.19,714.51,809.12,845.46,809.21,836.68,806.55,805.08,803.31,787.09,820.99,761.9,696.99,780.71,777.07,804.82,740.53,733.26,790.67,731.02,523.09,420.14,472.19,437.59,425.09,413.08,546.99,652.95,657.93,626.49,689.01,701.52,668.84,737.68,670.06,613.22,619.52,652.11,580.1,510.11,497.13,598.85,494.26,539.79,578.41,466.53,525.76,640.57,644.13,616.91,667.1,621.1,666.7,590.7,542.09,453.65,472.27,411.73,380.29,412.6,442.7,476.54,429.12,330.91,373.78,351.86,404.8,435.63,470.52,485.26,509.69,550.97,496.47,457.91,506.14,538.75,511.55,602.92,629.79,643.4,630.89,683.6,732.94,699.45,770.11,756.18,822.12,808.28,777.14,735.99,740.56,705.22,699.48,695.05,667.17
FR0000120271,TOTALENERGIES,FR,EUR,29625.87,32878.64,32407.53,30766.82,31141.62,33049.81,35326.86,36823.33,38470.09,35239.62,35669.99,35653.66,39297.14,35832.9,37527.17,39329.28,38148.64,38617.92,39889.03,39598.39,38480.51,39745.53,42331.32,42977.07,40142.36,40193.6,41639.18,44327.12,45739.32,49400.63,48425.38,45717.68,49222.56,48870.82,50112.26,51360.71,44581.25,46911.43,46076.14,51913.67,54893.81,53778.6,48541.6,45475.78,37665.21,34191.66,33725.94,35020.54,32503.6,30820.67,32172.49,32898.5,38386.53,35920.54,36714.79,38173.76,39501.42,39901.42,42287.97,44134.56,39949.32,38227.85,39752.59,37233.98,32587.47,31870.62,35495.67,32984.67,36327.18,38198.13,35176.41,38520.91,42410.88,44422.03,44144.61,46434.74,42879.89,43080.14,40450.4,36469.05,33812.79,39997.06,39132.41,39490.1,40735.04,43258.92,39745.23,37263.34,33551.09,35738.55,36738.14,39700.97,39948.33,40467.6,40255.98,41998.42,44258.55,40881.26,39765.13,41826.45,41457.08,41081.55,44870.9,46574.95,49600.27,52566.92,51866.59,53150.59,49455.94,56262.96,57548.13,62614.77,61619.96,64138.05,57114.91,58680.69,58408.41,53395.39,50405.74,46956.34
FR0000120321,L'OREAL,FR,EUR,14517.0,15218.43,15555.62,13913.93,14314.63,14129.81,15550.17,15732.81,15280.89,14450.69,14212.96,14567.8,15951.62,17408.91,17302.05,18207.0,17885.46,18826.05,19958.69,20849.43,20228.71,19389.35,20109.81,19953.05,21009.47,20839.08,21689.98,23976.59,24010.17,23962.42,23349.64,23685.48,26439.78,26499.47,28156.77,28946.86,24671.07,24148.55,25756.76,24422.06,25019.07,22408.04,21645.24,20579.49,20020.28,15402.89,16626.67,17825.32,13741.93,13415.8,14156.0,15210.32,16717.48,15819.57,18252.33,20865.29,21027.42,21761.92,22966.23,23691.36,22495.64,21964.09,22304.41,22465.1,20219.45,21399.64,22632.82,21527.39,24294.83,25298.56,23010.6,24047.31,25084.73,25104.57,25168.23,27979.26,27689.95,28604.2,26594.12,24038.93,21688.31,24523.59,23819.21,23078.2,23448.47,25228.52,27132.53,27080.43,25306.24,26349.64,27061.84,27731.62,27876.73,28665.37,30551.25,31132.89,33427.36,33710.42,35755.55,40181.98,38690.81,37582.95,38301.9,38125.54,39356.82,39277.79,38401.3,40301.31,37679.09,38827.73,37782.94,40183.4,40820.62,40268.87,39528.62,38789.89,37110.41,36632.79,39975.01,39395.37
FR0000120404,ACCOR,FR,EUR,827.7,888.71,928.43,863.92,907.87,920.5,1000.49,1031.11,993.55,978.6,1043.98,1074.79,1174.76,1179.63,1129.03,1232.47,1181.06,1222.86,1184.25,1284.87,1368.25,1395.27,1462.34,1555.45,1660.74,1771.37,1913.72,1905.57,1948.83,1860.09,1815.89,1800.09,1855.57,1997.12,1779.43,1675.91,1582.39,1502.85,1536.12,1739.03,1696.35,1487.72,1495.2,1482.66,1168.3,856.35,853.41,1086.18,883.94,803.58,774.61,950.17,1036.74,926.54,992.74,1231.95,1299.97,1127.1,1250.91,1282.99,1189.32,1185.18,1295.79,1336.34,1112.82,1095.4,1140.55,1083.88,1288.02,1442.55,1493.15,1573.55,1612.97,1657.82,1584.8,1567.7,1611.36,1606.34,1588.77,1295.95,971.41,1190.58,1001.27,913.55,1092.69,1268.96,1280.92,1241.08,1065.64,1182.4,1258.32,1199.61,1260.61,1177.55,1254.07,1328.74,1473.29,1363.69,1313.74,1249.26,1396.77,1367.21,1465.14,1467.49,1618.98,1746.31,1710.52,1838.96,1856.56,1989.6,1992.9,1901.08,2107.44,2069.53,1927.35,1938.21,1764.98,1670.6,1881.75,1797.86
FR0000120503,BOUYGUES,FR,EUR,45921.4,50942.2,46587.74,46673.82,46368.8,49808.65,52672.43,53391.14,55988.86,59218.41,57470.51,58504.08,65795.95,63084.32,63728.6,65424.29,66786.13,63040.75,61177.46,64520.92,65528.3,71502.45,72875.01,78642.7,82628.44,85375.78,94442.53,98217.63,110467.56,105112.14,101312.74,98624.33,107658.86,119967.9,112452.48,104288.19,95106.96,86325.83,79794.63,96440.33,105219.39,85682.57,84008.11,78322.34,57525.49,54272.81,52738.81,54152.99,44234.63,37353.48,46105.41,58420.61,55590.38,50961.54,57442.5,67343.43,68863.36,64308.63,67439.68,70848.68,67402.59,62537.25,68279.37,67541.61,60635.6,55456.7,59857.8,57741.37,60955.02,62413.66,56745.26,61363.19,66124.3,65627.34,68191.33,74087.26,68559.17,65293.8,56336.88,57163.6,49699.98,56280.13,48486.93,46950.13,46198.1,47457.0,45362.64,43495.84,38632.83,43084.65,40479.28,39916.32,39145.41,38506.02,39543.76,47295.85,45453.77,45306.19,43513.14,48115.83,45928.77,43902.06,50245.84,53745.14,62892.19,67413.92,65099.71,65079.45,65940.79,69486.44,71867.71,77412.23,84016.75,75225.04,71428.24,66529.17,58616.12,62409.34,68194.15,65590.51
FR0000120560,QUADIENT,FR,EUR,557.41,604.45,627.03,605.64,647.05,636.14,704.67,698.61,735.47,729.3,713.43,755.71,760.03,757.06,821.09,854.16,813.13,861.76,843.54,905.68,924.26,948.08,997.45,972.85,994.45,998.24,1104.41,1130.3,1151.34,1136.33,1168.85,1222.24,1123.28,926.11,855.53,822.86,801.86,835.02,899.41,832.89,923.89,845.48,843.56,886.02,785.92,699.37,601.4,760.0,699.18,634.45,670.89,736.86,718.94,776.69,758.43,738.74,802.6,787.55,782.25,763.04,738.83,749.74,738.38,732.51,674.57,672.25,739.18,677.55,712.48,793.15,845.48,856.54,887.58,929.76,858.95,935.89,875.96,841.05,814.73,735.27,751.67,782.88,720.9,713.44,746.25,725.29,677.87,606.91,548.23,564.14,633.87,593.93,613.5,607.38,579.89,585.27,659.96,670.36,694.7,762.23,775.81,767.39,832.2,841.09,876.98,912.35,942.07,929.08,1020.87,1139.71,978.68,1014.48,992.11,927.75,870.26,864.27,948.83,896.15,917.57,736.39
FR0000120578,SANOFI,FR,EUR,5097.94,5476.26,5774.71,6032.03,6182.65,5707.69,6017.6,5909.35,5755.37,5555.53,5615.95,6060.95,6361.54,5910.83,6596.41,6537.88,6559.25,6916.73,6735.52,6356.93,6304.35,6026.28,6230.23,6539.17,6213.6,6017.91,6143.64,6529.13,6836.05,5903.37,6122.81,5940.81,6141.85,6370.14,6939.83,6696.62,5852.39,5386.74,5476.27,5678.6,5650.94,5073.87,5337.42,5432.09,4962.62,4757.42,4184.75,4790.12,4287.87,3944.15,4270.83,4644.68,5095.01,4703.0,5218.24,5438.01,5870.41,5877.62,6049.69,6326.05,5966.04,5871.13,5980.5,5500.55,5104.98,5104.25,4884.93,4840.75,5613.49,5867.74,5101.12,5400.49,5752.77,5810.12,5906.73,6664.95,6964.25,7076.7,6868.56,6421.85,5829.44,6380.98,6173.76,6486.14,6508.49,6537.78,6827.07,6719.4,6272.59,6992.57,7550.23,7562.52,7873.23,8106.07,8236.76,8681.55,8996.8,8751.9,9388.55,10119.44,10192.14,9863.79,10146.03,9135.27,9672.46,10176.83,10101.28,10128.78,9356.94,9916.31,9941.33,10310.58,10573.08,10492.05,10391.83,10864.98,11175.55,9116.72,9588.33,9043.88
FR0000120628,AXA,FR,EUR,12427.31,13801.8,13673.27,12956.83,12927.72,13225.05,14469.36,14000.57,14553.34,15293.68,15945.41,16994.23,17904.97,18676.46,18522.63,19365.82,18970.77,18231.2,19144.89,20626.25,20468.22,21169.11,21063.93,22471.47,23349.86,23604.97,23476.56,25730.41,25090.81,24811.47,22806.78,23009.66,25612.58,25623.81,23527.78,22981.94,19441.56,19585.42,20906.85,22475.14,21311.48,17943.63,17887.76,19435.42,19419.32,11371.28,11455.74,13301.01,9452.5,5627.19,7256.08,10198.54,11561.94,11702.13,13100.8,14199.01,16849.29,15642.17,15193.27,15132.6,13295.2,12867.36,14211.91,12802.97,10917.29,10323.03,12184.92,10307.99,11577.3,12021.31,9519.73,11043.94,14015.48,13900.61,13836.0,15538.71,14749.81,15706.35,13024.11,11128.48,9182.77,11349.94,9976.75,9015.07,10502.83,11194.97,11443.46,9791.26,8317.37,9851.48,9076.66,10746.4,11044.96,11773.04,12172.96,13037.96,13714.62,12884.53,12755.19,13881.75,15751.39,15256.53,17113.5,16901.94,18025.24,19450.94,20417.1,21654.97,20447.41,20340.58,20217.21,20242.23,20071.16,19409.77,18682.07,20167.12,20017.15,18734.88,19658.77,18875.27
FR0000120644,DANONE,FR,EUR,7427.84,7959.6,7948.74,7448.74,7489.09,7141.21,8042.03,8492.0,8769.96,8270.37,8351.41,8446.38,8837.76,9383.57,9927.41,10108.08,9982.82,10487.59,10903.82,11349.47,11576.63,12096.2,12715.36,12497.08,12679.75,13056.88,13440.12,13650.08,13154.7,13612.68,12346.76,12799.29,13183.19,14375.75,14853.2,15074.53,13433.56,13251.16,15071.42,14860.96,14977.65,12035.77,12761.14,12001.34,12029.11,9435.02,9840.35,10281.24,8834.65,8233.97,8337.13,8473.92,8799.75,9254.48,10010.03,10208.5,11289.32,11332.96,11209.05,11524.67,10803.84,10993.44,11318.7,11066.83,9944.87,10442.43,10814.44,10395.26,11552.58,12190.7,11329.19,12166.04,11632.26,12102.46,12616.28,14150.83,14506.83,14772.96,14172.62,13563.04,12275.99,13895.08,13075.7,12487.14,12233.22,13453.23,13793.16,13932.65,13045.69,12647.35,12389.77,12698.77,12532.49,12495.65,12898.79,13378.37,14086.74,14138.85,14171.92,15550.01,15329.7,15623.63,16442.06,15486.36,15700.81,15479.58,15179.26,15029.47,13776.17,14735.62,14747.57,15365.55,15980.69,15919.54,15515.88,15005.98,14352.61,14563.54,15166.84,14124.94
FR0000120693,PERNOD-RICARD,FR,EUR,14688.14,14872.67,14521.66,15738.49,16078.02,16726.16,17557.17,18111.73,18537.63,18290.94,17274.54,18340.54,19597.46,18059.67,20182.5,20422.32,20633.67,20906.59,22103.13,23164.02,22088.76,21279.34,23752.54,24590.49,26254.39,26501.21,25991.9,27513.89,28258.73,28477.78,27474.41,27302.36,28206.5,29907.55,29031.94,30207.17,27572.35,27933.35,26986.37,30113.23,29650.47,27129.05,23111.38,24866.18,22899.53,16992.64,15706.3,19723.24,16901.58,14805.33,14927.96,16929.18,17687.11,17873.8,22197.26,22405.45,22780.15,24061.54,24972.61,25176.49,23739.11,22118.03,24918.41,24905.31,22219.58,22955.51,23143.4,23192.27,24733.08,26192.31,24457.36,28244.25,28565.65,27612.77,27983.39,30124.72,30177.75,29486.99,30014.74,27193.15,23851.91,28451.6,28823.61,28438.31,29370.13,31758.73,31916.13,31727.36,29861.97,32688.89,33226.47,33291.99,34631.24,33172.61,35271.76,35910.87,38984.12,40474.71,38882.71,38602.24,37420.12,34492.41,37355.43,36407.05,39056.3,37819.14,36053.3,36217.83,34086.55,37387.8,36963.2,38070.89,38955.84,38108.13,35877.85,37867.82,36274.26,36456.78,38405.4,36085.01
FR0000120859,IMERYS,FR,EUR,8066.67,7880.24,7314.23,6898.3,7172.68,6840.19,7308.76,7290.47,7386.2,6856.59,6901.36,7150.46,8168.01,8475.2,8344.62,8510.53,8184.25,8135.03,7384.82,7739.79,8510.41,8795.64,8932.07,9046.86,9629.33,9065.61,9417.45,9759.55,10406.59,10587.4,10306.67,9562.56,9501.09,10133.52,8868.27,8581.53,8016.79,8802.86,9606.74,9018.41,9769.42,7826.13,6498.81,6962.15,6130.88,4860.01,4035.9,4876.8,4322.05,3629.55,3949.84,4522.9,4948.24,4874.94,6378.31,6315.08,6901.54,6643.86,7013.27,7257.67,6736.56,6225.98,7435.66,7399.89,6443.24,6355.72,7159.06,6133.84,7387.82,7340.15,7072.33,8241.98,8121.76,8650.01,9040.96,9557.65,9206.45,8881.25,8677.65,8263.57,6387.11,7286.4,6380.55,5824.02,7024.91,7650.73,7653.0,7164.61,6283.45,6659.01,6620.85,6481.91,7688.65,7351.8,7774.74,8316.08,8648.75,8832.94,8536.31,8584.68,8442.29,8254.69,8893.91,8765.21,9424.8,10852.07,10928.98,11750.74,10990.07,12576.95,12001.87,11834.89,11616.81,11668.85,10809.63,11095.54,10213.59,9927.48,10497.65,10224.66
FR0000120966,BIC,FR,EUR,3249.03,3330.98,3376.35,3213.08,3310.05,3666.1,3464.18,3613.3,3644.36,3486.63,3595.71,3640.19,3948.64,3745.19,4117.43,4308.84,4121.32,4062.34,3763.37,3901.12,3900.35,4038.83,4285.95,4367.24,4226.11,4284.58,4375.33,4601.55,4654.27,4737.53,4675.92,4881.81,5497.06,4990.32,4804.23,4605.76,3983.65,4078.68,3979.17,3291.2,3330.35,3503.08,3419.02,4065.37,3450.37,3503.93,3395.02,3832.8,3604.51,3296.86,3289.58,3609.68,3798.45,3977.01,4133.52,4261.88,4923.67,4835.9,4843.07,4802.85,4953.46,4918.64,5316.66,5390.92,5161.15,5154.73,5381.4,5318.32,5816.1,6410.09,5868.63,6242.25,6220.77,6185.14,6438.9,7044.8,7019.44,7196.46,7042.85,7249.67,6392.82,6708.5,6605.8,6623.5,6642.22,7519.86,7462.98,8203.66,7653.4,8093.55,7960.34,8450.52,9477.1,9551.98,9793.08,9330.12,10545.83,9158.29,9114.09,8369.85,8591.13,8088.8,8949.98,9269.1,9403.01,10113.87,9927.68,9918.47,9306.39,10367.56,10620.77,10710.66,10867.55,11365.62,11450.56,11316.01,10715.46,10354.51,11103.35,11043.81
FR0000121014,LVMH,FR,EUR,6918.25,7394.3,7466.35,7005.73,7217.55,7796.19,8391.26,8118.32,8335.19,8153.9,8650.11,8952.01,9117.17,9192.86,9900.27,10629.5,10077.77,10150.93,10267.7,10521.88,10529.18,10661.05,10617.45,10827.52,10796.57,11359.56,11354.29,12050.43,12279.34,12018.42,11785.52,11627.53,12438.06,13377.14,12718.21,12628.36,10600.05,10820.92,11670.54,11942.04,12415.61,11143.17,11759.65,11373.49,9213.54,6986.4,6056.14,7109.21,5872.48,6170.38,6721.98,8141.57,9053.8,8338.88,9806.55,10459.06,10979.45,11392.04,11436.06,12350.28,12070.04,11930.93,12860.84,12680.8,11800.67,12270.42,13603.66,13009.92,16384.37,17456.22,17066.94,18529.77,17544.89,17706.49,17785.9,20183.61,19731.99,20425.38,20872.65,19278.97,15177.77,19041.21,17946.34,16237.51,18499.61,19317.21,19617.95,19215.77,17126.16,17643.35,17507.31,18978.64,17461.02,18850.45,20521.44,21403.89,22043.98,20168.48,20110.07,20576.26,21020.25,19207.04,21535.91,20744.16,23392.69,22880.61,22613.32,21872.15,21331.8,22294.16,21768.61,23841.02,24157.41,23382.75,20872.88,21099.06,19720.4,20570.63,21851.38,21728.46
FR0000121121,EURAZEO,FR,EUR,15851.28,16798.84,17344.57,16968.88,17475.32,17567.98,19993.05,21189.38,21093.78,19923.91,19551.67,21327.33,22913.73,22204.48,24685.82,24764.12,24102.83,23015.58,26454.27,27368.55,26730.88,29661.97,31420.66,33157.87,32010.45,34030.23,34905.51,36789.61,36867.52,35636.19,34797.45,32735.67,36211.45,36673.82,35130.78,31606.52,25843.42,29938.7,31620.58,31855.65,31544.63,28010.09,26269.82,25931.88,21773.33,15599.11,13496.36,12232.88,8913.96,6184.6,7027.79,10835.49,12335.1,11279.0,12283.04,14730.63,17734.66,17191.57,19134.24,19034.19,19861.61,17290.41,18906.05,18963.49,16862.9,16932.64,18598.19,17077.88,19625.05,22162.15,19911.79,21739.26,21552.52,21725.05,22867.7,24365.78,24842.74,22873.36,21368.15,17879.58,13354.45,15150.41,13064.15,11177.33,13647.1,14892.33,15909.12,16047.2,13020.74,13106.06,13625.73,15039.91,15642.86,15608.32,16329.12,16280.69,17999.96,18624.9,17321.31,18084.87,20282.31,19732.59,23654.33,22818.41,23692.53,27941.22,27214.93,28956.57,26387.87,28936.22,33149.64,31048.72,34086.32,32822.34,29660.33,30061.32,28404.67,26378.74,27525.89,27797.04
FR0000121204,WENDEL,FR,EUR,1008.37,1047.68,1049.76,1049.63,1052.7,1110.46,1170.3,1199.79,1332.08,1285.64,1326.35,1341.22,1460.41,1533.77,1605.5,1680.37,1595.47,1652.24,1570.33,1582.17,1692.3,1827.39,2044.75,2032.35,2041.87,2055.3,2311.5,2361.31,2477.29,2537.04,2520.65,2352.37,2358.23,2383.93,2185.57,2010.53,1377.34,1582.92,1751.34,1917.95,1975.47,1451.14,1593.04,1584.05,1113.46,669.67,647.7,701.62,557.26,361.44,376.72,529.86,602.91,477.66,587.58,699.58,934.21,827.96,865.13,909.2,814.75,831.22,883.45,964.74,805.06,775.4,857.48,779.22,1006.79,1174.11,1174.84,1402.5,1516.73,1567.42,1650.65,1903.45,1840.84,1893.36,1777.45,1315.46,982.38,1159.23,1105.73,1029.69,1147.44,1302.96,1313.67,1152.23,1010.11,1177.1,1140.92,1200.22,1345.24,1402.23,1493.1,1631.9,1726.55,1755.27,1687.26,1725.99,1792.79,1671.32,1874.09,1973.49,2203.45,2270.4,2256.11,2371.8,2203.88,2443.42,2526.69,2445.09,2456.12,2365.09,2166.98,1998.58,1872.59,1819.69,1950.8,1857.36
FR0000121329,THALES,FR,EUR,31325.57,31184.12,28720.61,27830.44,28204.77,28624.45,28642.48,31780.08,32783.99,30301.45,31412.43,31801.28,34027.65,32084.18,31255.19,30200.02,27899.99,28248.31,28745.68,31408.19,32062.28,33431.17,34584.73,36036.65,37964.96,37209.01,41848.72,44179.51,45115.55,45122.93,42626.66,41857.27,43101.11,45883.74,44245.37,43920.05,42185.71,45425.14,47904.94,48206.09,47128.88,43112.89,42955.16,42959.66,37617.87,30002.45,28191.04,31345.49,33666.67,30775.04,28644.24,31602.91,36615.66,34878.62,32805.92,35824.66,38657.53,38007.24,38251.26,40232.03,35603.75,31243.33,31373.51,29105.61,27228.33,25832.4,26806.01,25481.23,29083.28,32354.47,27937.72,27912.85,29572.28,30127.17,31736.82,35159.04,33812.3,34854.0,34626.83,30026.72,25545.12,28841.08,25505.74,25888.44,27984.21,29624.02,30540.14,28316.42,24699.8,27587.26,26220.97,27821.57,28724.96,29377.32,30050.8,29171.46,30342.0,29741.23,35718.19,36654.81,41742.95,39975.76,44110.21,42141.1,47155.54,52679.73,52437.84,55632.87,56217.28,57309.0,57223.55,54841.85,52679.69,53174.44,50022.81,49214.83,46840.95,43612.24,46769.99,48250.48
FR0000121485,KERING,FR,EUR,6785.12,7199.06,6902.32,6320.69,6399.2,6857.13,6714.53,7096.7,6989.04,6971.13,7159.55,7452.82,7740.64,7655.6,8007.88,8598.48,8255.62,8708.48,9118.2,9426.04,10115.53,10192.04,10430.72,10196.53,10047.99,10259.74,10885.45,11927.73,12469.58,12220.69,12287.94,12081.88,13104.93,13824.69,11791.77,11231.69,9707.47,9625.7,10385.84,9140.27,9116.58,8121.84,7982.94,8558.1,6419.82,4585.96,3455.72,4723.28,3702.91,4398.79,4673.98,5647.4,6452.13,6278.83,8533.26,8948.56,9855.33,8445.22,9314.23,9303.24,9463.22,8854.86,10266.95,10383.02,9598.28,10021.14,10668.25,10418.44,12932.96,13061.82,12710.59,12735.5,12769.38,12120.66,12243.53,14290.96,14293.53,14634.77,15237.59,13728.81,10744.05,12944.71,12304.96,11807.33,12945.18,14031.04,14120.73,13747.1,12015.1,12036.58,12695.21,13227.75,12979.61,14853.12,15759.67,15691.42,18343.29,19150.35,18776.81,18788.69,18597.89,17869.11,20118.91,19839.38,19741.5,20030.28,19568.89,18640.7,17750.06,18246.94,18140.99,19649.65,19952.6,19778.34,19306.15,19159.96,18191.82,17399.6,18678.88,17410.11
FR0000121667,ESSILORLUXOTTICA,FR,EUR,24909.33,24664.36,25402.36,25008.41,24467.23,24311.28,25881.36,27647.98,29524.91,29246.54,29564.11,28593.18,31009.79,30637.77,31658.08,35592.78,36291.0,36199.49,35943.45,37205.1,36795.72,37739.75,38669.02,38634.71,40222.04,40979.36,41180.83,43497.64,43766.2,43465.55,44817.76,44235.04,45578.15,46355.94,45789.04,46481.73,41744.75,43454.29,47769.3,45303.56,46473.69,45264.21,36654.98,39652.57,36478.0,32885.29,29514.82,34518.39,28323.09,25741.31,28579.43,32091.03,34710.45,35946.48,41596.3,40771.03,42934.86,42452.95,43745.62,45176.64,44138.38,45593.4,48241.84,46063.47,43660.45,45957.58,47899.63,46630.25,52778.17,51082.9,47995.65,49504.85,51275.73,54752.1,56959.75,64229.29,62885.08,63033.22,62452.95,59743.5,56308.02,56815.52,55576.2,55046.8,56985.91,62142.23,69179.26,68462.97,67223.94,73208.74,68659.49,68834.06,73781.64,70931.19,76004.01,78881.52,80217.75,81334.43,87669.07,88649.67,87710.75,84463.2,88775.1,85630.19,85551.54,85488.89,83571.54,84658.15,79899.69,83073.05,80202.15,84974.16,84616.03,85328.03,78571.13,85562.44,88375.95,88826.47,90589.1,90247.25
FR0000121964,KLEPIERRE REIT,FR,EUR,977.06,1055.24,1012.76,1113.85,1096.15,1107.72,1117.74,1146.72,1168.22,1086.91,1072.64,1085.48,1147.01,1339.26,1445.08,1396.76,1304.68,1381.28,1510.97,1675.19,1784.72,1799.75,1937.07,2249.52,2108.23,2348.06,2300.13,2368.56,2363.32,2074.39,1904.34,1925.22,2093.47,1980.92,1898.52,1870.71,1930.22,2155.18,2253.61,2304.03,2236.78,1907.68,1543.85,1520.32,1455.17,859.82,787.35,946.36,931.72,800.41,684.12,940.91,1061.14,1081.55,1192.86,1577.82,1661.73,1746.62,1678.04,1708.34,1572.23,1565.51,1650.38,1519.07,1178.75,1223.71,1399.79,1343.93,1694.83,1704.78,1388.1,1589.21,1597.98,1713.22,1783.54,1897.76,1966.99,1903.05,1729.49,1601.75,1309.14,1454.61,1335.27,1319.36,1385.71,1470.61,1596.59,1550.03,1516.41,1609.15,1598.94,1583.43,1718.86,1814.76,1877.17,1937.74,1930.51,2014.54,1926.52,2179.53,2209.19,2020.76,2221.8,2031.65,2227.48,2309.0,2388.67,2383.22,2228.05,2342.93,2298.35,2468.81,2618.54,2745.31,2549.02,2572.84,2359.78,2329.11,2424.26,2329.62
FR0000121972,SCHNEIDER ELECTRIC,FR,EUR,6005.11,6291.72,6175.66,5652.85,5990.24,6123.49,6390.15,6360.42,6425.96,6660.83,7006.14,7210.49,8471.76,8293.85,8747.57,9171.33,8643.64,8663.88,8540.45,8859.36,9262.27,8637.31,9008.6,9219.55,10008.89,10081.52,10643.43,11950.38,12505.6,12182.12,11755.63,11513.3,10914.76,11911.87,12126.83,11737.1,9890.59,9956.97,11249.47,11042.4,11320.29,9752.78,10053.98,9152.41,7634.61,5342.84,5659.06,6647.22,5753.15,5477.39,6002.75,6923.47,7109.57,7298.68,8660.22,8842.57,9701.8,10040.25,10486.56,11243.87,9993.76,10257.49,11260.81,10948.87,9887.33,10068.58,11330.53,10453.63,12478.62,13932.58,13835.14,14765.91,15346.49,16275.17,16818.99,17860.07,16625.6,16853.85,14667.34,13526.45,10985.35,12006.23,11410.75,10657.86,12544.17,13771.57,13166.3,12397.57,11163.33,11632.84,11882.57,13266.12,12420.06,13102.37,14733.39,15153.5,15962.41,16146.66,15342.62,16000.82,17212.86,15684.15,17195.25,16530.11,18321.0,18264.76,18368.84,18916.03,17486.68,19363.0,19202.71,20279.31,20970.32,20939.78,18819.24,18848.51,17086.26,17527.03,18193.72,16316.29
FR0000124141,VEOLIA ENVIRON,FR,EUR,125.06,122.0,124.4,131.71,135.32,134.49,139.02,145.33,151.35,148.74,153.24,161.28,180.88,186.76,198.31,213.31,202.46,188.33,197.76,204.11,219.81,223.15,241.5,280.67,254.56,256.71,270.04,302.93,310.37,295.58,281.31,289.35,323.9,336.38,349.68,344.33,305.99,337.04,263.89,273.27,275.69,217.4,206.05,208.97,157.01,94.34,96.17,119.51,87.62,84.38,80.83,107.59,120.13,120.89,140.47,142.18,157.19,134.95,138.98,136.23,136.06,133.43,142.68,129.63,111.52,102.88,115.18,101.31,114.45,127.29,114.58,127.31,135.82,142.82,135.1,145.2,138.77,129.59,104.37,76.65,68.25,65.86,58.5,50.52,52.27,56.46,76.1,67.3,56.28,62.44,55.68,52.28,53.23,48.77,53.58,59.48,63.52,62.09,62.25,67.99,65.63,59.89,70.58,81.0,90.08,90.43,85.54,86.11,82.88,99.81,104.32,103.34,106.09,105.64,98.17,102.08,97.93,92.65,101.38,99.01
FR0000125007,SAINT GOBAIN,FR,EUR,878.25,881.96,868.72,800.56,821.37,811.94,879.6,885.41,843.31,799.98,846.91,866.28,957.43,975.78,1019.65,1094.44,1025.83,1071.33,1069.19,1111.81,1086.01,1104.75,1196.97,1257.97,1410.06,1393.84,1459.87,1612.94,1643.5,1722.66,1717.33,1665.59,1592.48,1637.73,1510.17,1442.48,1179.47,1212.82,1252.11,1232.66,1232.49,1001.32,1003.36,986.58,811.93,608.89,637.83,746.87,544.63,409.59,493.63,639.73,634.74,610.76,737.21,823.29,947.07,898.11,993.96,998.27,885.3,861.04,880.43,909.21,703.99,714.52,803.45,696.89,841.06,880.69,848.27,975.16,1095.48,1129.84,1157.6,1306.26,1246.57,1256.25,1126.48,978.8,751.6,911.84,820.34,747.24,864.16,925.11,865.24,812.75,686.68,749.58,613.92,697.81,713.81,715.18,809.95,862.26,836.75,810.81,753.77,814.97,882.33,852.81,976.24,983.07,1045.35,1111.24,1124.25,1162.11,1108.53,1267.48,1274.98,1287.65,1203.14,1224.62,1058.03,1104.61,993.63,931.42,999.69,925.42
FR0000125338,CAPGEMINI,FR,EUR,280.75,325.2,302.98,269.09,277.28,275.74,291.39,284.27,338.34,318.17,343.64,346.67,395.7,428.3,471.56,463.1,482.08,500.23,470.48,479.78,464.47,497.85,534.69,549.61,554.7,611.95,664.98,676.4,676.44,651.73,591.68,574.71,545.54,564.99,518.22,557.96,475.69,490.97,507.27,552.9,617.11,537.26,586.21,542.43,424.73,289.55,292.12,348.18,315.72,265.72,292.89,342.83,363.81,347.48,433.62,457.12,493.98,440.32,436.55,433.04,423.39,435.96,465.91,478.96,432.88,428.92,459.0,409.07,484.69,491.52,408.02,452.09,486.82,564.2,561.12,585.61,550.29,580.13,489.24,402.93,333.61,382.95,374.59,310.44,361.87,438.16,442.63,386.6,333.72,378.94,377.37,379.29,436.15,432.72,435.92,446.1,496.24,507.43,469.38,474.1,504.04,513.43,577.86,577.88,629.47,696.61,691.17,715.99,721.22,828.64,800.95,746.54,787.1,771.37,784.72,770.79,776.33,710.8,794.47,778.35
FR0000127771,VIVENDI,FR,EUR,5023.52,5024.28,4876.03,4792.6,4978.04,5136.9,5191.52,5100.34,5331.71,5125.2,4732.08,5082.01,5097.09,4940.54,5584.37,5935.54,6066.67,5912.53,5709.03,5800.03,6077.52,6390.57,6498.05,6589.01,6925.01,6654.2,6833.62,7273.43,7643.23,7560.11,7520.96,7176.55,7384.6,7887.94,8082.32,8047.89,6973.56,6982.39,6879.55,7120.13,7747.92,7007.6,7766.22,7184.37,5708.13,4775.33,5210.69,5968.69,4779.73,4445.39,4882.42,5006.1,5197.12,4724.43,5053.07,5638.05,6111.4,5518.16,5696.43,5899.17,5180.46,4992.22,5301.6,5205.38,4624.12,4401.36,5134.77,5000.15,5849.07,6087.16,5227.99,5790.67,6133.3,6097.79,6110.31,6716.01,6394.12,6375.0,5504.66,5601.27,4718.04,5197.68,5284.9,5036.84,4803.08,4944.95,4201.88,4238.72,4120.89,4737.84,4858.57,5014.52,4982.01,5219.89,5483.1,5702.87,5469.49,5377.92,5280.61,5786.57,5331.13,5128.13,5782.34,5486.4,6241.66,6891.62,6901.97,7157.26,7291.25,7757.86,7556.47,7271.24,7118.71,6998.18,7184.11,7458.44,6908.64,6979.66,7303.13,7161.42
FR0000130213,LAGARDERE GROUPE,FR,EUR,519.79,540.21,522.66,496.99,500.93,519.55,523.75,516.51,515.51,497.39,513.94,555.18,576.8,560.29,564.78,597.42,582.46,543.17,515.78,539.04,530.64,529.49,539.64,592.18,577.81,564.93,564.88,581.96,627.53,654.1,599.92,613.72,637.91,634.27,604.98,563.49,545.5,595.48,563.92,540.4,557.42,440.54,426.38,434.78,344.15,303.89,281.73,311.64,295.81,253.85,216.93,244.88,272.27,270.96,303.22,351.82,379.72,370.94,347.54,332.66,318.81,298.67,330.86,329.66,274.48,268.93,314.44,308.51,334.05,363.72,316.24,353.18,380.55,384.62,365.05,375.56,364.8,377.67,348.43,306.44,222.1,242.81,217.55,236.77,254.34,268.87,275.39,271.0,224.18,264.21,256.28,266.66,258.9,258.69,285.01,315.63,342.23,338.4,349.22,352.24,369.61,400.13,454.31,436.92,467.43,523.92,488.47,535.6,508.34,578.06,571.38,601.86,649.04,605.87,553.93,513.56,498.02,452.59,528.84,486.3
FR0000130395,REMY COINTREAU,FR,EUR,209.6,216.19,219.48,224.58,221.25,237.92,231.09,240.99,237.76,231.44,220.17,253.19,261.81,266.78,267.29,292.68,287.53,274.94,276.31,290.57,276.79,294.87,332.11,356.43,357.69,365.15,370.98,404.67,399.35,413.12,404.15,403.48,407.92,433.36,412.05,402.59,336.31,357.6,381.13,350.31,333.24,308.95,278.38,299.43,274.19,242.46,207.62,242.33,157.16,134.65,139.43,195.53,207.85,212.91,237.06,241.07,251.58,292.45,302.82,307.58,303.79,287.61,311.64,326.51,301.93,323.15,328.98,339.54,412.36,428.79,401.9,434.29,434.28,411.04,461.05,504.67,501.0,514.46,546.45,559.85,441.2,525.48,529.51,511.2,558.84,623.84,643.56,706.75,629.64,696.85,749.82,743.56,748.0,673.62,727.82,708.58,828.8,822.1,752.09,757.17,750.84,688.35,671.27,681.84,704.65,652.98,564.62,555.41,493.54,561.34,530.55,580.85,613.19,607.91,540.73,537.78,485.97,480.07,508.8,452.13
FR0000130403,CHRISTIAN DIOR,FR,EUR,637.71,714.63,726.85,691.24,732.52,780.27,823.17,802.56,832.22,806.3,854.74,894.65,938.76,936.77,1006.48,1069.22,1014.83,1000.55,1016.79,1060.42,1061.69,1090.57,1073.71,1092.32,1115.06,1212.28,1242.67,1333.01,1357.46,1347.49,1294.37,1266.25,1323.37,1409.41,1366.88,1369.56,1138.72,1143.83,1157.6,1197.61,1277.66,1091.82,1145.63,1134.01,788.65,633.64,490.77,599.45,536.26,541.36,587.13,726.52,835.2,816.44,945.26,1015.51,1080.16,1098.05,1116.58,1134.41,1121.05,1082.1,1177.57,1175.39,1079.84,1084.53,1213.25,1136.15,1465.87,1618.03,1568.2,1619.19,1553.4,1628.9,1591.52,1814.91,1761.86,1796.62,1829.95,1662.51,1295.6,1629.72,1489.18,1372.53,1634.74,1797.87,1768.21,1765.08,1530.14,1609.08,1623.52,1674.21,1573.22,1681.02,1909.97,1998.46,2064.7,1976.99,1963.82,2080.73,2189.26,1922.05,2107.58,2038.64,2339.86,2269.72,2359.85,2285.21,2209.48,2389.66,2325.53,2500.77,2549.91,2421.74,2120.1,2170.46,2040.69,2152.98,2337.23,2392.97
FR0000130577,PUBLICIS GROUPE,FR,EUR,1911.64,1860.97,1868.67,1734.05,1786.75,1795.9,2094.24,2033.53,1962.38,2032.0,2082.81,2131.68,2316.06,2347.32,2395.29,2551.21,2488.41,2373.66,2329.23,2454.24,2447.65,2407.41,2409.44,2620.9,2663.56,2784.15,2994.46,2975.86,2821.01,2743.21,2745.94,2731.98,2591.35,2562.13,2304.44,2473.63,2254.35,2300.89,2422.67,2552.58,2508.51,2048.53,2139.7,2198.35,2020.41,1457.4,1508.8,1665.11,1533.73,1528.77,1670.36,2007.48,2110.66,1984.72,2366.81,2463.79,2681.81,2557.84,2576.52,2736.93,2770.1,2646.41,2869.36,2959.59,2798.76,2745.05,3070.85,2863.05,3241.75,3390.45,3054.19,3565.92,3512.55,3891.25,3827.7,3868.62,3743.05,3868.54,3539.62,3270.78,2924.5,3391.28,3311.73,3202.16,3493.94,3812.19,3819.87,3578.64,3210.08,3237.15,3494.78,3680.34,3964.48,3811.24,4002.93,4221.48,4634.79,4682.67,4752.93,4927.35,5068.65,5116.74,5794.66,5344.34,5730.05,6010.17,6374.88,6595.71,6383.82,6838.41,6504.58,6126.75,6214.02,6211.9,5327.23,5471.02,5031.03,5072.7,5393.43,5286.51
FR0000130809,SOCIETE GENERALE,FR,EUR,1299.25,1381.75,1358.83,1295.13,1339.04,1383.54,1488.76,1462.31,1554.69,1549.39,1618.82,1664.46,1792.59,1925.22,2039.66,2071.66,2096.64,2076.31,2104.59,2277.35,2244.74,2362.1,2383.38,2410.4,2502.73,2391.01,2447.89,3036.04,2866.87,2733.18,2567.01,2374.44,2462.68,2466.53,2280.32,2128.27,1812.6,1696.72,1544.85,1839.52,1631.84,1388.4,1488.12,1551.12,1387.99,852.39,675.1,797.62,672.99,505.16,624.28,827.17,952.35,895.06,1048.18,1323.75,1319.34,1159.31,1218.87,1216.0,1015.71,954.67,1090.99,930.07,744.7,732.8,1005.1,890.72,1006.01,1043.01,810.63,941.07,1129.38,1227.4,1134.83,1168.53,1077.96,1078.63,907.49,611.5,487.86,535.09,442.51,406.07,484.7,589.79,531.8,429.8,361.04,424.77,403.25,482.39,516.93,577.82,657.51,679.34,821.2,699.05,598.37,661.08,737.73,632.95,740.03,805.41,919.59,1048.7,1063.21,1073.13,1046.7,1232.39,1136.49,1145.78,1088.85,988.83,948.74,958.84,963.99,908.72,938.89,799.38
FR0000131104,BNP PARIBAS,FR,EUR,461.09,464.81,453.86,419.93,447.04,454.73,479.98,480.29,505.18,501.87,524.87,534.11,590.45,613.3,619.32,629.91,646.56,661.83,672.42,734.23,743.25,760.34,745.63,753.63,768.7,721.07,719.74,808.32,868.18,853.8,800.45,755.1,780.83,787.61,810.18,776.34,697.32,646.99,724.3,771.38,774.68,681.22,748.02,680.18,697.45,533.6,413.11,315.98,288.98,248.04,310.49,400.79,530.01,498.29,557.04,619.15,630.76,599.95,652.58,633.85,572.87,573.06,608.08,547.79,463.52,447.46,560.29,512.0,581.13,595.96,484.32,521.14,610.79,637.65,597.58,646.76,661.55,654.95,554.46,438.3,342.16,388.87,336.68,334.37,359.63,415.91,402.05,340.93,282.93,342.42,330.49,387.41,423.18,447.34,496.83,499.41,557.93,501.25,457.33,496.15,539.75,501.31,593.37,574.45,621.89,681.29,691.19,717.27,711.85,754.57,709.03,689.36,662.75,641.34,626.24,639.9,627.27,593.98,607.74,563.59
FR0000131906,RENAULT,FR,EUR,378.92,420.88,415.11,387.23,408.68,419.99,436.99,419.93,452.11,411.82,372.55,386.77,449.0,457.59,505.36,551.48,562.92,524.82,533.44,568.54,559.85,571.56,586.13,586.32,602.86,580.19,569.45,638.32,719.61,810.37,737.64,679.42,727.41,843.98,734.71,713.86,564.79,544.03,559.08,517.59,546.06,437.02,446.17,448.92,333.19,161.08,116.34,137.29,103.43,77.93,109.46,173.34,203.92,195.43,225.85,239.91,247.99,240.38,257.37,276.52,253.53,219.44,249.99,250.67,191.98,200.77,237.46,216.95,274.35,295.45,279.85,310.7,348.81,326.62,294.74,324.95,303.97,317.93,287.21,218.85,180.41,227.77,200.36,186.6,228.65,285.13,282.3,243.68,232.97,221.85,243.71,260.47,261.25,248.66,278.11,298.27,335.23,353.4,348.97,383.54,444.8,385.93,451.21,409.52,458.12,503.67,510.52,462.56,501.54,572.76,558.33,558.6,555.11,532.53,491.61,462.31,426.75,437.16,473.82,431.47
FR0000133308,ORANGE,FR,EUR,151.55,146.16,144.99,141.73,138.78,144.23,152.56,148.04,142.5,128.52,124.06,122.55,112.51,107.69,111.17,115.4,117.1,112.24,109.29,110.76,119.73,135.63,135.66,144.26,143.85,141.61,137.42,153.87,160.42,152.02,150.0,166.53,184.32,203.24,210.16,198.6,192.95,186.62,186.22,173.18,178.49,173.59,187.16,174.57,168.85,151.67,155.78,168.46,136.62,137.34,138.25,135.73,148.24,140.95,154.37,163.58,170.99,159.84,167.13,160.69,148.48,151.05,154.03,140.5,122.22,118.32,141.56,143.05,151.83,168.38,142.48,146.8,153.49,155.36,157.42,164.84,160.39,157.47,153.68,141.83,128.24,141.34,133.9,122.41,116.63,119.08,114.91,106.3,97.62,110.67,112.73,116.49,107.07,98.82,93.84,97.47,100.62,85.98,89.81,94.95,90.11,85.98,89.3,92.12,114.2,125.1,119.15,116.66,116.4,117.82,138.98,152.27,157.43,154.59,154.04,148.67,147.34,156.08,173.01,170.04
FR0010040865,GECINA,FR,EUR,685.31,718.16,764.8,757.17,806.27,758.55,786.78,829.96,821.17,767.51,779.27,795.22,818.62,869.22,921.0,911.35,872.19,947.94,934.03,943.39,964.77,1027.51,1086.28,1384.23,1195.67,1329.31,1341.59,1374.99,1312.01,1252.45,1228.48,1228.19,1265.66,1276.74,1278.81,1173.4,1023.32,1089.88,1119.83,1111.5,1125.35,956.99,937.64,980.36,842.08,543.36,386.68,544.34,574.69,367.46,316.92,456.49,691.51,543.73,719.85,872.67,1047.2,941.07,966.0,960.25,879.44,913.06,974.64,905.32,777.96,852.83,958.34,935.94,1111.6,1134.33,979.74,1033.44,1120.32,1213.46,1292.55,1351.68,1425.88,1365.92,1359.73,1097.06,864.24,976.08,843.19,824.92,934.12,942.65,1019.88,964.08,882.23,927.24,956.82,998.83,1065.92,1151.56,1149.72,1164.23,1178.85,1182.3,1208.95,1313.33,1333.81,1205.1,1335.96,1294.86,1396.06,1461.72,1436.13,1443.72,1331.78,1501.72,1451.03,1537.73,1632.58,1666.19,1630.74,1618.14,1497.64,1546.31,1549.26,1431.18
FR0010220475,ALSTOM,FR,EUR,8.36,8.39,7.75,7.0,8.25,8.97,9.22,9.33,10.75,10.82,12.79,12.95,17.15,19.33,18.91,20.42,19.22,20.63,19.58,21.28,20.41,20.84,26.27,30.58,27.5,27.25,29.2,33.9,35.77,37.89,41.62,41.1,46.07,53.55,51.09,48.84,44.97,48.48,49.44,52.71,57.22,53.09,51.92,47.11,34.05,22.33,24.37,26.81,22.33,22.05,23.78,29.12,28.97,27.83,32.22,33.18,34.39,32.94,33.03,33.21,31.87,30.26,29.47,27.9,22.65,22.36,25.48,23.3,24.88,24.54,20.12,23.39,27.22,29.07,28.83,32.43,30.12,30.46,26.09,22.99,16.49,18.68,17.09,15.03,18.85,21.37,19.25,17.64,14.35,16.17,17.02,18.24,17.94,17.45,18.6,20.31,22.68,22.59,20.84,21.0,19.29,16.72,17.83,18.54,18.83,19.68,19.44,19.27,14.99,14.27,14.43,21.62,20.9,19.25,19.0,18.74,18.07,18.37,18.52,17.17
FR0010313833,ARKEMA,FR,EUR,,,,,,,,,,,,,,,,,111.51,120.97,120.05,120.78,146.16,151.38,154.33,159.18,155.49,152.13,177.16,186.42,203.24,203.07,202.68,192.67,188.34,210.67,196.98,203.73,173.21,177.88,174.03,179.2,201.44,178.56,161.57,153.16,114.18,71.38,60.65,53.76,44.79,42.82,49.88,73.38,86.02,76.66,93.36,106.85,115.2,125.82,123.43,122.09,126.19,110.95,121.39,137.71,119.58,117.42,145.59,139.54,171.18,215.61,199.62,241.45,232.65,244.3,303.87,348.7,370.81,348.51,331.61,263.51,199.9,233.49,245.01,240.45,273.86,311.55,315.06,299.89,226.63,226.67,255.42,295.57,324.78,315.82,354.44,361.85,395.06,352.5,315.76,324.96,357.63,324.97,354.66,357.43,395.15,402.98,406.05,414.18,378.31,385.8,401.59,395.02,371.89,353.58,337.5,273.33,243.81,224.07,256.79,250.84
FR0010340141,ADP,FR,EUR,,,,,,,,,,,,,,,,,,140.13,140.03,142.55,152.01,152.29,161.17,176.82,190.19,183.91,218.07,227.05,271.11,267.42,259.28,263.16,264.11,262.36,263.13,235.21,254.53,281.04,262.72,273.92,255.01,220.36,205.09,206.55,191.5,138.15,133.23,158.29,126.84,114.13,124.97,136.88,171.11,176.8,193.83,207.79,216.98,184.25,193.35,195.1,189.61,191.09,199.13,199.33,164.11,160.55,182.56,175.34,202.4,210.17,190.19,196.34,208.53,219.8,228.54,237.82,243.98,238.57,231.17,212.74,192.8,201.71,185.29,174.53,187.45,201.22,207.88,213.41,188.94,197.36,202.7,207.24,208.33,201.7,201.36,200.81,215.21,220.71,221.71,236.43,245.57,260.99,277.11,261.71,281.56,287.56,296.41,305.54,303.36,326.44,335.27,334.01,357.35,361.25,375.56,365.37,328.29,324.21,337.39,332.66
FR0013176526,VALEO,FR,EUR,1581.91,1865.74,1732.44,1696.45,1685.59,1802.24,1703.43,1642.35,1672.91,1501.92,1485.04,1486.71,1614.26,1606.97,1675.83,1716.49,1540.96,1482.38,1520.34,1522.35,1483.84,1567.35,1664.71,1731.31,1894.39,2046.82,2434.02,2405.71,2371.88,2299.0,2223.07,2073.38,2372.84,2339.03,2165.26,1762.89,1558.0,1631.21,1701.96,1732.87,1703.04,1454.03,1471.73,1625.21,1350.29,779.61,565.45,667.56,506.69,568.83,661.03,942.08,895.19,831.9,1193.03,1153.01,1189.33,1236.86,1294.18,1592.17,1501.9,1383.95,1617.66,1528.15,1255.17,1247.14,1615.76,1583.58,2098.97,2428.44,2273.44,2577.25,2651.58,2818.16,2642.16,2885.68,2863.06,3169.93,2860.92,2459.64,1984.52,2366.97,2048.7,1851.42,2181.63,2508.91,2431.68,2280.53,1963.03,2002.18,2090.38,2301.69,2249.04,2133.22,2302.14,2409.54,2616.82,2747.61,2632.32,2823.25,3256.94,3144.39,3966.24,3763.53,4280.74,4982.41,5338.46,5552.79,5600.25,7020.01,7060.41,6859.2,6852.89,6847.13,6121.67,6176.77,5674.83,5706.6,6289.52,6391.77
FR0013326246,UNIBAIL RODAMCO WE STAPLED UNITS,FR,EUR,31397.17,32831.71,31545.27,32853.98,34117.89,34384.78,37164.04,38431.18,39304.9,35717.42,33853.43,36087.95,40235.03,44850.29,49453.92,47810.8,45410.26,48153.86,51349.76,54150.09,58385.46,60690.69,65889.42,68285.19,70480.28,81059.94,84964.98,78642.13,81058.45,72689.67,68078.85,68532.01,73166.64,70980.83,65236.12,63097.38,67707.53,71206.2,75121.44,75323.73,76146.56,68049.33,66473.29,62029.61,59424.34,44397.43,40221.04,44803.7,41038.41,38960.84,43605.14,46551.42,49962.91,46626.5,54749.92,62641.93,65950.04,71093.65,72166.96,70977.18,70602.81,64202.44,66162.85,62043.46,51268.55,54598.71,65561.4,63153.09,74460.42,79802.01,67152.31,76791.76,74213.5,78469.82,84984.72,92197.01,89032.07,91762.66,89007.89,86828.32,72671.35,81508.18,75646.91,73663.68,78887.93,79980.46,82707.25,77759.91,69090.02,77373.3,81296.51,86641.72,84911.47,96273.87,100695.04,103290.51,102131.57,100293.41,101617.6,114406.49,107632.39,102469.03,106950.46,99570.88,110633.85,117389.84,117645.52,115682.75,109059.63,119760.52,118452.71,123415.07,128592.01,134102.39,124258.74,125063.85,119964.46,119927.91,124459.9,121481.36
FR0013505062,VANTIVA,FR,EUR,247.76,264.07,264.01,239.57,251.5,237.35,224.91,221.27,206.53,186.56,202.9,206.74,202.96,170.24,195.21,204.56,188.22,163.71,170.2,162.15,159.18,174.88,188.21,198.07,191.75,190.51,194.55,196.69,195.7,193.55,171.47,170.48,157.63,180.77,161.92,147.63,125.07,80.5,72.35,66.25,65.96,54.28,45.82,48.59,36.59,14.34,10.93,13.85,14.91,8.96,9.47,14.18,10.72,9.08,13.71,14.22,21.13,14.53,16.51,13.53,14.18,13.77,15.12,13.77,9.03,7.32,6.81,6.28,7.18,8.16,7.12,6.18,7.52,9.81,9.43,9.92,8.93,7.91,7.19,5.67,3.88,3.55,2.15,1.95,3.87,3.78,3.54,2.74,2.77,3.07,2.88,3.31,3.26,3.34,3.27,3.31,4.57,4.59,5.39,5.48,5.64,5.25,6.61,6.26,6.91,7.16,6.7,7.0,6.55,8.9,9.53,9.84,9.75,10.67,9.54,10.15,8.61,7.78,7.9,7.41
FR0013506730,VALLOUREC,FR,EUR,4432.36,5132.22,4994.43,4958.43,5475.7,6864.92,8791.18,10094.85,11802.61,10945.37,11636.02,13366.35,17073.77,19073.71,23504.27,31616.49,30609.83,29290.36,26672.44,27508.97,28607.6,30882.64,33355.15,36045.71,31973.37,30705.51,31644.58,34208.65,39713.33,39920.39,33937.58,34378.22,36887.44,37165.06,36428.9,34757.21,25352.89,26952.02,31285.86,35034.56,39735.63,46681.69,39852.62,37347.5,28202.72,14663.93,14076.1,14966.68,13096.13,10547.81,12320.25,14687.92,16648.54,17160.24,18502.51,21497.15,23932.65,22467.4,23646.27,25772.46,24564.99,27082.17,28564.19,28283.23,26397.58,25345.03,28214.85,24977.64,28838.85,30046.06,27611.0,30567.28,31533.34,30058.34,32564.97,36207.59,36245.89,35871.16,30105.68,26572.13,17192.51,18071.07,20113.38,19181.74,19910.15,20826.4,18633.36,17713.68,11000.23,12573.08,12804.3,14312.36,13055.29,12665.14,15994.51,16034.9,16740.5,16439.31,14829.97,14817.71,16684.44,15838.65,18467.15,18760.01,18783.86,18675.41,17843.5,17104.55,15658.8,16857.94,17023.2,18516.73,17065.58,14320.67,14137.48,14319.64,14710.04,11741.22,10631.85,8804.57
FR0014003TT8,DASSAULT SYSTEMES,FR,EUR,408.88,416.55,415.73,411.18,409.11,430.23,455.16,432.48,460.02,457.86,492.23,499.17,531.2,495.11,506.75,480.62,464.65,475.41,463.43,495.95,503.86,489.25,489.2,475.2,477.6,458.28,480.32,531.48,544.27,571.4,548.8,532.35,592.17,565.63,532.67,535.6,498.33,497.08,527.3,569.1,604.87,558.05,596.04,556.52,483.5,375.03,352.76,411.06,347.11,321.13,355.39,378.14,408.19,409.56,461.89,474.84,516.77,538.39,533.96,529.33,537.76,535.82,550.04,605.44,540.36,573.41,608.75,566.53,690.03,717.5,642.7,708.98,736.64,717.93,720.86,763.2,796.01,804.92,836.11,769.26,675.35,804.2,772.71,760.24,784.6,788.35,868.77,917.72,859.88,895.51,945.2,929.02,1004.12,1005.6,1080.21,1060.14,1061.0,1085.02,1105.44,1165.4,1200.12,1175.8,1262.5,1226.66,1285.75,1171.31,1107.01,1196.79,1141.08,1107.13,1128.14,1182.87,1232.89,1249.24,1303.06,1289.42,1247.82,1230.62,1272.88,1187.81
FR001400AJ45,MICHELIN,FR,EUR,838.52,927.23,853.97,783.92,842.44,809.88,820.63,805.26,783.0,716.76,724.5,744.13,792.97,811.05,833.71,957.31,894.52,819.11,827.21,924.66,997.93,1111.59,1185.12,1302.99,1243.27,1415.48,1499.89,1745.19,1814.05,1942.13,1854.36,1745.5,1856.63,1851.68,1646.87,1589.16,1313.72,1379.15,1450.73,1266.99,1269.66,1021.73,943.56,928.02,907.09,722.79,678.66,742.09,559.37,466.41,526.92,734.22,882.1,829.4,1045.97,1096.94,1141.18,1086.13,1104.06,1119.46,1139.77,1018.17,1075.13,1062.42,991.91,1048.85,1129.6,1104.9,1169.56,1219.33,1041.44,1105.83,1118.99,1250.93,1298.29,1541.05,1477.97,1543.32,1330.51,1158.81,957.42,1159.83,1002.5,935.9,1080.67,1092.91,1173.51,1178.74,962.28,1076.03,1124.13,1184.38,1291.73,1414.23,1531.92,1554.64,1532.14,1473.71,1380.02,1392.53,1499.45,1524.23,1710.76,1629.29,1893.98,1787.3,1858.08,1817.02,1802.8,2088.05,2135.63,2082.73,2166.08,2097.82,1928.11,1946.43,1656.54,1522.27,1618.86,1599.38
GB0000163088,SPEEDY HIRE,GB,EUR,2079.61,2241.82,2260.56,2346.27,2285.85,2299.06,2389.12,2303.54,2505.89,2346.27,2462.33,2653.53,2969.51,3094.54,3000.17,3177.89,3061.74,3057.62,3187.08,3139.19,3312.14,3733.16,3987.72,4455.75,4119.81,4180.55,4355.19,4611.47,4842.88,4572.46,4708.86,4562.08,4225.62,4332.45,3372.71,3194.66,2798.55,3045.9,2918.65,2738.37,2530.24,2245.58,1570.66,1685.0,1444.13,763.09,556.41,397.76,244.37,349.87,373.32,734.35,423.32,373.08,465.31,493.38,554.7,479.17,338.88,352.88,375.2,328.81,370.49,435.64,340.2,295.06,296.13,256.23,294.76,321.81,357.8,359.71,377.12,379.62,377.4,426.85,438.07,396.89,405.8,332.08,285.62,272.67,281.89,256.13,354.62,365.62,365.69,371.67,333.06,319.99,316.36,314.03,397.37,437.11,475.28,533.34,516.41,536.16,626.26,638.62,734.32,767.86,761.08,746.96,895.64,888.56,703.86,901.93,905.39,1041.33,847.25,814.86,791.54,779.08,765.64,910.2,982.57,852.75,959.27,1058.99
GB0000456144,ANTOFAGASTA,GB,EUR,132716.59,153718.1,139066.04,123375.61,125196.07,129945.34,140190.57,156251.25,164100.43,153203.58,172197.21,191770.43,216386.19,215092.6,221542.41,255730.38,237805.24,235604.95,237976.43,269840.07,261728.33,295825.48,288702.39,304762.8,278453.39,278188.12,310667.09,328848.6,350385.89,391406.95,470345.85,455658.86,495504.58,554928.13,500732.67,455245.16,413751.12,515518.24,444393.03,506959.35,447148.9,429733.11,376056.37,370801.36,235890.73,202870.66,219315.81,202402.74,200335.48,208556.03,239247.19,289251.08,355306.3,338922.89,439622.57,437608.29,426696.28,446717.41,519118.27,562718.49,494774.6,472479.38,554163.16,537141.53,459015.72,419568.19,551721.08,565546.77,696033.3,755328.64,731850.17,901924.18,804804.4,817821.27,779629.58,814820.42,826036.46,845117.74,874012.42,829450.68,547266.4,714238.12,706101.24,715973.35,773679.48,805602.17,697915.95,727172.86,597381.35,661001.97,650595.92,681078.04,792702.95,787728.77,802947.13,837157.96,704289.04,645371.62,581203.26,543360.41,592620.15,498486.9,552801.16,546783.35,551499.92,571540.05,541153.28,567840.03,581572.2,627901.79,579554.01,588306.54,585517.8,577560.29,605783.48,577517.62,522372.63,502282.11,515816.5,524377.98
GB0000536739,ASHTEAD GROUP,GB,EUR,2268.53,2612.74,2833.99,2430.22,2392.59,2780.31,2757.01,3264.66,3645.5,3713.72,4350.99,4648.72,5130.15,5694.07,5769.13,6370.84,5582.03,4620.61,3898.59,4081.32,4365.38,4441.7,4596.98,5043.98,5554.66,5370.26,4837.98,5055.45,5210.51,4981.76,4796.61,4234.01,3491.82,3731.54,2575.26,2755.6,2580.0,2534.58,2052.41,1995.75,2509.79,2121.44,2235.31,2308.83,2022.92,1167.54,971.83,1045.03,1003.12,849.18,984.84,1623.86,1451.58,1625.69,1795.16,2365.81,2449.8,2358.97,1984.69,2335.48,2465.3,2324.41,2605.34,3277.59,2768.71,2418.86,2733.53,2174.82,3184.69,3695.71,3748.81,4978.04,4916.76,5155.14,5880.81,6236.49,5563.76,5046.86,4868.79,3610.47,3899.96,4712.37,5462.19,6611.26,7017.95,7460.64,7806.45,7630.0,6702.35,7707.78,7486.36,8591.04,9979.2,11468.79,11720.98,13225.2,13782.2,14968.38,17052.14,17508.12,18317.57,18745.91,20494.09,19276.34,19256.82,20330.67,22010.34,24318.8,25137.02,28440.97,30715.69,28607.43,28612.65,28984.85,29224.64,31841.0,33096.75,32693.23,32309.06,35159.8
GB0000811801,BARRATT REDROW,GB,EUR,169089.08,191237.7,183752.01,170089.22,179768.68,192226.14,189864.55,190322.97,200048.86,205366.63,240282.03,259579.56,271876.93,277418.25,281688.57,276508.51,266194.26,271698.33,280344.67,292836.46,308556.77,320072.7,343317.77,381949.71,365605.01,364805.24,345936.08,346661.51,344470.14,318005.4,303266.45,298935.23,243246.06,224413.23,158379.67,150117.21,138895.09,135027.0,136063.2,93929.88,61916.91,19816.61,32307.38,46030.51,32054.34,21358.98,12183.72,17278.14,17201.86,20921.99,21839.18,35615.0,43879.12,41702.45,56496.46,68775.19,67380.42,58302.41,50784.84,52424.63,50216.53,45357.87,49244.77,49971.67,41082.43,37132.2,39464.07,38647.79,40739.9,32690.9,28561.16,36337.51,38643.08,45734.06,46204.98,48820.95,48866.51,48000.34,42331.03,35062.15,31995.31,37525.38,40950.57,37798.65,45115.39,61562.53,58980.66,56840.66,48314.95,57118.87,54228.36,62376.23,71658.89,79970.37,81861.09,88347.84,90321.88,95418.16,108966.04,126806.76,126936.89,122936.86,129393.49,122914.34,130837.22,141988.08,142218.7,152447.77,164099.39,194472.33,181371.28,165992.8,159402.68,169997.18,156849.96,163436.53,170839.63,181346.16,195105.31,198773.86
GB0000904986,BELLWAY,GB,EUR,24253.65,25651.41,25156.26,22074.83,23491.59,23763.22,23286.87,24037.5,23793.36,23645.67,27419.72,30300.8,31898.33,32086.98,33489.36,34099.24,32970.12,33983.55,34719.13,36607.14,38108.85,40693.03,45458.55,48506.81,44302.68,46526.48,50059.16,48762.56,45596.77,41085.0,41181.95,41631.92,34137.39,36293.12,32414.0,27763.46,26379.93,26595.57,29699.05,23281.78,21145.37,15491.68,16263.07,19265.28,16557.9,14967.66,13422.63,14992.29,14432.14,15655.67,16876.99,18490.44,18168.6,17520.23,21268.87,25133.5,23184.37,21031.92,20681.61,23252.66,20929.66,17821.24,20560.55,20315.82,17796.37,16287.32,16052.17,14217.01,16054.05,15100.67,14158.27,18755.5,17541.22,19571.68,19947.49,21084.42,21976.43,20627.88,19468.68,17614.46,17412.2,20593.99,20604.06,20151.68,21165.86,23722.75,23785.36,23272.56,19568.89,24044.9,23084.69,25341.46,27290.29,29903.76,29350.62,31289.54,32761.75,32751.59,36663.35,38970.42,36287.5,36102.87,39213.07,38880.27,39913.34,45289.13,44272.14,49444.41,48562.28,53407.3,52622.81,46202.59,44521.71,51501.38,49066.28,50980.75,48860.87,53819.29,56748.66,59258.23
GB0000961622,BALFOUR BEATTY,GB,EUR,5718.79,5709.8,5458.65,5442.48,5513.36,5548.12,5737.87,5575.41,5422.03,5107.33,5504.29,5785.92,6150.01,6213.05,6108.65,6254.2,6017.32,6089.19,6410.75,6804.74,7371.67,7479.37,7918.5,8390.0,7893.86,8600.27,9053.31,9175.31,8901.36,8694.82,8662.08,9343.01,9456.97,10157.12,9911.29,9777.2,8301.48,8768.24,9246.63,8750.05,8497.94,8483.08,7887.37,7545.99,5363.12,4115.94,4803.64,4842.9,5479.36,4637.08,4809.75,5232.11,5731.77,5327.8,5306.98,5745.31,5391.82,5356.85,5128.55,5105.76,5240.84,5137.46,5421.32,5315.86,4612.61,4487.09,4889.39,4617.16,5283.07,5648.35,5444.25,6254.87,6861.28,7258.04,7036.29,7146.73,6925.52,6473.92,6514.15,5314.41,5204.6,5421.94,5266.44,5487.74,5765.91,5919.87,6082.91,5838.24,5752.1,6438.47,6256.87,6135.07,6755.52,7125.8,5809.0,6243.1,5902.39,6079.24,5003.07,4878.72,5131.01,5249.75,5434.59,5533.95,6684.41,6805.59,6496.79,7045.38,7110.33,7918.91,7405.67,7225.46,6045.72,6094.99,6131.58,6160.82,4667.59,3888.82,4539.76,5227.77
GB0001048619,TED BAKER DEAD - DELIST.24/10/22,GB,EUR,889.55,896.59,892.95,817.35,806.49,847.35,823.15,840.89,805.4,683.03,736.77,843.91,899.97,880.91,833.64,835.45,898.79,899.1,911.22,899.78,895.37,963.66,1139.5,1123.72,1220.47,1186.5,1123.26,1206.87,1180.75,1035.07,1195.78,1178.93,1053.09,1119.19,1095.39,1094.42,961.36,934.0,835.49,844.49,808.58,847.1,751.29,667.33,644.8,553.42,465.75,500.73,524.36,499.77,515.7,573.84,633.47,692.27,669.16,694.78,746.96,738.33,833.69,897.98,865.67,777.55,880.22,899.34,814.64,910.98,936.92,926.34,993.97,1113.89,1173.23,1137.8,1188.53,1239.6,1200.32,1369.92,1405.35,1476.93,1522.41,1297.62,1246.87,1451.45,1292.83,1173.72,1371.2,1452.78,1523.84,1713.93,1564.21,1679.75,1647.25,1870.98,1725.55,1830.27,1912.91,2164.2,2287.58,2237.48,2365.6,2525.44,2625.26,3133.12,3509.43,3515.06,3772.29,3351.47,4007.6,4635.06,4299.98,4360.18,4376.26,3815.44,3983.7,3834.34,3570.69,3979.24,3739.82,3876.46,4210.12,4314.21
GB0001367019,BRITISH LAND,GB,EUR,14607.69,14931.7,13665.94,14053.27,14271.24,14124.23,13461.58,14480.7,15153.95,14349.58,15437.09,16667.82,18690.84,19394.09,19701.28,20894.69,21682.69,21379.89,23570.71,23978.7,23530.33,26332.8,27667.1,30980.13,28464.08,27226.82,27776.22,27422.33,26645.33,25027.4,23660.72,24430.8,22367.41,21266.14,17845.14,17765.01,19142.39,18044.53,17384.87,16045.53,15248.79,13583.07,13595.09,13640.54,12964.49,9862.69,7967.55,7850.1,6586.18,6733.28,6440.29,7949.9,7782.73,7835.46,9146.41,10025.18,9639.09,10008.62,9399.05,9967.18,9152.91,8733.66,9514.96,9475.14,8644.68,8612.74,9695.1,9403.08,9822.75,11064.51,10174.78,11154.09,11556.13,13205.78,12465.79,14098.2,13842.74,13762.0,13658.67,12483.07,10547.03,11881.1,11232.39,10363.84,11274.09,10985.23,11361.59,11775.77,11015.58,11864.41,12568.29,12860.35,12650.4,12939.59,13395.78,13883.22,13698.35,13243.5,12842.67,14398.87,14368.14,13370.73,14423.08,13743.69,14890.61,16097.41,16122.26,16781.64,17567.98,19019.47,17930.86,19174.6,19723.24,19753.9,19706.1,20142.81,18908.85,19545.13,20169.56,20317.32
GB0001500809,TULLOW OIL,GB,EUR,1825.57,2116.58,2027.32,1889.89,1879.42,2079.38,2094.45,2410.9,2861.11,2681.22,2853.23,2895.06,3480.14,3264.97,3672.6,4671.62,4277.99,4443.46,4629.35,4692.45,4453.54,4698.01,5041.23,4926.13,4932.95,4551.57,4524.27,4635.21,4808.8,6251.37,6273.06,6593.8,7752.84,8490.42,8838.45,8308.01,7603.08,7996.34,8409.66,9619.86,11330.06,12243.36,10049.04,9693.45,8186.88,5469.37,5179.29,6125.33,6444.84,6730.86,7435.31,7762.68,10369.7,10028.66,10644.85,11401.65,11739.24,12731.72,13177.63,13712.91,12043.15,11778.71,12338.26,11458.96,10592.78,9794.17,12582.98,12217.97,13123.61,12384.97,11677.02,12906.02,13905.14,15268.31,15172.98,15668.93,14534.31,13050.55,13235.98,11474.65,13408.48,14890.74,14333.92,14327.0,14423.28,15493.43,16042.66,16465.78,14467.43,15240.5,13360.24,14310.44,14666.64,14995.72,14630.66,13589.18,11961.51,12217.07,12392.24,10412.82,10589.06,10147.21,10517.78,10462.27,11126.45,10159.96,9556.51,9501.56,8716.88,8984.32,8372.78,10076.03,9588.35,9895.87,8340.11,8266.52,7124.29,5299.47,4548.95,4400.55
GB0001765816,BREWIN DOLPHIN DEAD - DELIST.28/09/22,GB,EUR,1282.74,1221.71,1179.12,1078.52,1017.44,1178.58,1125.86,1284.62,1199.72,1269.62,1345.59,1531.17,1662.26,1722.96,1727.1,1792.91,1766.11,1789.9,1652.75,1549.62,1638.63,1774.36,1907.24,1969.2,2067.52,2120.43,1996.33,2217.07,2274.58,2411.93,2426.05,2244.46,2059.68,2454.4,1968.81,1839.17,1602.99,1771.04,1570.05,1468.2,1484.77,1332.91,1224.66,1210.19,1317.29,1076.84,909.02,887.94,962.97,945.72,1035.06,1067.78,1366.77,1317.74,1402.63,1457.85,1636.42,1655.51,1649.26,1398.86,1384.05,1196.46,1420.47,1418.54,1196.6,1247.09,1232.22,1224.9,1378.88,1470.68,1507.54,1651.28,1702.12,1940.15,1826.97,1944.01,1854.79,1615.51,1651.79,1518.84,1294.8,1422.5,1428.8,1482.13,1658.77,1735.87,2010.25,1887.26,1536.09,1533.0,1671.72,1719.2,1974.68,2117.86,2158.14,2443.3,2411.95,2200.98,2323.68,2410.59,2749.27,2671.66,2894.1,3063.57,3298.54,3433.25,3401.85,3801.07,3776.64,4400.7,4305.25,4167.0,4085.54,4091.97,3907.32,3785.81,3407.41,3509.76,3365.42,3590.58
GB0001826634,DIPLOMA,GB,EUR,280879.99,304425.01,313437.6,326650.27,286314.6,298809.14,268633.43,267761.22,285290.69,264367.71,283657.19,316445.27,313362.26,324250.27,330568.06,334400.99,329269.69,321696.73,338753.33,331298.75,336246.32,368541.39,372548.62,416057.32,412545.9,418751.37,428141.88,478792.42,473368.07,444217.2,446419.49,455735.51,550987.86,532263.72,478938.0,463016.46,428849.48,406720.09,377789.69,391329.41,413354.91,411226.95,400526.68,371104.59,344584.29,266272.06,213744.13,238421.79,219950.61,208001.39,175892.06,216239.13,295434.74,296152.15,305975.67,343770.12,374109.55,367741.47,392627.31,397594.32,398435.41,375362.35,419436.26,474410.65,458883.5,480949.23,573559.94,561240.66,632102.11,584408.86,614819.86,626684.09,667703.06,644588.43,739879.05,885363.74,872902.91,877720.91,870543.01,749131.09,723522.53,756721.32,763464.59,788321.03,928422.83,946992.31,1073619.1,1112010.36,1029569.28,1053900.55,985677.27,1023430.76,1157624.23,1087627.68,1189684.63,1389297.14,1361175.93,1433078.77,1311845.71,1368621.71,1253723.87,1321410.19,1355013.58,1442699.56,1643726.29,1730626.1,1808999.21,1763773.75,1801999.96,2046395.41,1887164.94,1754216.44,1745506.18,1743958.18,1719291.6,1815434.96,1778595.06,1770500.87,1809327.55,1787603.58
GB0001859296,VISTRY GROUP,GB,EUR,743.72,835.39,828.67,770.56,809.92,826.82,751.51,720.38,712.91,699.38,826.63,900.94,881.83,921.35,1043.28,1090.22,1028.91,995.87,1015.94,1068.2,1173.05,1222.94,1349.28,1438.01,1370.52,1382.8,1558.2,1557.06,1444.64,1235.59,1086.05,1069.69,943.91,976.42,921.3,868.66,854.85,821.55,879.63,672.97,596.8,494.18,483.57,583.46,496.22,402.68,355.79,424.94,410.94,408.39,443.23,504.44,463.21,450.57,565.59,637.26,551.54,501.37,472.38,518.37,470.95,410.22,448.06,481.39,413.93,382.26,397.6,400.62,444.04,410.86,382.96,478.53,517.48,552.5,519.36,545.63,544.67,527.57,503.29,459.16,470.92,566.83,559.14,509.35,523.2,602.59,578.46,564.24,478.83,555.01,530.99,564.8,616.49,624.19,673.64,706.59,717.35,740.74,858.18,911.06,868.4,881.46,923.84,876.61,892.26,966.46,977.22,1006.49,1036.49,1197.55,1156.52,1034.02,985.58,1048.38,999.86,1085.82,992.94,1059.14,1058.93,1084.36
GB0002018363,CLARKSON,GB,EUR,3972.43,4670.35,4810.6,4672.66,4624.39,4151.93,4098.5,4366.05,4132.66,4119.82,4502.34,4353.97,4458.32,4446.58,4383.91,4479.75,5013.85,4734.09,5103.07,5554.91,4975.69,4490.5,4327.12,4869.1,4902.36,5258.84,5768.63,5736.34,5819.05,5684.02,5911.47,6015.08,6228.43,6494.75,7018.18,6399.2,5504.27,5438.63,4823.24,5246.44,6041.14,6283.36,6568.15,6089.04,4475.85,2344.31,1922.76,1635.65,2139.32,2232.56,2297.08,2492.0,3218.88,3519.72,3631.67,4066.64,4810.13,4772.39,4636.21,4193.69,4425.66,4228.75,4631.36,5103.07,4655.83,4815.74,4823.0,5186.09,5820.26,6263.99,5952.63,6514.25,6717.48,6522.1,7548.09,7737.58,7447.06,7536.21,8138.67,7281.03,6686.18,6482.47,6702.35,6837.06,6966.61,7156.33,8051.62,8400.95,7829.9,7978.96,7878.24,7861.81,8390.76,8538.19,7791.19,7772.73,8718.4,8994.43,9408.84,10109.13,10573.02,10484.75,11632.4,12416.05,14943.72,13283.74,13422.85,13592.37,13514.28,14364.93,16738.18,18462.74,18622.33,17027.96,15423.35,16228.23,15976.56,15095.73,12937.91,12394.59
GB0002074580,GENUS,GB,EUR,390.55,386.29,386.99,407.84,366.19,381.6,395.89,413.91,433.46,407.99,378.78,404.17,464.87,561.69,556.91,533.11,536.46,529.62,542.35,572.04,596.03,647.67,693.89,702.23,785.18,822.99,810.48,859.99,890.51,943.67,873.83,853.83,915.13,984.04,1020.97,1117.72,955.93,955.15,987.47,1078.38,1170.83,1086.32,1081.94,991.87,909.86,662.56,709.64,660.3,665.6,634.92,525.63,621.69,667.63,571.51,586.21,659.58,757.16,761.0,697.02,765.45,766.31,743.58,729.16,789.05,716.3,780.71,787.5,783.63,869.96,949.55,904.67,957.99,1015.49,997.55,1079.13,1186.52,1144.46,1179.27,1139.61,1097.32,1164.27,1181.02,1198.93,1171.2,1161.88,1578.99,1476.92,1662.33,1413.82,1411.17,1453.99,1578.78,1770.14,1702.96,1608.77,1657.81,1643.59,1595.78,1754.97,1544.63,1584.58,1520.78,1527.9,1654.16,1698.48,1553.26,1505.63,1587.22,1595.6,1446.27,1225.24,1271.05,1332.35,1455.91,1312.22,1385.74,1359.92,1466.76,1515.88,1462.54
GB0002148343,RATHBONES GROUP,GB,EUR,7981.76,7734.89,7416.25,7040.14,7037.65,7302.01,7302.66,8041.78,7807.06,7502.14,7813.77,8520.9,9604.26,10124.77,10197.45,10872.55,11155.39,10508.31,10360.82,11155.47,11152.96,11525.04,12352.13,12068.35,11777.71,11771.68,13235.02,13803.1,13870.35,13186.54,13908.38,14132.92,13222.4,15286.94,12015.41,11073.43,10221.64,10248.88,11161.47,10579.3,10566.78,10020.18,8801.51,8975.46,9362.51,7096.18,6265.02,6611.91,5806.78,5992.58,6113.21,6704.68,7443.13,7685.8,7076.65,7838.13,8060.91,8837.85,8081.19,7484.16,7704.95,7214.44,7937.63,8481.0,7211.99,7157.75,7773.63,7922.81,8117.3,8669.24,9677.95,10435.4,11212.73,11534.64,11875.45,12125.0,12416.98,11330.07,11758.61,10769.61,10294.39,11771.98,11161.56,10447.35,11459.03,12552.2,12919.34,13928.64,12433.74,12578.93,13104.07,13171.03,14089.17,13707.42,13099.35,13862.38,13999.63,14041.39,14544.46,15232.02,15752.27,16063.51,16971.24,16134.5,17027.25,17796.66,17301.08,18122.09,18583.66,19711.2,20501.74,22498.37,23804.41,23311.97,23564.55,23191.47,21501.19,21519.12,20977.35,22187.61
GB0002374006,DIAGEO,GB,EUR,33530.82,35039.22,35171.17,36883.3,35946.73,36806.55,34527.19,35540.68,36781.25,37708.35,36859.5,36897.2,37927.6,39135.31,40648.17,42525.1,42425.74,43486.57,45418.41,45977.22,46498.69,48810.47,50678.21,51765.7,51126.77,51937.87,53951.36,56586.7,56922.64,55591.25,54945.97,57073.39,59586.29,62226.98,61199.98,58544.24,54786.47,56011.26,55691.16,56425.01,53684.94,50715.8,48103.58,51158.69,47395.46,43235.66,39160.44,38877.14,38294.33,32846.78,32283.85,34499.62,38929.18,41101.32,44533.04,44526.35,44987.65,48104.67,49287.58,51290.83,49533.83,47462.32,49820.87,50681.57,45520.02,47094.03,51483.3,48332.69,52398.29,55879.44,54052.71,56288.35,58412.33,59314.9,58384.4,62443.76,65465.05,62817.97,62815.8,62058.51,60189.42,65250.1,67181.32,68551.41,69385.17,76154.79,76118.45,79859.09,75498.4,81660.21,84803.42,86876.41,90433.38,91857.22,95815.63,93518.46,95808.13,97663.2,102382.81,99327.92,96115.58,92654.4,101186.44,100623.69,104859.41,105195.36,105041.44,109155.78,97508.04,104828.64,103312.89,102193.19,107184.52,106243.69,100407.1,100017.95,98155.44,99741.95,105230.9,97766.17
GB0002418548,ELEMENTIS,GB,EUR,14944.56,20177.13,19700.38,19414.22,18273.59,20074.88,19905.95,20622.8,21417.3,24169.13,26288.24,27664.35,29701.65,30975.81,32374.44,34454.27,32695.22,32010.34,34057.09,37205.6,36434.03,36965.74,35933.69,36297.85,35539.36,36455.21,39215.89,38831.56,41758.88,44620.24,47715.19,43947.39,45803.51,47059.3,39521.61,34617.69,28203.86,34934.73,30243.3,35417.3,33612.81,36284.51,38769.75,35697.96,27893.92,22411.88,16736.28,12698.66,15810.12,11828.72,9346.16,9697.21,10552.87,11399.1,13144.37,21434.07,23275.77,27080.78,19743.58,22143.47,21143.6,22845.19,22370.19,26095.37,25634.79,24814.31,32081.08,36967.06,42607.45,49202.37,47173.33,60175.15,55922.98,54863.55,65529.31,74417.94,70676.96,75169.32,72535.39,68104.89,52741.26,63806.88,65666.73,58452.74,66318.54,72695.46,80856.05,92638.17,86196.45,86572.56,91491.69,97255.11,104910.5,94425.75,99633.15,105833.27,93768.84,104611.83,110854.62,114845.44,102435.96,95592.45,109182.94,110116.06,112249.25,120375.09,122920.95,128788.86,121615.28,139665.96,138121.36,138728.73,142132.06,131866.57,135056.55,138068.48,123428.92,125811.88,119093.86,121643.42
GB0002634946,BAE SYSTEMS,GB,EUR,3375.84,3594.13,3574.97,3635.04,3659.04,3835.85,4043.37,4388.69,4531.18,4417.15,4422.22,4947.91,5595.57,5553.07,5509.94,5814.95,5477.54,5240.26,5111.01,5400.23,5657.39,6194.74,5894.0,6451.53,6331.11,6611.83,6985.49,7183.82,6954.09,6387.1,6748.43,7328.84,7903.05,8211.41,7507.43,7868.5,7337.5,7622.19,7655.11,7460.13,7228.45,7106.82,7193.69,7065.3,5926.4,4624.76,4461.32,4445.68,4759.62,4345.92,3935.04,4469.79,4640.16,4693.79,4285.43,4284.29,4702.5,4453.35,4625.49,4987.09,4859.17,4895.14,4838.36,4649.67,4135.55,4136.96,4315.33,3994.93,4757.64,4958.17,4627.87,4648.31,4928.41,4812.87,4685.5,5079.44,5047.6,4748.95,4634.53,4163.11,3867.25,4258.09,4105.64,4225.79,4632.56,4764.17,4570.01,4750.51,4161.06,4485.86,4796.34,5013.42,5202.52,5105.49,5324.52,5558.83,5465.32,5471.46,6077.47,6116.89,6428.21,6079.93,7075.4,7044.52,7701.8,7781.69,7457.66,7674.61,7512.0,7335.2,7355.73,7426.27,7803.03,8138.46,7941.22,8127.53,8404.3,8217.84,8437.05,8241.52
GB0002652740,DERWENT LONDON,GB,EUR,3640.57,3822.72,3680.79,3574.9,3735.29,3808.0,3834.63,3942.98,4124.76,4149.2,4306.76,4429.56,5072.84,5377.77,5025.22,5129.28,4951.74,5224.01,5673.66,6188.06,6140.74,6831.34,6757.89,7409.34,6913.94,7434.47,7728.9,7749.94,7443.05,6682.6,6155.93,6568.13,6197.87,6293.6,5637.17,5130.88,4950.23,5196.17,5499.68,4834.2,4293.72,3700.02,4015.3,3680.34,3428.94,2176.19,1982.54,1937.78,1602.73,1580.58,1771.98,2309.81,2574.25,2915.92,3029.58,3549.3,3719.68,3912.2,3979.46,4063.57,4001.7,3758.38,3950.11,4225.19,3752.55,3615.26,4059.92,4189.22,4608.32,4725.32,4336.33,4752.16,4889.76,5370.13,5120.95,5808.6,5927.62,5765.98,5798.59,4954.35,4439.7,5424.35,4980.5,4798.25,5225.12,5343.1,5518.03,5598.53,5378.63,5823.59,6118.84,6101.16,6361.16,6690.31,6665.11,6894.37,6890.53,6734.74,6580.99,7237.59,7364.1,7095.54,7434.78,7287.16,7839.64,8220.9,8110.69,8444.5,8362.44,9489.62,9232.54,9385.57,9469.1,9448.03,9318.5,9560.36,9170.18,9844.99,9857.57,9746.94
GB0002670437,DEVRO DEAD - DELIST.14/04/23,GB,EUR,254.6,265.0,254.08,248.14,238.75,250.21,233.95,236.57,251.46,246.82,246.43,238.9,245.88,244.17,239.02,285.26,265.61,240.44,243.23,245.16,259.34,258.36,253.19,268.42,318.51,310.64,299.86,268.76,268.69,259.21,239.68,204.76,211.29,219.09,206.62,214.61,196.86,188.82,186.91,196.22,192.19,196.57,180.0,180.71,172.14,144.04,142.96,141.52,148.16,172.06,155.73,174.79,205.73,193.21,218.94,254.42,282.05,257.03,261.75,278.5,287.78,339.55,316.68,346.53,325.09,392.19,435.42,485.5,525.97,480.28,536.44,528.85,492.07,571.12,615.12,648.45,641.01,588.6,576.62,549.63,502.55,544.85,575.16,549.76,576.43,688.95,682.19,699.23,662.11,663.77,636.81,699.65,746.11,743.92,691.96,707.32,761.58,754.82,763.36,735.4,705.72,632.58,678.56,717.37,758.94,733.92,697.42,688.9,734.85,751.03,583.49,529.63,639.29,630.76,638.46,607.52,577.84,654.8,653.29,712.99
GB0002869419,BIG YELLOW GROUP,GB,EUR,377.4,409.28,394.75,384.14,368.46,353.01,388.13,415.28,465.78,443.89,540.75,542.8,669.5,666.11,674.82,780.3,767.89,823.61,854.66,920.14,966.97,1083.87,1205.02,1471.95,1305.09,1323.38,1398.74,1373.92,1278.79,1137.06,1120.97,1164.85,1097.0,1021.74,1030.7,947.86,894.75,939.08,939.36,848.34,708.97,632.0,684.41,688.71,640.99,478.69,359.95,379.82,270.79,295.32,301.34,450.89,555.8,623.2,626.91,693.93,663.63,712.78,670.96,632.53,558.51,535.17,570.67,552.13,500.47,496.86,544.71,502.3,577.07,595.9,557.39,623.23,599.21,596.83,602.21,629.85,638.18,569.93,543.34,494.24,429.36,487.15,463.98,447.24,518.0,543.49,532.34,564.66,514.62,543.81,584.45,576.54,606.22,658.74,661.63,685.32,711.71,687.67,654.0,761.93,760.78,719.23,813.14,772.46,878.55,925.69,967.04,992.44,1067.17,1200.61,1142.12,1087.99,1050.5,1080.61,1078.82,1115.18,1074.13,1114.04,1189.27,1229.99
GB0002875804,BRITISH AMERICAN TOBACCO,GB,EUR,299086.27,316982.85,313406.19,332051.58,338248.62,342858.82,355858.24,361196.66,379158.66,395970.26,392350.16,401612.55,405234.57,428276.67,445215.17,469222.33,461020.19,463834.94,496069.49,509786.8,502011.77,507249.08,526814.36,520520.42,562481.59,564980.51,595234.02,592403.99,646408.03,650658.41,620959.18,641185.46,689764.22,734618.09,749769.38,755870.74,689575.67,728431.48,744979.31,744729.81,739568.57,686011.25,717768.89,680494.02,655720.14,550666.06,522342.75,518825.34,549153.61,513492.84,480238.05,504473.79,565399.76,572295.17,639824.35,643896.33,661874.89,675202.9,639019.18,686502.83,699452.43,715564.02,749680.93,684042.43,645683.05,695456.98,747588.69,752026.28,826211.41,840211.91,801406.74,851657.91,815235.9,884219.03,915014.46,993597.94,1022175.5,1000321.18,1056301.14,1033350.02,983234.16,1069548.84,1071470.77,1098455.78,1064826.19,1173993.85,1197348.84,1220191.75,1119751.69,1209342.28,1266208.74,1262928.13,1236513.14,1190961.61,1263683.97,1221804.94,1253557.82,1255572.74,1324063.73,1372161.93,1357998.28,1262729.07,1314099.76,1261720.41,1329578.96,1383282.13,1338528.46,1343855.89,1200864.13,1364798.66,1435606.54,1489563.03,1559143.68,1535279.4,1518108.18,1544136.59,1476988.28,1484792.01,1554839.5,1427937.45
GB0003096442,RS GROUP,GB,EUR,9897.68,10072.02,8126.56,7633.09,8257.82,7880.74,8094.75,8622.69,7867.01,7378.6,8145.7,9005.65,9953.96,9431.83,9066.65,9085.35,8846.97,8438.26,8665.12,8949.72,10232.16,10832.3,10891.18,11519.55,11029.93,10423.65,11396.65,12443.22,12278.11,11176.06,10849.36,10737.48,10909.78,10916.56,9584.17,8956.32,8193.88,7587.14,7795.09,7970.85,7345.65,6870.34,7222.2,7420.98,6844.0,5369.15,5243.13,4930.34,4611.37,4238.99,4358.48,5710.94,5696.14,5859.05,6222.95,6900.39,6209.54,6108.13,6852.83,6804.44,7420.08,7355.1,8696.2,8970.48,8091.06,8682.61,9428.27,8676.77,10237.17,10433.65,10917.36,11338.97,11399.65,12249.43,11674.62,12643.4,13176.26,12215.85,10648.24,9712.39,8265.98,9889.3,9368.47,8372.09,9738.79,11042.81,11333.02,10583.87,8921.57,9499.9,9957.46,10432.3,9556.4,10138.72,9976.95,11710.06,11863.04,11822.04,11536.38,11325.33,12358.33,11478.93,11601.29,12477.09,13897.74,14901.92,14877.84,14639.53,13823.75,14271.43,14941.79,15534.65,15197.87,14608.82,13063.47,13190.45,11753.3,11900.55,10666.49,11162.12
GB0003308607,SPECTRIS DEAD - DELIST.05/12/25,GB,EUR,1840.95,1853.89,2044.13,1937.6,1964.62,1939.01,2177.19,2237.85,2218.57,2141.36,2346.24,2391.92,2630.75,2588.27,2559.77,2692.4,2472.26,2538.86,2458.27,2677.14,2639.47,2843.01,3056.55,3463.3,3461.54,3771.1,3898.21,4401.56,4238.08,4160.83,4032.72,4111.45,4094.54,4152.06,3633.58,3118.73,3142.14,3600.05,3409.23,3484.01,3593.74,3340.89,3327.69,3558.99,2782.83,1914.96,1553.85,1830.6,1652.92,1458.63,1373.01,2077.12,1915.96,2234.99,2272.36,2807.43,2780.56,2772.55,2705.35,2958.75,3043.35,2978.35,3116.34,3422.0,2965.12,2946.75,3595.42,3426.96,4291.63,4611.17,4539.37,5243.49,5523.98,5792.15,5581.35,6318.99,6622.48,6616.28,6671.36,6061.13,4710.08,5351.69,5132.77,5221.62,6297.52,7266.01,7508.93,7982.9,6544.32,6361.63,6417.15,7270.76,7374.73,7433.94,8229.71,8893.96,9373.39,9626.92,9958.53,8769.4,8553.3,7830.99,8647.28,9287.41,9657.02,10107.03,10844.18,11541.52,9936.37,11203.87,10515.16,10222.84,10607.65,10455.26,8872.61,8906.23,8073.19,8017.13,8217.93,9114.52
GB0003395000,FISHER(JAMES)& SONS,GB,EUR,50960.41,54778.44,58695.25,56518.38,54461.38,55552.12,58092.18,61124.28,64735.14,60563.92,64505.89,63495.75,66948.08,69459.21,88971.64,88552.34,85272.48,79366.46,75064.11,94541.07,90359.39,93376.52,103322.38,117349.86,122699.62,113912.6,117212.93,121444.22,123790.59,121034.75,129101.24,137446.06,129948.41,144006.29,128956.89,131870.76,109448.16,119944.15,122246.46,130770.13,137138.09,127748.27,110173.63,108889.85,91951.13,56615.39,67999.03,52008.23,53488.33,45243.23,60305.92,69307.82,73728.47,71142.42,73621.49,82225.85,84303.83,76041.0,71873.32,76295.8,78259.56,71119.73,69332.76,69619.96,65299.14,68453.55,76405.19,79682.53,84131.15,89691.18,81916.13,86461.82,89856.66,93290.57,90975.71,102093.3,102853.2,98535.73,97368.74,99663.27,88416.49,100726.56,87538.56,88944.11,87919.48,98789.45,107071.9,105640.58,96738.32,108904.74,108207.17,130834.42,140962.61,145350.21,145886.7,151904.98,149076.72,153237.53,181317.9,182486.17,172543.16,176061.92,185006.82,198697.44,200074.93,209674.33,218584.86,242979.02,268683.09,275160.21,286254.06,258258.34,262506.71,286634.55,263020.34,263450.39,254671.68,248893.12,196064.42,222702.69
GB0003452173,FIRST GROUP,GB,EUR,720.81,697.97,673.12,631.29,600.53,612.47,598.54,599.94,622.17,618.8,633.91,735.03,775.2,792.12,793.91,814.81,808.11,934.74,923.26,977.78,1009.03,1127.88,1190.85,1238.72,1183.47,1323.07,1447.21,1478.94,1522.17,1488.21,1468.95,1481.99,1581.91,1862.47,1646.37,1829.6,1492.23,1308.89,1272.76,1277.31,1189.17,1176.08,1193.63,1285.41,1101.99,765.84,837.32,724.46,462.84,451.3,451.3,580.8,702.27,693.46,671.0,754.96,807.84,757.12,784.04,839.92,734.2,671.67,675.64,724.87,679.24,678.62,740.94,687.6,735.2,838.65,724.58,801.94,784.5,776.82,684.78,709.05,729.01,716.53,818.12,816.86,683.32,737.15,701.72,718.24,683.8,656.71,530.87,442.16,452.23,491.76,530.6,589.9,587.49,465.23,453.33,515.73,484.21,462.64,480.72,517.23,298.1,282.46,292.58,342.3,373.66,358.3,361.52,395.27,422.68,456.9,469.66,421.24,453.75,417.97,412.38,407.57,375.63,346.6,341.69,321.24
GB0003753778,GO-AHEAD GROUP DEAD - DELIST.11/10/22,GB,EUR,3186.81,3220.34,3028.27,2726.52,2691.54,2656.89,2494.12,2597.07,2707.43,2662.72,2996.01,3135.9,3577.23,3446.2,3562.86,3854.92,3591.74,4115.14,3847.7,3971.7,4177.22,4347.13,4801.68,5355.24,5191.16,5364.61,5819.55,6101.32,6014.25,6116.48,6566.05,6447.17,5661.01,6637.49,6024.51,5903.14,5097.61,4241.15,3732.45,3931.46,3680.32,4424.58,4072.76,4278.9,3544.66,2723.93,2402.91,1865.46,1770.67,1634.0,2019.86,2422.24,2602.92,2514.82,2552.85,2829.11,2905.33,3007.02,2655.95,2869.43,2883.59,2753.83,2931.83,3002.69,2564.04,2209.43,2407.73,2318.38,2435.67,3004.23,2638.28,2912.51,2808.24,3222.68,3082.22,3384.32,3394.0,3637.62,3662.77,3698.62,2961.87,3219.46,2867.1,3209.5,2994.66,3064.92,3035.71,2822.83,2591.1,2879.59,3070.08,3148.64,3230.62,3325.07,3139.54,3305.79,3289.88,3439.45,3613.73,3902.97,3770.02,3636.55,3880.27,3711.47,4396.31,4516.04,4489.47,4865.96,5429.84,6066.22,5257.31,5639.2,6246.3,6853.55,6301.36,6192.91,6986.46,6822.01,7068.79,6646.19
GB0004052071,HALMA,GB,EUR,70170.29,69798.16,68596.24,62765.89,59895.27,59209.19,60007.23,63177.27,60502.04,61362.29,68205.77,74832.53,78190.87,78278.61,76614.01,80070.69,80893.25,86044.68,86474.63,87071.91,85730.83,95669.28,101977.55,108401.03,112015.67,103807.41,105084.95,111404.43,112117.62,117501.26,113762.72,108550.99,113680.96,116298.83,109254.5,108483.58,102965.1,104276.04,96700.43,106558.06,104214.85,106449.8,101144.72,94772.95,90094.85,67953.5,70257.53,76055.78,68920.74,58923.54,61875.31,68998.98,69189.86,85611.27,84810.47,85820.06,92955.31,100615.45,98194.95,105101.58,101552.15,102969.33,103832.41,113165.49,98035.41,111301.39,120128.22,116528.97,137859.74,144379.61,134997.16,155364.54,151077.91,152776.76,156828.84,173896.89,181113.68,185664.94,188110.92,160285.15,139112.65,153000.69,153625.17,145290.39,159834.04,179578.56,173989.35,188214.65,172143.94,187402.91,179896.84,187443.49,198721.87,192881.81,203135.55,216791.17,213784.35,218997.93,230366.1,228146.26,229565.48,223659.57,249841.81,250570.12,271913.5,261192.86,284998.13,298400.35,293641.03,305183.48,286677.2,283047.84,296443.04,300910.83,287193.09,310105.0,299771.64,301150.41,317027.16,326129.88
GB0004082847,STANDARD CHARTERED,GB,EUR,72975.9,74534.57,72945.78,72800.07,73683.11,74137.96,79245.91,87180.17,88502.51,85880.8,87628.19,90939.71,101420.09,106736.07,103470.13,110244.49,102351.3,101700.98,105307.61,105057.91,107327.16,118156.59,120539.4,122645.39,120030.25,117540.39,122844.22,133212.34,144711.35,139911.16,141007.83,133009.68,140495.0,167069.16,169617.94,158204.9,142661.11,143518.76,150016.19,155742.27,162503.23,124744.2,134583.82,120382.28,106123.52,72595.9,65454.9,63620.32,63868.01,47862.32,65226.15,82333.41,106281.54,98596.13,123720.01,120601.83,130726.07,131105.1,129093.13,134817.69,123330.91,126050.34,147024.78,145014.85,128252.04,132383.58,155551.43,146138.4,156478.71,162942.47,152168.88,152493.82,147284.96,149377.07,148884.22,158945.49,153918.18,151052.95,146901.79,132402.4,116449.4,136783.13,126431.86,127185.23,140602.55,150078.37,147807.63,145022.18,119476.94,128773.66,136071.22,132799.31,135835.42,141666.85,140109.65,153680.94,159801.69,163806.06,158855.76,154558.04,143107.42,132918.07,141938.89,136894.73,147288.7,147949.97,145715.63,138332.9,125152.3,130192.59,128339.26,132890.26,138292.4,125378.44,127738.19,125475.33,115162.68,93630.19,91408.2,93526.73
GB0004161021,HAYS,GB,EUR,1496.75,1651.17,1605.13,1602.15,1458.45,1494.97,1451.4,1517.43,1398.59,1330.29,1368.48,1414.02,1531.01,1701.04,1847.04,2033.75,1991.56,1653.1,1653.29,1715.85,1787.03,1914.31,1987.6,2103.06,2083.51,1957.09,2074.48,2323.54,2345.45,2341.35,2243.25,2185.46,1846.49,1990.68,1826.81,1605.26,1422.72,1513.86,1612.83,1586.09,1438.73,1279.26,1129.1,1237.2,1012.82,832.36,848.39,756.94,818.87,820.34,808.03,1036.29,1027.76,1094.29,1223.64,1312.18,1288.91,1297.52,1287.86,1351.65,1427.56,1276.72,1346.87,1400.42,1202.1,1122.72,1157.3,1134.47,1458.49,1495.2,1426.12,1708.01,1641.66,1717.96,1601.25,1700.57,1542.42,1420.35,1266.83,1055.91,926.6,1156.45,1042.91,901.17,1018.56,1176.02,1231.73,1325.32,1021.27,1055.76,1077.56,998.03,1137.88,1226.13,1164.37,1249.27,1317.69,1391.29,1379.27,1369.03,1340.72,1270.55,1472.03,1493.24,1805.72,1910.96,1940.54,2053.88,2085.11,2289.52,2322.7,2444.99,2436.83,2400.26,1979.06,2130.27,1811.56,1923.17,2027.58,2213.36
GB0004170089,HEADLAM GROUP,GB,EUR,98399.65,93973.46,93008.11,86066.04,83921.91,84115.51,86700.88,89038.64,85069.6,82355.78,82587.09,86861.81,95756.64,96350.28,99494.57,106443.35,108818.02,113241.5,116223.8,120699.09,114930.38,124811.86,132710.81,146186.1,143589.8,139239.81,142212.06,144517.86,148832.11,138826.6,143391.55,145350.88,143130.57,144775.3,126443.06,108418.91,102387.21,98373.63,95219.94,100255.6,97481.54,89001.44,78701.03,80423.35,51079.88,45448.23,42451.36,41185.36,43309.48,39375.38,44862.9,56512.23,55957.81,59902.32,61312.42,71138.58,70611.91,73247.83,70573.23,70373.94,72099.04,59329.39,59445.28,68537.41,50296.27,50636.84,59741.6,62536.25,69069.47,76535.26,70473.99,74363.37,82023.47,74912.51,72795.71,76821.62,76556.44,73026.43,70574.92,69497.96,59453.61,67008.23,62672.14,62788.77,68975.71,72386.28,74931.35,77570.45,71232.23,71172.53,71226.19,80808.0,81391.77,84474.66,81732.79,89333.97,92413.69,87973.59,88065.81,89165.19,94683.65,92832.93,99801.25,104480.51,107020.62,109062.92,116316.03,116326.41,132079.64,138021.64,138604.42,141188.0,131680.92,126309.99,120677.94,121284.53,117817.82,111165.36,116589.36,123121.98
GB0004270301,HILL AND SMITH,GB,EUR,77942.06,92286.84,97088.77,97531.64,99371.17,94141.94,94155.45,104798.63,114096.89,117279.68,124860.41,120325.99,119119.85,133491.39,144543.81,153670.37,145815.54,145496.88,147637.73,147610.58,159199.96,169296.16,161982.35,176527.06,186158.83,205787.02,225212.45,240449.13,249849.34,247882.61,257898.66,255995.01,266630.25,275536.67,230327.68,225190.56,191415.69,223171.04,224839.83,237867.5,248102.79,219682.65,201578.72,210774.39,158326.88,111471.56,90125.06,102250.16,93221.71,81699.84,79115.48,118490.21,107264.39,138646.21,144853.34,177409.82,181664.67,197882.12,216132.35,204930.61,197439.39,180140.73,192780.24,204550.5,181704.96,167499.84,169737.84,161078.6,169603.25,182457.62,140743.1,167082.45,173706.82,177016.38,213597.48,215844.68,249077.51,218948.42,237705.44,176241.38,151051.72,169171.05,160382.12,155826.12,187499.72,200536.3,214671.85,214922.21,210163.43,206590.35,194460.63,225204.21,246043.06,246299.28,266340.35,269798.72,309103.44,302590.35,282426.35,278450.74,280321.29,290770.69,283379.86,284038.94,324257.64,329566.14,377524.15,367805.82,384078.73,402479.76,390335.56,406257.21,406238.33,376974.76,376297.72,400032.09,399028.82,397646.84,394409.19,401346.44
GB0004478896,HUNTING,GB,EUR,5727.56,5819.84,6520.67,6618.47,6196.61,6643.43,7559.91,8394.73,8765.09,7942.43,8413.84,8279.49,9008.08,9610.82,10824.12,11501.02,10714.24,11510.82,11657.1,13642.46,13307.46,15266.79,16916.47,18885.08,18462.52,19540.51,23846.26,24748.53,25465.55,23800.64,24599.14,23731.58,22320.7,24846.43,23406.65,23000.12,22194.72,25052.82,26807.82,28645.23,28247.23,28641.91,27310.13,26637.78,17752.86,11416.32,10437.52,9898.16,9331.73,9765.83,9425.23,11342.36,12135.82,12380.18,11589.5,13546.72,14417.02,14568.09,13351.98,15835.13,14674.51,15056.73,15893.36,14721.6,12416.1,11417.21,13862.88,15815.13,16671.44,17646.27,15801.94,19599.64,21395.63,22171.9,21315.58,23051.14,21112.24,21273.11,22205.71,19206.17,16135.62,18730.24,18881.28,20308.55,22161.27,22906.87,26377.09,26907.0,22392.68,19989.36,21587.38,22347.23,23575.09,21424.97,23178.34,22830.12,23859.16,23436.7,23970.51,22315.88,23408.14,20078.74,22729.7,22912.46,23356.63,25917.81,23764.24,23486.3,22513.03,25820.76,26111.03,26380.67,25385.3,27076.35,27109.0,27249.01,26703.99,21717.35,16768.31,15405.66
GB0004544929,IMPERIAL BRANDS,GB,EUR,1242.26,1264.7,1241.88,1351.02,1284.05,1274.72,1232.0,1324.8,1374.18,1371.69,1426.89,1426.31,1455.32,1470.83,1450.01,1516.81,1498.34,1511.72,1617.88,1704.81,1646.41,1753.76,1820.44,1947.92,2056.45,2100.53,2255.95,2201.14,2184.21,2340.17,2249.25,2306.76,2329.97,2579.26,2638.98,2754.97,2532.96,2420.69,2395.88,2491.53,2391.57,2252.02,2264.32,1998.87,1937.22,1627.05,1501.57,1608.68,1688.71,1481.7,1389.8,1422.11,1596.48,1629.33,1778.45,1767.78,1812.96,1860.24,1819.13,1984.43,2088.49,2003.81,1961.44,1838.41,1682.46,1808.46,1840.66,1802.34,1947.54,2082.21,1913.57,2007.42,1922.76,2160.42,2078.44,2364.74,2409.97,2237.24,2369.38,2266.99,2309.11,2502.62,2453.6,2580.19,2515.28,2794.09,2843.98,2809.48,2531.09,2703.72,2761.4,2773.41,2631.31,2680.18,2845.09,2742.35,2725.71,2659.75,2559.32,2624.42,2635.39,2535.24,2491.19,2456.62,2758.72,2787.18,2835.64,2884.42,2822.48,3155.19,3120.78,3335.64,3488.46,3474.15,3402.88,3420.26,3385.73,3400.19,3634.06,3466.71
GB0004657408,MITIE GROUP,GB,EUR,70676.4,68929.24,68838.73,64076.73,65675.5,64793.33,66525.78,69808.61,70483.15,66992.4,67163.43,69083.39,75884.33,81567.26,76572.41,82964.47,84011.26,79623.86,82744.45,85067.37,88148.71,91227.06,103610.92,113706.64,108468.99,105169.72,106439.33,111592.41,127279.45,124841.21,120117.6,124634.19,121279.93,137758.4,134761.32,134019.98,115418.34,123745.68,115747.99,110219.59,109858.55,101534.31,109038.03,100064.07,90047.2,74510.62,79677.04,72369.59,72681.07,62653.44,66564.73,77002.57,87701.63,87726.66,99265.01,107055.75,101944.44,99487.45,92457.6,95285.07,94221.36,88461.89,89077.04,92203.33,85321.73,83059.0,85511.8,78451.57,78788.95,84956.01,84341.7,97612.37,93083.28,87377.25,83850.48,93955.43,101435.7,103856.38,106991.87,98335.76,99079.49,110428.92,110383.31,104605.83,111244.71,117700.86,123697.68,131205.95,121846.75,115211.08,120043.75,128196.57,132793.04,132621.2,121433.17,122716.8,128343.5,125058.8,122440.29,123444.35,113151.65,111965.34,120690.8,125827.83,140763.63,148523.73,149891.32,157196.14,156520.92,172915.66,162013.38,160362.54,167912.29,165812.43,156684.72,159585.57,142017.52,146480.14,133521.39,134328.3
GB0004726096,SPIRENT COMMUNICATIONS DEAD - DELIST.17/10/25,GB,EUR,25293.9,26306.76,24300.73,15769.24,16872.03,17221.24,18677.23,19259.83,18236.25,15413.45,16798.26,17009.37,18321.3,17088.3,15449.8,15007.57,16855.13,13882.68,12519.21,17418.54,19442.17,21569.11,21457.94,22231.37,23409.58,23928.01,24143.84,30121.74,30091.1,30219.64,28064.65,26545.36,24365.75,29002.15,26031.04,24703.12,21587.0,23292.2,25261.37,28047.13,26007.75,26091.75,24979.25,29386.76,24141.18,17571.81,15142.5,10496.39,11105.93,12774.1,14478.61,17084.7,22047.4,21256.13,23681.69,27715.69,28694.26,31098.64,32986.62,33870.21,36376.9,32588.57,38859.38,38135.62,32564.75,33933.98,41415.0,41017.29,46477.2,47753.72,46936.49,48097.84,46077.32,52739.36,46081.09,50913.84,53029.71,50013.04,44752.64,43374.31,40153.7,42453.98,41731.75,38554.1,39447.11,47360.47,54333.95,58490.1,52112.87,53337.57,54841.69,53670.86,53084.34,49354.76,51454.93,52223.22,54113.69,49674.0,48054.37,43637.63,43680.37,45848.32,43027.46,42075.93,44713.69,38554.51,38423.09,37201.39,33837.75,38076.79,36049.88,35145.95,38343.52,35514.47,38002.94,37840.51,37475.63,26535.32,23257.84,26103.15
GB0004866223,KELLER,GB,EUR,614.81,622.23,639.64,567.06,592.67,634.25,655.93,802.09,838.1,790.62,864.82,869.66,863.61,939.38,942.72,1073.79,1192.15,1289.25,1411.21,1558.69,1499.29,1739.95,1923.95,2125.79,2103.6,2087.2,2181.27,2432.97,2596.27,2637.02,2435.21,2720.0,2447.78,2891.61,2051.93,1622.44,1300.65,1458.93,1646.75,1671.38,1639.32,1553.93,1813.98,1799.0,1477.49,1063.07,948.91,1046.01,1122.76,1054.12,891.83,1142.33,1305.8,1202.71,1374.7,1375.73,1506.48,1542.27,1364.76,1364.06,1310.56,1318.84,1371.26,1495.24,1169.67,1054.35,1149.76,1174.57,1244.33,1369.39,1091.36,1335.7,1444.58,1373.29,1345.81,1487.34,1187.74,1037.65,1023.17,836.58,722.42,847.25,573.82,587.96,790.8,950.76,1000.27,1037.36,897.48,832.26,1071.71,1191.37,1313.13,1453.87,1548.83,1677.33,1733.9,1678.15,1841.38,2027.64,2178.52,2278.23,2548.41,2604.96,2550.32,2581.17,2651.72,2909.05,2974.5,3253.45,2737.06,2573.44,2446.12,2447.8,2280.49,2396.99,2239.32,2094.38,2082.09,2153.81
GB0004915632,KIER GROUP,GB,EUR,1161.32,1238.15,1237.7,1263.37,1249.37,1251.97,1235.09,1261.72,1457.16,1552.58,1596.59,1580.01,1972.56,1950.37,2264.38,2429.37,2223.34,2165.88,2408.34,2379.71,2691.23,3069.64,3267.76,3332.71,3156.49,3475.54,3710.33,3888.73,3558.11,3243.77,3187.65,3056.06,3000.65,3593.77,2660.36,2338.06,1873.45,2240.2,2241.13,1911.24,1695.51,1544.86,1633.18,1721.37,1183.45,932.13,1163.5,1107.35,1227.89,1094.76,1105.11,1270.91,1418.87,1319.93,1314.3,1614.37,1698.71,1425.17,1330.5,1493.34,1392.63,1369.58,1524.1,1593.84,1402.78,1322.13,1484.84,1389.77,1765.56,2001.45,1864.16,2031.01,1894.59,2083.8,2000.94,2130.13,2024.59,2096.55,2094.77,1943.4,1959.37,2259.68,2212.81,2101.51,2102.52,1995.74,1832.87,1915.38,1818.58,1996.0,2012.92,2074.35,2184.69,2167.84,1975.71,2251.82,2227.8,2040.98,1890.3,1937.55,1995.27,1844.63,2389.74,2428.51,2981.4,3173.62,3183.87,3318.72,3375.62,3462.3,3047.4,3103.31,3147.61,3354.1,3261.45,3129.3,3035.34,2713.21,2515.07,2646.13
GB0005576813,HOWDEN JOINERY GP.,GB,EUR,346.21,356.12,303.41,266.04,272.66,277.55,285.55,290.44,273.75,206.55,184.05,195.42,168.18,228.63,264.7,284.5,306.88,284.23,241.75,228.71,255.16,274.1,357.56,380.83,364.17,354.84,434.67,468.1,432.05,388.97,380.22,373.11,318.89,339.93,274.29,256.34,218.52,232.8,224.12,192.34,167.95,121.32,88.08,87.64,66.47,52.15,36.32,31.45,26.37,30.16,34.44,67.48,86.16,83.27,133.17,145.17,181.69,177.33,188.67,171.41,203.76,177.97,167.86,176.63,148.91,121.78,161.18,138.88,172.69,178.3,205.51,229.52,269.27,269.7,251.77,264.61,268.44,246.4,269.12,237.29,229.03,272.5,253.12,224.03,243.1,266.26,284.41,284.17,260.14,288.14,311.54,332.99,345.51,395.32,388.17,405.67,429.31,468.88,523.17,558.71,517.94,560.62,638.67,634.96,688.58,758.65,771.83,835.66,825.83,930.89,907.76,803.53,794.68,785.46,849.46,870.84,815.68,817.13,913.9,937.62
GB0005603997,LEGAL & GENERAL,GB,EUR,50223.19,52615.32,51060.2,47507.38,47182.76,49183.49,48099.48,47741.57,48615.39,45968.2,49018.25,50709.87,53898.47,55227.02,59634.94,62520.88,59486.51,58909.91,57612.57,62120.57,66974.75,69343.63,74982.36,77559.66,76215.16,77169.57,78466.31,79696.52,78320.2,77578.06,73441.85,75393.79,71045.0,75964.22,69607.54,67856.07,68545.76,64693.08,65571.58,67761.08,63829.4,53763.38,52231.75,49421.04,49021.29,31683.34,28401.1,30367.7,24424.35,15758.49,16950.71,24732.96,27884.85,26775.89,30590.47,35928.84,40859.04,37650.36,36935.63,37871.91,35388.55,34175.5,38862.99,39327.88,34414.64,35257.38,42021.9,42665.98,49557.73,48775.05,43251.61,46027.33,54024.1,58713.81,56110.24,64075.48,60295.35,59364.19,57616.14,53483.58,47906.8,56751.35,53097.31,50834.15,57944.21,61401.3,66445.85,63199.35,56235.3,66078.25,66112.4,68309.25,71562.72,72533.24,78455.2,79519.15,81182.18,81653.0,88108.19,91651.46,94282.17,90314.83,101600.13,101674.92,111796.43,122275.4,123285.72,129783.96,124501.8,141757.0,120079.16,130031.44,140390.45,140126.64,143885.09,147699.17,136541.89,135984.12,142158.15,142631.02
GB0005746358,MCBRIDE,GB,EUR,239.2,261.55,245.31,244.7,239.03,232.75,221.38,229.65,234.32,237.86,232.51,242.82,260.03,260.08,254.53,271.29,285.56,293.38,276.58,280.08,286.71,306.08,316.13,350.63,342.65,386.33,428.17,436.47,472.08,403.39,361.5,355.14,325.08,338.16,303.89,203.28,180.66,175.18,195.52,197.82,177.64,146.24,187.96,200.83,169.55,200.4,188.81,172.66,178.1,157.14,162.96,186.19,216.69,238.13,241.37,235.34,305.43,373.48,348.46,347.65,355.4,371.74,351.87,294.9,278.43,199.85,224.0,220.3,299.55,302.32,280.35,310.41,261.99,247.0,240.47,240.17,271.36,237.62,230.65,228.35,199.29,243.48,219.81,193.06,204.79,223.7,217.98,228.74,194.62,215.72,208.54,225.06,231.95,250.29,235.35,245.62,240.02,252.61,204.48,202.09,177.08,190.91,222.42,227.17,223.12,205.5,202.35,192.99,195.81,219.25,206.43,193.79,202.79,192.24,187.85,178.48,164.75,149.5,146.35,145.71
GB0005758098,MEGGITT DEAD - DELIST.14/09/22,GB,EUR,40852.58,41899.55,39822.98,39371.62,42641.2,40573.74,43693.58,44455.44,45922.73,43193.48,46722.41,50127.24,51968.39,52723.72,49452.85,50109.57,45456.22,48375.13,45391.22,48971.71,47746.89,52695.86,48174.01,50113.94,54687.76,54389.2,57514.22,60411.32,62183.35,60706.24,61683.44,63061.02,63978.65,70169.78,63296.97,65564.66,56131.92,55033.6,55399.86,59410.43,48642.49,42749.48,39647.32,42959.79,34050.81,22436.91,22759.89,23494.91,20388.7,18262.0,19761.23,28712.39,27475.59,28060.01,32034.55,38032.54,40634.04,44016.93,42803.77,45762.48,45287.43,46029.84,51542.19,52996.17,48319.55,52232.3,52082.48,45974.96,52431.35,59284.94,56768.26,65073.06,63874.53,61792.01,62877.43,68499.1,69064.25,70064.62,72914.79,64792.56,60261.76,71705.87,69180.77,63331.88,66167.13,71298.31,75900.78,78019.21,68337.86,71077.7,70671.17,74482.13,75664.97,73787.94,74049.75,73736.13,81833.42,81879.61,89962.47,88004.07,97415.23,94708.59,100155.91,98996.5,108065.03,111800.17,99374.23,106195.88,102977.99,102665.61,99152.76,99755.88,100715.59,107222.97,106394.65,97946.6,91475.21,90253.38,98511.05,101203.26
GB0006027295,MORGAN ADVANCED MRA.,GB,EUR,7268.72,7885.16,7944.22,7119.97,7213.37,7339.55,7787.4,7807.57,8890.28,8140.18,8695.8,8984.32,9846.32,8685.54,9039.5,9950.18,10182.4,10176.55,9684.35,11528.35,12095.78,11042.46,11278.73,11102.24,11985.42,11879.92,11682.37,12456.66,12863.04,13080.57,13191.02,13966.56,13684.77,14941.72,12180.73,9109.24,8692.02,9395.75,9826.72,10005.47,9655.18,8860.32,9036.75,9712.82,6461.86,4059.96,3396.23,3764.63,3250.2,2937.19,2827.45,3940.86,4061.38,3827.1,5221.37,6207.48,6725.3,6330.55,5969.5,6327.0,6485.24,6524.57,7676.82,8168.53,6653.85,7030.36,8566.59,7601.37,8759.97,9314.93,9465.7,9812.8,11201.21,12127.55,12236.53,13303.49,13599.84,12925.18,14121.05,11708.03,9975.4,11948.14,11204.1,10836.03,13078.13,14971.06,13639.56,13991.53,11691.84,11842.13,10742.27,11066.58,11561.69,11006.36,10745.47,12016.72,12126.3,12282.41,11797.67,11483.21,12533.31,11121.84,13067.58,12853.4,14218.83,13956.69,13715.0,15055.34,14563.28,16516.93,17060.04,16164.41,16581.45,16160.25,15449.78,15396.11,14022.65,13171.67,13499.65,14601.81
GB0006215205,MOBICO GROUP,GB,EUR,1492.76,1502.09,1498.85,1443.14,1421.38,1464.78,1384.93,1333.94,1351.9,1323.79,1419.92,1343.91,1413.18,1415.52,1491.18,1517.94,1392.59,1531.64,1425.99,1462.56,1635.72,1754.54,1910.7,2086.67,1948.42,2032.12,2335.42,2369.98,2309.95,2063.1,2265.45,2433.05,2446.74,2658.14,2363.52,2400.26,2265.88,2193.86,1939.22,1835.38,1806.63,1896.06,1936.81,1898.35,1448.96,933.5,877.98,721.0,476.75,338.79,220.47,394.26,526.71,534.65,587.35,681.09,801.91,561.93,556.32,625.67,672.61,623.97,701.34,745.4,677.64,664.84,738.01,694.46,770.89,803.77,701.5,793.43,790.7,814.41,794.53,905.9,867.43,839.79,889.84,843.64,759.47,777.46,691.09,725.14,716.18,780.47,805.35,759.02,624.81,724.67,712.75,744.48,741.42,600.37,610.57,726.4,718.92,731.19,681.22,674.79,689.58,770.89,872.5,924.58,950.99,962.98,998.72,1044.35,1098.42,1167.3,1069.94,1105.93,1091.11,1050.46,1037.22,999.25,915.22,946.93,986.11,920.67
GB0006650450,OXFORD INSTRUMENTS,GB,EUR,246.93,282.49,318.63,305.88,294.98,264.01,266.77,277.39,295.99,297.72,291.31,291.1,305.08,278.11,242.78,262.7,266.51,273.8,288.5,274.91,274.95,274.19,343.89,357.72,382.51,365.98,353.22,385.31,415.73,431.55,400.03,340.09,349.75,348.47,310.34,294.5,276.29,287.42,278.15,317.63,346.83,377.51,337.17,308.38,317.89,234.28,151.11,165.55,177.47,150.03,124.28,186.13,180.9,186.05,206.61,226.61,260.92,325.91,278.08,267.39,325.95,287.38,335.46,358.32,309.37,344.39,424.87,454.86,658.79,720.28,759.27,915.07,874.2,832.22,937.39,1038.8,1048.48,1233.92,1351.45,1112.69,1059.8,1043.74,1289.83,1243.09,1209.1,1566.94,1638.42,1677.52,1500.38,1624.26,1658.25,1754.79,1884.16,1837.41,1850.95,1962.86,2206.45,2211.69,2136.34,2037.58,2169.12,1558.83,1836.54,1879.17,1745.36,1786.54,2110.15,2503.36,2354.69,2062.8,1811.21,1866.32,1882.7,1905.99,1824.06,1678.95,1430.39,1494.63,1561.95,1719.72
GB0006776081,PEARSON,GB,EUR,15662.64,16562.6,16430.43,16754.02,16592.03,16280.87,16563.13,16843.59,16344.56,15585.82,16314.52,16546.85,18140.11,17407.24,19405.52,19785.22,19337.34,19509.93,19440.49,20640.57,20635.79,21430.11,21444.83,21933.94,22803.97,22489.73,24844.38,25572.22,26365.77,25104.41,24038.55,22632.88,23244.23,24952.11,23133.55,21946.33,20675.07,19953.52,20400.45,20194.82,20932.55,18980.01,19998.55,19572.98,16902.18,15525.72,15023.4,14565.18,15163.42,14856.29,15891.1,17077.5,17190.23,16373.84,18754.89,20339.83,20464.11,22773.45,22577.96,23878.38,23707.59,23041.92,26080.24,27315.41,23449.41,22558.11,26312.64,25716.45,26719.82,26257.04,24812.63,27153.83,28220.87,29384.55,30365.67,33792.62,33086.15,33232.86,33921.31,32315.78,31639.82,32956.0,32337.12,33532.26,33007.86,34154.26,33192.0,34417.33,31975.3,36280.88,34238.75,35110.93,36143.69,37102.81,34923.06,35721.67,35017.5,32431.55,33256.81,34598.57,35372.03,33716.05,38853.25,37772.32,39107.05,40248.65,42484.12,42669.8,35109.7,32614.48,34046.6,37111.21,38926.02,39104.19,38176.38,37128.58,40451.52,37666.5,38793.04,37338.16
GB0006825383,PERSIMMON,GB,EUR,13164.45,14543.78,14201.84,12843.92,13552.86,13926.38,14011.7,15038.36,15318.81,15400.24,19297.19,21795.81,22547.26,24672.83,23578.79,24373.52,22985.89,23362.42,24462.59,24509.27,25866.5,26351.5,29722.46,30909.72,28077.55,28314.07,29216.96,28540.37,28628.17,24615.57,24995.46,25121.51,21141.63,23457.45,17684.68,17142.32,16499.34,15781.25,17128.11,12929.45,10719.34,7084.58,6443.56,7674.4,8096.1,5528.38,3775.78,3767.4,4747.88,5596.26,5648.11,6464.33,6694.49,6573.93,8513.37,9149.1,8325.15,7583.82,7741.38,8647.09,7911.54,6773.41,8053.4,8314.94,6761.04,5972.16,6306.96,6366.4,7178.14,6218.01,6067.79,7508.96,7530.96,8803.97,8208.0,9272.09,9122.25,8992.88,8803.99,8591.09,8241.09,9330.02,9081.29,8551.21,9726.8,12632.92,11971.26,11948.19,10343.7,11301.47,11410.07,13117.41,14491.76,15153.85,15188.61,15385.93,15804.07,16406.37,19205.48,21301.86,23440.15,22699.81,23746.77,21544.31,22287.25,25755.56,24080.06,26005.78,27346.0,30709.74,28437.56,28075.05,28441.48,29114.13,28295.54,29410.99,28926.53,31306.97,32111.85,32910.94
GB0006886666,EUROMONEY INSTL.INVESTOR DEAD - DELIST.25/11/22,GB,EUR,2059.75,2159.93,2175.31,1802.2,1932.42,1828.55,1794.93,1850.81,1857.71,1795.75,2017.74,2172.19,2429.89,2321.03,2441.59,2302.23,1844.98,2120.93,1945.8,2310.89,2265.63,2334.75,2726.24,2895.3,3009.59,3084.82,3185.56,3164.18,3694.44,3588.33,3467.84,2974.1,2942.84,2660.28,2348.33,2103.35,2219.95,2016.16,2229.22,2012.99,2100.95,1913.05,1864.37,1929.93,1662.25,1228.62,1136.41,962.24,1000.98,778.73,887.51,1133.39,1043.41,1047.63,1178.7,1370.69,1861.76,1953.24,2049.87,2236.24,2395.22,2275.16,2507.03,2510.3,2747.16,2881.62,3044.12,2905.89,3093.35,3333.69,3538.0,3541.51,3628.4,3711.05,3652.08,3887.4,3601.49,3459.89,3694.69,3068.38,3161.84,3611.71,3678.18,3263.69,3658.64,3848.54,4080.11,4283.17,4185.63,3975.1,3798.03,4152.25,4221.4,4375.69,4340.07,4893.86,4880.21,4835.18,5075.73,5275.25,4974.33,5404.2,5623.66,6476.23,6542.87,6015.51,7190.61,7896.37,7696.04,7806.34,7053.4,6380.66,7086.49,6743.84,6502.87,6384.95,5846.76,5974.59,5760.12,5892.7
GB0006928617,UNITE GROUP,GB,EUR,728.88,740.53,703.38,691.33,659.71,668.17,682.01,700.14,698.79,729.74,782.17,830.64,878.07,949.91,993.86,938.9,903.21,948.88,990.08,1012.95,1106.99,1214.7,1256.56,1371.19,1253.53,1295.2,1308.26,1319.8,1235.53,1037.87,940.17,1047.94,945.9,1113.61,1083.05,910.09,844.25,858.21,839.56,746.28,708.18,600.43,509.79,543.21,523.92,316.4,219.62,273.59,120.06,74.18,127.29,187.98,262.27,291.42,271.8,508.95,557.96,581.07,587.21,640.95,612.22,586.3,518.85,443.43,369.7,344.99,393.71,382.91,459.43,440.71,386.36,402.73,430.91,431.96,458.85,474.58,470.5,462.97,460.09,384.74,342.7,379.27,371.03,347.0,373.32,392.77,418.33,424.17,387.63,404.98,444.38,520.61,569.47,612.46,572.68,603.11,606.56,591.34,654.54,733.97,742.51,744.65,802.3,751.09,867.09,866.33,887.08,907.98,917.08,1023.7,993.27,986.97,978.8,932.0,949.68,1006.33,952.06,950.1,1005.61,1008.4
GB0007099541,PRUDENTIAL,GB,EUR,40257.37,42264.19,45338.49,42565.25,42217.32,42178.8,44789.57,43619.94,43604.89,40198.55,43728.68,45234.23,48533.92,50589.8,56315.48,56891.66,53064.22,54966.36,51082.03,55052.26,60848.91,60162.72,63787.41,67213.81,65925.03,64801.48,69091.35,74686.52,74613.99,71427.91,69252.56,71317.36,77004.81,81703.31,70217.89,71283.2,64041.1,61078.35,66523.99,69969.65,67286.38,54310.99,55377.06,51734.59,46821.03,26343.42,26785.03,30994.6,24886.18,20693.87,25001.7,31317.28,36810.56,36597.83,39938.45,47628.88,52352.92,49920.2,55862.98,56243.68,50403.48,49916.9,45196.27,49424.92,43839.53,42390.48,48388.0,49016.0,56516.51,56800.88,49843.69,58931.43,61012.26,65208.57,65337.58,74386.41,70034.12,66689.95,65346.3,59036.19,50747.2,61069.69,57255.49,57982.28,64592.85,66507.05,71352.74,73197.42,62344.93,69154.06,71421.43,75474.81,78145.39,82535.74,87572.64,84944.49,91706.28,89955.72,99572.15,105894.01,104272.33,100391.31,108936.2,103564.07,115759.71,127616.34,132962.9,137834.78,125338.01,141027.06,133721.75,145047.61,146949.09,144985.18,145986.81,153463.42,142158.97,147071.28,154493.14,148257.77
GB0007188757,RIO TINTO,GB,EUR,72712.04,83681.57,76564.07,71506.9,70437.65,72500.34,79050.41,84330.79,98151.04,91266.08,96915.09,109093.93,121963.5,115664.65,124906.54,135101.37,136644.76,130316.12,127224.0,125533.17,117244.59,137002.38,132650.08,132128.26,131999.31,133179.9,143076.03,154480.74,182485.77,193009.95,184193.7,175248.72,218195.06,236265.55,293750.25,268098.81,249569.78,290389.7,265438.85,298781.29,305387.74,305207.09,269966.93,243409.86,159141.68,119030.74,63467.37,55103.83,55848.57,67653.26,88771.56,108330.17,118993.98,110592.23,131640.28,125487.46,136153.76,141613.44,161670.6,174642.7,158420.46,164783.14,190592.4,166414.67,149084.7,142897.79,166514.81,164601.56,190298.43,209420.68,206189.92,227969.5,222491.1,227486.24,229907.79,238192.7,228851.15,236129.64,231189.61,204731.27,148811.02,180692.59,173676.5,160612.74,198575.95,192370.54,184998.15,187283.58,143770.11,159102.49,155118.31,148222.18,158925.94,170620.43,169129.42,194719.73,192545.28,183363.79,162665.55,157759.36,150410.47,141305.9,155564.58,159133.74,172882.79,179175.84,188670.5,199423.47,188247.83,203144.64,200453.27,196152.31,184729.39,191481.11,206311.0,195460.24,179993.34,174112.94,171638.94,171322.0
GB0007323586,RENISHAW,GB,EUR,3783.61,3772.18,3765.79,3183.12,3414.14,3589.24,3953.88,3995.09,4180.09,4168.13,4423.39,4599.62,4263.44,4416.19,4327.74,4757.78,4499.58,4403.5,4096.83,4195.04,4163.69,4069.87,4275.67,4162.45,3985.13,4323.8,4243.78,4223.92,4217.67,3447.04,4157.99,4083.95,3981.79,4480.59,3861.65,3650.92,3678.24,4062.8,4020.12,4411.67,4445.97,4359.22,4662.32,4541.94,4068.82,2592.83,2467.02,2154.54,1442.13,1331.73,1107.72,1790.32,2262.98,1747.74,2088.1,2569.77,2750.55,2798.94,2730.49,2737.03,3002.47,2855.31,3103.85,3201.48,3202.74,3396.23,4074.91,4114.43,5158.28,5873.17,5562.67,6114.27,8289.47,8009.59,7728.47,9410.58,8897.55,8986.19,8821.07,7330.56,5172.19,5133.19,4707.47,5084.02,7160.54,7472.16,6969.12,7716.71,7233.44,7201.39,7759.04,8152.26,8907.67,9483.75,9680.32,11228.71,9888.58,9913.35,9369.19,8600.16,8906.81,7871.64,7990.41,8828.1,9951.28,8881.52,10406.44,10979.3,10558.37,12348.66,11137.95,10511.5,9757.91,9706.8,10695.03,9450.82,9215.02,9919.67,10594.81,10657.56
GB0007594764,RPS GROUP DEAD - DELIST.24/01/23,GB,EUR,3975.83,4389.55,3854.93,3726.79,3890.98,3981.59,4208.75,4506.68,3952.09,3800.58,3953.49,3884.95,4511.96,4534.62,4535.41,5256.67,5623.65,5848.69,6081.29,6313.69,6283.55,6527.81,7693.24,7762.33,8244.93,8593.09,9370.8,9470.09,10643.77,10374.0,10469.42,11426.15,10225.43,11988.19,9200.22,9437.79,7599.29,8753.29,9496.71,9441.71,9803.71,8879.69,9295.83,8158.51,6514.8,3585.71,2899.09,3018.22,2940.04,2767.77,3347.49,4259.5,4635.35,5002.5,4797.0,4944.53,5505.72,5283.49,5059.39,5361.41,4903.3,4192.65,4739.15,5376.76,4317.58,4325.52,4721.61,4041.91,4613.94,5141.9,5486.53,5648.15,5221.61,5075.63,5366.07,6040.3,6456.26,6238.88,6087.59,5158.49,4105.81,4674.68,4762.46,4498.41,5290.96,5810.69,6091.83,6259.98,5186.77,5323.81,6172.69,6275.69,6625.71,6209.46,5606.64,5675.87,6037.64,6098.25,6688.27,6476.48,5312.13,5111.79,5714.15,6452.43,7340.29,7880.08,8671.54,9403.77,9489.54,9807.0,8814.31,8519.62,8359.65,8143.73,7390.29,7912.73,7357.32,6520.68,6426.49,5669.26
GB0007668071,CLOSE BROTHERS GROUP,GB,EUR,111182.84,117201.88,109082.82,100296.19,99170.93,98334.2,99340.86,106640.03,109571.91,103398.44,111883.36,118719.11,131848.78,138052.95,142430.91,150094.25,140620.92,129730.16,124273.13,133858.99,146769.11,145626.72,152281.85,156519.85,156077.77,159580.17,158202.69,155734.77,148843.36,137549.56,131787.72,123908.81,131888.15,135033.78,156801.7,160058.64,138816.69,110952.06,106137.05,119650.93,98349.8,95254.56,102441.35,99534.32,85699.1,78434.17,66481.92,69010.73,64916.19,63694.96,71516.12,86599.93,98586.3,100530.27,106515.99,115768.15,118286.12,111234.76,108146.23,106958.92,106518.83,98570.46,114817.7,109205.89,101604.67,101261.44,102787.1,99895.06,113504.57,124621.74,124773.65,134692.38,137069.81,137215.84,139030.99,138762.26,134904.58,127218.24,125357.11,121086.17,105693.47,121845.35,110695.41,102434.46,113331.48,125347.45,135830.2,129695.77,115013.22,126460.0,126326.9,134084.98,145761.29,152424.53,154766.28,156881.96,175268.74,177228.34,181147.36,183380.22,170551.39,168812.95,179657.54,181910.1,214676.35,235798.14,256188.02,263646.53,252837.76,285043.53,276337.54,276713.24,261291.36,256518.87,251898.46,263774.34,272328.52,281651.74,285682.29,280129.28
GB0007669376,ST.JAMES'S PLACE ORD,GB,EUR,566.85,630.18,630.18,555.71,545.8,563.01,583.56,615.34,624.64,598.39,602.09,629.65,722.41,766.92,783.48,908.62,846.53,836.06,842.04,880.86,922.52,1014.49,1098.0,1163.55,1177.91,1252.52,1246.07,1287.45,1199.52,1208.16,1274.5,1105.21,1090.37,1141.19,886.46,777.88,719.86,749.87,735.88,747.46,735.93,623.77,594.68,586.8,552.25,426.1,435.61,368.8,394.74,390.26,349.7,365.31,388.71,475.77,439.59,553.73,615.11,633.95,582.5,586.05,593.35,574.51,589.11,605.4,537.63,473.3,644.4,589.79,685.9,663.97,552.49,624.81,728.95,745.1,815.96,900.83,859.89,830.67,924.26,887.92,742.06,877.73,823.14,774.68,848.43,905.48,878.29,835.51,747.6,816.28,839.08,870.14,933.99,1007.72,1008.27,1079.5,1156.82,1164.73,1215.36,1376.23,1421.66,1307.23,1495.41,1481.25,1606.85,1752.27,1691.42,1945.37,2041.7,2365.86,2219.09,2123.38,2143.54,2127.83,2003.13,1968.46,1956.36,1970.33,2055.56,2099.48
GB0007908733,SSE,GB,EUR,1375.73,1405.1,1385.04,1488.86,1487.45,1509.83,1433.23,1520.2,1560.52,1487.18,1455.18,1492.27,1628.74,1745.6,1703.37,1773.94,1834.42,1846.79,1959.83,2041.59,2194.72,2234.09,2551.39,2711.27,2610.41,2536.42,2722.21,2707.2,2713.39,2618.42,2651.96,2650.28,2852.52,2995.14,3029.36,3021.31,2814.74,2754.53,2616.16,2584.73,2727.27,2617.78,2603.75,2548.55,2456.14,1894.11,1634.33,1689.61,1663.62,1608.04,1560.78,1612.08,1844.57,1841.77,1801.98,1867.58,1921.13,1821.32,1877.17,1919.9,1919.87,1779.57,1741.5,1731.75,1593.85,1745.71,1888.94,1915.62,1917.79,2006.7,1898.73,2087.8,2059.29,2235.45,2242.2,2512.59,2515.97,2480.77,2474.22,2441.1,2326.5,2501.79,2385.18,2313.8,2269.35,2423.1,2496.83,2522.34,2394.39,2565.39,2523.86,2665.75,2757.68,2861.96,2801.82,2827.81,2810.41,2741.95,2814.94,3027.22,2943.16,2885.59,3094.57,3133.48,3093.55,2948.34,2817.11,2940.71,2838.76,3107.34,3236.63,3403.14,3449.29,3540.98,3382.64,3466.75,3448.74,3517.83,3531.8,3477.87
GB0007958233,SENIOR,GB,EUR,26211.87,27945.06,26260.51,25996.7,23221.19,26383.92,29537.63,31312.98,33320.27,31036.29,29367.93,32709.58,35856.23,37853.23,38186.57,38997.45,37912.28,34600.81,37978.69,38226.5,35623.06,41287.75,42343.95,43489.9,50291.61,47970.48,54989.77,61624.03,60731.36,69387.02,65256.11,80612.11,83760.08,95997.65,80974.98,83160.69,66476.95,69869.38,70514.8,78138.24,79390.67,70450.2,74940.31,72617.11,54588.38,33983.96,19167.09,20600.25,15625.05,12829.56,14481.36,20163.73,22409.8,24316.87,25759.25,35075.31,38124.39,39554.04,38576.39,47449.17,52733.38,46820.26,65608.61,70595.21,68686.87,73165.62,79390.94,69661.32,87025.18,84775.98,83077.06,94492.84,94811.25,97644.18,97385.9,102069.8,103625.46,118552.02,124147.74,104495.22,91431.9,109614.2,112922.1,108718.46,116204.12,127827.59,130662.27,141499.23,128096.76,121893.56,125010.6,129888.46,136667.14,130811.39,132670.45,135375.88,133363.53,153526.7,151043.05,165598.07,175794.63,160482.48,170215.3,176620.47,185035.17,203252.95,201943.0,216148.18,208473.45,204752.2,217783.08,207595.09,213722.06,208301.33,191586.5,204248.62,187034.8,185252.4,187846.47,204647.26
GB0007973794,SERCO GROUP,GB,EUR,8356.0,8548.59,8281.81,8165.16,8241.4,8201.78,7700.63,8665.38,8170.31,8454.51,9167.72,9713.62,10064.51,10949.37,9899.64,11065.51,10671.64,10723.54,11146.36,12131.36,12747.38,12305.0,12985.74,13587.3,14745.17,15199.16,16489.9,18065.47,17200.15,16547.38,16341.51,15566.52,15498.26,17163.84,17912.08,16866.7,15168.4,15897.69,16642.13,16117.95,16283.12,16443.98,15024.14,14481.68,11932.57,11055.97,11281.11,11994.62,11727.23,10221.65,9799.77,10172.57,12140.27,12991.1,12504.56,14267.18,15157.31,15637.15,15937.95,16061.83,15035.86,15813.7,17238.55,18234.15,16786.54,16634.4,16391.03,16913.67,18392.88,18630.99,16034.64,16506.4,16750.19,16808.36,17122.26,18056.04,18180.23,16979.94,16968.43,16067.8,15297.68,16129.99,14842.92,14170.18,15420.65,17054.47,16863.23,17138.7,15720.72,16355.65,17572.96,17382.05,18307.28,17839.64,17135.75,16998.78,17184.27,16927.39,18833.56,19042.56,18354.56,18496.83,18803.79,16753.7,17605.55,17801.99,14842.97,16447.73,14290.35,15352.19,14196.22,11615.46,12607.1,12640.42,12351.34,10426.58,9474.13,9728.75,5607.72,5118.36
GB0007980591,BP,GB,EUR,72746.8,80463.06,77058.09,75826.94,75281.25,78069.07,83082.97,85878.41,90019.02,83457.15,83554.81,80934.45,91507.24,84710.63,88031.4,94412.05,90498.36,90233.6,93182.17,88624.25,84844.13,86778.02,88887.59,87438.71,82364.69,81347.03,86092.4,89929.19,89607.69,97086.1,94171.47,91092.63,93659.78,105174.72,99107.63,100013.69,86402.91,89814.52,84149.69,100069.69,100451.53,97042.66,86365.24,81709.98,70072.42,69439.71,69732.55,65245.02,61506.29,56254.12,59504.06,62950.54,73913.64,70581.47,73937.83,79077.96,80663.72,86036.49,87256.7,89656.42,87022.82,82758.71,88829.03,82747.03,67532.32,44817.37,59720.48,54947.22,63324.73,63948.61,62312.63,68468.75,72951.36,76271.58,68983.09,73132.2,73770.75,70465.29,72416.73,63334.08,58493.44,71917.72,70731.2,69852.29,72522.96,77577.26,72888.12,71268.11,60709.71,66103.11,66518.68,70798.59,71186.6,72127.69,70759.8,70637.92,75701.27,70125.28,72383.33,75240.95,75330.02,72462.9,72320.46,73377.74,74561.49,82443.72,84940.7,86962.52,84513.53,92004.89,87099.66,91746.44,92895.18,96935.4,89969.73,89179.88,81956.52,80086.02,74438.93,72493.0
GB0008025412,SIG,GB,EUR,2383.61,2363.03,2465.26,2215.06,2230.11,2410.7,2463.4,2575.82,2763.29,2582.39,2654.18,2688.49,3107.48,3411.24,3343.36,3574.87,3428.25,3537.12,3765.35,3858.87,3982.31,4161.99,4154.85,4407.82,4977.62,4814.34,5437.97,5646.51,6210.52,5891.1,5903.66,5708.45,4684.79,4906.56,3960.78,3315.56,3720.98,3698.85,3894.97,3397.33,3322.25,2440.05,1998.32,2259.16,1566.37,925.27,632.46,607.93,408.96,435.55,431.92,682.54,541.46,464.36,579.27,656.7,633.41,562.94,507.71,519.52,527.01,500.7,494.54,579.41,494.54,436.66,454.85,410.86,434.15,520.78,496.55,578.28,670.22,605.42,641.74,669.2,718.95,628.92,603.94,485.98,415.11,448.77,380.15,377.88,455.19,538.24,542.96,494.96,382.84,445.86,432.51,457.35,469.47,500.15,536.51,583.2,620.54,627.43,713.18,748.08,803.72,770.8,827.36,812.15,903.2,999.86,1063.48,1058.78,974.14,1070.8,1012.86,989.14,1010.8,986.45,864.53,948.47,826.17,723.16,788.14,839.12
GB0008085614,MORGAN SINDALL GROUP,GB,EUR,85276.79,98153.87,100941.08,107179.04,107979.04,107106.98,109403.64,120336.69,119343.32,110062.79,125606.97,125902.95,152714.53,162424.11,173123.87,172124.96,161177.5,169075.51,159914.63,166583.21,174283.07,190715.53,196536.65,209594.08,196203.84,192172.4,198181.37,216116.84,216033.6,247699.65,277989.15,292449.28,262664.55,280998.67,204617.72,170380.9,148131.09,178618.44,162092.74,169083.99,149232.8,125954.28,91177.36,93262.22,68220.58,69718.59,65548.44,67249.2,68367.1,67653.23,70506.89,82143.37,96088.61,102741.72,92651.09,105134.72,97589.71,85443.47,78361.71,88971.06,79088.79,77586.7,80092.18,83858.13,76715.64,74500.72,82917.52,90897.9,103640.56,106497.35,96266.06,109166.8,107644.27,105849.04,100194.52,120034.0,109515.92,104995.22,112020.34,106397.24,89972.51,93989.73,94485.7,97211.4,110434.87,113728.71,114171.1,119183.07,111017.3,102767.67,115599.72,109581.11,120589.8,119496.79,93086.37,93957.9,101153.83,91911.26,94495.5,100347.52,99159.59,106359.24,116962.45,120678.49,142130.71,148903.79,146930.45,146334.14,153473.04,148556.13,149052.96,159561.96,162703.6,174113.21,160947.35,166341.08,158605.22,133383.27,123838.01,116979.6
GB0008220112,SMITH (DS) DEAD - DELIST.04/02/25,GB,EUR,14664.6,15575.32,14722.49,14219.29,13884.53,12945.85,13891.59,15089.5,13730.37,12399.44,13407.81,14623.45,16690.1,16222.01,16292.99,14117.62,14850.8,14437.57,14355.56,16182.63,15588.02,17827.95,19106.42,20786.66,22046.23,21938.27,24081.84,26145.8,27136.89,25542.67,27180.08,25738.67,21435.19,27034.77,24268.33,23466.63,17875.18,18113.81,17813.76,14802.34,15194.25,12907.98,12479.27,14077.73,11531.57,6466.34,5240.6,6554.34,7254.13,6153.63,4451.93,7156.74,7312.43,6803.01,7723.82,9406.89,10896.6,12235.22,11629.12,12981.16,11240.48,11384.73,13159.34,13318.03,10846.67,11650.2,14432.78,13713.53,15503.02,17698.09,19095.47,20846.85,21496.77,21515.4,21203.88,24048.34,23085.62,26796.99,25707.43,22925.71,18580.57,23419.16,21459.31,21167.67,24631.13,26863.07,28575.3,27209.74,22009.5,23086.33,23484.46,25615.64,29976.75,35066.43,35357.63,33921.94,35835.23,37375.12,33887.21,37474.59,37943.78,38725.81,40586.77,41157.23,48133.51,51167.61,52669.19,57873.87,56821.2,62245.12,56938.74,56542.87,56613.57,50312.66,47058.22,50139.01,45893.1,46209.17,49214.5,54785.64
GB0008706128,LLOYDS BANKING GROUP,GB,EUR,441.29,444.66,446.95,422.93,408.55,419.54,419.93,415.0,418.05,413.84,411.97,424.36,458.22,490.71,504.94,512.79,498.24,519.83,532.15,535.53,544.05,576.09,573.98,603.84,614.49,607.29,618.82,654.62,640.82,628.49,638.83,631.62,635.05,651.1,584.79,539.84,499.73,518.32,544.73,520.56,461.17,375.83,355.43,348.9,254.25,201.27,162.34,114.08,82.35,52.33,63.82,104.52,92.69,97.35,119.12,153.39,140.2,121.27,114.9,103.92,104.15,101.46,120.88,128.5,104.44,101.99,137.7,135.58,148.27,139.92,119.43,130.58,128.47,127.94,118.21,125.46,108.65,99.87,90.34,69.44,68.95,66.58,49.57,51.11,61.34,70.85,68.16,63.93,49.59,61.92,60.38,67.17,79.6,82.98,94.6,98.88,103.98,104.96,93.86,107.35,119.54,121.61,131.78,142.47,151.27,158.13,160.95,165.85,173.79,175.58,157.99,161.54,165.79,161.17,159.14,160.8,158.2,156.65,159.74,150.08
GB0008782301,TAYLOR WIMPEY,GB,EUR,19744.11,21108.53,21127.08,19975.8,21093.28,22700.13,22412.29,21563.48,21805.56,21062.7,22364.56,24831.15,26349.52,27693.42,26638.11,26463.32,24534.19,24104.68,25079.5,25458.21,26216.79,27447.48,30389.83,33005.05,31518.52,31536.97,37983.91,38492.15,36522.27,29209.98,27082.92,28266.84,23155.83,21191.61,17415.89,16676.07,14691.82,14110.37,15359.87,10510.23,7601.04,5583.42,3518.24,4477.5,2843.15,731.13,763.78,878.29,1027.49,1193.21,1345.84,3017.35,3076.14,3288.83,3854.36,5071.63,4015.82,3637.71,3473.01,3744.76,3698.7,3230.88,3404.59,3701.89,2964.83,2350.98,2474.05,2369.28,2663.16,2125.4,2210.49,2940.94,3311.44,3833.83,3881.53,3868.89,3614.75,3615.78,3458.2,3221.59,3250.29,3555.39,3645.38,3474.18,3988.68,4731.94,4905.22,4901.35,3943.07,4501.44,4155.07,4907.63,5286.28,5934.47,5893.87,6448.29,6800.78,7421.81,8321.4,8768.77,9106.57,8797.78,9781.31,9334.71,9870.52,10748.33,10580.85,11211.22,11194.42,12717.37,11922.63,10818.49,11073.93,12052.23,11618.48,11792.16,11330.17,11736.41,13021.55,13312.81
GB0008794710,TELECOM PLUS,GB,EUR,2674.11,2686.39,2017.37,2370.73,2334.94,1704.8,1591.56,1641.76,1401.29,1600.29,1413.95,1364.88,1593.62,1495.45,1458.2,1244.39,1110.31,1252.62,1389.39,1556.78,1609.25,1609.11,1612.81,2232.62,2342.36,2445.09,2320.61,2519.11,2266.28,2509.25,2199.87,2255.28,2265.39,2014.72,2340.28,2326.96,2505.82,2943.52,3185.57,3780.57,4115.2,3648.19,4464.84,3980.38,3872.4,3241.84,3588.51,2908.12,3030.47,3109.16,2870.79,2889.47,2955.23,3129.67,3214.64,3283.97,3498.52,3466.37,3250.11,3407.06,3406.34,3247.07,3203.09,3383.97,3250.8,3593.82,4215.34,4187.75,4508.72,4598.11,4708.59,5349.52,5472.86,5740.64,5495.02,6112.39,6958.78,8017.27,8680.19,8547.74,8607.68,9178.55,9787.44,9321.36,8271.17,7604.36,8578.99,8612.03,8867.44,10368.87,9913.41,10483.43,10817.75,10837.25,11261.68,12068.42,12331.3,12129.33,12206.5,15248.87,16132.45,15200.96,16280.88,16964.83,16691.96,20183.35,25274.83,24086.0,25695.73,25307.32,24504.77,21475.86,21057.77,18782.57,19558.54,20166.75,18037.51,18827.22,16159.63,16657.02
GB0009123323,ULTRA ELECTRONICS DEAD - DELIST.02/08/22,GB,EUR,679.28,680.08,658.22,696.8,707.19,704.26,750.18,737.49,813.16,765.0,773.28,836.31,864.08,867.73,911.42,983.75,968.23,888.16,934.54,968.63,979.65,1064.97,1060.08,1061.59,1114.47,1171.54,1218.5,1229.63,1244.17,1095.09,1136.77,1201.62,1144.5,1318.64,1238.46,1387.71,1118.79,1210.24,1302.92,1310.46,1238.65,1217.79,1327.96,1302.75,1159.04,917.23,907.51,840.67,864.56,812.09,806.29,925.59,930.3,941.45,991.21,1083.66,1131.04,1149.14,1076.43,1173.58,1076.46,1066.97,1203.42,1271.98,1223.77,1232.84,1355.18,1383.91,1448.69,1605.26,1361.15,1432.6,1542.55,1506.71,1489.22,1576.9,1522.78,1507.27,1412.69,1339.39,1293.47,1417.69,1253.0,1267.25,1333.79,1485.91,1541.73,1532.67,1435.48,1395.11,1290.02,1378.42,1406.84,1541.02,1476.85,1528.21,1473.54,1451.11,1475.61,1475.56,1531.43,1492.82,1581.91,1659.99,1769.64,1797.48,1735.06,1847.28,1861.52,1866.23,1726.34,1685.26,1826.09,1876.57,1762.51,1757.19,1701.84,1654.82,1623.57,1663.66
GB0009223206,SMITH & NEPHEW,GB,EUR,95905.1,100937.35,92102.75,101193.58,97643.39,97355.95,93890.5,94318.74,83008.59,83790.29,88072.59,91032.76,98206.09,88093.34,87768.56,82183.26,81437.32,76802.75,85812.89,86335.69,91487.87,97833.45,94893.16,104459.79,112264.51,116373.23,126877.73,126441.06,123472.75,125034.1,120600.53,118593.44,122556.03,136337.63,120817.92,116664.53,137002.14,131758.24,133854.84,131824.65,108742.37,112037.94,108900.38,122791.49,107046.97,93932.14,75722.99,64414.09,73429.07,72487.07,63265.05,73617.03,74860.9,76538.37,81506.28,88300.09,92686.12,92686.53,98681.19,107434.5,105522.74,106668.85,103600.7,109041.25,95503.01,99751.96,91110.06,87395.75,95972.95,92722.08,95829.38,111886.83,117427.75,122249.0,119039.61,116900.96,118780.35,113804.11,112160.07,108564.43,96643.83,98863.32,98106.72,104365.04,104194.48,105989.96,108668.65,106888.6,101229.75,108519.0,111125.52,114981.11,119787.64,115598.05,115434.25,120997.63,126179.36,117564.68,126419.58,127056.08,130000.93,123899.49,132187.09,128945.51,138768.53,143536.84,149743.59,159855.14,161383.07,178748.04,169877.54,176090.44,198987.28,201485.44,196456.72,196452.96,191216.96,193109.86,198508.33,211535.15
GB0009292243,VICTREX,GB,EUR,569.63,591.76,601.28,600.56,596.05,657.6,681.88,705.42,800.93,783.37,836.42,864.88,1048.68,970.01,981.34,1001.92,949.12,1096.27,1069.28,1114.27,1138.09,1057.06,1076.58,1210.52,1158.24,1155.81,1187.35,1190.38,1231.44,1128.82,1117.75,1108.71,1055.87,1217.7,1105.17,1125.43,1034.98,1185.27,1193.79,1127.84,1239.95,1196.93,1293.44,1196.1,1026.09,745.4,636.86,556.21,499.12,567.12,602.63,658.56,747.37,773.55,902.62,962.2,1019.68,1047.48,1085.35,1092.26,1091.87,1125.22,1134.69,1313.37,1301.01,1398.43,1632.46,1412.93,1717.97,1763.54,1591.41,1983.81,1970.7,1909.26,1945.01,2208.27,2232.4,2176.36,2164.41,1911.5,1538.78,1852.58,1668.73,1539.33,1821.19,1950.01,1985.68,2170.6,1973.78,1847.26,1842.42,1975.2,1978.17,2127.34,2284.06,2438.63,2253.67,2324.38,2379.62,2358.28,2436.05,2225.01,2175.08,2304.59,2457.22,2518.71,2522.87,2890.82,2782.59,3098.06,3238.34,3038.28,2927.3,2831.89,2635.2,2808.75,2533.54,2637.25,2747.65,3159.05
GB0009465807,WEIR GROUP,GB,EUR,21516.44,22119.12,21128.53,20567.97,20215.62,20765.74,21691.28,23223.24,24302.39,22182.57,23516.27,23532.84,27678.51,27827.02,27483.14,30116.38,30462.33,29629.27,28528.1,31597.89,33223.98,36354.64,38356.25,38965.87,41671.07,40625.1,44497.4,48353.33,50844.32,55525.69,57084.34,63086.31,63682.6,70212.28,61308.25,61401.73,56246.13,58743.52,57633.04,63721.82,68931.27,72188.43,68367.51,65207.69,42011.68,21856.0,20486.71,17399.56,18798.13,19308.3,23151.74,28883.12,33278.71,30577.99,36412.31,42411.84,43547.76,46766.78,45431.93,46894.72,50327.19,48122.69,57403.5,61331.13,55583.82,63888.3,75648.34,76389.71,92339.62,102980.67,112028.69,115214.81,104892.38,115254.75,114712.55,132672.78,137286.89,142769.03,145631.68,131249.5,100886.49,130150.79,136138.98,132691.89,129631.06,141360.29,118426.61,116335.45,101388.57,102381.87,110629.73,110660.5,121804.02,120277.74,129816.03,130900.58,134809.95,152490.51,147269.6,147014.66,153567.66,141765.17,141572.58,146201.27,163960.51,158029.37,153048.87,154026.9,150112.4,187648.37,184419.77,200575.15,194059.85,197744.4,191375.47,193972.84,179110.53,162337.55,130578.68,128279.2
GB0009633180,DECHRA PHARMACEUTICALS DEAD - DELIST.17/01/24,GB,EUR,290.53,314.97,329.9,320.94,322.17,330.93,338.12,366.6,399.21,384.73,385.26,399.7,365.82,403.08,357.37,390.7,385.54,395.9,402.98,419.89,421.09,421.01,419.93,467.99,566.63,564.64,570.91,651.17,651.33,638.61,656.08,627.25,649.41,735.49,639.42,688.39,641.56,724.01,692.22,733.53,868.45,793.79,801.39,717.1,691.9,603.41,532.09,509.64,589.5,582.47,581.41,582.0,638.44,675.21,700.24,678.58,664.51,734.64,728.5,782.01,756.11,681.8,624.17,698.13,600.02,571.11,644.42,645.36,734.35,840.18,787.36,786.83,821.07,829.67,819.43,810.44,816.42,797.55,780.98,735.53,774.66,800.62,847.65,829.58,853.73,895.44,809.95,857.06,836.12,871.77,877.66,894.28,1075.75,1136.81,1084.51,1133.91,1140.9,1233.16,1327.74,1303.73,1209.83,1220.93,1208.02,1232.61,1356.5,1293.3,1320.78,1376.6,1364.02,1392.89,1326.64,1387.92,1388.7,1473.66,1395.76,1434.31,1463.84,1444.61,1506.49,1576.27
GB0009697037,BABCOCK INTERNATIONAL,GB,EUR,188.57,197.19,194.8,185.66,187.26,210.21,223.59,232.51,222.49,233.52,266.86,282.04,311.81,307.23,391.21,411.88,408.47,432.2,456.08,474.21,467.36,513.45,564.83,566.13,580.33,561.58,566.29,637.31,785.29,782.03,767.75,804.75,757.87,888.66,884.84,822.26,811.71,828.25,833.38,859.53,904.76,896.55,891.12,815.09,661.36,464.65,547.66,511.09,546.81,485.32,461.45,485.1,558.72,593.75,598.44,616.12,697.21,766.6,783.36,743.98,695.51,619.6,706.47,692.17,644.12,705.65,685.46,613.79,709.63,732.62,640.41,713.08,737.18,727.82,793.99,852.13,905.22,911.76,900.76,832.56,835.19,925.12,927.04,937.59,944.28,986.68,1043.87,1106.88,1073.13,1098.06,1124.87,1244.61,1251.83,1317.64,1335.56,1320.87,1385.07,1370.81,1390.43,1401.6,1480.15,1407.98,1526.85,1508.87,1660.09,1755.75,1839.26,1934.03,1968.65,2124.44,1935.26,1970.58,1990.3,1941.96,1837.49,1845.36,1754.76,1736.46,1764.97,1643.55
GB0009895292,ASTRAZENECA,GB,EUR,813.3,869.43,868.12,959.47,937.26,912.31,991.87,1010.34,1035.04,995.62,1025.08,1078.36,1074.2,1045.1,1139.24,1247.34,1196.85,1367.25,1382.3,1478.16,1423.44,1348.89,1324.72,1226.01,1269.07,1308.45,1250.07,1277.41,1238.62,1254.9,1212.23,1161.33,1174.94,1160.83,1118.48,1014.38,980.29,916.84,911.7,1026.18,1060.97,1037.93,1190.34,1209.21,1079.46,1046.12,923.6,993.52,947.99,818.01,898.88,904.24,1060.36,1125.26,1188.98,1199.26,1161.93,1171.05,1155.27,1217.75,1208.99,1180.57,1198.94,1189.23,1133.75,1275.04,1363.76,1352.37,1388.96,1363.91,1271.66,1247.07,1323.2,1379.85,1299.5,1412.18,1480.94,1412.91,1381.88,1371.35,1288.65,1390.15,1333.72,1333.55,1390.29,1349.03,1335.59,1318.58,1212.07,1346.01,1407.51,1429.72,1462.69,1421.02,1457.34,1449.71,1483.73,1451.55,1599.39,1660.73,1639.75,1508.22,1614.05,1597.34,1691.93,1727.37,1870.03,1923.63,2060.42,2287.24,2159.76,2631.86,2401.12,2480.21,2451.21,2568.01,2437.89,2461.11,2534.52,2404.99
GB0030232317,PAGEGROUP,GB,EUR,223.19,229.97,226.82,226.9,215.94,227.56,260.81,281.4,274.82,258.23,279.74,292.71,299.4,344.21,373.52,439.62,471.64,413.12,392.34,418.51,460.32,493.52,514.03,566.91,598.64,603.12,672.71,738.43,728.06,680.2,717.1,624.3,545.14,590.21,435.8,371.87,331.41,362.26,389.67,370.96,373.44,307.37,338.66,442.88,274.5,215.43,219.68,205.84,210.01,205.01,175.59,272.65,281.13,266.42,339.69,376.93,366.61,363.73,376.86,419.17,424.72,387.04,415.67,448.38,373.75,386.82,421.11,422.85,507.06,526.07,518.42,606.79,600.08,584.37,575.35,642.94,620.78,606.64,581.43,448.51,409.46,462.22,430.78,386.33,437.61,516.42,546.58,480.98,396.94,424.84,417.13,417.0,420.07,424.51,417.49,469.44,472.01,476.44,468.27,423.99,433.9,418.51,503.46,532.57,597.06,583.08,582.71,605.31,547.96,636.32,612.79,591.57,585.7,561.0,549.43,576.12,520.53,476.75,495.15,492.64
GB0030913577,BT GROUP,GB,EUR,1151.81,1178.82,1140.07,1120.08,1141.09,1210.39,1175.96,1171.3,1188.21,1139.5,1116.46,1178.0,1125.14,1109.96,1186.21,1227.64,1350.34,1363.13,1367.4,1491.4,1592.32,1688.01,1778.47,1907.64,1936.35,1873.74,1926.0,2044.62,2107.11,2156.66,2069.33,2126.45,2088.33,2261.11,1968.58,1848.08,1752.62,1537.01,1469.73,1501.67,1493.33,1354.16,1172.56,1137.68,1038.92,672.85,750.59,732.16,569.64,486.94,422.19,524.65,530.85,629.61,790.86,856.53,789.51,821.84,873.69,841.67,851.27,675.35,725.61,748.74,712.41,751.48,859.8,816.75,880.17,980.41,1056.27,1144.03,1136.1,1197.7,1202.38,1319.9,1335.75,1307.43,1333.47,1162.79,1126.75,1264.26,1244.36,1252.47,1355.71,1449.94,1527.1,1445.11,1340.49,1399.78,1437.33,1496.62,1613.15,1482.44,1620.44,1647.23,1728.3,1781.85,1851.02,1885.0,2008.37,2056.39,2264.91,2250.2,2479.5,2708.47,2730.0,2835.33,2842.33,3098.75,2854.74,2807.58,3004.65,2969.52,2959.51,2958.99,2833.2,2706.85,2957.53,2909.96
GB0031274896,MARKS & SPENCER GROUP,GB,EUR,20223.79,20047.82,19419.44,19089.14,18270.23,19623.99,19141.61,19485.94,20133.95,22445.32,24279.01,26617.47,26520.25,27878.23,29636.06,32674.25,31725.49,33897.61,34772.13,35188.28,37471.69,39093.76,42326.72,44210.12,41687.38,41675.7,41802.41,46749.8,44296.83,40365.79,41143.25,40387.21,40173.62,43391.48,38928.72,36169.84,28640.06,25994.92,24973.13,24452.04,25274.4,22003.29,17234.14,16098.85,12088.12,11909.25,12069.08,10757.46,11603.27,12961.5,14782.15,17488.89,16457.02,18140.97,20634.42,19936.22,20847.65,20323.33,23139.84,23719.67,20421.98,18362.21,20512.87,20497.47,18777.43,18633.49,20246.02,19966.61,22956.31,25649.91,22132.92,22035.9,21780.3,21490.25,20586.03,24684.5,25043.23,22749.23,22281.77,20569.72,19215.52,20371.98,20751.02,19312.03,20605.9,23169.82,24195.63,23163.44,21043.43,21029.91,21570.14,23446.05,23769.87,26173.87,26248.97,26057.5,25242.62,23633.26,24831.71,26666.19,30621.28,28018.27,31309.52,31296.43,34492.72,34695.57,34649.13,31120.65,33614.1,36649.75,32694.05,32350.97,33523.27,32347.02,32314.91,31765.43,29183.13,28949.19,34498.19,33666.35
GB0031348658,BARCLAYS,GB,EUR,84470.04,85986.23,80790.28,81054.45,75114.82,78690.64,77501.07,79887.54,81421.34,79625.82,82072.5,84251.87,85798.31,94033.12,96314.33,102651.99,95345.11,93703.2,96667.84,104778.4,105476.67,113048.64,112143.69,119695.62,121350.78,121496.46,121856.21,125368.3,123067.35,120329.82,122396.46,108569.49,106444.69,110083.75,101563.98,88021.98,81976.78,83291.54,82963.42,83312.08,68287.85,54891.19,63351.59,63144.94,57075.73,28348.83,25492.76,21630.15,15001.73,13056.27,20804.86,40908.98,47049.07,45707.91,49151.21,60779.13,58035.84,52054.25,47201.43,43848.84,42651.62,47031.87,54029.94,51183.14,43956.69,40136.57,51681.47,46231.95,46963.21,43672.64,39826.86,40898.85,46975.15,52346.32,44765.85,47378.34,45979.12,41573.16,36962.31,28244.89,25535.18,32025.13,28968.37,27956.97,34273.4,40493.15,38889.0,36668.11,28206.51,26550.63,27361.44,30424.71,36265.23,38311.3,41385.44,44773.88,50094.82,49453.23,46915.5,47245.67,51735.52,44972.55,46478.89,46840.63,49739.71,48993.44,51689.63,52312.07,52012.75,49738.98,45810.42,50135.79,48970.44,43007.39,45039.61,44261.79,43783.89,45744.73,45780.07,45274.52
GB0031638363,INTERTEK GROUP,GB,EUR,356.67,348.2,378.63,375.52,356.69,328.93,328.15,354.73,316.09,329.71,324.06,314.51,352.0,345.22,374.99,393.91,344.1,344.28,324.95,349.52,387.44,417.4,406.11,436.26,448.88,452.03,475.48,499.79,488.64,533.87,544.28,535.62,521.73,581.3,506.03,535.91,473.31,486.31,557.77,524.05,549.77,541.14,552.25,494.19,408.87,325.5,321.81,313.11,341.81,328.03,352.57,420.26,469.44,483.21,484.57,554.32,570.96,581.96,540.85,573.8,548.96,552.59,626.18,645.29,584.97,618.84,707.95,741.89,826.62,850.14,813.84,800.59,801.51,845.29,939.26,1021.08,970.15,921.04,914.04,955.9,840.25,964.48,884.74,924.66,974.44,1081.23,1172.99,1194.05,1190.27,1236.04,1263.39,1318.71,1304.95,1345.64,1467.31,1492.56,1460.48,1501.75,1526.54,1525.49,1456.72,1324.94,1370.58,1480.3,1599.53,1607.2,1493.58,1565.37,1397.35,1479.74,1537.63,1473.21,1485.24,1426.33,1313.58,1411.58,1289.37,1329.5,1116.38,1111.06
GB0031743007,BURBERRY GROUP,GB,EUR,337.89,340.67,346.56,307.3,334.26,324.32,337.32,344.79,345.95,307.31,327.42,333.97,348.79,365.59,366.06,390.22,372.34,362.12,408.97,419.73,444.48,491.65,546.07,582.58,597.05,573.26,593.26,643.81,626.27,638.47,609.14,576.77,626.95,598.39,553.76,530.98,406.98,394.8,421.86,451.41,465.55,424.76,429.41,393.85,334.31,213.69,151.65,155.64,178.07,178.83,197.15,293.7,301.11,340.08,379.94,392.59,401.19,442.64,466.03,481.91,493.85,477.2,543.13,516.61,502.76,570.92,669.57,663.72,832.63,827.73,788.07,897.99,877.82,995.13,960.28,1102.2,1107.82,1187.88,1264.36,1155.93,942.88,1115.93,1029.81,955.05,1098.25,1169.75,1240.4,1250.55,1091.14,1077.75,1032.68,1129.53,849.59,987.33,1084.11,1054.16,1138.05,1104.85,1067.46,1099.9,1165.26,1083.88,1245.77,1274.45,1421.15,1324.49,1343.38,1356.66,1285.79,1395.35,1256.59,1354.83,1389.35,1370.08,1310.36,1295.36,1344.56,1344.46,1418.35,1408.42
GB0032089863,NEXT,GB,EUR,169671.42,169925.63,172258.52,161641.5,153184.97,157873.95,161748.22,158306.2,143736.0,137836.59,141285.58,155352.07,181582.02,170346.65,168722.23,172733.65,182545.52,181200.92,191433.46,190350.69,212607.09,215248.24,211918.0,213220.67,231374.03,242208.35,266979.01,284323.7,268395.63,247581.4,237023.04,239238.12,245775.55,281734.45,222033.17,200624.33,173096.4,159127.52,140489.74,140858.93,146393.62,123535.51,121058.9,123904.33,116291.98,109036.72,110750.53,101242.39,110536.22,108539.81,123621.39,157819.39,156731.98,161605.87,188821.16,178549.87,191453.39,197649.29,218633.08,226785.27,212396.9,192452.66,221313.49,236838.5,208483.73,207447.19,232394.04,210028.28,241011.61,252143.3,218646.67,215984.64,221188.28,224492.47,221689.77,260621.31,267279.13,267019.19,278886.36,274887.84,282161.66,295130.43,304794.52,307461.21,298739.69,319963.5,344507.59,343797.03,336989.91,369892.75,371813.58,418613.44,410703.87,423527.13,436286.32,448308.66,478407.22,473954.28,492966.62,504476.98,520725.84,522515.02,571792.9,572204.13,631580.11,661196.45,684832.1,686770.89,787771.63,865638.49,843883.28,850723.25,860633.56,855508.7,903054.56,930962.99,846002.52,814663.07,838283.14,846406.15
GB0033195214,KINGFISHER,GB,EUR,8157.54,7960.16,7918.21,6804.52,6797.48,6399.07,6585.58,6557.88,5641.57,5540.7,5748.08,6013.22,6232.04,5901.37,6133.19,6221.03,6440.19,6702.57,6936.2,6820.93,7071.57,7750.29,7378.42,7205.34,7228.92,7608.17,8424.26,8618.26,7765.93,7186.72,6852.97,6650.87,5760.88,6610.39,5050.62,4674.5,4668.4,4206.02,4231.27,4355.33,4489.75,3700.86,3883.75,4032.1,3887.23,3095.28,3081.35,3261.66,3369.95,3029.93,3605.75,4634.01,4881.27,5010.47,6035.41,5904.02,5826.55,6362.05,6719.33,6383.27,5872.14,5649.93,5613.8,6605.28,5696.5,5537.91,5909.56,5508.46,6468.14,6719.34,6468.07,7288.38,7133.72,7312.93,6966.25,8091.82,8507.3,7722.81,7467.72,6932.56,6969.15,7602.34,7313.4,7087.91,7340.67,8259.16,8914.71,8581.77,8069.34,8380.42,7771.54,8138.29,7931.57,8771.2,8378.87,8684.8,8041.46,7907.49,8218.51,9164.44,10049.15,9977.49,11557.88,11422.22,11985.5,11731.43,11910.38,12324.64,11749.37,12771.96,13589.25,13655.9,12929.69,12212.67,10097.1,10034.76,10447.01,9730.78,9824.34,10675.2
GB0033986497,ITV,GB,EUR,25896.87,26270.73,28333.86,27468.44,24804.08,26205.38,25111.93,24905.02,23761.22,21882.97,22589.9,23237.96,23149.37,22862.09,24887.63,25549.36,24244.94,24415.29,22193.07,24586.52,22089.62,24594.15,27211.77,25802.85,26109.02,26625.58,26465.21,30179.09,29179.22,28813.77,26141.92,27825.99,26286.95,25888.74,22461.08,21694.22,18266.32,17008.08,16055.1,17169.61,15288.92,11684.88,11084.16,10733.01,9833.25,6313.81,7308.36,7667.6,5319.2,4732.99,3653.8,6361.77,8383.46,7733.23,8952.61,10655.4,9477.85,9454.19,11460.26,11341.94,12146.7,11029.64,12363.51,13810.41,10896.85,10106.45,10862.97,11547.08,12611.02,14639.82,13925.96,14714.37,16697.61,19028.71,16634.85,17018.49,15689.87,15400.74,15405.2,13380.3,12393.82,13870.38,13752.12,14302.14,15960.97,18540.85,19062.15,18353.89,15367.38,16454.74,16201.38,18121.02,19550.71,19273.63,21908.99,23636.86,25158.32,26059.5,27159.52,27085.33,28745.48,30730.99,36966.64,36824.01,41055.82,44611.61,45270.46,46737.12,46973.54,49215.93,46438.46,46273.16,45991.45,45878.52,53053.71,52813.12,50723.85,49242.61,50861.7,50877.29
GB00B012BV22,MARSHALLS,GB,EUR,51036.34,51025.62,47197.88,46432.78,44157.43,45883.64,43826.87,46462.52,44605.49,43877.97,45806.36,46411.95,48127.27,48103.37,51853.04,51187.27,51076.63,51079.72,52810.51,53252.6,54333.69,57133.48,62083.24,62698.0,64074.94,59951.7,61372.36,64246.37,66180.6,64433.92,62910.12,59414.4,54783.65,62881.28,55972.19,44993.15,46379.36,49905.4,47858.9,43326.42,37068.6,30040.58,30582.73,29953.2,26993.06,16212.56,11804.2,13316.77,10385.94,10194.81,14603.62,17117.82,17425.09,16500.87,18887.24,23804.72,23313.24,18657.35,18965.32,16503.11,16375.89,15015.58,16042.87,18689.29,16661.47,14890.7,17372.97,17996.22,21073.79,21590.88,20104.0,20554.54,22885.4,23595.76,22902.54,25451.37,23774.77,22190.79,23113.16,20770.66,19821.66,18278.43,19156.9,18519.85,19376.69,20614.05,20723.12,19939.07,16973.67,19211.25,17582.84,18422.46,19115.98,20189.65,22434.08,22129.77,24241.06,22864.58,26503.05,27654.38,29849.18,28706.85,33142.46,32765.3,41427.64,40400.28,41250.29,42187.37,41980.09,44624.16,42645.7,43254.11,40906.73,43398.55,40048.78,46196.0,48025.02,47455.45,53630.88,54385.8
GB00B012TP20,HALFORDS GROUP,GB,EUR,231.13,234.48,220.34,203.0,203.65,211.77,218.23,229.42,205.47,196.56,224.54,247.13,240.72,235.77,237.74,230.7,223.28,230.1,228.38,263.64,261.63,268.92,295.95,304.18,300.7,302.92,316.85,319.05,328.12,337.67,343.98,354.55,312.88,319.93,281.41,264.12,252.2,246.66,247.76,244.5,239.4,244.33,250.88,244.96,211.09,163.49,171.59,162.96,167.94,173.01,195.18,229.92,243.07,247.37,278.42,265.45,271.84,311.35,325.9,315.8,298.37,338.58,351.02,380.82,349.25,369.07,379.48,374.57,351.5,341.09,320.87,366.88,333.37,323.18,286.2,337.74,338.19,316.91,281.69,265.56,242.06,280.77,275.92,245.42,275.07,276.53,271.17,244.1,203.45,196.44,187.69,217.32,245.42,324.72,318.91,322.55,322.36,285.53,292.52,320.36,297.76,287.29,343.34,343.96,391.51,417.92,491.4,459.1,468.32,490.68,478.49,464.59,507.59,502.44,513.29,501.75,487.22,502.3,474.13,469.28
GB00B019KW72,SAINSBURY J,GB,EUR,16157.36,16642.32,16544.84,16288.98,16079.4,15786.18,15193.11,15728.84,15266.46,15249.06,15312.02,16833.18,16639.62,17443.8,17938.35,18896.69,18908.67,19596.98,20817.35,21479.85,22217.85,23667.02,25009.24,25522.6,27053.97,31926.11,34342.74,36514.4,35644.83,37870.87,37634.13,36086.16,37995.47,36695.36,29431.14,27537.72,25610.1,22988.58,22176.9,24708.75,22997.45,21149.51,20869.31,21180.02,20712.98,15241.88,14888.55,15967.5,16230.7,15191.28,15167.52,16556.89,17407.03,17934.86,18314.22,18469.36,18085.34,18920.45,18599.25,18392.71,18273.48,17709.58,17496.04,18231.28,17097.69,17469.61,19544.04,20385.35,22360.75,22605.83,20354.53,21648.11,22453.31,22710.6,19748.97,21346.55,21557.91,20041.8,18917.92,18506.05,16223.5,18296.29,18391.66,18107.22,17506.12,18329.65,19132.06,19232.22,17716.78,18887.51,20238.57,20789.82,22419.93,22824.88,22179.39,22739.41,21253.67,21277.95,23297.74,24044.05,23729.09,22533.48,24951.81,24877.4,26510.58,26502.59,28249.64,25590.79,23994.66,24304.54,22308.17,23995.52,25497.2,23693.25,23201.84,21174.77,17907.23,17250.36,16364.64,17222.06
GB00B01QGK86,NCC GROUP,GB,EUR,260.73,285.24,283.24,260.92,272.65,259.15,275.33,274.1,236.5,239.81,248.8,236.13,286.18,260.59,287.07,288.36,280.69,281.28,296.19,277.94,302.21,299.37,309.35,328.43,386.26,365.97,374.58,407.35,431.06,468.19,458.81,443.5,470.99,500.54,443.31,458.97,437.44,467.05,408.93,449.2,467.64,507.64,459.01,420.7,420.28,352.06,291.36,272.99,313.85,294.18,251.96,302.34,337.12,341.19,357.52,383.35,428.76,420.33,415.86,409.72,430.75,364.64,363.32,385.59,362.04,381.7,429.05,437.88,457.55,502.44,506.75,566.34,646.14,586.97,597.49,638.21,594.53,650.81,761.72,755.41,696.73,714.36,713.93,865.99,911.29,944.49,965.58,966.09,790.64,840.98,880.6,966.89,1018.12,985.63,909.68,1012.5,911.29,911.44,879.01,722.06,684.69,714.54,799.82,883.54,1000.9,1098.49,1140.48,1277.44,1378.15,1537.06,1310.64,1336.32,1271.19,1369.31,1490.08,1494.23,1346.93,1336.02,1364.22,1359.95
GB00B02J6398,ADMIRAL GROUP,GB,EUR,239.88,235.81,239.81,251.08,253.54,249.18,243.11,259.09,287.36,295.66,293.14,298.54,350.17,378.16,416.32,468.93,455.99,444.25,479.51,498.09,605.5,693.19,694.55,841.04,781.07,792.35,881.2,851.88,771.54,712.07,665.62,679.63,749.17,875.07,874.54,894.65,796.01,824.93,652.07,726.35,725.59,669.12,771.94,766.94,783.05,638.13,653.51,566.28,560.97,527.46,529.49,584.27,617.13,638.7,706.9,776.67,824.9,773.36,795.45,877.16,829.4,862.41,936.72,941.63,876.83,986.16,1060.88,1094.3,1228.16,1244.15,1136.06,1132.4,1256.39,1311.52,1189.22,1347.33,1382.08,1299.56,1239.15,1083.14,987.26,954.91,728.04,664.41,745.12,863.3,951.65,986.75,827.39,967.3,885.22,974.64,916.12,961.73,966.22,1015.9,1044.68,1023.11,1089.71,1074.18,1133.0,1124.13,1188.0,1089.49,1159.67,1193.42,1182.54,1260.13,1379.24,1396.7,1382.67,1420.62,1471.77,1593.92,1480.36,1334.27,1301.83,1336.8,1215.44,1290.18
GB00B033F229,CENTRICA,GB,EUR,650.02,672.92,644.25,643.67,641.9,630.62,626.76,681.91,660.68,649.81,611.9,672.4,728.93,782.17,750.71,854.99,820.56,830.68,861.32,883.5,965.88,1004.39,1034.32,1103.01,1154.5,1166.01,1205.16,1259.3,1230.36,1265.02,1188.06,1261.95,1269.25,1254.2,1225.41,1169.23,1079.82,1051.98,970.54,984.74,981.74,1044.2,1054.42,1009.44,957.68,841.85,697.51,735.07,714.92,741.06,627.44,670.53,790.77,732.09,727.89,818.4,813.44,827.36,844.62,917.62,874.26,860.78,901.21,939.67,832.02,925.01,991.78,1041.83,1074.87,1119.88,1008.43,1094.68,1080.41,1166.38,1099.47,1165.31,1139.91,1130.03,1095.73,1060.65,1024.29,1057.75,1048.4,993.03,1022.62,1072.59,1116.55,1140.14,1089.47,1141.07,1136.29,1187.17,1227.98,1211.3,1211.68,1257.99,1288.05,1239.9,1295.26,1381.41,1378.29,1306.99,1418.14,1428.13,1451.06,1376.12,1343.11,1395.76,1239.59,1295.71,1332.22,1399.89,1414.21,1342.81,1310.61,1332.62,1274.35,1235.95,1138.25,1111.01
GB00B03HDJ73,ESKEN LIMITED DEAD - DELIST.02/04/24,GB,EUR,192.38,209.9,217.4,226.03,211.53,209.86,209.74,229.04,223.45,210.72,210.92,223.11,238.47,244.18,249.16,307.52,288.72,288.33,289.03,316.08,357.0,352.01,366.27,348.33,383.43,384.43,388.01,392.84,368.24,330.92,346.55,341.73,338.31,327.48,271.07,291.47,268.78,290.14,293.32,312.53,318.14,257.01,212.02,210.81,189.2,166.8,145.36,137.51,166.34,166.18,162.76,181.31,214.68,211.51,213.96,234.44,220.84,268.6,256.77,253.89,260.09,257.77,277.89,297.94,270.61,294.29,301.92,281.02,317.8,303.42,296.31,297.89,307.94,317.01,308.81,318.24,314.04,317.65,309.55,297.72,272.09,261.66,255.25,258.47,274.27,272.33,283.68,287.87,253.32,254.76,263.5,255.71,273.2,248.48,238.31,249.8,224.03,204.83,178.9,190.77,205.95,211.24,225.04,271.53,308.97,348.21,354.89,356.27,341.44,394.85,339.91,357.99,398.41,370.75,338.54,331.69,286.37,252.7,260.63,276.59
GB00B04V1276,GRAINGER,GB,EUR,9631.5,10260.32,9620.78,9235.48,9279.4,9595.66,9459.07,10165.47,10362.61,9869.07,10669.39,11621.7,13173.49,12690.62,13214.05,12566.94,12647.67,11875.84,12303.04,12225.92,15216.62,16056.3,16712.82,17644.21,16745.09,16757.2,16489.44,17021.82,16385.13,14825.6,13173.48,13769.33,11934.4,12148.31,10059.53,9067.86,10112.27,10539.98,10833.73,9457.84,7329.76,5717.43,5313.67,5246.05,4763.47,1705.6,1794.06,2598.35,2040.84,1576.94,2019.17,3436.62,3241.21,3304.49,4169.6,6383.76,6541.45,6501.73,5789.06,5050.66,5109.6,4746.63,5003.76,5206.2,4285.13,4324.51,4338.55,4125.67,4245.56,4178.06,3301.65,4110.1,3916.45,4084.02,4271.71,4763.91,5122.12,5179.51,4794.36,4225.9,3350.52,3377.4,4289.02,4180.6,3927.65,4413.68,4205.64,4049.8,3331.66,3611.52,3581.95,3938.67,4400.6,4500.44,4521.59,4936.81,5070.95,5302.08,5280.5,5420.44,5998.33,5637.68,6781.03,6843.46,7276.59,8032.67,8463.61,8740.08,9051.27,10666.02,10403.44,9334.63,9424.72,9332.47,9429.66,8952.36,7808.59,7851.4,8010.84,7686.48
GB00B06QFB75,IG GROUP HOLDINGS,GB,EUR,,,,184.62,182.25,218.83,234.01,227.07,255.05,220.54,257.76,248.21,271.79,297.95,319.16,352.77,349.04,330.22,332.95,377.16,413.48,415.25,497.2,485.91,461.72,442.03,501.91,528.98,563.24,510.83,577.29,543.95,677.87,759.16,738.77,708.22,641.47,617.17,576.56,636.87,669.63,582.62,622.06,560.24,508.82,422.65,313.43,335.21,386.46,352.49,231.79,301.16,336.29,425.88,460.47,528.92,507.08,473.37,494.24,583.6,624.54,567.39,588.0,601.44,532.26,607.04,715.14,773.2,775.47,836.32,756.99,790.31,724.81,729.82,732.73,779.81,739.87,701.41,727.35,728.97,720.92,778.71,784.35,767.14,782.98,740.23,753.09,787.5,698.22,786.92,736.37,716.22,782.47,762.27,737.41,794.72,777.87,823.57,892.0,922.0,965.67,967.72,963.14,966.57,1062.14,1116.53,1085.5,1155.73,1177.07,1212.73,1195.95,1227.71,1153.41,1148.39,1177.35,1152.44,1101.79,1140.62,1258.64,1329.94
GB00B0744359,ESSENTRA,GB,EUR,,,,,,189.38,176.25,190.8,212.39,209.23,204.9,214.38,214.94,230.2,251.75,254.52,257.05,239.26,235.71,228.52,219.92,231.82,241.73,229.54,229.57,216.01,236.85,264.6,260.59,238.69,235.02,219.94,214.69,245.97,211.22,185.9,176.03,174.07,157.65,142.61,148.64,134.55,148.52,156.69,138.96,97.45,88.65,95.05,87.82,79.25,89.57,89.33,102.07,100.93,107.64,135.25,137.79,140.83,143.65,155.77,145.08,145.3,168.93,184.64,149.53,169.76,195.7,188.84,201.39,210.41,189.15,201.08,238.33,258.0,257.49,309.31,329.19,318.14,302.1,320.38,294.92,348.69,335.92,321.61,325.36,391.06,412.87,416.59,381.77,414.6,402.48,469.43,462.99,513.94,523.3,497.73,508.42,539.59,615.43,619.77,596.03,599.69,661.38,671.35,687.54,714.0,761.89,806.99,773.26,846.01,825.07,775.9,760.64,749.84,746.7,817.5,747.87,635.32,683.96,660.24
GB00B0744B38,BUNZL,GB,EUR,45333.06,52207.43,52944.05,52477.76,54115.98,50845.53,49989.96,53417.71,54710.24,54456.66,56482.05,60136.73,61625.23,61441.41,65045.88,69309.83,64022.81,63691.23,64970.64,69215.26,69637.52,73708.49,72675.36,69120.27,70283.99,72570.82,79242.83,80292.61,83286.66,79719.31,76503.16,79395.44,81533.01,85863.37,84828.79,81378.91,71936.87,79946.25,81252.16,84391.65,81875.1,76384.33,73415.64,76476.48,68673.89,59029.76,57530.85,50283.21,48455.77,49089.09,46433.33,48178.53,50117.61,50381.55,52282.49,58293.97,61781.24,66684.65,62989.71,67047.98,61553.58,63724.56,67273.17,71931.48,65333.9,63236.81,67817.26,68578.34,75061.06,74149.86,69234.32,71339.71,77197.2,78338.49,75629.67,78643.64,81727.61,81120.65,82038.33,84382.23,77602.91,84276.3,85427.99,89904.13,88914.49,100565.93,104976.25,108710.15,104904.86,108991.88,116288.81,118946.52,119313.5,110020.09,110825.23,110220.56,120716.6,128634.42,132146.32,133775.44,132806.94,132445.52,145731.1,143631.0,147821.58,150927.9,156240.5,165033.1,156755.63,181151.1,182845.67,195055.81,195332.86,193163.07,187083.49,190392.36,181787.65,188870.76,196057.96,192802.03
GB00B082RF11,RENTOKIL INITIAL,GB,EUR,42382.84,45123.15,45255.01,44117.66,41049.37,43650.32,41801.14,44415.75,45129.93,41948.26,43140.97,43330.69,44380.08,42511.82,41771.72,44825.2,43315.29,46059.62,48805.29,45623.52,44324.52,46801.69,47791.22,52543.49,51123.49,47058.33,51782.61,58040.0,56747.97,53788.2,53204.33,58353.9,57514.37,60435.55,52445.76,40706.58,36416.57,28060.73,32692.72,33984.94,35234.91,35305.78,23722.85,23717.86,22177.2,13110.73,9822.49,11407.13,11048.52,12208.31,11501.45,17568.13,23189.12,26577.7,28997.28,32180.19,32847.91,30911.72,29799.23,33661.23,33459.54,35385.23,35667.67,35162.95,31779.83,29108.66,28889.18,25994.94,29267.03,28569.86,24627.83,27356.4,28911.39,26645.21,26013.74,28346.85,29293.69,27516.25,27172.15,23767.21,20126.49,20955.75,18845.55,17556.59,21355.6,22467.88,24589.67,25739.97,21226.13,21127.52,20674.85,22384.62,24240.8,26162.7,26632.93,28738.46,26127.53,25940.09,28093.5,27669.31,25830.43,25400.02,27847.06,29339.7,33312.54,31684.83,32799.71,36196.14,37374.14,42095.99,38699.67,38408.62,37865.04,36439.8,38273.72,40537.39,36762.12,37942.17,35904.57,36409.03
GB00B0FYMT95,HELICAL REIT,GB,EUR,228792.4,214619.18,204388.8,215546.98,227925.57,232710.98,241482.68,259447.76,279464.16,242806.3,257146.18,248795.8,305926.94,312876.01,325551.96,328193.72,346772.31,331663.38,358014.39,351555.93,366226.09,393995.78,415755.36,445003.2,439426.25,418567.16,403855.47,413461.72,426993.74,448388.15,439909.44,447858.8,449170.03,442697.37,375405.09,308950.77,371220.84,355284.61,362451.66,326602.81,288264.84,286896.72,286775.36,286374.37,261753.97,235098.9,199796.94,198299.31,222279.32,210104.49,202987.84,248534.39,273641.74,266685.68,280062.66,299617.62,298072.45,271496.5,271525.42,275815.62,251282.03,237596.29,258212.44,259550.56,213217.71,208879.8,234208.96,220853.04,236454.2,261912.87,219708.49,226397.2,229504.26,231565.09,220241.91,220879.28,227068.69,209497.24,206189.99,195951.44,155660.66,165847.21,141201.24,150208.24,151704.32,155227.24,157121.91,159899.28,135784.04,152953.38,163144.24,153214.96,160247.25,164345.69,189979.9,199624.57,194494.59,185809.21,191742.25,205873.31,214289.54,204666.88,245202.8,224252.71,260166.38,260717.31,294618.08,294307.96,310145.78,340202.04,339116.35,333590.36,365154.39,325700.87,318804.59,308562.68,313056.45,309605.41,305008.42,331239.64
GB00B0KM9T71,STHREE,GB,EUR,,,,,,,,,,,172.61,185.41,237.28,243.64,282.95,297.19,276.95,270.96,284.72,310.58,313.0,350.82,373.71,381.2,374.84,429.61,429.96,483.75,514.48,481.49,437.23,354.7,303.83,262.22,207.69,229.06,198.24,230.95,199.99,186.98,218.49,170.87,180.13,194.84,170.18,130.31,107.52,114.13,123.52,136.16,136.54,192.93,181.13,169.11,200.8,223.76,235.0,235.28,232.84,274.48,281.7,257.7,305.57,330.1,260.83,223.28,242.64,210.43,272.71,277.54,268.51,345.0,357.29,408.44,394.15,438.69,414.1,390.06,361.95,247.92,217.75,281.63,247.94,228.23,278.92,297.14,348.32,365.62,274.09,278.52,301.24,302.99,306.42,322.92,342.15,364.66,359.43,365.48,356.85,353.9,372.84,350.79,364.38,367.48,401.35,402.66,377.5,422.65,445.21,496.9,471.06,494.76,426.64,480.31,439.18,418.51,410.29,358.37,357.37,337.39
GB00B0LCW083,HIKMA PHARMACEUTICALS,GB,EUR,,,,,,,,,,177.02,187.21,239.6,269.05,233.1,239.1,274.84,256.62,212.14,217.21,251.17,267.37,266.55,264.51,247.74,249.64,243.15,263.06,263.37,251.59,267.07,292.08,289.4,299.42,360.9,339.59,329.64,323.47,347.33,325.82,327.12,330.05,352.48,275.84,268.41,251.8,183.91,150.29,177.61,182.04,189.66,182.63,204.86,246.29,274.79,256.15,268.18,268.1,278.32,285.25,294.43,313.64,299.35,342.73,347.0,351.86,384.12,403.5,423.07,392.14,454.2,429.48,459.21,465.46,450.02,427.57,476.56,508.89,443.81,407.8,357.43,324.87,398.33,359.07,352.53,414.54,428.41,396.92,375.77,366.95,377.11,401.83,429.48,434.54,441.29,447.89,458.19,473.62,486.91,581.56,567.27,548.62,538.09,628.91,585.16,632.17,724.26,741.52,746.65,740.88,902.05,1039.42,990.12,1080.51,1084.01,1147.53,1087.75,1065.5,1149.79,1164.7,1170.29
GB00B0N8QD54,BRITVIC DEAD - DELIST.20/01/25,GB,EUR,,,,,,,,,,,,183.99,204.59,210.53,165.72,173.86,165.57,163.14,170.86,183.72,190.92,200.62,203.0,261.11,266.92,274.35,296.83,315.36,361.18,355.55,299.66,306.45,301.15,341.28,326.04,322.35,286.8,310.02,296.5,308.2,292.95,272.87,208.51,203.0,171.16,174.09,167.51,187.34,163.5,161.65,159.73,191.25,223.33,229.94,282.91,282.69,282.13,287.89,322.43,338.94,347.13,333.71,362.08,378.43,347.54,369.68,390.73,385.36,397.41,400.88,395.83,395.08,383.09,316.08,338.0,364.15,382.96,341.81,310.86,279.44,264.83,287.38,288.17,280.52,304.59,340.42,344.88,348.23,290.88,294.9,268.7,289.32,335.09,329.82,361.71,389.04,418.53,378.3,396.91,402.8,477.6,462.46,490.2,527.3,551.05,596.82,658.16,695.21,690.33,789.77,749.8,741.52,765.22,760.2,723.79,696.25,661.81,665.34,635.01,656.77
GB00B0SWJX34,LONDON STOCK EXCHANGE GROUP,GB,EUR,407.46,391.68,323.55,332.61,330.12,332.45,362.53,388.69,384.34,382.23,395.39,408.32,496.02,574.4,702.66,862.53,798.94,812.5,803.61,846.62,891.25,929.14,991.68,994.24,986.02,959.09,952.26,975.61,1096.17,1054.25,1075.26,1077.58,1309.14,1364.9,1431.39,1547.52,1320.58,1061.95,943.15,837.93,797.27,609.8,661.37,581.12,618.03,362.56,375.45,299.04,282.96,252.43,330.57,452.64,453.45,471.82,492.86,548.15,571.63,585.7,515.63,489.58,434.04,427.48,455.08,442.72,393.87,355.98,438.94,439.75,464.87,508.36,511.71,574.88,593.75,641.41,584.71,636.93,707.13,746.36,729.97,668.52,566.29,647.95,603.66,557.24,619.2,649.87,745.11,796.83,694.18,710.23,698.95,726.1,700.67,723.14,720.84,821.89,887.1,941.04,921.59,969.94,990.62,942.38,1123.2,1135.87,1171.57,1241.71,1254.45,1359.64,1432.43,1609.12,1555.75,1449.34,1555.73,1625.56,1566.6,1624.53,1574.08,1675.64,1835.61,1808.03
GB00B0WMWD03,QINETIQ GROUP,GB,EUR,,,,,,,,,,,,,,173.59,169.34,183.13,159.53,163.45,155.9,160.24,164.69,178.3,186.14,189.91,205.96,191.97,187.13,194.37,203.09,189.89,182.23,185.58,184.55,202.13,193.7,202.7,198.19,205.3,199.69,200.02,212.96,213.94,206.5,216.75,194.63,145.07,140.61,120.55,115.5,105.45,101.08,105.09,125.75,126.01,119.34,124.24,123.06,147.9,140.89,143.31,118.61,106.12,112.37,107.88,104.01,96.85,106.92,91.67,93.91,94.92,98.83,112.51,117.41,113.65,107.84,111.48,104.27,107.12,102.54,113.32,101.95,105.72,111.31,115.56,115.1,136.26,143.68,140.26,133.2,139.1,148.15,155.18,174.83,181.33,181.21,170.42,171.34,179.05,181.03,169.45,161.49,157.28,161.14,169.67,181.03,185.5,207.86,209.69,215.57,225.53,221.03,208.9,205.75,207.52,204.91,214.47,216.99,192.58,184.78,174.68
GB00B0YG1K06,RESTAURANT GROUP DEAD - DELIST.22/12/23,GB,EUR,4163.4,4343.63,4826.85,4547.32,4620.44,4697.56,4527.03,4393.38,4476.0,4531.82,5145.12,5198.58,5550.28,5221.84,6953.15,7788.76,7205.71,7548.62,8005.27,7581.43,9064.03,9495.73,10857.32,12237.1,12129.83,12520.81,14474.14,14515.65,13257.96,13599.51,13533.71,12574.14,11359.61,11668.35,9247.9,7679.94,6193.35,5940.58,6314.81,5802.38,5901.76,5382.44,5035.97,5485.43,4838.85,4439.26,4039.88,3345.51,3417.7,3550.22,4227.8,5196.29,5364.13,5351.54,6018.31,7073.86,7064.77,7054.86,6899.88,6911.48,7478.0,7191.77,8323.49,8809.87,7342.99,7409.06,8457.42,8738.28,9870.55,10700.96,10050.47,10211.73,10808.08,10832.35,11405.46,13252.55,11859.77,11474.28,11668.09,11316.61,10580.52,11946.51,11850.37,11421.91,11547.32,10940.47,11671.77,11253.48,10628.53,11705.38,12882.12,13195.46,14752.73,15417.79,15685.23,16058.29,15245.66,16236.08,18141.25,19151.01,20071.98,19640.91,20790.81,21654.58,22520.13,24189.98,24684.91,25630.25,26291.37,29350.48,31072.01,27542.53,26219.84,27452.43,27782.97,28571.86,28532.31,29193.11,27456.95,27758.31
GB00B128J450,IP GROUP,GB,EUR,467.41,500.68,481.33,512.2,349.6,361.75,374.53,371.16,336.13,336.35,335.07,320.88,370.33,420.3,426.38,465.98,469.53,464.07,437.91,449.6,482.27,509.76,497.13,512.42,492.02,509.53,482.31,512.69,485.53,539.89,553.27,513.43,502.85,509.89,476.65,398.12,340.67,379.76,386.66,376.3,404.22,405.27,392.58,364.79,294.91,195.36,92.07,141.16,141.55,92.0,86.0,123.93,134.87,137.74,120.57,160.02,168.66,167.83,156.65,167.36,168.98,146.7,115.84,116.89,92.46,97.93,89.69,90.82,91.68,84.3,88.49,86.82,99.02,133.08,138.44,157.32,146.26,144.83,137.61,137.98,133.43,205.91,203.51,221.63,253.8,337.71,390.19,430.59,382.19,427.91,402.9,369.07,356.68,347.04,327.13,355.19,358.29,367.65,413.16,439.65,381.57,366.8,400.9,372.97,419.08,430.41,573.17,512.53,527.64,657.23,633.4,531.0,548.95,624.61,559.63,650.09,605.25,605.19,609.87,584.42
GB00B132NW22,ASHMORE GROUP,GB,EUR,,,,,,,,,,,,,,,,,,,,,,218.49,258.9,297.89,287.85,314.14,336.99,386.89,363.04,320.33,272.62,266.72,350.35,359.69,344.7,325.25,313.05,321.09,343.39,349.51,318.01,265.39,305.04,287.89,214.09,161.23,111.09,123.69,119.12,114.53,145.23,222.74,223.92,207.07,231.86,258.8,266.29,299.2,294.42,300.77,245.57,244.98,277.92,281.4,253.79,252.91,307.18,309.78,366.34,425.12,377.28,373.71,398.19,388.47,383.1,448.79,450.35,461.27,477.43,474.86,364.56,401.59,394.49,386.21,436.08,458.56,441.79,467.45,392.93,411.27,381.6,393.18,413.7,440.86,447.35,452.72,438.74,421.47,416.75,487.21,473.4,408.77,440.7,404.78,495.63,509.6,521.14,536.69,431.82,428.42,453.21,484.61,485.38,518.18,490.63,478.81,408.97,417.49,410.01,371.48
GB00B135BJ46,SAVILLS,GB,EUR,1537.49,1705.61,1827.67,2005.31,2045.99,1982.61,2098.52,2182.35,2487.68,2425.85,2625.09,2847.65,3108.18,3312.15,3626.11,4003.72,3603.5,3639.72,3330.4,3357.66,3391.92,3925.06,4373.45,4538.31,4205.15,4444.1,4427.66,4630.28,4394.81,4116.82,3694.14,3436.16,2634.84,2679.26,2289.88,1962.77,2040.71,2395.7,2467.14,1965.31,1850.85,1611.15,1578.32,1918.25,1726.89,1375.18,1371.93,1202.19,1314.6,1555.36,1262.79,1574.0,1612.31,1785.12,2094.72,2217.93,2029.22,2012.16,1798.6,1971.27,1935.9,1809.63,2047.65,2024.06,1744.9,1595.93,1937.28,1851.68,1876.85,2064.6,2080.02,2368.98,2200.82,2411.98,2248.94,2693.94,2715.35,2524.54,2234.55,2050.15,1807.28,2036.68,2045.33,2070.3,2156.11,2358.66,2452.66,2430.13,2048.3,2297.33,2417.53,2600.34,2715.93,2751.76,3024.74,3209.12,3310.63,3400.21,3478.19,3916.34,3890.31,3744.31,4129.43,4046.26,4350.93,4540.06,4628.93,4651.56,4465.57,4451.6,4838.0,4515.87,4747.59,4793.85,4462.52,4763.53,4446.03,4620.81,4639.08,4755.3
GB00B17MMZ46,LOOKERS DEAD - DELIST.09/10/23,GB,EUR,70929.61,70263.47,69898.02,70555.39,64923.93,65702.47,63020.08,76191.53,84710.1,85689.87,90841.41,91569.61,120694.47,125935.51,146480.11,156048.08,169689.46,172073.4,145117.68,183687.22,188503.42,184544.03,185951.59,202733.04,200144.57,216671.47,237514.64,254310.59,247985.1,214820.73,189537.74,196910.45,161882.59,225856.34,159634.95,138849.8,104905.74,111001.75,108797.22,109830.52,100046.36,94242.44,67884.78,63642.62,53093.36,33896.53,28996.43,20952.44,25165.84,19630.42,26626.87,44137.96,53713.87,66988.1,70321.97,78645.78,74064.48,75692.16,72166.06,61585.36,56433.76,62206.75,68180.19,71478.66,61065.2,55892.2,66734.87,65191.58,73587.12,76697.58,70116.34,76338.59,74319.77,77706.6,72169.39,88110.28,83311.49,69975.22,65282.05,68679.64,64769.38,70028.03,64126.47,64314.47,64340.52,74249.89,81429.67,85263.9,73761.1,82355.01,85206.48,92997.48,100265.99,103121.44,103933.55,103361.85,105822.49,105472.04,126608.25,124536.56,134610.82,139856.03,158284.08,161505.04,172539.18,179947.21,172179.23,172665.41,179118.77,187342.74,215097.61,205411.26,207705.4,199055.85,195442.89,204563.75,189436.54,195002.48,189850.92,178068.48
GB00B18P5K83,TOPPS TILES,GB,EUR,5937.57,5815.03,4325.72,3805.96,4239.07,4063.12,4391.11,4351.36,3789.85,3682.07,4202.64,4415.38,5009.23,4868.37,4927.49,5157.74,5381.9,5343.41,6317.26,5676.43,5959.8,5861.99,5997.32,6485.5,6948.2,7018.43,7445.36,6896.78,6509.51,5856.72,5625.71,5920.27,5137.71,5358.4,4282.5,4145.98,3773.68,3383.73,3015.53,2548.28,1935.08,1890.07,1327.97,1509.33,1443.87,739.04,525.05,416.66,302.03,447.91,700.65,1086.51,2010.04,1702.04,1973.89,2071.38,2122.03,1893.52,2074.28,1883.22,1756.81,1695.68,1154.61,1239.9,1004.48,1034.31,1323.3,1261.06,1265.47,1423.5,1305.03,1831.25,1828.19,1724.25,1608.66,1721.04,1570.38,1303.27,1192.27,747.85,754.32,724.11,537.58,599.81,700.98,796.84,913.34,919.4,863.03,916.92,1017.08,1113.09,1095.89,1123.05,1146.75,1229.05,1311.53,1414.78,1443.67,1590.44,1554.93,1583.81,1994.63,1906.92,2161.13,2144.05,3106.12,2933.27,3797.52,3560.3,3497.47,3298.5,3028.01,2776.79,2735.34,2893.77,2583.18,2481.99,2836.48,2743.13
GB00B19Z1432,PZ CUSSONS,GB,EUR,388715.62,358866.09,347779.07,324733.09,349814.52,351367.91,360683.27,370611.61,379345.3,377558.9,448549.41,398538.5,401234.42,447920.54,407671.17,411302.12,447841.79,423404.72,426794.5,457952.05,491731.75,502880.53,495449.76,544065.18,588654.95,548089.68,569315.15,581337.7,575015.32,554320.9,540755.59,588132.39,591411.04,699039.33,770954.79,739498.06,656091.41,616323.05,639115.41,639462.47,660385.73,585483.7,636993.25,564962.07,560017.29,357787.6,335699.11,414074.93,472152.33,425510.4,400354.61,423820.39,491484.82,582160.93,711260.87,645647.24,730879.95,749969.47,777159.59,794140.9,717972.37,803448.74,757693.95,769897.02,770793.9,938041.37,985378.05,932028.92,1073171.07,1195641.48,1105399.65,1164168.7,1076279.21,1058429.29,977255.48,1020932.71,1118724.21,1067214.95,1157078.75,1084990.55,968823.35,1123174.77,1067967.55,1028527.74,910697.88,943161.32,911995.63,1027716.92,945969.04,944560.47,915516.0,933167.25,936223.91,1053919.38,1110989.22,1198767.95,1191292.47,1194925.46,1190597.4,1207647.51,1101233.78,1020009.62,1159837.38,1220652.05,1318969.37,1244682.17,1270336.48,1227089.44,1169095.84,1220255.98,1163382.07,1158242.61,1169835.04,1173868.76,1182155.0,1230307.26,1191521.87,1186477.94,1080836.32,958939.84
GB00B1FH8J72,SEVERN TRENT,GB,EUR,1905.9,1925.86,1894.94,2028.33,2020.45,2058.55,1944.43,1976.19,1979.79,1913.11,1961.88,2140.29,2342.58,2324.29,2228.31,2418.69,2423.36,2558.89,2865.7,2957.81,2951.02,2998.19,3238.39,3289.97,3167.28,3094.89,3216.29,3407.49,3553.66,3261.37,3081.02,3236.09,3376.41,3540.37,3787.0,3626.88,3375.29,3374.95,3367.32,3454.86,3437.83,3143.72,3243.65,3060.7,2969.13,2723.25,2155.82,2168.93,1980.64,1952.79,1786.87,1955.49,2274.24,2353.59,2097.51,2084.38,2027.68,2048.89,2251.05,2350.39,2416.03,2377.02,2429.42,2377.59,2332.85,2558.43,2850.01,2764.84,2869.85,3098.3,3128.31,3273.95,3100.15,3421.9,3313.39,3542.14,3525.7,3436.94,3416.24,3478.64,3491.25,3558.75,3595.87,3442.66,3563.48,3725.56,3652.92,4063.65,3922.34,4085.92,4259.4,4333.01,4272.83,4077.56,4079.03,4109.98,4130.96,3947.77,4175.92,4552.81,4997.51,4162.95,4433.74,4307.08,4709.28,4921.16,4771.62,4748.07,4772.16,5212.83,5110.08,5238.14,5550.29,5693.3,5630.28,5567.03,5244.29,5503.5,5514.08,5484.02
GB00B1FP6H53,MITCHELLS & BUTLERS,GB,EUR,287.38,311.24,304.96,267.3,278.48,283.42,296.5,310.76,305.67,303.78,305.33,346.04,348.83,334.63,400.23,431.46,450.28,463.2,480.73,517.49,534.96,551.15,639.01,682.31,668.47,682.25,757.4,782.57,865.01,869.95,782.91,708.52,613.7,681.57,584.9,424.31,445.49,445.51,342.72,298.7,327.42,207.98,250.19,266.16,199.23,128.7,127.31,117.27,136.15,162.4,176.47,211.32,199.97,208.21,219.95,236.38,211.74,197.47,211.25,204.24,226.69,220.02,245.14,255.86,234.8,208.98,249.01,227.13,233.37,262.85,271.52,279.35,281.47,269.89,246.54,279.75,267.08,257.81,229.71,191.83,187.02,197.48,183.85,185.23,206.51,213.77,220.08,218.38,177.64,200.05,208.23,217.82,239.8,268.97,252.62,269.15,269.71,264.57,252.35,265.32,293.7,286.78,321.74,335.94,339.3,328.43,344.96,356.23,376.85,414.35,387.38,379.18,359.82,339.69,321.81,347.29,295.62,309.92,293.63,305.24
GB00B1FW5029,HOCHSCHILD MINING,GB,EUR,,,,,,,,,,,,,,,,,,,,,,,213.57,225.91,219.23,204.37,186.61,202.27,174.36,189.98,210.14,188.25,221.48,278.86,259.5,247.23,210.41,251.19,249.7,214.86,235.97,225.26,176.22,132.97,130.04,62.58,40.14,46.07,62.44,91.15,88.74,97.19,135.83,133.67,120.98,135.47,147.08,133.13,148.03,162.17,127.35,116.3,125.59,112.79,124.75,136.05,133.86,159.06,207.83,229.54,242.79,296.98,229.96,284.9,306.19,301.55,259.42,219.42,234.16,245.42,190.16,215.68,208.0,178.95,232.81,243.63,221.36,243.3,199.31,220.91,197.02,206.72,236.16,239.97,224.98,237.04,201.71,177.32,125.15,116.38,116.51,71.38,80.21,122.53,88.92,80.57,70.54,70.89,76.07,101.44,85.25,84.43,75.35,82.77,83.39,81.23,66.47,47.97,44.51,41.58
GB00B1KJJ408,WHITBREAD,GB,EUR,35602.08,37236.64,37712.68,34762.32,37117.8,38269.86,38968.9,40030.28,37593.14,37241.21,36782.67,36744.19,42590.95,41847.02,46396.69,45913.86,45077.68,48821.17,52368.57,52707.16,54761.91,60490.79,68967.55,74635.87,71293.66,72568.19,83160.19,85062.16,85170.67,80685.65,77376.88,75338.36,75123.92,84065.15,67702.81,63679.55,61779.34,57544.01,52998.77,54985.74,59050.82,57148.34,51342.21,48039.5,43955.19,34028.84,30399.68,31076.44,27882.52,25080.12,26623.0,32849.34,33770.52,32611.62,34799.6,41385.02,47167.12,51267.78,51443.26,55670.58,55163.1,52818.23,54628.71,57517.34,50128.19,52511.36,54929.25,53445.69,63748.3,67916.79,65960.77,70277.71,69688.94,72682.76,66324.46,70268.71,68706.27,66358.27,65369.68,62758.4,63152.81,69166.4,66867.87,62857.63,67091.07,70105.35,76192.45,80922.62,75509.24,83761.67,88129.44,89090.65,96442.46,99697.33,102064.64,105591.08,108166.28,101667.2,103514.62,105564.54,117660.44,124770.27,131817.75,128253.95,129208.21,148470.21,158274.24,168288.04,166987.44,203690.86,187956.32,186618.33,192341.93,206513.9,199008.69,199673.77,184476.33,191256.13,196782.06,204861.66
GB00B1L5QH97,RANK GROUP,GB,EUR,14008.38,14876.19,14335.48,14207.54,14001.84,13821.98,13223.08,14642.38,15384.92,15265.98,15577.7,15292.27,13942.06,13290.89,11395.46,12629.59,11804.78,11244.83,11123.63,12376.18,13476.71,14786.03,16806.34,14060.11,13685.91,13476.48,12777.76,12994.78,12982.15,12155.92,11187.88,11006.88,10845.56,7007.7,6800.84,5978.04,5904.81,5924.74,5772.5,5801.2,5707.16,5256.21,4922.12,4412.07,4150.36,3031.04,3017.4,3205.79,2811.29,2767.68,3455.43,3255.24,3396.53,3468.78,4242.17,4135.53,4697.79,4814.6,4145.3,4413.81,4825.41,5135.64,5938.32,6195.96,5678.3,4957.94,6198.7,5710.09,6187.21,6839.91,6730.41,6629.91,6761.3,7138.23,8110.15,8512.45,8528.38,8128.23,7877.15,7747.91,5993.91,7647.55,8031.28,6716.52,7089.18,7561.31,7101.06,6535.57,6247.62,6312.6,6198.16,7345.14,8208.54,8268.49,8000.8,8251.54,8353.73,8787.37,8843.86,9229.7,7963.21,8223.34,8589.07,8752.93,8960.72,8283.77,8651.92,8033.93,8196.23,8356.05,9558.05,9858.32,9762.51,10360.89,9997.67,9665.89,9652.2,9756.12,9497.89,9321.14
GB00B1P6ZR11,BROWN GROUP DEAD - DELIST.13/02/25,GB,EUR,66219.98,65413.57,59876.27,52772.98,62025.24,70026.62,74743.38,81975.74,67962.43,71003.54,78080.79,79976.61,91337.0,90802.34,99067.05,105248.49,100720.87,106330.94,113481.34,114976.0,118554.19,135907.26,147170.35,149447.45,162982.12,167165.38,170188.75,160551.53,177862.08,166580.93,178809.91,154016.88,150852.88,163569.34,138251.76,129686.24,132935.94,137121.62,133175.99,134481.56,121814.45,103740.66,117929.06,109234.82,112207.42,101253.22,83701.57,84315.12,81010.99,82148.51,78370.56,100793.46,115386.81,105049.24,114245.4,106842.04,116769.94,127838.59,124302.76,121081.79,109489.98,99236.77,100345.72,126430.38,110699.59,116117.61,110332.76,106703.0,113508.22,149074.88,134151.42,147277.56,143094.29,137506.48,128284.62,159636.75,151144.75,136871.21,151651.06,140134.55,135838.74,138184.27,135464.25,119836.48,120168.09,126299.63,122726.25,123225.75,116900.12,130980.77,140747.23,145288.1,151569.93,185017.67,196429.16,208453.37,202767.56,209189.7,214840.34,240719.34,241058.37,236978.28,277606.65,295832.69,300538.4,297879.07,313553.83,315045.15,317306.81,353194.9,340343.89,309427.21,281011.12,258360.05,265582.12,268086.69,225482.28,195411.64,194307.7,221466.2
GB00B1VNSX38,DRAX GROUP,GB,EUR,,,,,,,,,,,,169.96,218.97,217.86,268.16,287.19,309.14,304.07,333.83,342.39,311.39,313.93,321.19,322.54,269.8,282.99,311.74,324.32,322.2,296.59,284.89,272.94,252.88,287.7,287.72,246.92,205.83,236.95,219.23,251.94,282.7,310.77,303.68,287.71,288.97,200.47,202.12,173.89,172.97,159.48,159.6,164.84,183.87,168.32,154.49,181.95,177.06,179.96,158.13,157.27,154.71,142.94,133.06,133.55,117.59,135.76,145.02,147.1,151.02,152.18,137.69,144.17,155.39,160.55,158.91,191.08,199.41,210.52,228.71,220.29,201.14,235.81,236.76,227.89,225.67,223.07,234.07,242.53,231.79,241.81,204.83,203.59,231.55,255.84,245.22,250.32,265.9,264.03,262.61,275.05,250.02,254.49,280.15,311.03,322.42,298.08,330.44,386.78,389.54,394.04,372.54,330.51,311.95,323.81,349.18,308.13,312.15,283.27,284.28,213.9
GB00B1XH2C03,FERREXPO,CH,EUR,,,,,,,,,,,,,,,,,,,,,,,,,,,,,,265.12,277.59,272.3,378.36,367.99,352.48,327.38,342.57,471.72,502.55,504.53,545.61,564.1,409.74,336.04,202.52,45.02,36.37,31.21,51.65,59.57,57.83,162.02,194.31,164.45,175.1,188.99,174.87,182.07,246.97,241.2,246.81,323.04,428.6,408.0,293.77,281.31,328.27,350.58,370.63,395.68,414.41,496.77,516.66,520.54,528.29,637.65,577.03,577.59,581.64,472.63,318.34,401.98,362.97,321.89,414.04,394.88,376.24,365.62,235.57,261.97,221.08,201.76,245.85,264.38,275.85,320.77,317.1,271.52,211.7,222.88,210.23,164.66,209.11,212.01,236.64,240.6,244.23,260.87,206.0,211.44,218.46,211.21,197.27,192.43,195.22,191.26,158.72,117.37,93.39,72.05
GB00B1YW4409,3I GROUP,GB,EUR,598.93,607.57,576.44,553.56,572.54,559.59,577.21,580.96,638.65,617.87,680.06,674.3,755.35,762.11,756.05,751.41,769.69,781.41,811.93,848.15,818.89,858.02,903.17,931.37,973.48,1031.92,1050.33,1091.69,1132.04,1111.31,1041.51,1011.77,965.77,1071.65,1069.54,954.55,890.57,777.94,788.68,813.85,836.63,795.3,865.49,812.38,611.29,422.63,306.04,192.48,160.72,140.31,191.18,234.11,308.44,315.0,358.71,390.96,364.82,343.56,349.83,362.55,337.25,317.76,350.43,330.65,328.39,317.96,355.35,319.88,360.58,382.57,371.16,412.32,398.07,407.22,384.1,374.54,380.29,365.04,356.24,279.87,236.51,268.43,241.72,230.85,239.07,248.44,280.61,254.68,220.68,261.28,275.97,276.14,303.94,293.29,286.62,302.2,357.18,416.29,410.71,437.76,442.26,445.38,505.59,482.37,512.45,521.39,527.18,564.99,543.59,624.97,587.61,568.08,641.73,629.26,583.61,597.96,569.0,581.45,636.71,651.67
GB00B27YGJ97,SEVERFIELD,GB,EUR,2554.66,2583.92,2576.14,2980.97,2745.31,2950.91,3400.57,3683.71,3705.95,3542.69,3964.16,4366.86,4937.54,4795.87,5074.42,6021.11,6228.01,6334.33,6785.14,7607.03,7520.39,8092.73,7463.67,7340.94,8949.73,9935.95,9842.7,11412.1,12164.94,12571.79,12817.14,13129.89,11847.33,14221.93,11667.24,10268.45,5629.12,6965.37,6664.1,7012.81,6592.78,5650.11,5444.3,5188.93,4607.03,3028.87,3102.07,2897.77,2649.61,2479.85,2607.92,4012.33,4141.44,4086.79,3752.17,3871.81,3871.36,3688.2,4050.31,3881.5,4709.9,4304.44,4154.02,4681.06,4675.7,4409.02,4745.93,4502.55,4550.8,5482.59,5767.46,6868.64,5139.07,5328.53,6050.5,5850.39,5921.88,5019.49,4677.45,4335.06,3362.84,3752.29,4004.76,3759.57,4499.62,4729.01,4184.37,4364.79,3988.14,3593.79,3503.01,3086.72,3419.05,3398.69,2128.09,2383.39,1790.95,1544.36,1658.47,1767.02,2184.26,2059.8,2451.09,2495.41,2781.09,2943.82,2954.36,2868.17,2834.2,2884.05,2707.36,2972.64,2742.0,2727.55,2935.81,2864.03,2958.83,2759.01,2779.49,3058.73
GB00B2B0DG97,RELX,GB,EUR,20638.11,23123.96,23504.68,22569.6,22105.81,22134.12,21395.08,21759.66,21588.58,21252.53,20733.85,21808.5,21916.7,20983.67,22276.77,23508.95,23092.62,23965.42,23660.48,25629.55,26464.03,27226.03,26151.26,26230.23,27193.06,27811.45,28490.74,31092.41,32899.35,31609.06,30330.3,29639.1,30912.79,32029.75,30895.15,33209.13,29100.64,30658.35,30824.49,31224.66,31058.4,28326.93,28219.74,28398.44,24663.76,21954.3,20543.58,18119.8,18654.83,18638.71,17903.54,19221.97,20669.3,19161.08,18042.19,18965.29,19497.79,19833.4,19421.48,21502.81,20857.32,19498.96,20751.39,21105.33,18752.89,20007.47,23168.05,21792.43,22940.99,23146.04,21450.26,22941.51,23947.26,24185.24,23422.99,24600.4,25237.8,25286.95,25306.61,23042.98,21669.04,24273.23,23364.53,22693.2,23309.32,24741.96,24948.9,24023.41,21341.62,23272.07,24451.99,27497.45,28026.37,28622.54,30188.27,30594.86,31932.7,31552.23,34767.87,34313.54,33681.45,33990.54,38615.26,37030.07,40798.13,42467.88,43794.61,45032.6,44088.11,46401.81,46186.12,45448.64,49237.33,49610.8,49741.16,50740.67,49808.03,51093.91,54202.62,53336.92
GB00B2NGPM57,PARAGON BANKING GROUP,GB,EUR,144.51,140.98,135.71,123.45,133.34,138.28,151.9,157.54,170.72,163.91,188.68,202.48,216.65,220.23,235.35,237.94,223.97,224.73,213.85,223.52,233.91,238.65,241.38,243.08,221.75,221.27,215.16,206.56,198.9,188.92,172.63,160.92,117.31,94.42,55.3,51.15,31.75,26.86,23.31,24.01,22.7,17.3,23.96,23.18,14.16,9.13,7.5,9.93,8.47,8.47,8.15,12.55,16.2,15.82,22.11,28.84,30.93,30.67,27.57,27.13,28.84,26.71,26.81,32.72,25.76,23.71,28.33,27.45,33.96,32.14,33.81,37.15,40.86,38.32,36.33,38.48,44.4,42.79,42.63,33.67,32.13,35.13,39.6,38.21,38.11,40.63,41.4,39.88,33.79,35.74,38.17,41.34,45.87,55.53,52.99,57.3,62.4,66.35,68.82,68.08,63.87,65.07,68.89,69.79,71.28,76.84,79.82,86.69,82.49,98.08,98.19,86.42,90.09,86.07,83.9,82.58,79.93,83.26,94.64,93.56
GB00B2PDGW16,WH SMITH,GB,EUR,28095.48,29645.55,27990.6,26942.2,27426.24,27539.17,27753.85,27935.71,25132.57,27570.65,28479.61,31398.4,30509.03,30776.74,30800.4,35423.47,35551.73,39203.8,40204.51,40049.65,40861.37,42793.79,44733.6,44627.47,48082.56,48231.1,49815.88,56787.64,52574.48,49918.24,50937.54,51472.86,48753.36,50875.64,40650.32,40439.82,42899.49,47737.96,46906.93,53955.95,50361.41,47835.28,46178.82,45190.34,43244.47,38758.2,35178.68,33169.92,32121.61,31780.86,33687.41,41115.84,47232.76,46062.35,47173.78,48075.9,48236.54,55556.65,55915.9,53347.62,54800.21,47784.61,50413.26,52660.49,45060.46,42447.42,46105.27,43423.88,49503.97,53684.3,51007.83,52853.38,52823.42,53292.09,49529.09,55838.26,57755.29,56844.73,60209.21,58734.66,55585.4,63928.86,59678.63,59699.14,64818.61,63238.08,64795.55,63679.03,55123.47,64667.17,65310.94,72222.8,79050.1,75755.78,78880.07,82466.4,82229.99,79733.86,88274.21,89631.95,89318.29,84806.22,93057.82,103367.13,105594.25,114133.55,122308.73,130719.63,138013.22,158005.41,161480.52,148734.34,139779.58,147306.41,155377.66,155947.69,142739.54,146327.05,160805.79,171263.13
GB00B39J2M42,UNITED UTILITIES GROUP,GB,EUR,1787.35,1767.89,1764.11,1792.95,1828.25,1831.36,1749.76,1780.52,1793.81,1708.65,1731.8,1820.89,1902.03,1890.7,1890.5,1927.91,1953.76,1963.56,2039.3,2161.06,2180.94,2252.08,2456.16,2573.87,2519.74,2403.82,2498.37,2525.5,2573.07,2503.38,2403.23,2454.66,2508.03,2665.04,2711.97,2700.88,2540.36,2474.06,2463.03,2550.39,2654.74,2563.78,2618.05,2478.2,2354.07,2147.73,1767.03,1742.89,1509.17,1399.66,1340.96,1457.96,1670.85,1652.73,1508.94,1490.16,1474.59,1466.18,1579.69,1652.31,1774.52,1707.92,1750.28,1696.64,1618.01,1692.53,1972.33,1887.58,1943.84,2103.0,1999.87,2029.18,1905.89,2108.04,2075.77,2306.0,2241.35,2178.59,2188.47,2213.22,2202.16,2217.76,2241.18,2172.08,2190.99,2252.93,2216.5,2316.38,2332.22,2521.16,2548.36,2681.75,2753.33,2597.31,2600.94,2650.41,2809.65,2708.4,2604.53,2790.2,2774.84,2594.61,2735.68,2624.99,2798.64,2830.77,2697.73,2832.91,2997.3,3327.45,3346.27,3423.64,3708.55,3948.53,3934.13,3813.4,3429.6,3579.32,3712.81,3790.92
GB00B3DGH821,DE LA RUE ORD DEAD - DELIST.03/07/25,GB,EUR,25270.05,26213.14,25772.35,25162.73,24630.09,25983.27,25369.85,23784.95,24817.3,25221.46,26739.78,29667.8,30550.8,35993.13,35778.15,36484.38,36281.54,37363.97,37997.52,38604.04,40380.81,44762.35,47689.84,48106.99,49046.29,50749.48,53483.81,54381.11,56807.35,59608.12,58463.56,57798.96,57282.08,65607.56,69056.02,75395.42,69706.56,69864.35,68339.94,65796.37,72895.39,68894.21,65831.48,63311.96,63382.21,56785.68,51487.01,52193.68,54127.87,59053.86,55824.49,57236.47,53402.6,60114.43,57041.03,58702.91,59357.81,62334.5,64569.88,66919.92,65227.84,59736.4,58947.94,58679.77,54299.37,59457.44,49659.0,46507.42,44993.78,44095.41,38912.8,56400.9,46963.75,51478.84,55630.67,58106.48,59474.48,53953.12,58448.1,59907.61,59412.05,62185.15,65150.24,64237.27,68519.69,70547.08,66671.19,73444.64,71362.12,73738.72,76315.93,79108.42,78037.65,81391.86,73589.44,71811.57,69236.24,68125.79,71750.49,70190.53,70098.03,70970.22,74717.37,76777.69,80214.59,68446.52,73747.33,73068.92,65012.38,69434.78,68778.75,70089.27,72980.23,70150.62,64676.48,61965.2,40580.31,43867.17,43844.4,43280.04
GB00B3FLWH99,BODYCOTE,GB,EUR,14548.78,15165.43,14087.2,12880.53,13037.56,13575.94,14518.71,16933.48,16929.26,17681.89,16890.87,16987.18,18715.7,20333.74,21338.17,22664.28,22144.68,21214.96,19174.76,20116.77,20093.5,21228.92,22164.56,20441.0,24451.73,24077.55,27889.04,27086.72,26520.6,25509.09,25694.13,24918.44,23488.12,28319.05,23982.25,17483.48,16478.94,17541.36,17479.63,22518.31,21469.71,19531.38,19369.13,20423.01,13505.64,9599.7,7891.67,8198.44,8154.13,7813.86,8256.41,10257.74,11026.49,10206.54,11436.38,13452.09,12868.43,13007.78,12458.87,12642.87,13696.64,13379.92,15682.89,17245.56,14691.33,15021.95,18735.43,17502.09,19789.68,21607.45,20681.91,22405.06,23428.11,25324.7,27058.98,33574.8,32337.81,30975.74,32820.96,24632.42,19986.39,24011.06,22841.4,21521.58,25370.73,35354.65,32515.55,37112.47,31348.08,28077.09,27694.0,29713.32,33895.22,32987.22,35885.4,39952.07,39750.66,44977.97,44168.77,44422.12,45989.48,43832.76,51799.14,53578.4,58054.41,58700.93,54710.9,61618.64,59226.01,70350.68,74706.69,70171.16,71184.73,66873.66,66655.11,65661.91,61652.25,57195.93,57602.58,57843.81
GB00B41H7391,ZIGUP,GB,EUR,65453.38,66610.85,63625.31,58218.31,60854.83,61060.24,64995.19,68465.67,75909.59,67220.31,65050.04,63461.28,74004.44,74594.73,75411.56,76587.57,73113.73,74105.93,70444.54,72340.44,73688.37,80906.61,85926.8,91690.68,84559.63,81741.79,82961.87,86236.68,82119.48,80775.39,87067.57,89600.45,75013.03,79793.27,61014.31,61851.96,56670.43,53449.44,45654.19,47535.21,44955.44,28385.95,27193.49,26589.04,15304.65,8658.03,9517.25,5347.6,5484.96,2910.61,4547.23,10572.59,12465.91,7926.89,4631.41,7922.3,8446.27,8075.09,8160.61,7939.85,7778.37,6502.0,6339.51,7260.74,5966.72,5801.2,6440.13,6320.06,7633.4,8754.23,7030.64,9867.37,10479.71,11268.68,11399.29,12748.73,12065.57,11765.11,11273.56,10061.75,8703.81,9306.96,8499.38,6679.06,7995.21,8818.23,7527.26,7218.36,6012.84,7273.55,6950.75,7975.0,8794.12,9248.45,9345.54,11464.85,11489.23,11509.9,10813.54,12014.09,11763.43,11673.1,13463.19,14128.16,16100.84,16827.98,15718.14,19779.26,21424.52,23212.34,20181.09,20381.19,20382.65,20877.1,19375.96,19950.44,18510.55,18501.45,18332.34,22511.21
GB00B45C9X44,CHEMRING GROUP,GB,EUR,212796.15,248151.98,230143.57,239625.57,237586.23,230945.41,254741.97,292452.38,304054.09,319942.48,329515.58,349027.66,479007.79,546934.31,572674.1,583384.26,545291.6,603163.8,677273.97,784243.63,784259.99,845068.85,860003.06,865535.18,923172.3,959935.88,1025727.19,1166386.12,1192696.03,1110848.92,1103801.11,1143539.15,1039312.18,1298080.37,1244737.12,1156672.75,1213594.18,1379048.21,1389760.58,1389412.39,1375669.9,1340617.69,1340590.66,1213164.08,1046413.29,734629.13,820523.89,801705.77,948199.68,890573.17,787355.51,904935.37,937156.39,1034821.23,979522.03,992403.66,1139357.83,1270839.34,1294907.75,1382456.56,1507250.33,1472826.18,1479770.16,1645613.18,1357026.52,1310931.07,1340141.2,1184914.12,1403538.42,1420233.96,1322040.65,1347179.48,1596083.43,1579299.19,1662472.45,1676101.26,1642884.5,1541058.7,1361933.68,1376754.08,1243094.08,1242933.69,932095.65,938377.46,914477.61,1058378.85,1008257.66,821039.71,756762.38,666484.19,715103.98,824421.71,826686.41,797316.63,622239.56,588797.86,709358.82,663352.58,623086.38,676530.22,686481.99,690887.75,757164.43,770314.43,797751.61,566621.44,565760.36,601589.13,642909.44,747298.24,702868.27,623103.55,620351.94,578852.4,570624.76,634678.65,606708.05,650076.23,616762.39,621232.54
GB00B5N0P849,WOOD GROUP (JOHN),GB,EUR,144.53,148.83,151.29,149.13,142.59,164.61,193.12,198.01,198.74,182.77,188.84,187.35,231.99,222.5,234.76,270.31,234.52,232.79,231.98,234.55,231.86,242.14,249.2,276.73,282.31,282.65,284.47,304.08,333.55,368.82,359.19,395.98,439.48,472.14,459.49,469.22,410.17,448.59,441.61,466.11,482.96,539.26,459.14,476.48,331.86,213.51,179.35,148.87,154.03,151.9,176.79,198.21,254.02,245.84,247.48,272.09,273.76,297.92,284.33,280.69,307.57,308.24,314.08,323.9,276.42,266.98,319.18,318.22,394.28,399.03,416.62,501.56,502.11,615.2,585.63,670.94,597.02,599.93,624.67,553.26,471.89,570.59,586.11,569.37,593.47,692.07,654.31,731.3,621.26,619.98,703.8,754.82,751.49,792.66,721.23,683.97,740.12,675.2,762.05,705.07,754.61,717.67,798.89,732.46,763.45,766.86,766.47,667.89,621.18,751.65,751.66,786.76,785.04,820.07,753.01,780.04,737.17,634.1,554.6,556.86
GB00B5ZN1N88,SEGRO,GB,EUR,42185.99,43492.95,40300.9,40751.22,41856.89,41725.68,42045.2,43955.04,42558.35,40546.68,42682.69,46417.73,47494.19,48220.82,52266.75,51125.01,52333.0,51979.74,56976.47,57435.67,57712.6,60831.97,66714.77,71425.62,67569.72,67696.36,71442.21,72985.91,66868.79,59203.7,51903.15,53460.87,50071.94,47733.11,44590.29,46033.62,49397.05,50699.24,49677.99,46355.86,41766.52,39738.64,41162.23,40631.23,38440.07,23452.99,17588.04,18376.87,11918.1,7910.6,9319.44,13255.91,15928.25,14885.89,17197.3,22321.71,22385.88,22161.41,20345.07,21194.37,19163.46,18479.24,19007.54,18543.71,16297.87,14887.25,17192.53,16293.51,17167.05,18910.55,16984.69,17893.68,19066.89,20899.78,20565.19,22313.63,21992.22,20631.88,20399.43,17333.55,14411.3,16532.5,14887.06,13613.16,14572.12,15771.37,16400.13,15695.49,14345.26,14899.47,16212.57,16074.49,16359.99,17099.24,16917.02,17906.12,17578.25,17351.97,17927.62,19250.03,19666.65,19660.35,21876.13,20971.09,23710.41,24797.81,25878.94,26127.38,26166.08,28249.13,26921.84,28737.56,30146.02,28709.18,29390.24,30289.62,29008.14,29975.19,30275.73,28453.79
GB00B61TVQ02,INCHCAPE,GB,EUR,170718.91,179725.87,167403.78,151189.21,162682.28,168085.31,162369.6,171251.49,178131.04,167742.52,187208.31,180124.97,194004.69,194216.72,208002.95,228251.95,230578.51,244592.95,247560.34,267208.57,276806.06,279392.14,278134.42,280195.43,292968.98,290271.07,316590.0,323087.28,316082.67,289403.51,272487.38,277066.75,249616.47,284291.66,245337.7,219268.16,214642.61,227363.28,232519.15,246980.26,257303.48,189664.98,148308.73,143705.36,101765.01,38867.0,29435.61,16088.68,16462.13,19313.51,32842.68,42156.62,49517.41,56520.18,82351.91,81694.57,81323.84,87388.31,82379.57,87070.73,77455.63,69986.2,80775.59,95110.85,75874.28,66480.07,84498.78,71069.2,88750.97,100702.9,91256.29,100849.11,107601.02,114052.56,100298.31,109788.51,118933.42,123294.32,117465.6,97478.07,80771.76,97739.25,95034.1,84617.54,99802.62,111256.95,111544.7,110262.96,91639.68,98383.76,111984.72,112192.76,111306.31,124141.34,131358.38,134259.37,143836.91,147082.06,146257.46,149465.21,162543.92,148391.06,168903.82,179544.5,194820.29,201353.65,192060.65,200559.14,189455.35,207390.72,212227.51,213288.03,209444.82,217793.66,217929.56,227223.22,211618.52,225376.63,228074.76,229138.79
GB00B63H8491,ROLLS-ROYCE HOLDINGS,GB,EUR,667.43,678.83,637.69,626.04,683.75,712.12,814.52,839.54,913.88,901.81,940.68,1024.31,1076.59,1072.39,1122.67,1223.98,1092.18,1082.1,1162.91,1172.68,1195.81,1276.35,1194.47,1248.41,1305.04,1371.51,1398.2,1383.82,1420.84,1558.33,1494.76,1486.63,1535.39,1625.17,1580.18,1580.46,1362.3,1256.82,1189.44,1291.16,1240.63,1009.27,1053.85,1077.34,890.7,799.25,725.3,731.36,725.72,624.56,638.94,779.53,823.22,926.6,1068.9,1148.35,1171.95,1174.23,1227.8,1231.08,1212.24,1339.43,1424.28,1415.94,1370.8,1346.87,1453.75,1362.69,1522.02,1673.62,1533.3,1576.91,1652.11,1622.42,1604.11,1756.68,1718.65,1700.08,1758.47,1710.86,1521.75,1879.53,1900.53,1923.01,1923.87,2155.38,2150.49,2245.62,2124.61,2259.88,2237.76,2189.86,2285.98,2332.54,2418.14,2405.79,2541.28,2643.99,2907.29,3011.1,3127.81,2944.68,3049.84,2945.05,3083.08,3187.34,3489.93,3643.0,3365.35,2888.18,3088.89,3097.8,3047.95,3193.64,3067.84,2962.65,2731.97,2383.24,2331.51,2397.16
GB00B63QSB39,GREGGS,GB,EUR,9783.82,10500.54,11331.62,10968.38,11305.04,10838.02,10643.12,10839.45,11224.35,11198.82,10451.64,10687.55,10358.55,10777.07,8868.44,9054.99,9367.7,9982.56,9031.52,10779.78,10581.97,10778.63,10663.89,11460.43,12448.14,12060.1,12913.97,14175.96,14621.09,13605.86,13802.63,14769.46,13723.39,14520.63,13700.75,13061.11,12164.27,12079.97,12535.79,13032.09,11527.33,10434.22,9939.57,9256.04,8057.32,7544.12,7091.39,6976.73,7412.31,7575.27,7141.68,7624.46,9589.4,9126.2,9704.74,9864.01,9643.19,10706.01,10700.95,10583.3,10079.23,9527.86,11118.33,11354.03,10051.69,10613.23,10735.45,10656.17,11677.07,11440.6,10657.67,11367.18,11654.28,12316.87,12751.72,13749.34,13857.79,13632.44,13399.93,12822.64,11676.32,13400.44,12637.18,12738.67,13037.24,14154.99,13471.76,13549.29,12868.17,13152.28,13425.19,12970.31,13652.19,12695.27,12977.26,12428.62,12763.22,12795.03,12193.17,11179.18,10697.93,10970.25,11370.12,11164.56,12057.15,12989.74,12728.65,12532.39,14602.01,14830.97,14812.58,16305.68,15803.93,16542.22,15952.81,16396.94,17515.54,17665.0,18177.81,20830.79
GB00B67G5X01,WORKSPACE GROUP,GB,EUR,1964.11,2052.71,1985.5,2049.53,1929.31,1919.75,2026.71,2167.82,2116.35,2125.72,2304.4,2402.48,2523.37,2579.58,2663.07,2667.09,2578.3,3034.53,3209.86,3298.42,3471.39,3542.25,4075.2,4443.19,4294.79,4169.92,4516.62,4168.31,4113.93,3674.62,3405.84,3373.73,2973.51,3240.08,2678.82,2494.82,2581.4,2423.97,2527.8,2092.25,1677.91,1334.74,1192.27,1138.86,1089.72,765.74,701.76,420.75,147.87,91.55,112.78,145.14,142.41,148.09,167.98,235.53,233.79,224.52,220.81,249.46,236.84,222.45,244.58,241.66,197.66,221.37,212.87,203.61,233.16,261.32,235.79,253.21,284.38,271.79,304.13,336.78,326.61,338.14,327.21,291.51,246.99,286.0,276.07,259.02,267.39,269.18,281.19,274.24,252.16,273.98,298.74,314.11,332.96,377.88,361.04,376.28,399.99,402.59,403.67,452.09,472.57,455.83,538.05,537.81,577.78,617.91,650.09,687.25,705.84,786.03,781.29,766.61,760.2,770.88,828.03,825.82,821.06,841.02,862.75,955.15
GB00B6XZKY75,BARR (AG),GB,EUR,45606.05,49836.49,49846.83,52373.63,51947.86,53703.23,50721.13,52653.55,50192.23,49331.79,47864.47,48068.47,49922.34,48905.5,50074.22,53276.38,56210.48,58369.8,61114.79,64469.02,64744.29,66755.67,67294.86,68977.93,74933.87,79727.7,75561.82,85369.31,86137.73,80418.17,81071.18,74172.18,76682.93,80349.19,75039.64,66748.66,73234.62,73837.25,71604.3,72774.84,78861.7,81133.84,73673.94,68418.92,58611.1,57916.39,54754.45,60125.36,53074.3,57765.64,57627.0,62206.71,67183.32,67795.53,71263.35,71997.68,85671.48,91146.38,94900.11,96125.47,84548.91,82407.0,96206.77,95192.32,91755.1,107222.92,126482.18,129652.18,131115.71,133559.43,120849.71,116685.35,126590.86,114892.95,134562.47,156525.4,154872.0,146285.06,144686.38,127409.28,128363.25,135953.08,126124.48,131223.95,131818.24,132660.28,131350.6,131461.61,115975.86,133085.92,143203.19,142066.83,153459.64,153268.42,162748.17,172123.05,186973.02,168966.8,179565.89,185066.78,182577.66,166195.03,177966.19,181252.09,185354.6,183475.3,197251.01,204501.02,218695.3,225200.4,221849.05,227827.82,231765.51,240414.33,247461.82,235713.49,221132.94,209931.98,213674.84,204431.2
GB00B6YTLS95,STAGECOACH GROUP DEAD - DELIST.28/06/22,GB,EUR,1478.47,1464.0,1404.78,1323.5,1354.93,1423.0,1347.37,1334.67,1358.4,1304.54,1402.99,1362.44,1367.79,1363.77,1383.86,1368.19,1320.95,1478.81,1453.95,1564.86,1682.45,1886.92,1980.96,2123.67,2082.3,2184.58,2522.73,2668.71,2542.15,2550.54,3010.8,3156.97,3264.15,3961.66,3580.57,3999.72,3370.79,3546.01,3409.15,3604.29,3249.69,3949.73,4001.57,4189.07,3216.76,2147.04,1925.49,1448.37,1260.78,1204.05,1252.56,1416.3,1532.46,1520.09,1635.88,1647.18,1952.16,1789.51,1776.72,2052.19,2114.46,2070.76,2161.2,2345.06,2080.25,2059.42,2049.82,2058.21,2232.86,2598.68,2387.18,2583.76,2614.68,2646.43,2712.64,3235.42,3071.19,3220.14,3225.38,3352.86,3061.87,3160.07,3111.48,3333.25,3502.91,3413.44,3247.45,3206.12,2861.21,3326.5,3522.58,3691.97,3677.49,3585.33,3801.9,4049.9,3935.97,3694.09,3858.02,3914.98,3668.5,3911.89,4150.8,4121.84,4404.16,4716.38,4994.49,5226.79,4986.29,5494.68,5532.03,5266.6,5495.36,5404.91,5048.66,5202.84,5117.63,5299.63,5432.97,4946.25
GB00B71N6K86,EVRAZ SUSP - SUSP.06/12/23,GB,EUR,,,,,,,,,,,,,,,,,,,,,,,,,,,,,,,,,,,,,,,,,,,,,,,,,,,,,,,,,,,,,,,,,,,,,,,,,,,,,,,,,,,170.13,164.03,199.32,190.66,166.3,168.97,128.03,119.59,108.83,104.52,120.27,114.93,113.37,127.11,138.15,125.12,101.81,72.86,61.96,44.25,42.97,58.4,62.61,57.26,52.89,55.98,42.39,35.46,40.13,49.11,53.09,47.41,50.8,58.69,66.02,64.75,73.25,75.47
GB00B82YXW83,VESUVIUS,GB,EUR,5378.87,5376.59,6029.49,5408.66,4725.13,4368.26,4754.12,4630.62,4657.11,4487.15,5300.64,5820.31,6635.43,6607.84,7153.65,7699.37,7508.99,7831.75,8112.81,8380.34,8591.77,8965.76,9454.12,9961.74,9439.47,9307.85,9879.78,10722.07,11588.63,11639.21,11530.59,12666.77,12794.89,14242.98,12608.32,11419.92,9024.19,9774.6,10862.29,11574.19,12015.92,10401.66,10262.58,9867.23,7002.91,2731.26,1429.52,1536.41,1139.52,1037.35,1303.97,1617.66,2437.47,2408.64,2888.79,3599.51,3680.89,3369.17,3550.97,3816.91,3849.39,3920.56,4640.97,4845.85,3862.1,3247.27,3892.82,3606.86,4825.59,4609.6,4694.98,5771.82,5958.7,5955.16,6187.51,6681.2,6443.0,6147.35,6019.02,4881.1,3905.27,4491.24,4509.27,4579.82,5271.67,6247.47,6392.03,6820.79,5697.4,5467.61,5100.82,5621.44,5766.93,5613.8,5876.94,6781.48,6927.91,7004.5,6455.71,6530.73,7139.62,6898.48,7953.49,8907.11,9043.23,9746.85,9945.83,10557.29,9193.97,9817.17,9074.43,9008.61,9833.01,10032.29,10050.57,9987.12,9472.23,8818.11,8431.31,8997.63
GB00B8B4R053,STUDIO RETAIL GROUP DEAD - DELIST.25/02/22,GB,EUR,226967.24,225703.14,216560.42,190679.85,203277.3,219806.12,222313.16,232346.2,194604.01,184843.57,182783.47,209023.12,226188.49,218152.47,237297.32,244662.48,251196.96,263237.33,253766.76,270484.67,265621.48,278157.91,312083.11,353848.59,344489.57,360017.45,344192.93,332744.3,373142.2,374659.7,364490.57,373269.31,339112.66,381206.65,325501.83,306886.64,274387.6,267041.85,256203.19,146737.2,115793.91,94348.89,91098.73,95401.5,51485.69,28208.76,39095.07,40905.74,24694.58,33207.88,31625.73,65927.17,33238.87,18646.33,26747.51,35992.4,28914.77,29423.42,25350.58,25684.19,24386.07,19336.19,17704.19,16813.8,15129.03,11983.33,5913.61,5135.08,7753.34,12257.1,8731.75,10390.63,10813.49,8561.12,6436.18,6642.01,5465.63,8145.39,8143.7,7959.49,4894.69,4078.62,3350.03,3700.85,3653.49,3698.41,3857.64,3759.53,3441.26,3081.39,3129.97,6514.14,6643.99,7225.34,8030.47,9892.23,7965.25,6777.67,6528.8,8390.69,8223.59,9129.79,10216.46,12163.88,13256.19,13549.94,14011.58,14941.02,15803.95,16794.52,17644.7,15078.82,13425.44,15000.4,14225.03,13265.11,12975.61,13969.24,10838.29,11564.79
GB00B8C3BL03,THE SAGE GROUP,GB,EUR,18182.19,19572.25,18717.08,18377.64,19459.83,19825.13,20147.33,20314.9,20157.15,18770.15,19865.89,21894.38,23392.06,24179.36,23776.03,22629.53,21698.48,21353.75,21719.27,22770.0,23482.14,22902.62,25220.03,26537.47,26369.47,25433.59,25578.16,26711.42,25224.23,23878.83,23849.53,24185.33,25772.97,25514.58,22514.85,23236.75,22247.89,20456.24,19465.97,20398.22,23402.32,21891.6,20424.08,20159.4,18321.67,14711.8,13414.29,12864.05,13741.65,13152.42,13110.01,14858.81,16784.91,16068.31,17746.88,19705.57,20450.16,19279.67,19176.89,19462.87,20778.85,20164.83,20287.13,20993.28,19524.72,19588.63,21151.47,21278.42,24614.27,24349.87,22653.27,24199.04,26721.99,26617.78,25660.3,27363.33,27748.39,26944.38,26166.69,23846.12,23203.49,26076.85,26506.05,26561.05,26869.55,29513.28,28435.39,27634.56,23805.81,26226.21,27162.28,28369.13,30516.35,30183.19,30112.79,28846.43,30850.78,31743.61,32006.24,32308.37,34402.2,32061.84,33018.39,33075.12,33186.31,33652.78,35461.7,41546.95,41695.61,45751.44,44080.08,45532.22,43916.96,41960.34,39813.5,41774.03,37846.73,38606.73,40732.73,46393.68
GB00BD6K4575,COMPASS GROUP,GB,EUR,101.51,110.35,104.39,101.91,90.47,96.15,100.33,103.95,84.61,78.0,84.67,87.78,91.4,90.9,94.59,102.71,105.74,115.89,115.39,117.56,121.32,129.53,136.69,137.42,143.72,146.96,165.04,180.41,184.56,173.45,170.46,163.91,153.84,179.71,163.87,153.55,160.67,166.11,163.81,172.74,189.54,195.24,187.42,172.8,158.5,120.19,121.48,127.85,130.96,116.74,121.0,127.05,152.34,148.94,143.31,142.58,163.88,171.42,189.49,192.7,187.72,203.04,218.24,223.56,212.81,211.56,229.25,226.46,230.88,225.86,238.93,251.23,251.22,254.18,253.67,275.26,274.65,275.42,269.18,256.09,231.67,260.77,264.43,271.04,270.98,293.41,305.34,304.88,285.39,309.26,316.55,331.91,325.3,322.88,340.56,347.34,363.75,364.9,383.26,395.88,394.5,386.26,412.75,401.45,417.32,436.92,457.39,486.07,461.17,487.82,470.13,490.22,519.22,540.71,505.21,503.13,499.65,497.79,527.96,530.97
GB00BDCPN049,COCA COLA EUROPACIFIC PARTNERS,GB,EUR,434.38,422.5,406.86,402.5,433.83,437.19,466.79,443.95,388.13,376.18,383.35,382.35,393.72,391.93,406.89,390.69,393.29,408.79,430.66,447.52,419.23,403.13,412.78,412.18,414.2,405.32,409.96,444.18,472.72,487.18,459.98,483.52,492.86,525.22,529.69,530.92,470.13,498.28,494.99,460.22,411.95,355.15,347.55,350.42,345.68,207.16,190.77,249.99,233.37,238.56,275.93,356.89,348.52,349.72,394.67,424.49,451.49,402.14,416.01,448.82,427.44,540.91,587.61,589.09,554.47,551.32,611.87,606.75,662.9,746.7,754.77,782.27,786.34,821.96,857.03,891.88,906.95,920.33,886.58,871.12,788.48,849.97,832.1,821.27,853.44,920.66,916.4,965.1,876.66,903.82,945.07,951.84,1013.36,1018.87,1015.81,1033.73,1136.02,1165.67,1209.58,1200.08,1217.44,1158.17,1236.57,1231.96,1331.36,1381.69,1395.36,1468.22,1440.28,1566.37,1597.37,1519.77,1526.46,1606.73,1528.38,1606.73,1499.52,1465.38,1493.84,1503.36
GB00BDR05C01,NATIONAL GRID,GB,EUR,692.93,691.38,659.26,699.64,697.15,709.72,675.21,691.02,689.43,670.41,693.0,729.22,764.26,785.09,741.97,781.59,848.0,829.88,872.81,930.8,956.33,980.11,1053.34,1123.5,1170.91,1164.68,1218.34,1225.12,1206.4,1180.99,1138.59,1194.53,1273.99,1328.0,1366.68,1343.25,1244.98,1180.55,1112.0,1122.53,1192.82,1095.03,1102.32,1085.63,1060.19,946.9,864.74,836.14,794.31,759.24,652.6,711.2,820.57,798.04,819.51,854.69,855.0,884.85,959.39,990.79,913.65,896.92,879.29,869.97,729.01,775.8,842.7,891.1,898.67,996.22,934.2,935.73,956.44,1003.74,1029.05,1106.83,1113.58,1104.61,1100.83,1135.84,1117.32,1119.62,1127.96,1115.44,1145.31,1176.82,1156.86,1241.02,1193.7,1264.15,1238.51,1295.35,1315.95,1358.07,1376.09,1391.75,1335.25,1348.66,1414.75,1553.42,1448.57,1427.11,1503.94,1448.7,1492.09,1589.72,1601.21,1678.03,1667.17,1798.08,1761.95,1824.73,1919.38,1907.88,1918.6,1983.25,1912.28,1967.91,1965.06,1931.49
GB00BF044593,CLS HOLDINGS,GB,EUR,889.48,1007.83,936.78,911.69,967.47,941.19,925.98,990.94,964.54,932.08,975.28,987.34,1041.61,1083.72,1163.17,1151.99,1164.47,1255.18,1273.5,1214.3,1364.35,1436.94,1603.04,1665.88,1558.02,1467.47,1654.79,1655.07,1695.09,1361.59,1355.66,1280.69,1193.98,1123.04,946.03,744.14,828.35,780.8,813.85,791.64,784.22,781.17,797.48,767.86,707.85,551.05,516.26,504.4,530.66,450.45,387.44,512.18,556.45,577.75,576.84,836.1,975.01,862.68,858.88,926.41,831.26,813.84,898.57,890.87,765.43,788.16,801.62,910.42,950.68,974.67,904.62,962.57,967.26,1141.23,1226.11,1302.69,1221.14,1200.32,1204.62,1119.04,1039.27,1214.22,1091.79,1054.68,1099.06,1152.08,1121.06,1172.52,1062.23,1208.74,1189.45,1308.12,1339.19,1334.23,1251.69,1430.33,1393.27,1405.53,1510.79,1640.75,1691.56,1735.85,1953.08,2141.4,2186.81,2223.11,2289.24,2627.11,2364.84,2646.64,2546.6,2713.31,2699.17,2588.23,2524.53,2502.44,2582.62,2516.49,2593.92,2742.28
GB00BF5H9P87,GREAT PORTLAND ESTATES,GB,EUR,15102.55,15546.6,14847.45,15109.98,15729.73,15322.72,15384.18,16122.71,16799.84,16237.06,17063.82,18200.49,18404.24,20014.37,20979.53,20391.87,21944.37,23184.73,25136.0,26943.82,28332.61,28737.44,30412.81,34233.49,34731.56,37121.13,38388.17,36291.83,36085.35,33889.54,33650.12,33273.16,31036.78,30269.06,26460.64,24056.0,24689.1,25573.49,27059.17,23336.18,19651.81,17505.28,17526.94,17383.31,15458.18,11596.54,10206.71,9896.54,8769.15,8679.12,9249.62,12043.55,13521.68,13168.65,14009.82,15698.02,15387.28,14798.27,16874.35,17025.47,16552.93,15715.34,17805.41,17961.1,16691.33,16248.63,17616.96,18149.19,20079.37,20623.15,19379.23,21287.99,21742.61,23764.19,23305.34,26469.25,27391.7,26687.46,26047.55,22447.77,20193.63,22917.33,21330.41,19312.92,21875.18,21701.58,22123.67,22497.57,22665.57,24063.5,26250.13,27243.01,28395.71,29379.03,29621.84,31231.9,30300.45,29356.27,29580.69,32527.19,33310.91,31970.67,33430.05,32729.96,34617.17,36509.95,38040.94,39587.13,39641.86,43131.66,41976.4,42245.73,43936.33,44306.06,43407.99,43869.05,41714.1,44191.54,45502.29,46534.29
GB00BF8Q6K64,ABERDEEN GROUP,GB,EUR,,,,,,,,,,,,,,,,,,,202.94,217.51,219.89,235.92,243.32,251.66,250.21,256.9,274.17,287.51,300.79,293.1,277.31,267.9,263.43,264.88,241.9,225.49,192.01,195.24,226.47,229.58,229.53,193.16,208.76,215.44,201.31,181.53,189.18,136.67,149.09,116.91,117.02,138.6,156.7,150.64,161.18,161.02,175.93,180.49,171.54,175.61,157.59,149.42,158.54,159.74,137.53,136.22,165.23,166.85,194.07,193.33,166.91,180.14,195.65,206.99,184.24,209.6,192.01,187.83,180.73,187.53,177.11,198.01,180.79,182.26,195.38,211.13,216.75,214.44,186.07,216.2,223.84,253.4,264.81,282.89,308.4,324.62,329.5,321.77,333.56,373.08,381.48,335.87,368.36,328.19,363.73,367.75,374.31,387.3,390.72,425.02,409.26,431.3,448.39,427.49,422.89,426.64,455.14,426.73,449.86,422.66
GB00BG11K365,REDROW DEAD - DELIST.23/08/24,GB,EUR,753.06,819.74,778.49,671.86,745.27,764.19,756.92,768.17,798.41,786.01,881.04,957.3,959.6,996.16,1010.35,1014.84,924.88,967.08,974.76,1006.07,1172.34,1249.88,1380.33,1491.31,1293.19,1321.91,1381.63,1320.09,1260.82,1107.45,1115.04,1122.08,906.18,910.83,792.94,715.1,631.59,670.82,732.56,581.3,530.56,322.62,294.08,354.82,327.48,380.94,338.65,266.6,255.85,229.44,228.28,337.98,359.09,368.14,361.17,458.51,391.18,346.64,330.43,320.33,313.08,304.26,320.58,340.38,277.38,251.92,250.16,245.27,291.2,263.49,242.49,316.64,283.57,328.22,298.84,326.88,319.87,297.63,314.35,296.27,260.22,280.7,268.59,262.62,290.2,301.39,307.64,297.9,251.37,282.82,292.1,367.43,374.51,379.17,379.34,402.2,440.06,422.23,425.31,496.53,506.74,493.14,553.98,519.11,565.14,637.68,690.4,773.98,800.0,857.94,815.46,727.0,676.07,699.18,620.12,683.85,688.41,699.21,665.72,697.03
GB00BGDT3G23,RIGHTMOVE,GB,EUR,,,,,,,,,,,,,,,197.4,193.7,191.6,195.17,158.7,172.61,193.9,199.26,218.27,231.85,278.84,278.88,294.11,307.63,367.08,380.04,355.79,354.69,318.76,373.43,301.79,279.52,262.31,302.2,294.27,254.79,213.02,163.56,180.42,172.84,139.87,96.28,90.36,78.33,75.2,99.27,116.02,149.07,180.05,183.23,219.09,275.99,280.96,276.38,280.39,259.2,269.44,307.58,325.29,338.71,325.72,302.94,328.94,319.6,371.5,411.71,377.86,394.56,433.2,468.57,492.64,571.97,592.81,624.32,654.4,691.08,607.82,690.99,655.77,634.2,664.69,757.75,761.04,820.88,745.63,825.13,772.49,844.0,836.71,862.47,797.8,775.68,883.01,869.13,898.68,993.55,1038.18,1057.88,1233.49,1204.23,1283.97,1432.65,1397.91,1525.93,1399.2,1552.44,1478.8,1368.33,1301.99,1241.52,1300.77,1417.34,1181.5,1150.73,1165.39,1194.88
GB00BGLP8L22,IMI,GB,EUR,20662.66,21161.28,20879.02,20928.06,20711.97,20604.6,21609.55,21864.64,21241.24,20982.54,22786.42,24168.25,25643.17,25634.21,27477.26,29185.3,26788.33,26358.17,26887.37,27460.72,27408.09,29103.02,29616.83,28731.08,29273.17,28967.84,32938.43,33814.84,35258.2,35287.68,35409.59,33569.52,32592.34,34910.95,27816.04,23458.85,22193.58,23129.78,27050.91,27605.83,31193.55,26729.25,26787.87,28116.9,20847.88,13923.6,12333.46,12243.28,12141.38,11813.86,12183.35,17334.45,18192.64,16764.67,18405.97,23863.52,23787.35,23623.34,26818.59,27822.31,29178.57,28581.81,33266.96,36987.26,32253.64,34859.42,37870.43,35575.68,41502.7,43315.48,45773.1,50771.9,47875.1,49619.52,56657.05,63571.13,59630.46,59003.73,60156.76,50748.91,39119.87,47070.47,44391.91,41775.32,47637.81,54749.28,54957.37,57996.35,49165.79,47073.0,46486.2,49304.14,53195.68,56285.97,61829.32,65269.27,67897.45,67951.48,71975.63,71771.14,72959.83,69996.9,77414.97,82617.41,88464.26,91625.52,90282.58,94830.22,92369.63,96807.29,92073.62,97337.3,102944.34,97710.88,91937.64,87418.63,77404.86,75891.05,71795.24,76446.79
GB00BH4HKS39,VODAFONE GROUP,GB,EUR,2994.98,3041.12,3077.19,3016.17,2931.04,2870.04,3036.69,3213.32,3072.18,3089.81,2585.69,2580.72,2512.15,2286.47,2503.6,2819.49,2757.01,2633.93,2684.34,2675.99,2824.24,3184.41,3329.69,3485.36,3645.93,3489.99,3344.73,3611.73,3933.44,4357.54,3945.19,4171.92,4654.29,5081.76,4914.76,4904.32,4571.91,4245.86,3934.56,4165.04,4206.44,4020.52,3650.34,3484.65,2962.34,2606.51,2700.61,2765.16,2587.24,2469.15,2434.42,2556.69,2588.17,2793.46,2944.08,3132.51,3245.28,3209.92,3320.46,3424.63,3181.85,3178.02,3402.71,3283.34,2962.28,3200.83,3581.74,3713.46,3806.23,4175.21,3914.77,4059.28,4392.08,4433.23,4424.19,4475.79,4348.55,4305.33,4580.43,4252.88,4201.55,4526.23,4571.96,4693.37,4549.92,4566.76,4644.48,4673.76,4494.93,4927.72,5014.53,5052.88,4974.28,4750.95,4619.75,4490.8,4880.71,4495.06,5068.29,5462.22,5205.54,5291.21,5560.63,5925.16,6496.08,6698.35,7006.63,7403.1,7021.99,7678.76,6758.43,6958.59,6466.43,6365.34,6385.03,6555.09,6326.06,6331.52,7105.52,6732.95
GB00BHJYC057,ICTL.HTLS.GP.,GB,EUR,165.75,165.5,156.71,158.11,161.79,166.09,170.68,176.11,170.51,167.9,186.33,199.65,205.95,208.56,227.25,233.41,219.77,228.39,209.31,223.75,227.76,245.66,247.97,307.25,309.45,292.16,310.49,300.61,336.7,295.41,269.29,248.34,232.41,268.22,223.55,211.7,185.24,184.76,187.29,199.85,205.03,165.85,164.12,185.65,171.67,131.37,131.62,140.23,131.0,120.71,138.1,168.27,169.96,162.03,176.59,201.42,213.79,206.55,221.42,234.97,236.94,242.08,277.22,311.33,293.87,285.55,296.29,266.28,308.03,327.28,309.12,337.05,356.57,370.94,354.11,363.25,358.82,353.28,334.71,293.5,294.9,322.4,310.33,324.64,362.52,402.36,416.18,420.19,437.09,439.66,451.7,464.35,468.69,441.62,481.46,492.71,535.72,552.46,588.73,556.76,559.39,530.35,559.39,588.38,588.05,592.95,621.01,656.91,642.88,633.74,640.19,670.42,782.38,804.31,792.46,765.34,788.55,785.23,898.26,860.14
GB00BJFFLV09,CRODA INTERNATIONAL,GB,EUR,85202.92,95716.63,93859.37,94167.81,91561.07,93167.68,99308.06,99304.55,104383.67,106035.97,107520.94,108977.62,118453.34,118643.09,117989.37,123892.38,118337.4,112488.35,113552.68,115687.44,134938.45,141960.63,150308.65,162014.79,156772.76,175541.23,177072.23,178284.07,196534.11,183630.02,205835.79,191274.94,188777.64,200604.33,173402.67,167442.27,140600.18,174668.39,190776.82,196647.43,191564.47,187354.66,201344.35,185927.97,159727.1,122596.7,102700.42,110905.42,107249.86,103969.96,112800.76,122771.5,129306.64,133812.81,145942.65,155884.65,161467.87,190133.95,188034.87,198820.32,185203.67,210867.71,218743.49,240865.44,216264.27,235662.41,315947.49,307414.88,367657.96,361949.17,356488.13,398318.48,375729.67,405605.39,423454.08,500965.35,511703.23,483731.62,499573.76,475976.92,416047.41,459038.6,463840.65,453797.81,494252.35,556954.79,544646.11,586661.03,564606.71,582302.64,604052.88,620848.03,649672.39,588292.0,633084.99,640762.75,637600.79,652764.03,691019.26,639862.04,627768.84,631586.88,639472.09,675889.92,730752.92,665176.7,647016.2,691644.93,673730.08,723755.59,721414.89,749473.36,760975.33,648446.69,611183.82,632645.06,581049.71,641007.68,670936.45,724644.72
GB00BJQZC279,DAILY MAIL 'A' DEAD - DELIST.10/01/22,GB,EUR,202481.3,212680.48,204992.29,191942.65,184811.79,178557.81,176451.87,179846.65,176901.74,167897.64,196758.28,207248.11,209934.97,174388.86,184418.17,189911.8,186056.78,175092.67,163363.66,168927.73,174674.64,197316.64,218094.04,219135.79,230473.5,236870.97,248703.16,262485.47,260248.58,241154.69,229885.72,214887.03,201534.76,199946.46,182794.52,158108.6,167517.69,149012.19,137364.89,132213.58,128526.33,101025.2,101997.89,109630.63,91995.84,76072.42,75910.1,65043.55,63652.07,59586.65,56198.54,82181.56,87676.86,79583.64,84628.75,108017.23,124967.41,111546.61,115412.2,117683.14,126074.41,117949.65,131533.26,138833.71,123354.87,115687.76,133817.5,122280.72,145998.75,151227.47,142369.07,161584.08,161277.85,164354.79,142434.25,149679.61,134121.52,135675.75,122741.18,119765.16,102932.18,122689.72,119063.88,116338.69,129093.83,128617.03,135073.26,126577.07,111211.33,126019.86,134815.33,144664.67,147687.14,146043.66,164270.89,174200.74,185018.46,209617.29,209538.76,208267.24,225580.13,228804.21,239703.04,239576.98,241916.06,256382.2,298304.41,316444.68,314325.9,350691.6,288183.26,273576.97,290446.83,284973.65,283580.24,288766.86,248757.02,253500.68,264144.21,262034.87
GB00BK9RKT01,TRAVIS PERKINS,GB,EUR,4865.0,4768.98,4230.05,4192.65,4316.63,4216.23,3857.75,3814.34,3421.08,3355.71,2994.63,3277.7,3580.04,3544.19,3948.0,3954.68,3952.34,3870.59,3938.2,4435.82,4485.25,4760.04,4753.13,5407.92,5424.97,5341.41,5496.01,5663.71,5777.88,5376.51,5433.91,5078.03,4436.63,4301.88,3892.17,3411.11,3273.67,3068.97,3032.41,2814.0,2418.29,1569.13,1669.25,1793.6,1380.55,710.01,624.59,736.28,694.87,702.02,954.23,1572.35,1659.31,1656.84,2580.26,2513.25,2545.75,2378.07,2377.01,2629.05,2256.66,1946.18,2372.48,2486.12,2194.72,2095.52,2524.25,2237.83,2539.88,2546.5,2419.1,3184.47,3116.24,3111.24,3130.9,3447.05,3432.79,3082.02,2813.65,2607.72,2296.93,2714.91,2556.29,2416.53,2705.17,3353.55,3369.8,3332.8,2829.65,3013.95,3130.22,3226.73,3328.43,3470.23,3560.81,3527.29,3826.16,3857.02,4403.42,4451.39,4928.22,4455.82,5206.42,4915.97,5391.44,6054.55,5973.51,6295.47,5803.0,6652.4,6380.9,5917.67,5802.57,5756.84,5812.69,5949.96,5544.84,5473.96,5861.07,5997.09
GB00BKP36R26,HYVE GROUP DEAD - DELIST.23/05/23,GB,EUR,328.36,379.16,386.74,369.12,368.3,393.69,379.33,392.21,395.97,418.44,415.36,417.47,501.4,484.75,478.28,481.92,506.07,463.61,475.98,489.0,487.19,580.01,632.89,728.03,659.08,693.92,667.86,724.42,833.8,741.5,758.77,745.45,766.32,796.13,766.65,668.2,612.99,668.54,647.96,641.26,769.38,759.09,757.79,683.34,486.77,308.14,242.42,197.13,208.24,168.1,221.12,338.04,352.21,401.66,388.25,377.73,474.5,485.03,496.84,501.63,544.74,514.69,543.35,576.59,516.81,538.89,588.5,593.08,711.37,746.83,737.32,999.17,937.33,986.95,1003.18,1106.92,1049.14,901.5,955.69,722.28,639.28,788.07,823.43,822.91,856.07,967.35,940.01,972.15,779.09,803.89,801.76,863.0,891.65,833.9,838.56,1072.62,1107.0,1101.27,1130.21,1112.61,1214.05,1233.56,1182.49,1183.59,1209.69,1423.11,1386.59,1397.9,1253.19,1318.12,888.77,1083.98,1095.52,1130.58,955.67,948.51,775.01,768.21,680.2,703.64
GB00BKY40Q38,GALLIFORD TRY,GB,EUR,22460.24,26356.01,23443.93,22760.42,22810.4,22921.37,24909.18,27012.03,27724.93,31740.96,33812.09,34021.86,43510.54,42774.36,47305.3,52822.25,46119.59,47547.44,48414.69,49750.07,50943.43,58197.74,65600.77,72818.92,68720.54,78991.13,76918.96,77511.55,78710.04,73047.07,70137.95,67538.56,68685.54,75947.5,60592.11,47668.83,35011.64,32142.27,30610.87,25361.43,21107.54,17733.35,23378.72,27769.04,18932.94,18190.69,11485.28,11295.12,12485.52,14019.17,14374.28,20246.96,19102.45,19921.65,22860.29,24107.95,23841.9,19772.8,16638.36,17622.87,17853.68,17417.87,17230.95,20557.1,17434.36,16715.43,17149.51,16665.83,18488.29,17853.25,15765.38,17110.49,18326.02,22152.37,22296.21,25675.04,28205.8,30786.99,30047.47,25667.87,25424.02,28654.41,30138.16,28122.1,28645.66,35965.82,38607.05,40995.57,35762.92,38323.54,37041.42,39147.5,45574.22,47334.78,46609.77,48115.03,51849.57,54654.6,56165.58,61802.33,58400.0,57109.2,60536.06,59399.42,67860.08,75812.45,73654.25,79723.92,79378.46,88257.97,92136.31,83544.08,78938.2,81322.23,89648.89,89569.3,85475.57,84323.61,81395.68,86480.9
GB00BL6XZ716,CAPITAL & REGIONAL DEAD - DELIST.11/12/24,GB,EUR,3150.97,3118.41,3059.95,3136.51,3352.14,3421.55,3219.51,3460.77,3385.29,3149.44,3438.9,3546.61,3980.61,4361.89,4759.96,4831.92,4349.35,4496.62,4660.33,4603.93,5368.02,5938.48,6362.99,7312.62,7446.36,7189.37,7318.81,7553.96,6706.21,5715.83,5007.55,4634.6,3722.37,3504.09,2804.78,1967.96,2292.33,2535.68,2713.6,2210.75,1514.72,974.21,635.4,870.54,776.1,196.03,310.27,179.2,114.7,90.72,64.62,135.57,157.15,141.93,149.48,350.3,281.84,299.28,339.59,295.35,316.6,276.41,285.54,286.08,246.34,235.68,255.07,268.78,290.31,292.41,255.73,269.63,312.2,317.02,333.83,345.14,334.0,336.5,330.9,321.71,295.31,293.06,285.56,263.49,258.07,279.37,277.29,290.49,213.7,221.95,192.44,212.05,228.51,206.47,237.49,249.56,239.17,243.18,267.58,286.74,287.41,267.27,283.35,328.35,352.42,373.37,372.98,391.59,419.47,464.88,424.46,420.76,424.78,426.07,420.7,431.83,428.9,418.9,431.41,446.55
GB00BLGZ9862,TESCO,GB,EUR,152072.1,153753.84,156431.94,156446.57,151714.97,151950.46,152410.89,156054.98,146797.75,142740.3,140570.92,152579.73,151532.71,158697.88,153464.27,155699.66,163874.16,168791.83,183397.68,196070.81,183741.32,206557.74,211816.08,217887.25,225187.91,233009.53,239812.49,258344.53,253462.96,234526.71,231429.32,239439.57,249958.36,285104.82,276990.84,267180.65,233145.8,224055.74,211846.55,243438.41,234467.14,210577.1,204547.1,199367.06,197946.17,158591.96,131042.28,149686.03,149346.78,137347.81,138201.6,148036.09,174332.15,172526.85,180506.53,181508.67,189347.54,201002.55,207806.84,206899.81,204129.61,191272.33,197733.11,203629.53,182831.9,173831.05,187039.52,191210.96,204264.64,210740.29,199241.22,205476.39,199183.95,203015.15,188591.88,213059.41,218324.69,204288.15,199237.0,195129.08,186390.5,207632.62,204057.29,200760.27,161486.65,161681.64,168823.13,170276.49,153867.98,160684.07,164682.44,176656.81,177144.31,172798.27,174718.87,183151.45,189431.55,188136.6,194283.56,196402.42,190951.18,173228.26,191911.48,195416.95,200361.87,204289.41,198994.92,193341.62,183814.31,192616.32,171942.51,178677.29,183914.41,175526.94,157337.03,137942.89,109034.64,100992.26,106176.2,107161.01
GB00BM8PJY71,NATWEST GROUP,GB,EUR,63169.4,65301.42,61961.55,58536.37,57349.67,58845.69,58074.3,57455.76,56096.6,54563.17,56267.63,59376.16,60946.72,65884.35,65861.19,65994.95,65401.18,66665.76,65933.95,69663.44,70599.19,73221.24,74465.95,80164.85,82266.98,80915.78,82504.03,81833.83,78951.8,80781.22,76581.28,75033.65,69258.69,69475.13,61110.62,57229.01,49173.27,49589.35,46226.03,47122.96,36282.53,34379.91,33702.84,34403.22,26276.92,8982.18,6988.46,5849.44,2612.17,2723.41,2892.16,5101.17,5073.19,5240.77,6122.99,7738.16,6974.51,5690.82,4484.52,3883.46,4262.63,4723.12,5496.85,6851.4,5591.79,5104.81,6443.86,5642.74,6126.88,5873.95,4821.28,5037.82,5498.28,6049.4,5384.9,5696.67,5774.71,5085.23,4824.94,3254.58,3013.69,3220.98,2718.88,2582.88,3459.66,3673.22,3637.06,3245.79,2532.68,2781.11,2757.54,2960.29,3417.87,3662.03,3896.36,4344.16,4482.6,4049.23,3445.29,3926.2,4202.87,3416.34,3965.5,4251.31,4799.99,4863.93,4414.12,4611.85,4601.93,4525.65,4270.11,4155.27,4788.02,4624.5,4940.25,4962.22,4915.99,5112.29,5098.43,5064.74
GB00BM8Q5M07,JD SPORTS FASHION,GB,EUR,236.68,250.4,245.71,228.09,204.2,200.83,201.8,204.06,202.09,225.02,222.4,219.71,230.93,252.8,247.46,278.21,278.27,248.92,284.29,302.43,314.25,326.9,303.15,324.31,398.54,425.6,456.73,540.96,634.43,471.51,442.66,422.89,444.09,467.02,435.78,372.96,375.69,408.14,359.5,377.49,384.28,365.13,339.22,280.53,299.61,224.55,196.39,146.16,171.86,223.11,246.72,311.19,422.39,448.26,458.81,476.57,519.12,442.1,465.15,467.32,540.86,501.64,566.76,720.14,644.21,671.2,686.61,706.54,749.24,746.19,726.84,803.05,783.07,843.8,834.4,875.57,936.05,893.8,942.36,809.51,774.01,806.82,667.64,583.9,679.37,798.33,765.29,801.75,646.19,692.39,665.54,645.28,698.89,749.49,706.68,691.51,733.55,769.26,654.46,826.44,881.06,851.43,888.28,924.6,1088.21,1163.6,1441.2,1543.71,1696.84,1674.54,1706.37,1894.62,1753.36,1781.79,1663.49,1723.74,1802.82,1917.24,2043.98,2056.12
GB00BMJ6DW54,INFORMA,GB,EUR,321.28,336.42,330.51,309.59,312.88,319.98,322.54,336.06,330.35,314.56,329.25,353.55,367.71,370.01,395.92,427.21,384.28,383.37,391.26,400.44,444.19,503.8,537.68,565.27,528.89,537.58,576.93,583.45,573.7,549.38,529.47,566.67,505.84,551.32,452.37,455.97,384.61,340.93,308.85,350.72,389.19,421.27,443.42,403.81,291.74,176.65,162.18,184.11,179.74,157.69,195.66,229.05,243.83,225.59,248.61,293.98,319.53,306.53,288.84,327.75,335.39,323.95,372.62,392.86,355.25,344.22,397.51,385.86,432.03,456.23,402.92,417.57,451.73,462.75,437.17,465.33,479.36,464.45,444.0,390.83,346.62,397.3,385.96,381.37,419.08,470.24,479.12,470.21,366.67,416.37,404.88,457.94,460.88,456.95,477.51,517.27,538.24,539.53,566.61,540.95,560.01,540.49,578.73,578.88,625.68,661.53,672.06,699.03,625.3,644.41,648.42,614.87,652.84,618.37,621.92,655.37,606.27,588.51,577.04,561.41
GB00BN7SWP63,GLAXOSMITHKLINE,GB,EUR,141850.74,154682.63,148119.59,161929.65,161383.14,157667.48,153719.56,157973.36,167339.43,170583.55,163313.45,166560.51,168800.99,168844.62,174058.14,188577.99,185980.41,187669.03,185683.41,191526.33,179740.4,180682.68,181375.87,179527.98,182356.34,193062.86,188761.62,199630.96,180004.49,181878.35,177150.24,183182.16,185311.47,182248.35,187673.89,180421.36,166520.34,157594.96,152316.35,161466.06,160033.35,161090.79,171305.24,173894.69,158731.27,143930.35,127895.41,137436.4,130840.13,114954.33,117600.15,118851.4,128475.47,134545.04,147390.06,151706.05,152151.06,159427.15,161574.9,166895.66,152681.56,146939.47,152619.49,147370.62,135332.99,137665.93,141924.6,153068.38,161248.65,161280.52,155941.27,160394.19,149337.41,161268.1,160077.01,182811.87,184638.07,182005.11,190276.88,183535.23,178608.9,194365.83,192247.24,199165.18,193782.33,196495.35,197878.41,205215.25,198652.13,203700.87,206509.91,205439.88,209227.35,202746.17,196759.91,199640.02,210838.49,206338.71,218102.16,241280.32,245199.88,235920.28,240970.46,242842.19,240628.13,251907.92,255919.89,257644.18,248117.57,274098.03,259624.57,269648.77,265847.36,264735.55,240089.23,245671.76,229811.25,227514.23,236448.82,218141.98
GB00BNGDN821,MELROSE INDUSTRIES,GB,EUR,208.41,234.94,231.48,236.8,240.03,256.36,251.8,285.91,224.8,212.2,230.57,250.83,266.08,268.03,294.48,297.31,280.58,303.5,279.94,324.6,331.49,343.56,359.56,373.35,402.0,393.63,396.04,405.51,387.7,369.84,385.6,403.3,415.92,421.74,391.73,334.75,311.03,318.1,313.55,364.38,349.35,335.27,349.63,327.49,283.49,163.63,137.07,141.93,108.68,107.05,138.64,166.81,206.64,181.45,228.82,314.25,354.35,341.59,360.23,353.29,326.23,322.15,414.91,454.6,399.4,391.01,453.85,491.59,543.82,568.1,576.15,614.18,636.42,623.48,662.98,761.53,726.23,749.35,756.01,681.5,614.52,721.63,729.82,716.29,804.35,846.28,916.4,981.98,904.36,807.44,840.57,914.33,961.16,954.18,839.31,892.82,909.4,965.06,990.75,953.02,994.14,948.5,1072.45,1142.39,1228.93,1302.18,1211.15,1281.63,1286.7,1401.11,1260.91,1249.91,1217.7,1153.52,1152.11,1174.22,1052.89,1074.3,1062.28,1090.78
GB00BNNTLN49,PENNON GROUP,GB,EUR,2070.76,2068.56,2083.15,2108.76,2076.13,2109.67,2113.94,2118.31,2192.53,2200.12,2273.2,2366.94,2477.33,2813.59,2705.03,2819.83,2759.43,2871.47,3224.33,3180.13,3405.19,3533.1,3803.91,3996.49,4013.27,3805.68,4141.83,4360.42,4831.12,4465.2,4526.06,4473.42,4559.76,4802.47,5117.36,4950.55,4871.72,4759.83,4792.77,4683.81,4772.88,4728.75,4725.22,4252.95,3962.95,3294.24,2649.87,2722.14,2507.74,2380.35,2238.92,2541.77,2923.09,3066.25,2918.89,2989.02,3026.07,2977.8,3247.39,3453.07,3321.8,3217.3,3193.45,3206.98,3073.46,3333.52,3722.96,3643.88,3791.53,4121.41,4046.78,4146.09,4044.04,4307.43,4194.72,4605.76,4651.83,4691.98,4979.47,4526.5,4521.41,4823.52,4848.78,4767.75,4715.79,4989.3,4941.62,5195.28,4900.88,5195.31,5230.7,5212.64,5198.7,5147.15,4420.46,4526.95,4836.2,4486.46,4268.69,4814.31,4675.97,4410.91,4757.91,5031.49,5256.03,5080.21,4905.84,5064.17,5322.81,5861.65,5827.29,6021.33,6190.64,6318.64,6477.43,6529.39,6197.41,6444.6,6770.12,6929.12
GB00BP6MXD84,SHELL,GB,EUR,,,,,,,174.12,185.91,189.44,177.02,178.09,175.2,195.92,174.79,181.29,198.22,192.8,197.5,206.93,204.94,194.84,205.27,211.56,208.74,200.46,195.3,200.08,211.12,226.86,248.69,239.12,238.81,252.75,271.2,250.71,260.62,220.82,225.35,216.32,251.67,268.86,259.81,225.51,224.25,184.59,175.49,173.11,168.45,161.9,145.16,148.43,153.64,179.61,167.74,174.87,190.21,194.56,203.17,204.4,210.24,193.15,191.42,203.51,220.14,188.67,181.28,195.73,192.51,218.22,234.12,220.81,245.2,257.9,266.57,268.94,287.08,270.42,266.89,274.92,255.03,236.32,270.08,268.67,283.02,271.57,283.8,271.07,276.69,243.77,265.27,268.14,279.0,275.67,272.84,270.29,278.41,286.77,269.42,264.42,279.05,276.72,263.89,281.11,271.32,277.57,280.31,285.7,305.1,294.41,314.76,314.99,341.75,343.29,360.91,359.68,357.72,337.8,315.98,299.17,300.8
GB00BP92CJ43,TATE & LYLE,GB,EUR,28806.26,34858.78,34861.22,30827.12,29954.97,29678.01,29161.07,29596.84,28717.09,29320.91,33916.9,34890.55,36956.25,37804.35,35753.24,36416.3,38571.99,41394.06,47272.05,51500.36,49676.84,55550.98,57874.39,56034.23,42732.92,40995.47,42015.39,46528.1,44253.41,43565.41,44201.21,43566.23,31376.24,34615.23,35402.72,34393.11,37551.45,40547.6,41670.44,40717.32,35563.77,30714.98,31234.64,32605.57,27404.22,24009.98,24179.58,23669.3,19692.24,15516.57,15338.69,16800.68,19723.93,21547.25,26358.75,28389.56,29235.17,32047.89,29430.72,30696.92,27897.86,28163.71,30267.73,30716.93,26821.47,30578.98,31988.36,28576.87,33432.71,36478.54,36099.06,37342.77,40674.5,43437.41,42623.96,45581.2,47026.26,46785.79,47331.57,44677.13,46134.13,49825.0,50566.54,52342.84,49943.19,53268.31,53851.21,53605.23,49447.87,49914.16,50824.2,51210.99,52817.76,57485.57,61474.26,61463.48,63922.09,61200.62,64046.38,65222.27,61426.99,63508.92,64598.09,63241.54,60571.88,64580.74,65935.37,68706.26,63835.31,55168.61,57062.09,60695.13,59561.43,61819.98,55645.69,59343.0,50649.52,51209.36,50581.97,50320.62
GB00BP9LHF23,SCHRODERS,GB,EUR,122284.82,122685.24,117802.7,113847.43,121818.89,119648.95,131805.6,139332.41,145306.96,135172.92,136360.1,144974.86,173475.2,179100.49,185479.5,184557.46,172165.66,168002.08,162539.35,156793.45,157531.65,171396.04,170616.1,198065.0,194362.78,195307.02,229042.1,238510.9,252130.58,236699.22,232058.24,247833.27,262238.87,296690.19,255499.58,240519.3,200355.48,176939.81,177164.32,198189.53,197190.83,172861.52,181470.48,177745.05,173358.61,122706.87,124782.78,118437.52,105336.28,102654.45,111933.41,120910.27,137549.19,133402.44,159990.02,175721.56,174352.74,180845.29,188070.26,214214.37,199137.94,181603.85,216169.78,215338.71,195577.9,183808.44,204305.17,215475.43,231388.4,257785.17,253805.19,296565.03,294898.09,297461.59,288469.93,328178.79,279487.04,257465.16,277029.92,252818.55,208466.46,241333.0,221005.78,213662.5,239410.35,258399.01,268488.86,244896.55,195454.45,222862.82,213796.4,242267.35,263114.72,263541.24,274553.02,294170.34,329297.11,324564.65,348512.22,395690.02,390891.88,360495.94,405239.62,392113.57,457165.97,454080.94,442684.31,471562.53,444324.11,498263.49,482386.91,480680.58,483096.25,477222.38,449395.91,455282.62,436216.66,434086.32,474967.76,471326.35
GB00BPQY8M80,AVIVA,GB,EUR,16488.24,17179.06,16919.59,15862.52,15830.93,15721.13,16236.21,15779.39,15774.42,16913.05,17015.65,17336.35,18342.92,19791.86,20303.08,21315.69,20328.44,20728.5,19626.23,20858.68,21732.66,21963.18,23017.16,23904.62,23878.58,23819.89,22364.02,24082.54,24046.63,22724.31,21390.23,21770.06,23232.37,24316.12,21726.47,20756.25,19235.3,18846.25,19682.48,19994.81,19982.58,15990.39,16027.27,15049.92,14086.89,9789.9,10112.08,9232.19,7406.04,6782.28,5534.01,8346.81,9630.33,10040.99,10381.85,11819.69,13074.33,11535.3,11089.37,11722.14,11356.98,10839.97,11079.05,10117.53,8810.73,8907.9,10610.13,11041.59,12200.62,12353.88,10718.69,11942.75,13766.36,14724.12,13963.46,14999.69,14473.87,14185.59,13175.95,11142.59,9900.21,11447.05,10201.74,9727.93,11473.81,12243.14,11521.47,10883.11,8755.24,9300.63,9938.4,11267.1,11530.58,11962.21,12585.68,13584.57,13026.08,12134.79,10365.02,10943.29,11662.69,11870.04,12979.47,13789.02,14808.47,16849.8,16422.22,17393.73,17078.92,18534.92,18571.07,21121.26,20921.27,20777.19,20234.02,20595.63,20201.0,20072.85,19158.49,18192.89
GB00BRB37M78,DIGNITY DEAD - DELIST.25/05/23,GB,EUR,296.4,285.76,283.71,288.01,284.33,297.88,284.99,304.27,324.15,311.46,320.05,348.12,362.58,362.72,361.96,380.52,381.33,392.96,449.28,457.96,459.88,511.13,521.69,548.34,541.3,535.25,559.16,626.12,604.09,584.78,612.43,595.3,704.56,706.25,704.83,626.32,636.7,627.61,662.36,663.05,623.08,665.26,639.23,595.36,543.78,422.3,427.34,378.94,387.9,388.19,338.11,343.03,408.94,441.08,450.67,438.33,416.64,430.88,423.84,439.12,449.38,460.02,419.96,437.14,412.85,440.73,499.74,494.61,492.82,478.47,457.91,513.87,474.61,509.01,508.58,582.81,573.16,584.97,605.68,571.88,614.25,611.36,617.24,591.88,570.99,613.95,601.83,632.76,614.19,594.22,656.12,674.84,695.87,711.37,743.99,836.74,874.52,909.69,1018.27,1012.12,976.07,984.4,1064.05,1067.52,1117.55,1065.13,1044.66,1135.1,1169.34,1197.18,1163.99,1150.0,1135.4,1125.39,1119.31,1141.7,1145.21,1211.16,1266.63,1424.55
GB00BV9FP302,COMPUTACENTER,GB,EUR,95.23,89.52,89.96,79.29,73.8,58.07,57.04,59.59,65.75,57.59,75.35,72.48,78.05,82.34,73.23,78.02,69.48,73.98,76.01,84.09,79.59,85.32,82.38,89.47,95.31,91.59,93.08,90.23,84.87,78.6,73.43,62.91,71.73,75.14,60.48,66.15,57.95,62.87,59.85,66.95,59.83,43.19,45.67,41.39,32.37,28.22,19.45,23.85,30.56,35.47,30.39,41.25,58.36,64.31,69.48,82.89,98.49,89.87,78.9,77.73,91.59,84.23,91.97,99.16,90.11,84.21,84.78,86.69,90.12,116.85,112.83,121.31,140.2,135.7,139.24,153.65,146.22,157.09,163.96,129.78,118.72,126.84,115.42,107.23,129.35,131.83,145.29,138.93,119.18,99.89,117.84,128.58,131.63,126.83,133.35,147.14,153.65,158.02,175.89,149.5,154.05,149.65,162.63,172.26,192.88,212.48,244.56,235.47,236.4,255.81,244.63,244.95,233.33,232.8,233.9,234.8,234.26,227.33,230.43,209.76
GB00BVFNZH21,ROTORK,GB,EUR,62067.35,63513.37,65337.22,65755.71,68436.02,64488.65,67343.31,75184.0,80725.15,77524.83,79489.17,87931.28,97294.72,97877.13,92295.8,107780.97,101628.55,99192.67,96622.95,108417.41,113307.93,118252.72,126299.52,130023.84,129806.9,126766.32,132253.55,135145.32,148000.19,149214.98,172148.22,165455.44,168913.74,187065.73,165999.5,158011.31,133489.6,162064.07,176037.9,176748.85,186550.98,183447.5,182428.37,168434.13,139989.26,101284.84,101456.37,96464.21,84569.39,86570.47,103519.91,104522.96,119328.48,117946.96,127917.89,135768.74,158373.83,164091.88,158772.21,167684.92,177615.91,173013.8,186333.8,190693.15,176249.59,171817.86,211349.39,216474.32,244147.06,241229.8,221508.4,257805.9,236624.84,260792.78,252107.53,260587.74,260257.92,248258.61,238778.06,259995.47,223943.68,251610.07,265026.97,279546.68,279589.67,308336.97,305118.87,337766.15,294472.35,291209.11,325751.84,331531.79,347020.01,348509.11,377434.52,392849.45,398526.84,411110.05,418743.85,434134.45,415770.13,388302.73,386101.01,404655.64,426278.26,444000.22,449054.99,458840.9,390569.85,433858.48,425973.48,427013.29,426145.53,445583.75,456281.11,449853.12,440560.33,401751.26,338776.16,356461.58
GB00BWFGQN14,SPIRAX GROUP,GB,EUR,49825.33,47790.48,50304.48,48005.95,49171.65,51017.82,52889.64,53585.15,53010.44,53634.41,57736.11,58103.67,63562.9,67162.98,63961.41,66227.93,66683.79,65655.76,63760.14,68823.64,67221.29,70036.04,73394.49,77112.04,70875.01,74859.43,79711.76,81867.4,81215.22,80845.13,77762.19,78928.68,83484.31,90688.87,80113.17,70713.35,72269.89,75653.53,82584.85,89603.13,93321.91,88230.11,83322.74,83572.37,66587.5,53890.86,57612.64,54461.78,50190.76,47659.27,50228.94,54548.61,56699.74,59565.27,65259.21,68173.51,71666.12,77650.1,76171.69,86699.66,86933.21,83713.65,92146.35,103867.94,91488.83,90316.34,107722.66,107271.84,124985.26,128356.34,124268.29,134380.33,128806.38,132168.2,137937.48,151080.59,147900.38,146733.18,140730.88,137438.17,127649.19,142575.02,138130.15,134054.35,143823.84,151183.1,153713.41,175090.29,148685.19,145648.72,143956.92,146233.96,157880.76,146908.8,164873.29,173735.24,168707.45,172183.43,192276.55,195212.56,205527.15,194518.55,207315.49,219434.41,233042.46,225194.58,230625.75,237882.22,230517.66,249632.93,231439.43,238465.79,233615.52,227646.67,224037.41,239474.77,223181.97,223743.68,219400.9,220054.99
GB00BYT1DJ19,ICG,GB,EUR,1589.56,1596.0,1486.81,1397.34,1423.16,1418.66,1548.13,1603.3,1646.72,1682.43,1741.37,1832.9,1919.39,1880.47,1897.1,1897.44,1797.11,1909.47,1935.49,1965.85,2106.41,2209.59,2453.21,2651.99,2910.52,2951.61,3063.78,3010.41,2991.9,2495.71,2337.9,2461.44,2578.23,2825.03,3056.23,2731.3,2473.59,2621.39,2720.09,2719.25,2760.0,2436.27,2421.38,2277.24,1931.17,1389.08,1093.55,851.67,513.54,344.54,399.62,669.31,686.14,738.52,760.07,1140.78,1115.36,979.93,1039.56,1054.48,1025.73,879.46,979.67,1029.04,900.63,891.36,1033.36,1042.35,1170.52,1282.13,1210.2,1320.14,1378.57,1324.07,1325.6,1394.14,1436.62,1312.22,1151.11,1066.79,880.74,1039.66,1020.93,959.72,1171.28,1167.14,1248.43,1125.51,1080.62,1204.63,1157.49,1272.74,1369.21,1397.62,1355.83,1491.77,1628.14,1723.26,1865.83,1909.29,2060.64,1977.99,2210.82,2029.9,2167.77,2310.1,2087.62,2118.68,2070.27,2297.39,2100.64,2281.37,2135.97,2106.71,2146.77,2138.47,2011.75,2070.65,2271.06,2298.95
GB00BYW0PQ60,LAND SECURITIES GROUP,GB,EUR,37504.34,38236.13,35281.83,36626.17,37582.91,36794.86,36219.04,37690.35,38640.76,36312.99,39584.31,42655.04,44744.95,48169.6,49964.93,50349.06,50884.59,50386.2,55937.92,54707.62,55823.06,60704.68,63474.29,69649.47,64170.85,61786.02,64300.35,60109.18,58970.59,54589.77,53671.28,57053.47,54004.2,53820.45,48799.55,47745.43,50437.67,50056.25,48263.59,49082.86,44904.39,39930.56,41680.61,40398.09,36757.2,29081.3,23922.11,22245.35,16699.58,13145.89,12132.3,16135.15,15194.29,15248.89,17394.8,19774.44,19844.97,21663.78,21454.46,22198.46,20596.36,19536.18,20865.89,20464.99,17716.4,17151.29,19689.67,19291.01,20944.08,22460.73,20327.21,22137.62,22664.86,26154.27,24911.65,27741.83,29014.99,29244.29,29988.65,25623.81,21603.44,23848.6,23584.92,21557.51,23233.09,23536.14,25445.13,26039.76,24053.87,25784.76,27553.86,27968.2,27630.57,29104.91,29097.21,29985.24,28868.96,28552.01,28802.44,31107.01,32382.95,30937.14,33197.69,31517.46,34629.13,36953.58,36323.87,37433.79,39669.62,42692.45,40222.87,42375.14,42331.87,42186.24,41935.99,42794.17,40413.69,42492.95,44638.75,43574.96
GB00BYYTFB60,HOMESERVE DEAD - DELIST.05/01/23,GB,EUR,4858.43,5068.33,5399.86,5283.59,5397.91,5777.51,6039.86,6205.01,6326.92,5791.97,6586.5,6769.42,8293.15,8946.87,8189.46,8735.69,9876.43,9415.39,10007.29,10495.29,10202.29,11143.57,11654.47,12200.0,11123.43,11737.89,11534.01,11648.28,12329.88,11998.25,11854.23,11484.65,11735.91,12464.34,12179.67,11130.13,10995.78,13220.22,12796.35,12983.69,12227.4,11416.82,9900.51,8936.84,8848.25,6953.13,4965.45,4831.39,4839.72,4863.03,5750.44,6264.91,7663.71,8470.48,7957.76,8346.19,8882.07,9286.44,8930.74,9582.32,9181.93,9092.58,9684.68,10934.03,10927.7,10743.2,12204.02,12512.62,12389.55,12965.09,11993.75,12509.46,12644.88,13265.35,12836.37,14691.67,15470.95,14758.52,14477.92,13816.48,13073.48,10324.68,7534.74,8254.46,8302.72,6590.02,6914.01,7598.74,3959.17,4764.98,6349.67,6836.03,6603.95,6924.32,7481.22,7552.76,7272.62,7098.05,6019.57,6443.89,7934.73,8396.69,8171.1,7604.87,8458.25,7653.48,8542.34,9396.14,11094.75,11392.91,10821.87,11754.14,11676.17,11345.69,10675.65,11314.91,10942.43,11653.23,10835.03,11203.61
GB00BZ4BQC70,JOHNSON MATTHEY,GB,EUR,23710.84,24523.85,23528.83,22002.19,22464.48,24526.18,24835.43,26131.89,26838.33,26560.66,27873.34,31312.51,33450.97,32348.96,31278.68,34585.12,32608.56,32208.69,31704.9,32974.92,33803.81,35916.64,35487.13,36446.68,38288.12,39939.98,40853.96,41655.89,42510.05,45508.65,46527.39,43398.86,45529.0,49708.95,47575.39,50504.07,49821.34,52212.53,53749.54,53428.07,53710.51,50246.53,45271.79,40612.17,32910.91,20595.81,18163.88,21807.29,19450.83,19368.44,20906.66,24753.74,26937.96,26810.41,33203.4,32641.62,31398.38,32919.88,34399.92,35225.9,33447.49,34445.64,37735.99,38012.63,31735.68,32447.18,38443.99,35451.55,40306.28,44422.38,40331.71,46635.61,45065.52,44097.76,43576.42,48829.57,50976.05,46923.36,49782.87,41271.86,36753.4,45088.53,45033.79,42751.94,48494.33,55241.74,56473.07,56300.72,50089.31,51888.87,51176.94,58217.79,59483.07,55311.55,59088.89,59356.79,55189.64,53656.48,53674.17,57981.65,59672.51,62247.08,67121.29,68632.09,71014.13,75370.53,81524.56,85290.74,83367.29,85826.49,85616.46,86768.52,84586.53,84385.02,79531.67,83495.27,75336.02,75747.07,83384.08,84794.32
IE0001827041,CRH PUBLIC LIMITED,IE,EUR,197.75,211.36,201.14,196.68,187.1,195.29,199.03,200.93,201.33,187.15,196.93,217.99,236.08,237.96,256.89,257.27,261.86,236.87,243.33,255.18,260.91,267.44,277.42,313.43,306.21,318.09,317.37,338.16,347.06,378.34,342.04,309.61,310.0,290.27,291.48,267.77,292.38,291.23,294.22,298.04,287.73,202.98,199.76,213.89,214.58,170.71,172.0,201.4,205.51,200.61,190.37,230.69,212.32,215.01,212.77,226.21,248.03,214.99,238.98,249.84,221.78,210.01,230.72,250.69,202.96,204.26,197.3,142.52,154.53,163.95,168.19,194.1,203.52,212.47,218.53,237.34,203.12,213.78,191.1,168.02,150.28,175.31,172.45,200.04,191.17,208.91,208.99,203.72,171.79,193.58,192.7,177.65,196.64,188.43,185.86,205.37,222.83,224.88,234.54,224.52,221.89,209.77,220.1,224.13,254.09,263.26,270.19,266.03,281.49,308.25,308.16,314.69,302.28,283.11,253.17,263.44,251.12,242.87,255.06,258.6
IE0002424939,DCC,IE,EUR,1572.55,1663.23,1658.44,1536.64,1429.97,1401.14,1574.41,1558.42,1409.04,1327.71,1302.49,1526.63,1614.96,1641.07,1673.56,1738.32,1701.32,1742.98,1748.76,1830.32,1815.9,1959.33,2254.45,2474.18,2304.17,2451.53,2558.06,2469.0,2558.85,2467.33,2192.75,1925.34,2189.67,2026.21,1969.7,2121.87,2080.04,1889.3,1777.32,1721.84,1800.39,1909.94,1831.6,1859.38,1494.73,1191.82,1044.83,1119.61,1155.36,1064.64,1183.57,1425.78,1682.95,1656.47,1723.37,1974.17,2066.83,2113.48,2197.7,2269.44,2220.07,2142.14,2112.92,2174.54,1937.75,1896.14,2055.12,2100.83,2387.22,2401.52,2206.62,2649.75,2538.02,2714.17,2688.65,2850.9,2633.58,2460.14,2337.98,2359.32,2181.17,2442.04,2116.63,2086.61,2121.38,2279.1,2203.45,2202.9,2101.87,2099.0,2235.2,2348.92,2596.54,2594.99,2756.39,2973.8,2959.56,3197.8,3141.88,3340.99,3519.26,3619.23,3751.4,3675.49,3799.64,4175.36,4442.74,4608.52,4258.7,4967.75,5093.51,4799.67,5600.28,5827.52,5437.7,5649.12,5276.93,5317.17,5348.57,5313.38
IE0003864109,GREENCORE GROUP,IE,EUR,568.33,575.96,555.48,545.84,573.68,588.76,604.7,593.29,587.05,518.68,549.46,549.47,612.58,572.6,654.79,708.59,715.14,654.51,722.86,736.57,697.76,717.14,778.24,862.26,771.8,867.94,867.76,900.97,942.72,1086.32,988.63,911.41,944.01,1002.62,941.47,1009.43,856.39,966.1,885.41,871.09,729.34,450.81,462.21,457.28,384.47,238.55,178.73,203.43,167.39,144.2,152.26,209.6,269.75,303.27,261.81,384.77,396.48,390.57,357.13,344.16,324.08,310.13,330.37,312.14,280.82,277.93,309.63,266.63,288.71,273.22,337.61,313.49,281.94,301.96,314.64,308.56,309.87,267.53,260.3,212.21,214.61,252.54,243.75,202.37,249.59,284.35,311.19,294.82,305.61,306.59,307.51,328.57,338.41,385.47,384.78,437.9,469.67,395.46,429.44,444.78,530.55,548.53,603.11,622.17,649.62,788.82,861.28,1010.83,1122.88,1228.63,1263.87,1214.2,1348.2,1254.51,1234.65,1225.62,1053.02,1167.45,1282.33,1244.96
IE0004927939,KINGSPAN GROUP,IE,EUR,6283.97,7076.72,7620.34,7210.82,7515.39,7616.56,8431.12,8067.17,8335.63,7436.15,7906.26,8138.34,8896.33,9375.25,9902.58,10724.66,11663.53,11363.9,10801.67,11670.67,13435.08,13872.23,14599.4,17310.39,16474.22,17820.85,17318.61,18440.76,19564.91,18418.5,15885.0,17045.87,14427.32,15504.26,13975.52,10005.52,9139.82,9044.39,8907.73,7736.69,7068.6,6520.09,6565.54,7756.59,6089.41,3882.23,2777.32,2988.48,2388.02,1967.01,2563.39,3653.96,4616.66,3958.36,4729.29,6344.12,6513.8,6000.91,6190.95,6088.98,5820.23,4826.73,6125.67,6677.39,6261.52,5241.97,4957.64,4900.78,5377.25,5913.7,5581.19,7124.65,6370.28,6862.04,6363.97,6967.46,7477.26,7032.41,7183.47,6452.31,6005.89,6452.58,6422.17,5938.33,6733.46,7812.59,7497.82,7537.73,6160.59,5885.42,5808.82,7184.49,7440.48,7607.72,7721.12,8015.76,8483.44,8513.8,9029.49,8866.08,9069.49,9771.38,10329.55,11369.27,12295.23,12354.52,12810.12,13235.82,14125.21,14788.92,14095.81,13941.73,13287.44,12454.07,12710.94,12979.87,11853.03,11657.26,12055.77,12969.17
IE00B4BNMY34,ACCENTURE CLASS A,IE,EUR,171.72,168.42,159.2,143.05,153.46,149.44,165.06,160.84,167.83,175.52,189.72,192.59,210.34,217.88,200.6,193.93,187.79,188.92,195.2,197.86,211.54,221.95,227.28,249.06,254.59,241.31,259.92,263.7,276.1,289.26,284.13,277.93,271.45,266.01,235.42,245.43,235.83,240.12,239.58,255.79,278.06,277.38,284.47,281.74,258.85,228.65,214.33,226.85,218.34,201.95,190.19,203.61,207.07,231.49,242.63,228.31,257.85,261.43,289.35,292.6,289.0,281.81,295.77,310.37,266.84,274.88,281.92,260.3,302.19,321.14,311.15,348.29,369.69,369.76,394.83,413.61,415.49,437.43,428.16,387.98,381.39,441.4,424.33,389.91,420.01,436.13,472.46,480.8,422.69,444.83,446.38,456.0,518.41,504.82,508.64,498.01,538.38,556.87,568.93,616.31,621.38,544.57,558.57,546.76,557.28,563.58,594.02,630.44,612.5,639.11,611.28,622.4,631.94,627.21,615.11,628.92,630.93,637.84,678.81,702.24
IE00B8KQN827,EATON,IE,EUR,5512.95,5681.52,5327.19,4777.36,4900.75,4904.85,5350.3,5258.45,5228.01,4839.71,5269.15,5547.82,5474.23,5791.58,6065.9,6371.82,6140.78,6296.09,5352.51,5586.13,5783.53,6084.26,6510.06,6346.21,6617.32,6878.69,7096.09,7575.89,7998.32,7935.18,8291.84,8073.99,8487.03,7933.45,7689.75,8347.56,7154.19,6984.41,6901.25,7608.96,8421.94,7401.86,6231.96,6419.69,4928.37,3986.55,4108.91,4407.73,3903.21,3242.15,3305.82,3973.09,3945.88,4046.56,4755.24,4941.17,5182.96,5536.49,5897.82,5871.98,5652.31,6338.09,7049.86,7179.2,6554.04,6131.46,7351.39,6557.34,7785.19,8383.55,9154.57,9639.84,10252.36,10585.79,10595.34,10236.05,9939.98,9897.66,9224.34,8329.46,6884.65,8692.11,8773.45,8503.86,9578.32,10274.19,9809.59,9484.77,8466.71,7865.35,8700.91,8953.76,9464.32,9531.3,10528.44,10936.17,11495.3,12508.57,12446.97,12479.48,13519.28,13468.12,14110.72,13036.36,14172.82,14613.41,15048.33,15764.92,15137.39,15472.9,15659.0,15142.04,15463.82,16196.2,14355.81,14755.29,13394.11,14455.16,14440.65,14468.33
IE00BGH1M568,PERRIGO,IE,EUR,151.45,155.51,169.5,162.15,137.9,123.71,123.35,127.55,127.37,119.0,129.53,133.1,139.35,142.23,145.99,142.86,150.95,144.49,142.15,145.24,152.71,160.99,151.4,156.09,155.91,151.07,159.75,171.88,177.33,177.52,169.08,188.14,193.96,215.4,281.19,318.59,280.64,304.56,343.83,373.54,334.12,289.95,321.52,319.79,351.5,310.74,315.0,295.77,268.68,184.39,227.9,237.9,247.02,255.48,249.6,271.99,313.18,342.66,370.42,367.56,408.63,458.03,542.58,564.94,549.54,546.4,518.09,527.92,594.68,610.05,558.46,587.1,674.14,709.22,737.9,838.48,794.61,816.07,838.73,880.53,902.55,839.07,910.7,905.12,889.31,959.45,961.78,976.58,967.92,1098.72,1062.29,1025.31,1083.11,1071.48,965.83,970.78,937.93,1056.9,1108.92,1115.18,1082.67,1130.9,1162.58,1136.9,1154.02,1289.74,1458.94,1436.19,1456.78,1539.94,1448.36,1356.58,1295.21,1366.06,1410.01,1394.97,1408.57,1514.17,1503.36,1568.78
IE00BK9ZQ967,TRANE TECHNOLOGIES,IE,EUR,2405.53,2733.12,2583.89,2493.71,2519.5,2322.26,2544.24,2601.82,2498.56,2469.8,2600.88,2649.45,2577.26,2703.79,2753.87,2883.03,2883.63,2828.74,2367.2,2526.23,2523.57,2439.19,2604.54,2612.55,2862.92,2903.12,2907.81,2993.63,3454.78,3689.68,3386.81,3507.79,3679.37,3401.07,3500.86,3150.36,2677.17,2850.61,3035.84,3022.22,3011.22,2559.26,2461.48,2536.71,2141.06,1267.32,1090.11,1206.21,1126.96,995.94,969.25,1529.02,1432.83,1480.28,2045.48,2193.14,2177.52,2242.84,2516.21,2542.53,2309.19,2275.15,2486.19,2636.63,2660.16,2463.71,2675.87,2323.7,2556.02,2813.7,2934.67,3375.88,3383.77,3247.56,3468.6,3625.84,3582.76,3269.48,2694.21,2412.69,2029.98,2249.67,2393.48,2210.2,2534.44,2892.77,3011.63,3096.85,3008.72,3084.62,3101.44,3419.55,3289.09,3451.27,3579.69,3531.32,3783.88,3876.65,4066.08,3976.64,4252.34,4119.19,4529.48,4387.77,4833.93,5042.46,5332.92,5762.61,5499.74,5719.58,5377.45,5617.95,5619.82,5896.14,5545.26,5678.25,5338.24,5931.17,5972.85,6028.2
IE00BLS09M33,PENTAIR,GB,EUR,44576.07,41679.43,39225.34,40139.39,44912.12,43196.77,40664.19,39965.7,36949.04,33024.45,38828.38,35087.84,39179.56,40965.09,41577.27,39191.8,34973.66,35004.37,29550.16,30764.28,26947.03,34050.25,32933.85,32458.36,32369.77,32421.71,32369.77,33547.63,38610.04,40259.24,37937.15,38911.77,34772.22,37247.19,35700.04,36636.75,33626.29,34536.82,33774.51,39178.19,39816.45,37252.79,37006.17,39282.98,36952.72,29734.97,26744.25,25464.06,24782.0,22614.79,23481.68,29061.8,27305.43,27949.07,30002.45,31111.61,32418.45,32148.45,33253.21,35683.67,33946.43,36191.74,39593.05,40402.96,38391.75,35978.31,38426.53,33819.83,37786.08,36988.47,37180.59,41260.29,41099.05,42133.05,42939.81,45863.19,46228.64,46091.59,42259.41,39400.78,36748.8,41496.46,43897.37,38426.06,42751.96,44702.63,55280.3,50572.29,47561.75,44667.91,51416.22,49856.04,52213.93,49817.75,57188.99,57967.39,60031.61,63099.52,62483.57,64651.14,69278.38,68624.13,72960.0,71801.38,77570.75,80446.69,84799.38,93133.0,89416.0,97211.19,95442.88,89665.06,90087.5,87046.0,77652.88,82500.88,79373.88,81641.63,78792.44,80874.56
IE00BY7QL619,JOHNSON CONTROLS INTL.,IE,EUR,809.12,749.57,758.96,703.05,649.61,657.91,686.52,627.04,629.72,596.71,644.87,654.82,591.06,585.16,612.13,600.06,617.36,628.54,596.31,597.68,639.74,675.04,694.76,699.56,733.61,709.45,728.35,753.28,772.52,782.47,698.18,651.97,656.85,609.89,594.48,589.59,583.65,595.69,657.23,698.11,674.23,599.63,667.32,642.16,527.53,380.81,314.83,328.39,319.57,304.82,297.37,364.61,423.69,398.68,467.2,489.93,533.06,522.17,558.28,555.33,554.82,564.68,598.98,607.43,569.56,554.45,605.93,590.1,581.39,609.61,603.4,659.93,717.7,725.87,716.74,784.29,794.1,795.39,716.67,672.81,659.38,741.18,780.39,760.05,833.21,847.44,918.74,922.12,873.33,868.24,906.94,930.71,928.73,907.84,958.52,988.25,1026.29,1086.72,1086.38,1096.13,1153.81,1124.46,1193.37,1132.69,1199.2,1258.56,1313.31,1413.17,1399.63,1458.05,1465.65,1419.8,1514.92,1582.96,1503.91,1555.14,1553.4,1502.96,1501.91,1535.52
IL0002810146,ICL GROUP,IL,EUR,106.81,122.64,126.11,138.43,148.86,146.62,165.74,171.84,186.48,178.27,173.39,183.56,186.77,176.72,169.64,189.19,202.9,194.97,226.53,228.7,236.82,277.33,292.11,300.0,299.4,298.38,337.2,384.89,426.81,396.6,417.6,405.65,484.52,558.15,554.6,652.2,653.31,693.21,715.02,946.85,1166.18,1205.85,972.7,889.93,781.59,515.87,323.53,385.31,396.59,414.3,448.72,473.14,642.28,563.53,655.35,633.43,651.08,661.39,734.27,760.47,748.33,701.24,779.77,710.37,628.14,638.54,764.39,769.03,869.26,948.5,886.33,1068.63,971.17,1030.19,1022.68,1085.95,1020.01,1001.64,1053.89,912.1,719.02,777.78,687.63,678.18,691.46,700.69,759.86,769.44,696.49,745.97,806.96,766.51,842.81,870.48,868.47,847.44,936.61,915.48,916.01,850.49,793.48,717.55,579.93,520.31,627.46,616.84,641.97,623.15,611.0,621.65,682.51,692.03,682.47,680.33,648.25,618.13,573.43,538.81,540.04,588.03
IL0006046119,LEUMI LTD.,IL,EUR,110.59,111.42,105.76,109.47,107.02,97.13,103.99,111.59,125.77,123.16,137.21,145.03,141.74,143.03,142.8,156.34,148.68,146.86,140.11,141.07,155.03,163.52,159.27,162.15,154.89,157.38,160.03,165.98,186.1,172.68,164.41,171.45,189.18,209.61,203.8,213.2,227.92,208.9,198.35,230.39,253.82,233.76,209.09,191.44,166.48,125.54,102.02,98.09,89.01,79.18,92.68,118.86,137.26,123.89,158.9,160.83,179.43,180.26,194.8,216.03,201.65,198.33,220.11,201.87,185.56,168.06,198.47,194.11,218.31,220.1,224.89,249.02,219.55,225.23,249.91,250.13,236.76,233.03,228.46,183.02,150.73,174.22,143.62,144.5,161.88,143.83,156.77,155.05,125.12,125.69,111.53,111.12,138.32,159.4,168.26,168.28,164.82,176.67,174.81,175.9,171.35,164.45,166.61,163.99,184.11,189.54,203.98,202.45,186.66,188.26,193.1,193.71,196.2,193.53,195.36,192.06,200.67,176.79,173.68,170.39
IL0006625771,BANK HAPOALIM B M LTD.,IL,EUR,122.26,123.23,116.15,121.3,124.43,111.25,116.91,133.08,140.39,138.15,157.0,171.51,170.49,169.97,170.99,189.74,174.36,171.26,170.87,170.52,183.02,193.01,189.49,183.58,181.98,181.62,191.86,209.37,215.62,196.76,193.69,192.45,208.72,226.04,207.52,209.04,192.35,175.94,161.21,177.22,216.7,184.81,176.44,162.75,129.18,98.02,84.58,89.77,77.35,70.68,76.43,96.75,113.65,111.66,139.19,134.84,148.54,150.41,162.08,183.45,178.32,173.83,185.84,170.07,157.01,151.74,169.42,171.19,192.0,191.41,195.82,220.45,189.58,190.67,218.15,217.45,215.67,208.17,208.33,176.23,147.14,166.41,144.41,141.49,147.8,137.43,157.33,157.26,135.31,134.45,122.56,128.66,150.65,166.36,175.97,181.11,177.96,187.89,192.11,196.84,195.24,191.56,203.89,196.62,215.85,229.5,240.78,240.18,220.38,232.52,245.37,242.81,253.77,249.99,252.89,242.89,244.65,223.95,214.35,206.15
IL0006954379,MIZRAHI TEFAHOT LTD.,IL,EUR,48.19,53.49,51.38,54.93,52.16,45.0,49.73,56.27,57.18,55.83,59.82,64.5,61.55,61.72,64.61,72.9,67.08,66.21,64.49,62.79,69.09,76.55,82.17,86.41,79.1,82.53,84.48,86.27,92.92,87.56,84.32,84.03,90.08,94.13,92.75,95.8,99.34,94.2,97.1,103.9,108.28,99.72,90.19,81.0,80.23,66.76,63.34,64.79,58.78,54.02,60.23,70.28,75.59,75.3,95.33,95.91,106.85,99.49,110.51,115.59,112.94,110.29,119.0,112.73,95.04,92.06,103.18,106.16,120.11,124.16,131.07,144.08,122.86,131.58,146.35,142.38,140.12,138.79,136.07,125.75,110.44,114.35,107.63,104.87,114.84,103.66,120.6,118.22,104.07,102.57,98.38,101.61,116.16,118.95,129.93,135.28,138.5,137.68,140.0,134.08,136.42,131.38,140.07,143.41,145.55,155.6,168.58,173.15,159.72,163.41,180.65,176.7,178.54,171.2,167.85,161.31,158.06,146.48,139.3,139.01
IL0010811243,ELBIT SYSTEMS,IL,EUR,55.69,56.59,52.9,56.4,55.43,50.82,53.16,54.8,50.04,51.09,52.13,57.6,58.16,52.79,52.32,58.48,60.55,61.82,61.78,66.35,69.94,72.75,76.25,74.98,80.28,79.38,83.96,95.07,100.8,99.85,95.72,105.44,111.46,124.0,132.53,140.83,145.48,130.22,128.78,130.87,146.5,140.6,126.64,132.24,126.05,113.88,89.97,109.16,105.07,104.12,115.0,123.94,147.39,147.45,163.41,159.93,165.66,145.82,149.6,160.26,152.14,151.52,157.98,151.18,126.22,126.78,132.8,124.02,133.67,133.13,117.97,136.73,127.59,128.8,141.65,141.67,131.66,121.14,118.48,105.49,104.64,115.32,107.24,107.11,108.51,95.57,99.58,95.61,88.02,92.36,85.5,81.9,91.29,94.08,102.48,107.78,103.28,104.8,113.92,113.28,118.23,114.31,120.85,125.5,148.34,147.46,156.23,167.25,154.92,160.33,169.23,164.05,175.12,172.24,175.51,167.27,174.29,170.44,166.46,172.89
IT0000062072,GENERALI,IT,EUR,11846.5,12009.71,11582.17,10992.84,11109.96,11377.7,11937.56,11383.69,11524.14,10824.8,11312.52,12684.4,12584.32,13068.22,13701.34,13632.42,13548.3,13531.13,13271.72,13987.9,13884.92,14743.97,16178.72,16300.68,15942.51,15941.86,15748.39,17206.09,17410.48,16781.23,16568.73,17092.07,18324.0,19818.84,19211.96,18922.58,17580.4,18044.64,18841.44,18551.96,17913.86,16558.39,15025.47,14457.75,14162.23,10751.28,10375.61,11684.17,9008.12,6528.95,7386.48,8846.33,10026.59,9402.66,10261.62,11282.83,12392.49,11460.22,11694.9,12221.91,10865.19,10291.64,10883.99,9599.22,8502.54,8197.86,9341.06,8411.96,9351.84,10152.93,8150.24,8841.29,10129.33,10499.41,10056.7,11132.81,10448.29,10079.36,9104.42,8654.42,7654.32,8684.11,7918.01,7213.77,7462.17,7727.65,7406.32,6507.79,4966.83,6614.79,6160.24,6989.07,7039.3,7945.8,8204.07,8857.97,9365.16,7939.51,7622.47,8979.81,9283.09,8646.49,9747.76,9477.21,9897.08,11604.34,11392.3,11680.24,10728.6,11152.42,11053.7,11567.17,11553.35,11173.18,10660.87,10447.84,10727.64,10436.0,11051.04,10486.06
IT0000062957,MEDIOBANCA BC.FIN,IT,EUR,5298.74,5287.46,5428.4,5126.78,5450.5,5849.93,5971.65,6057.93,6156.84,5518.72,5674.29,6121.03,6164.41,6731.44,6891.16,6957.89,6499.52,6298.0,6531.73,7008.91,7009.43,7473.06,7948.18,7836.92,7554.39,7438.31,7371.92,7739.51,7626.2,7564.63,7039.66,7159.97,7247.53,7867.93,7823.15,7149.28,6429.92,6713.68,7128.4,7241.38,6431.26,5892.84,5065.81,4966.32,4618.7,3899.67,3850.25,3757.08,3408.27,3054.43,3178.16,4358.27,4490.96,4458.25,5231.43,5144.55,5476.91,5140.6,4787.97,4785.75,4430.04,4243.06,4318.26,3723.05,3064.35,3027.02,3606.09,3166.4,3735.1,4151.23,3389.91,3669.94,4156.08,4351.55,4208.55,4686.14,4558.86,4159.68,3792.32,3799.74,3259.72,3300.1,2742.7,2453.89,2501.27,2781.21,2493.45,2076.58,1481.47,1874.42,1468.18,1994.63,2274.38,2422.01,2378.32,2643.37,3161.0,2618.85,2192.33,2736.16,2853.72,2235.96,2634.78,2668.59,3000.96,3931.85,3685.97,3769.04,3952.31,4291.44,4919.54,4758.42,4313.13,4286.3,3812.29,3767.08,3699.5,3782.55,3942.79,3598.48
IT0000072618,INTESA SANPAOLO,IT,EUR,3095.49,3273.44,3395.66,3266.12,3217.08,3143.76,3341.69,3294.94,3207.34,3200.73,3316.47,3621.56,3900.98,4057.18,4093.34,4250.2,4165.39,4204.34,4147.83,4806.15,4719.83,4906.72,5076.7,5537.92,5396.61,5220.58,5432.9,6055.15,5840.25,5717.09,5852.25,5770.63,5894.97,6046.77,6123.36,6054.45,5386.18,5171.06,5415.7,5723.51,5459.96,4764.0,4711.4,4507.14,4501.79,3004.55,2496.26,2940.31,2641.1,2049.62,2293.74,2692.39,2958.49,2683.3,3087.55,3615.56,3682.8,3535.93,3610.38,3767.22,3218.03,2937.92,3110.33,2768.03,2306.84,2316.04,2863.39,2436.17,2814.56,3039.92,2258.45,2356.56,2882.91,2921.11,2564.03,2878.21,2497.52,2564.72,2237.42,1573.14,1538.32,1735.02,1592.77,1618.5,1841.51,1883.08,1724.43,1457.68,1194.94,1436.55,1288.08,1595.28,1541.0,1625.66,1704.09,1735.44,2064.32,1645.37,1484.78,1838.1,1980.3,1675.7,1982.99,2050.65,2161.91,2606.92,2538.12,2588.99,2838.68,3248.7,3550.72,3572.16,3591.87,3307.69,3195.5,3193.7,3254.81,3137.09,3308.3,3138.61
IT0000784196,BANCA PPO.DI SONDRIO,IT,EUR,559.21,579.22,577.33,642.64,593.99,579.84,584.31,617.35,615.28,613.76,596.76,603.95,665.41,678.27,672.78,705.77,692.37,689.31,709.6,728.08,704.38,747.63,770.81,812.71,843.89,871.9,911.97,963.77,1001.94,979.38,988.86,984.76,948.32,884.33,840.08,828.65,798.03,801.37,816.21,796.85,790.93,703.33,670.79,661.44,567.12,501.17,476.26,516.21,452.55,447.8,462.84,500.93,525.77,478.54,511.26,586.37,608.13,539.64,534.5,586.64,563.17,543.61,574.95,550.3,488.81,487.58,537.25,490.35,540.15,564.05,459.02,493.1,526.07,513.06,508.89,538.16,505.03,515.59,471.85,503.99,454.68,477.02,529.6,499.45,515.82,511.77,453.77,425.07,334.53,384.97,348.41,361.84,371.76,359.75,357.79,364.35,453.91,382.4,329.09,366.16,350.37,315.21,332.3,349.09,354.42,366.15,354.06,366.75,354.79,374.26,431.8,455.56,424.61,384.52,356.54,357.17,336.98,313.25,313.05,293.25
IT0001233417,A2A,IT,EUR,308.16,312.5,295.01,274.09,286.68,286.19,300.62,297.82,304.84,266.48,265.13,266.91,301.05,298.27,299.35,305.92,322.39,337.45,371.83,380.41,392.11,399.71,463.75,485.3,467.37,489.52,522.31,572.2,556.33,548.43,498.8,542.4,555.8,625.72,627.16,682.92,591.85,605.7,549.07,548.19,603.84,568.87,561.55,487.63,391.34,280.32,270.08,274.09,270.36,224.61,235.42,257.37,290.5,304.96,303.27,324.26,328.58,310.42,325.91,352.04,319.88,289.87,314.59,283.74,248.11,243.91,265.4,247.91,271.84,288.08,227.4,244.33,263.29,283.59,287.09,320.09,299.24,290.91,268.33,259.31,234.74,257.99,204.39,184.4,186.21,197.61,156.62,124.12,121.13,108.32,84.72,107.74,100.07,99.31,110.15,116.46,135.14,108.87,120.16,158.97,171.08,156.97,183.09,183.34,206.53,238.59,242.54,247.66,228.11,274.49,274.06,257.99,253.45,252.94,250.58,240.76,217.45,219.39,229.09,222.23
IT0001469383,ARNOLDO MONDADORI EDI.,IT,EUR,789.19,793.21,758.24,733.13,717.28,705.04,750.04,750.79,743.15,687.35,683.57,685.21,707.17,699.63,724.48,744.76,706.4,748.44,755.37,750.73,718.35,755.98,779.45,810.72,857.42,801.91,808.1,858.18,837.44,794.51,761.97,764.9,782.97,801.8,680.05,666.69,646.93,658.39,687.86,707.45,630.06,508.98,521.6,476.59,432.5,301.34,318.29,418.72,376.02,261.73,268.73,317.48,380.13,333.93,363.91,372.37,431.13,399.13,364.56,384.39,337.52,326.98,360.19,336.67,268.79,254.55,284.52,245.43,272.48,304.46,268.81,307.49,305.36,304.88,337.55,367.0,339.04,326.37,292.67,278.87,197.5,192.05,181.12,162.31,167.91,181.35,160.1,136.5,107.64,104.02,104.02,128.12,118.17,124.54,135.09,136.7,146.76,122.02,110.95,123.05,115.69,106.24,122.7,117.04,119.15,198.0,193.76,178.79,167.24,186.47,184.29,171.05,146.14,129.81,109.43,109.55,94.26,76.18,98.61,97.9
IT0003128367,ENEL,IT,EUR,145.64,149.42,148.62,146.84,139.68,142.01,139.81,144.16,140.83,131.32,131.96,131.14,141.71,139.24,141.54,144.58,149.67,154.03,157.6,159.46,162.9,171.54,187.36,188.93,193.44,191.2,195.49,208.81,208.58,204.59,197.22,196.28,214.49,227.13,234.06,231.57,214.47,210.89,207.32,211.89,218.6,193.82,188.93,188.17,168.5,134.82,131.74,133.0,119.15,106.0,101.47,115.85,125.17,126.71,140.72,153.55,165.06,155.76,159.5,154.82,144.61,144.9,149.35,140.11,122.27,118.4,135.94,132.36,147.84,157.93,133.85,142.52,160.74,169.41,179.3,202.87,194.96,193.25,170.96,144.87,131.9,140.76,129.88,124.92,125.26,123.33,110.54,100.47,87.12,105.75,93.9,108.26,116.06,123.19,124.24,135.63,142.92,118.8,107.17,126.89,123.97,109.11,115.81,114.91,133.53,153.9,158.78,152.35,159.14,178.96,197.21,196.76,197.34,209.02,204.76,190.32,190.49,183.01,173.59,160.51
IT0003132476,ENI,IT,EUR,609.68,656.07,653.13,631.98,643.18,674.66,744.24,771.89,779.08,715.25,724.21,738.11,806.84,762.91,758.88,814.1,805.73,809.88,842.65,841.37,814.16,850.45,923.96,947.43,905.05,862.32,914.4,940.19,997.16,1049.49,1019.44,999.46,1067.74,1078.64,1058.26,1083.5,945.7,1029.38,1012.58,1139.56,1235.6,1134.04,1030.19,994.02,820.14,737.63,706.27,730.52,669.41,632.35,609.37,684.3,787.34,770.62,754.91,773.92,838.15,837.59,831.6,857.34,789.98,759.18,789.07,752.57,647.08,645.52,709.13,690.97,773.29,805.2,721.96,784.37,848.7,873.31,879.99,958.18,883.48,872.23,804.62,743.52,680.83,856.11,810.23,797.77,849.21,888.83,899.12,852.03,765.46,845.04,822.98,881.33,895.02,938.06,966.51,988.37,1025.88,933.01,920.09,978.6,954.15,862.87,927.84,958.54,995.88,1100.49,1046.6,1046.09,986.26,1047.88,1089.33,1126.0,1140.62,1223.41,1140.64,1118.16,1098.57,981.65,923.31,809.2
IT0003153415,SNAM,IT,EUR,230.81,227.66,216.97,218.55,218.51,217.93,223.97,224.15,237.88,223.17,219.55,212.62,224.86,228.05,229.13,232.28,240.32,239.61,252.0,255.04,264.48,277.61,301.67,308.91,320.0,325.66,344.87,350.05,349.14,336.06,315.38,334.38,352.06,373.25,368.07,369.15,379.4,403.7,368.73,366.35,395.09,407.36,395.06,374.1,357.1,305.76,317.55,334.97,317.96,303.15,326.41,294.94,335.62,340.2,337.83,360.58,376.93,384.64,396.41,393.29,373.32,374.65,401.13,375.76,333.08,330.73,386.63,382.7,417.81,456.54,402.03,421.12,443.39,462.02,474.92,525.79,514.58,517.16,504.8,422.54,405.46,440.94,415.65,396.86,404.9,436.33,431.01,426.98,378.67,418.87,377.61,395.23,416.19,426.98,426.8,447.15,487.87,458.27,440.7,475.11,476.61,456.85,473.1,468.74,508.94,531.9,555.71,577.48,565.69,587.06,603.72,619.08,627.36,643.2,630.05,622.49,590.76,576.59,567.58,529.73
IT0003242622,TERNA RETE ELETTRICA NAZ,IT,EUR,170.02,176.39,164.1,168.58,167.87,165.17,161.07,168.77,164.68,153.3,158.42,160.42,167.91,171.67,171.3,178.91,176.98,180.73,186.86,192.85,197.07,205.92,229.76,234.27,239.4,240.4,256.08,259.48,265.14,247.26,245.48,252.99,263.68,279.62,286.84,294.52,303.67,317.46,312.84,323.02,331.5,320.19,314.73,305.33,275.37,241.9,228.86,251.25,235.83,241.84,241.0,250.02,284.59,268.46,282.5,297.22,313.93,320.74,343.32,355.66,334.8,340.29,358.09,335.37,311.04,310.66,356.97,346.36,365.58,395.78,361.68,373.03,384.85,406.19,421.82,441.25,429.37,426.04,415.95,333.09,341.87,353.63,338.34,319.64,346.84,357.72,379.52,351.69,316.15,358.18,331.7,345.5,370.26,372.95,386.53,405.5,428.52,425.75,421.83,476.54,451.07,439.62,471.32,451.55,478.48,525.78,522.84,540.77,524.83,552.15,578.98,584.28,574.11,588.68,587.29,576.38,561.48,561.95,550.42,517.21
IT0003497168,TELECOM ITALIA,IT,EUR,701.07,689.75,672.48,622.37,593.57,575.26,603.46,577.61,600.65,532.2,516.27,534.44,517.18,494.62,536.61,547.01,548.96,544.65,525.47,540.85,555.06,592.96,593.76,590.69,575.09,591.09,555.94,628.34,602.73,569.86,561.09,590.08,630.37,651.8,662.79,645.75,626.25,524.1,436.39,463.54,484.23,444.1,399.6,359.24,325.39,249.92,298.44,352.04,271.9,270.32,283.9,296.09,326.62,320.58,361.22,375.27,406.67,370.77,371.34,362.2,349.93,331.24,334.7,324.87,285.58,272.64,311.48,331.71,342.26,374.64,302.15,317.3,348.08,382.43,376.6,390.55,366.74,360.08,326.39,314.73,284.6,324.76,293.57,279.24,263.46,299.52,307.3,294.13,226.37,271.66,224.61,255.81,275.22,252.52,249.88,246.98,272.51,202.76,194.05,240.36,220.29,196.96,191.6,198.12,234.31,276.8,277.41,281.93,315.7,322.75,334.78,363.36,352.74,359.36,328.44,327.25,325.29,320.87,320.5,302.85
IT0003506190,ATLANTIA DEAD - DELIST.09/12/22,IT,EUR,862.34,830.88,774.73,785.42,799.65,813.26,772.86,807.36,788.89,699.09,691.04,731.06,773.37,781.22,755.59,949.44,902.01,870.67,863.79,876.76,918.29,916.54,970.21,900.32,913.66,943.72,1001.06,1038.75,1070.85,1056.35,1078.94,1059.75,1070.34,1246.5,1225.7,1218.99,1059.27,1034.84,975.71,1053.82,1173.78,990.66,878.53,870.4,664.57,593.33,538.36,613.17,494.06,441.77,508.76,599.23,728.42,698.08,758.56,769.77,837.13,821.02,910.43,923.18,888.48,815.13,824.42,752.41,673.25,679.58,744.56,718.68,789.06,867.83,762.86,796.63,886.11,891.64,892.35,958.27,940.87,890.14,775.89,675.04,607.15,644.63,664.96,694.58,673.82,727.32,717.11,655.53,554.72,601.69,621.66,664.21,733.18,778.24,828.85,874.76,897.96,840.74,767.82,868.3,851.75,813.34,945.59,899.49,1016.03,1096.46,1117.15,1147.36,1163.44,1294.52,1312.19,1327.19,1448.98,1485.21,1381.84,1326.0,1286.76,1227.33,1341.28,1240.92
IT0003856405,LEONARDO,IT,EUR,1219.61,1343.97,1326.09,1206.15,1192.3,1240.95,1214.45,1240.27,1320.64,1205.51,1226.54,1279.57,1444.51,1453.1,1504.68,1588.71,1530.43,1500.3,1455.9,1494.98,1507.7,1624.34,1677.96,1829.68,1909.3,1992.74,2025.22,2093.91,2126.31,2114.89,2084.42,2011.27,1992.89,2033.32,2053.79,2203.13,2026.99,2123.09,2341.05,2392.08,2076.34,1848.96,2087.95,1894.62,1506.06,960.75,973.83,1184.87,1230.69,1005.02,973.75,1112.88,1145.01,1144.93,1227.7,1301.03,1437.05,1373.68,1347.64,1306.57,1136.83,1054.6,1088.03,1046.91,908.38,891.13,935.54,858.07,1013.52,1187.57,965.28,971.95,1152.15,1067.19,1073.48,1152.58,1110.03,1079.32,687.11,665.33,625.38,617.93,385.49,330.98,401.73,453.24,482.31,383.28,296.72,360.01,327.39,396.7,424.19,441.83,468.99,511.88,586.09,439.22,429.57,464.79,496.7,446.2,465.3,455.23,534.0,655.53,651.05,676.74,784.37,877.89,880.95,823.19,732.81,848.23,824.84,836.67,868.28,803.65,867.47,834.99
IT0004810054,UNIPOL ASSICURAZIONI SPA,IT,EUR,163.88,158.15,149.63,147.33,141.52,136.16,128.94,133.73,133.89,112.23,126.92,122.7,136.59,138.43,142.37,147.22,142.5,148.52,148.96,159.17,154.59,159.74,163.14,166.25,170.58,178.14,177.97,184.68,181.97,173.39,162.41,163.87,163.09,180.17,187.03,165.55,134.34,136.13,149.94,157.4,158.96,140.78,155.98,149.64,125.34,104.31,85.32,89.91,89.38,53.75,52.79,75.0,77.41,69.77,74.21,79.21,90.36,86.9,81.26,82.06,73.0,66.59,67.43,62.81,53.34,48.38,53.87,47.8,51.98,55.99,41.01,44.18,51.85,49.68,51.45,57.81,47.51,38.83,33.03,34.19,30.58,29.78,23.91,23.11,17.87,25.73,22.25,21.47,15.04,16.08,8.87,9.39,8.68,7.8,7.41,7.15,10.26,8.14,9.63,12.23,12.88,12.31,14.37,13.54,16.64,19.99,18.93,22.51,21.54,26.7,29.39,27.14,23.49,22.02,21.45,21.3,18.86,18.8,20.05,19.43
IT0004827447,UNIPOLSAI DEAD - DELIST.03/07/24,IT,EUR,2598.81,2790.98,2840.1,2615.88,2775.23,2876.31,3012.11,3297.67,3228.93,2930.85,3231.38,3480.67,3928.26,4250.26,4232.08,4176.49,4293.53,4480.63,4419.9,4636.99,4804.08,4881.0,5044.31,5239.38,4947.92,5002.46,5016.27,5847.78,5787.11,5455.82,5426.57,5287.5,5271.23,5453.59,4947.96,4640.48,4577.76,5028.59,4679.86,4535.19,4445.04,3893.99,3909.46,3277.43,2729.04,2177.76,2124.11,2090.18,1842.53,1375.58,1372.51,1973.78,2048.0,2005.02,2076.18,2396.53,2617.8,2285.63,2063.72,1986.52,2042.29,1816.52,1878.65,1736.58,1314.45,1240.05,1398.92,1245.14,1323.12,1551.59,875.11,1099.28,1191.58,1238.39,1087.66,1217.6,1053.94,897.58,592.0,493.32,480.07,505.73,305.06,182.39,210.03,418.94,322.29,278.35,272.49,268.02,108.5,114.04,120.7,114.4,108.7,110.02,156.35,133.92,145.65,179.68,176.75,161.61,181.09,165.68,186.75,225.81,233.46,284.26,264.9,300.94,336.9,322.6,327.93,306.09,289.21,299.76,269.42,255.3,273.02,257.4
IT0005218380,BANCO BPM,IT,EUR,157.58,161.21,153.47,151.08,154.23,144.63,151.92,152.05,160.51,156.51,164.77,171.05,194.73,203.64,224.27,238.45,241.0,235.0,249.64,260.51,242.14,236.13,246.74,251.59,274.94,265.36,271.5,294.64,276.1,261.9,224.53,227.44,203.03,217.84,205.0,201.4,180.82,172.99,151.04,180.67,190.25,168.79,171.9,182.34,145.27,116.7,86.53,65.35,54.43,36.58,43.63,63.3,78.51,70.87,76.35,84.23,91.0,83.1,77.85,71.81,61.05,60.6,68.69,63.63,55.43,55.98,64.05,56.65,60.2,53.93,41.61,45.68,49.34,48.42,41.37,41.15,36.65,32.44,27.12,24.21,23.62,21.21,16.86,18.28,21.26,26.0,26.67,20.91,15.63,18.91,16.48,20.59,21.11,22.45,20.75,23.36,29.34,23.79,17.78,20.33,21.03,16.56,17.9,19.98,20.97,28.07,26.79,27.05,24.19,31.02,40.45,38.27,35.91,30.63,28.92,29.08,27.32,26.89,25.71,22.64
IT0005239360,UNICREDIT,IT,EUR,17564.96,18679.07,18797.34,17848.88,17369.62,17687.91,17756.76,18997.39,18915.88,18661.86,20726.45,22966.0,23865.15,24349.43,24149.13,25156.69,26526.16,27163.38,26688.23,27636.7,28778.55,28774.72,29998.16,30392.0,32024.05,32096.61,32922.0,35909.21,33681.95,32134.25,30826.09,30771.87,30622.43,30684.8,30682.72,29800.99,26221.06,26612.71,24110.35,27265.88,26510.9,23258.36,22825.92,20602.57,13854.44,9096.09,8620.49,9211.44,6725.14,4871.18,6262.03,9404.75,11200.47,10775.07,12469.23,15522.79,16702.91,14460.11,14616.98,14383.34,12585.17,11360.15,13268.18,11884.01,9736.64,10272.53,12772.82,10734.35,11660.47,11871.63,8850.66,9470.09,11310.07,11734.4,11286.01,11758.13,10554.89,9841.89,8351.69,6309.49,5006.14,5499.62,4838.3,3875.01,3502.5,3688.65,3530.93,2808.8,2163.03,2669.71,2406.45,2801.11,2935.35,3115.83,3287.09,3449.39,4557.42,3591.98,3018.63,3685.53,4103.31,3369.76,3915.03,4064.46,4595.9,5426.84,5238.78,5341.81,5421.91,5737.16,6584.04,6433.97,6392.3,6132.81,5743.93,5683.42,5792.71,5286.67,5429.16,4729.07
IT0005495657,SAIPEM,IT,EUR,1645.27,1765.0,1653.74,1629.39,1673.98,1781.99,1969.26,2218.18,2235.06,1889.66,2026.78,2160.24,2629.74,2807.29,3052.63,3298.83,3149.52,3041.55,3078.13,2993.46,2903.07,3153.71,3370.89,3480.37,3257.67,3604.88,3880.12,4237.27,4231.34,4636.38,4904.94,5072.87,5760.04,5981.09,5463.94,5428.55,4641.7,5575.06,5499.6,5951.69,6299.46,6453.75,5339.3,5481.05,4033.09,2544.04,2118.88,2256.32,2108.15,2145.21,2443.14,2978.77,3607.89,3444.19,3814.73,3794.07,4259.98,4208.02,4553.84,4896.42,4633.33,4694.39,5489.94,5315.31,4537.17,4472.47,5203.45,5080.34,5804.49,6422.52,6039.43,7152.15,7249.85,7315.81,7703.27,8229.27,7765.63,7602.73,7700.54,6629.73,5249.04,6656.96,6553.59,6281.56,6899.45,7481.89,7597.08,7276.28,5843.45,6682.99,6959.85,7161.29,7235.87,6759.84,6700.62,5814.11,4269.75,4029.68,4636.34,4266.02,4167.49,2520.69,3308.99,3447.66,3375.44,3643.33,3492.36,3329.17,3643.24,3654.16,3791.95,4155.0,4050.85,4187.66,3627.42,3693.64,3302.87,2431.71,2227.91,1646.78
IT0005508921,BANCA MONTE DEI PASCHI,IT,EUR,105.18,111.2,109.94,114.05,120.82,118.46,127.51,130.76,149.21,152.25,161.04,156.17,159.85,173.54,188.54,198.35,201.99,207.38,207.3,209.7,208.95,211.85,220.69,223.08,222.85,222.45,215.44,234.65,242.15,241.37,228.78,226.62,218.05,227.36,200.07,191.86,164.09,162.56,158.39,149.92,154.08,137.08,138.1,128.03,118.2,92.61,88.31,102.6,69.66,60.26,66.91,78.32,83.1,78.85,91.06,102.75,104.38,93.25,93.93,86.05,79.7,72.52,72.43,67.99,54.51,55.94,64.2,58.6,67.74,68.63,52.42,55.76,62.24,65.17,61.03,66.3,63.37,45.03,44.72,36.72,33.43,28.05,19.93,19.44,22.58,31.89,25.02,21.11,14.81,14.8,13.21,16.78,17.25,16.41,15.69,17.69,19.9,16.4,14.12,16.76,18.53,15.07,16.21,17.13,16.5,18.83,15.12,14.37,13.54,15.1,21.71,19.77,20.17,18.43,17.18,14.26,12.55,7.25,7.7,5.41
JE00B8KF9B49,WPP,GB,EUR,36638.19,38800.08,38295.19,36393.83,36047.41,34949.96,36031.92,34977.33,34644.76,33523.14,33654.14,36844.69,37842.06,39586.88,40866.53,41987.14,42450.02,41701.75,40745.64,41937.58,42599.24,44363.46,45992.92,46812.26,50649.12,50166.85,52313.96,51678.28,51184.76,52558.23,50671.23,49838.35,47202.6,48021.53,44454.4,45350.27,43085.99,41781.16,42060.37,43133.74,42551.89,34454.77,34259.23,35049.8,28548.9,21948.66,20052.18,20962.93,20393.82,18871.71,20392.53,25040.54,26826.56,24631.87,28393.64,31404.29,31855.68,33855.58,34904.99,36856.14,34891.91,34432.61,39413.84,40644.57,36259.83,36169.91,40364.54,37770.21,42233.15,44532.25,42511.34,47423.19,47471.94,52823.2,47261.5,50009.89,47803.13,48813.05,44438.32,40874.4,36494.77,41112.58,41424.93,41391.96,46385.3,50608.67,53831.04,53365.85,46971.42,48881.87,51041.37,52191.68,54786.1,52463.43,55878.1,58793.47,64028.65,65166.91,64879.16,67451.55,69657.23,70554.98,74421.81,76641.73,85269.33,89026.05,92549.86,95586.92,87768.94,91671.93,86245.76,89965.68,90280.82,92809.09,85165.63,89365.67,85646.16,83850.12,90299.95,90243.36
JE00BJ1DLW90,MAN GROUP,GB,EUR,2086.66,2111.67,2112.05,1886.15,1954.08,2143.74,2366.12,2445.37,2421.41,2253.26,2563.65,2736.87,3032.27,3378.02,3568.76,3833.8,3653.32,3933.5,3869.1,4069.54,4240.08,4715.83,4762.15,5225.5,5346.13,5495.19,5559.78,5771.05,5945.72,6240.7,5956.65,5137.16,5819.73,6303.86,6048.12,5992.21,5747.74,5840.66,5830.41,6092.93,6492.52,6569.94,6575.33,5606.07,3242.34,3107.12,2180.82,1935.41,1685.37,1388.75,1775.13,2129.09,2204.99,2590.26,2754.07,2631.65,3179.62,3067.27,3249.37,3097.98,2361.62,2127.27,2278.06,2315.84,2103.41,2237.52,2279.27,2143.11,2312.39,2792.67,2821.31,3169.34,3222.7,3195.74,2695.63,2848.29,2891.76,2687.63,2583.34,2576.28,1854.11,1709.06,1652.34,1446.3,1351.75,1548.14,1594.57,1301.56,868.94,924.95,966.45,944.63,1109.2,1054.21,1026.66,1121.97,1169.71,1269.94,1129.14,1432.15,1576.62,1136.16,1096.09,1156.62,1247.25,1312.61,1333.8,1292.36,1232.59,1595.34,1548.79,1576.33,1593.68,1703.92,1903.15,1903.6,1862.92,1915.82,2167.7,2420.72
NL0000008977,HEINEKEN HOLDING,NL,EUR,3502.28,3549.23,3554.16,3317.29,3303.12,3242.71,3409.81,3428.27,3451.91,3453.08,3429.32,3417.21,3880.59,4063.44,4017.24,4191.79,4107.8,4339.49,4740.91,4719.32,4644.6,4628.39,4872.54,4805.17,5099.53,4987.18,5219.41,5583.16,6065.91,6208.11,6523.65,6613.91,6894.77,7123.94,6774.26,6828.66,6092.24,6173.3,6086.29,6282.61,6318.31,5613.99,5250.57,5507.79,4789.85,3709.19,3183.95,3501.73,3311.9,2878.8,2997.19,2996.17,3782.76,3995.65,4308.25,4508.78,5178.78,4970.45,5236.86,5331.08,5379.29,5196.02,5664.35,5274.6,4814.24,4737.98,5047.4,5012.99,5687.51,5583.0,5239.68,5664.67,5770.51,5967.68,6249.2,6960.2,6899.11,6734.08,6708.52,5672.73,5165.62,5760.08,5345.07,5461.86,5379.83,5962.97,6219.47,6253.77,5468.01,6054.23,6216.19,6319.53,6626.47,6913.86,7378.96,7444.98,8051.48,8551.9,8748.01,8303.74,8158.75,7728.87,8638.23,8370.05,8798.78,8863.26,8771.52,8809.51,8018.39,8998.63,8979.61,8968.84,9288.76,9243.71,8963.75,9798.29,9367.81,9170.95,9707.63,8898.31
NL0000009082,KPN KON,NL,EUR,185.49,187.32,173.12,167.22,159.94,168.73,175.14,192.58,183.86,194.41,202.7,204.24,197.34,211.55,230.08,247.97,243.06,237.66,239.89,265.16,274.12,287.45,295.11,305.49,308.87,331.32,333.88,377.29,375.25,367.98,346.03,350.48,388.96,423.33,414.3,408.73,403.27,427.13,381.02,425.34,421.48,398.1,405.46,403.15,337.92,328.81,324.63,340.61,316.11,305.65,315.29,296.86,322.84,338.03,367.7,386.39,416.54,458.1,446.12,427.06,418.97,401.43,399.04,390.79,339.65,335.53,373.07,389.88,415.3,447.23,383.42,392.81,423.32,434.8,457.38,445.5,411.17,407.53,411.84,409.08,382.79,381.68,352.61,345.83,316.12,313.59,316.5,279.35,294.22,298.45,260.33,272.4,242.41,200.02,179.29,155.25,178.34,108.29,106.77,109.08,100.93,108.5,137.49,152.31,166.62,167.27,170.37,168.75,195.45,186.61,184.77,185.67,193.35,190.42,166.73,173.84,167.5,172.81,175.42,167.6
NL0000009165,HEINEKEN,NL,EUR,3351.88,3350.46,3401.39,3136.12,3143.55,3055.73,3151.1,3183.26,3201.79,3147.49,3050.17,3140.79,3495.18,3745.89,3768.58,4052.25,4013.44,4246.79,4706.23,4643.75,4598.05,4560.9,4908.66,4781.05,5082.77,4951.71,5245.8,5464.32,5929.77,5977.8,6500.5,6482.31,6695.69,7148.97,6739.25,6613.96,5695.23,5806.85,5963.87,6028.19,6078.01,5289.32,4835.83,4927.7,4158.89,3487.72,2869.77,3180.12,3085.54,2821.94,2968.08,3175.9,3782.99,3936.38,4215.23,4523.74,4930.24,4756.92,5033.91,5109.46,5308.56,5270.15,5512.17,5062.52,4656.27,4622.9,4896.88,4897.6,5662.4,5519.43,5065.55,5366.77,5495.96,5626.47,5965.63,6619.13,6637.31,6637.38,6548.48,5589.12,5013.15,5455.78,5227.19,5173.06,5150.99,5905.97,6182.6,6169.41,5376.91,5890.73,6120.83,6313.84,6782.95,7005.23,7495.98,7562.68,7989.67,8497.42,8581.23,8118.18,8006.1,7306.93,8051.53,7920.41,8199.99,8001.2,7876.25,7820.06,7057.2,7823.57,8050.86,8101.0,8244.94,8387.64,8217.95,8968.51,8799.73,8779.7,9272.33,8388.25
NL0000009538,PHILIPS ELTN.KONINKLIJKE,NL,EUR,2024.23,2146.33,2137.73,1947.56,2017.65,1996.33,2145.74,2070.73,2103.21,2060.15,2207.45,2443.06,2661.52,2569.95,2705.07,2761.06,2526.03,2503.59,2643.81,2730.93,2809.15,2799.71,2984.05,3019.31,3107.59,2939.97,3114.17,3381.58,3479.36,3487.79,3350.27,3227.09,3683.16,3379.88,3442.17,3531.49,3171.7,3227.17,3232.92,3166.07,3229.47,2866.91,2822.08,2757.2,2257.23,1532.23,1363.4,1618.84,1532.26,1361.95,1317.98,1633.54,1680.84,1649.32,2032.34,2026.21,2179.13,2265.0,2449.93,2658.15,2727.08,2625.13,2961.97,3117.61,2759.58,2791.99,2872.09,2591.16,2902.11,2784.86,2495.3,2835.1,2877.83,3013.23,2951.26,2843.61,2653.08,2458.26,2386.98,2030.49,1740.53,2015.83,1939.7,2023.38,1936.39,2017.81,1937.91,1900.86,1781.97,1991.31,2219.12,2322.07,2353.9,2519.21,2603.22,2643.52,3147.73,2861.7,2987.44,2786.16,2963.37,2843.05,3336.28,3220.77,3368.65,3702.65,3745.88,3834.32,3638.97,3657.75,3670.89,3341.2,3420.09,3432.24,3340.74,3304.39,3452.41,3021.1,3270.98,3161.21
NL0000226223,STMICROELECTRONICS,NL,EUR,551.93,591.82,551.95,465.04,515.7,534.22,574.39,545.16,574.15,547.27,587.76,595.5,614.23,565.39,614.58,610.76,546.73,538.75,498.38,550.46,579.51,578.76,604.16,620.89,620.54,648.52,641.94,657.7,654.44,656.86,590.15,590.48,568.29,579.1,521.84,485.6,418.5,411.61,361.96,397.34,443.47,355.04,379.84,451.96,338.72,278.14,227.57,230.45,180.53,156.62,177.36,234.11,262.35,264.75,268.91,307.64,334.23,287.59,286.03,328.33,294.62,310.07,356.26,334.48,283.95,290.28,296.77,242.61,278.22,316.95,328.41,379.23,442.65,471.7,455.15,434.07,412.71,368.37,292.58,249.97,248.33,261.52,240.5,226.59,252.84,288.08,313.7,218.07,195.82,214.56,212.98,235.83,213.97,233.2,256.42,284.75,346.25,324.51,313.15,353.71,382.55,369.22,352.11,326.99,382.13,320.67,326.45,337.04,343.78,379.98,391.69,404.14,423.32,382.6,355.27,358.11,333.44,287.44,324.07,327.51
NL0000235190,AIRBUS,NL,EUR,205.95,212.7,202.76,192.22,201.58,217.1,229.57,229.72,243.17,237.0,254.07,258.33,269.21,252.41,290.0,271.88,246.83,199.01,199.91,209.84,200.54,189.81,206.54,241.97,233.13,241.66,218.77,229.63,223.24,231.36,216.6,211.06,218.06,241.29,229.23,227.29,179.77,188.65,169.68,179.5,166.73,135.6,136.08,161.6,120.76,117.67,113.47,120.13,126.26,106.54,83.8,105.2,117.18,116.85,137.5,150.59,162.96,137.21,130.28,147.38,144.1,151.17,147.49,136.66,146.54,151.49,173.63,161.81,183.1,192.43,164.71,171.52,211.58,212.24,213.84,227.56,241.73,246.12,255.96,234.26,209.78,219.97,220.69,231.75,248.69,270.0,303.02,292.91,248.7,263.81,268.47,285.1,237.03,265.72,252.28,291.76,352.79,385.09,383.71,398.49,434.73,403.24,450.82,435.4,483.27,522.16,540.49,584.73,539.94,561.7,546.46,523.97,548.84,512.87,444.74,473.25,483.71,459.06,470.71,386.19
NL0000289213,WERELDHAVE,NL,EUR,1217.93,1247.14,1214.18,1237.16,1279.96,1336.81,1336.68,1314.91,1331.31,1210.82,1180.06,1176.93,1292.18,1335.19,1406.83,1371.13,1277.18,1279.95,1394.12,1381.56,1435.56,1509.42,1612.92,1751.23,1756.5,1747.55,2019.31,1989.34,2018.71,1914.93,1759.31,1641.98,1645.94,1631.38,1516.08,1497.08,1513.66,1667.66,1797.8,1843.77,1692.52,1531.57,1566.36,1630.05,1400.69,1196.41,1143.8,1271.6,1045.23,985.59,1015.3,1092.07,1244.65,1176.04,1272.2,1552.61,1556.27,1551.73,1552.31,1513.89,1433.87,1427.77,1519.02,1414.83,1228.72,1264.28,1392.88,1399.16,1644.66,1718.18,1493.73,1658.36,1654.22,1719.82,1809.47,1850.61,1747.34,1799.28,1641.32,1506.3,1257.28,1401.07,1228.18,1177.71,1296.87,1326.9,1401.18,1354.13,1174.67,1235.28,1013.38,990.6,1071.52,1138.29,1181.67,1218.16,1326.77,1352.59,1332.98,1482.52,1451.35,1324.08,1440.87,1356.26,1481.88,1591.26,1562.51,1608.4,1552.81,1752.51,1738.68,1807.85,1920.12,2001.09,1915.72,1986.26,1772.92,1763.89,1692.54,1706.29
NL0000337319,BAM GROEP KON.,NL,EUR,13003.81,13837.92,14872.81,13923.9,16436.49,17215.47,18487.18,19676.99,23924.23,21061.13,23257.92,21721.99,23275.74,24680.41,26309.18,27858.3,28356.56,26396.64,27038.88,26407.82,23457.8,27687.45,24175.9,25732.28,27428.81,27234.41,31317.34,35408.21,40417.06,38527.97,39794.99,36849.83,36142.1,35822.97,32651.03,32005.46,25245.08,30198.47,32167.22,32664.94,33512.95,25477.08,22447.1,25608.54,18267.39,12624.19,10131.86,12819.31,12335.56,10690.99,12780.83,15322.43,14333.47,12489.16,13403.57,16176.08,17755.27,18237.6,16756.32,16015.57,15254.48,12221.34,12000.73,11839.34,9947.36,9238.56,9565.22,9933.16,12830.03,13323.61,10541.34,12201.51,12917.3,12731.98,15271.05,15925.11,13481.86,12447.89,11262.88,10059.03,8103.04,8379.77,6855.55,8418.69,8593.75,9444.35,9345.93,7468.7,5305.7,5907.65,5533.29,6024.2,6444.08,7819.58,8144.2,8958.05,8802.5,8588.04,8543.42,9603.17,10789.32,10310.7,12378.17,8830.16,11656.34,11609.45,10390.11,11301.36,11162.01,12935.11,12997.41,11875.21,11482.83,10754.67,5978.19,5202.59,6489.58,5262.2,6226.67,6843.53
NL0000360618,SBM OFFSHORE,NL,EUR,2465.9,2598.4,2488.28,2545.01,2579.75,2752.6,2937.08,3200.72,3355.28,3097.97,3151.14,3228.35,4063.48,3953.89,4015.83,4296.05,4444.52,4409.53,4556.97,4534.97,4492.04,4897.72,5378.1,5684.09,5814.15,5877.79,5945.19,5975.69,6249.66,6462.28,7017.44,6340.71,6629.33,6496.93,5896.43,5339.26,4833.82,5492.66,5473.32,6465.06,6859.1,6387.29,3894.06,4214.37,3648.83,3001.36,2679.71,2247.75,2100.02,2296.61,2303.27,2818.99,3080.56,3124.6,3482.8,3808.86,3887.72,3529.88,3454.3,3617.59,3610.24,3255.09,3669.53,3742.15,2991.22,2731.44,2978.82,2882.22,3584.46,3848.9,3766.93,4248.32,4508.75,4749.73,5489.78,5536.0,5096.67,5122.88,4683.64,4044.31,3423.0,4323.35,4151.65,4003.55,3287.89,3529.54,3953.39,3519.25,2529.48,2675.98,2367.57,2744.53,2763.92,2530.44,2173.93,2685.66,2972.72,2720.02,3211.43,3180.8,3624.68,3317.0,3814.53,3869.95,3914.1,4141.73,3957.08,4026.67,3807.43,3059.63,3596.04,3604.06,3215.42,3185.61,2656.4,3031.14,2866.92,2469.07,2673.07,2336.81
NL0000379121,RANDSTAD,NL,EUR,1210.38,1379.46,1381.22,1254.64,1136.71,1095.29,1294.01,1199.96,1219.88,1211.9,1309.83,1371.0,1604.06,1774.37,1875.07,2102.9,1984.48,1886.8,1762.66,1728.53,1831.26,2027.53,2065.95,2224.18,2147.86,2251.52,2487.86,2536.22,2679.35,2614.17,2175.98,1841.9,1773.27,1820.6,1565.59,1299.27,1245.17,1261.22,1546.28,1393.87,1497.54,1202.92,978.24,1063.35,891.5,660.93,640.0,695.62,685.55,506.48,583.58,794.8,1056.11,951.05,1184.9,1422.65,1483.79,1314.27,1500.45,1722.09,1665.69,1443.09,1637.45,1752.99,1451.77,1366.44,1544.44,1281.9,1564.69,1634.85,1578.56,1822.47,1879.98,1855.73,1918.08,1996.72,1748.98,1637.63,1600.22,1222.22,1149.14,1274.02,1102.2,1051.61,1209.38,1346.28,1334.99,1283.05,1003.64,1089.79,1125.78,1207.34,1233.03,1209.33,1205.12,1358.42,1536.1,1577.56,1519.76,1606.71,1648.72,1578.36,1856.29,1786.42,2172.87,2382.19,2407.02,2504.64,2449.78,2430.24,2258.27,2290.6,2295.9,2136.78,1955.45,1918.5,1835.58,1737.18,1950.38,1911.01
NL0009432491,KONINKLIJKE VOPAK,NL,EUR,137.76,138.86,139.86,140.39,139.04,152.97,162.53,173.95,171.55,169.7,176.97,182.92,204.41,192.9,204.52,236.0,219.37,217.93,227.27,229.23,238.43,236.53,265.7,289.9,322.12,308.45,345.37,379.64,381.99,358.04,368.22,368.24,357.36,358.91,343.37,356.35,314.65,329.2,396.67,438.24,467.05,435.38,386.2,380.4,298.62,205.45,185.39,240.93,242.17,214.95,256.79,295.25,329.74,331.23,395.79,426.7,430.37,450.47,520.34,528.5,501.2,489.23,523.69,558.11,514.67,500.74,550.11,545.48,647.18,676.4,624.22,642.14,655.6,655.15,652.36,664.12,656.3,677.69,692.46,693.32,668.43,721.65,759.69,733.13,752.25,775.37,795.71,906.19,828.73,901.93,892.4,903.8,988.33,978.56,1038.86,988.21,959.76,1012.97,849.07,796.03,865.16,845.76,825.2,803.45,823.08,884.99,861.1,841.14,789.47,841.48,801.91,732.44,750.73,719.48,682.5,756.6,794.47,737.01,741.39,767.46
NL0010273215,ASML HOLDING,NL,EUR,1166.01,1323.65,1208.81,1023.89,1151.18,1125.21,1251.2,1192.24,1175.66,1205.59,1367.67,1423.07,1607.97,1481.76,1455.69,1510.65,1447.72,1445.88,1405.64,1558.9,1667.49,1632.73,1775.11,1773.44,1797.69,1754.9,1757.04,1947.57,1849.1,1976.45,2140.06,2114.65,2360.41,2419.22,2422.71,2202.66,1827.96,1698.97,1717.16,2014.64,2109.59,1740.63,1635.67,1676.49,1230.52,1217.43,1070.46,1251.2,1176.94,1094.74,1270.63,1478.06,1472.77,1549.45,1867.05,1968.46,2106.18,1944.02,2201.91,2468.37,2288.68,2202.24,2586.09,2386.46,2088.14,2022.97,2302.53,1806.23,2160.45,2380.28,2342.99,2800.3,3020.3,3138.06,3187.7,3037.81,2843.77,2697.36,2629.8,2600.15,2562.98,3092.63,2858.03,3087.93,3148.45,3380.46,3655.82,3771.62,3400.54,3769.0,4310.72,4207.84,3966.35,4077.75,4490.74,4548.45,5394.96,5122.75,4842.43,5399.09,6042.05,5716.4,6512.02,6343.23,7168.98,6896.18,6804.79,6802.04,6161.56,6317.6,6722.21,6039.45,6296.52,6824.26,6939.35,7029.2,7297.32,7295.81,7760.01,7937.5
NL0010583399,CORBION NV C,NL,EUR,12823.25,13862.73,13471.03,13242.84,13285.52,13988.43,14309.28,12598.92,12857.61,11517.77,12541.61,12275.84,13032.11,13501.4,14087.42,14167.68,13510.41,12990.95,13542.91,14247.94,14845.09,16226.67,17353.02,17958.81,16714.34,16189.76,16594.44,18493.15,17554.4,17028.93,17976.56,15944.3,16066.78,16726.89,17012.12,16221.75,12985.76,14896.91,16462.56,17983.29,18995.77,17435.85,16660.17,13422.62,12525.0,9144.67,6284.17,7972.73,6378.24,5463.23,5819.17,6990.48,7956.39,8060.7,9576.86,11888.38,13774.37,14512.1,14339.8,14401.54,15132.61,14541.77,17001.62,17722.57,16939.56,16968.79,16433.82,14780.1,16675.99,17919.23,17224.64,19910.58,18623.44,20159.25,20064.57,21745.33,20462.07,19766.3,15577.68,14233.82,11742.72,8807.85,7725.61,9207.67,10884.66,11103.09,10532.62,8295.89,10346.05,11454.7,9305.4,10499.52,11084.62,12683.55,12285.67,13314.51,14395.45,13909.37,13171.01,13924.11,13575.7,13080.56,15411.05,15926.11,16340.66,15682.39,14539.82,14311.28,14137.12,15205.58,15921.65,15606.34,15182.17,14347.75,12971.01,11419.95,10023.19,10977.58,12004.32,11376.05
NL0011794037,KONINKLIJKE AHOLD DELHAIZE,NL,EUR,1742.18,1913.98,1772.49,1591.8,1598.09,1738.08,1861.81,1869.54,1601.11,1471.77,1590.63,1576.46,1627.97,1721.77,1658.26,1741.95,1730.06,1833.1,1894.09,2024.24,2241.23,2223.15,2115.69,2243.93,2112.48,2108.46,2459.19,2702.85,2633.59,2660.43,2699.4,2825.89,3188.75,3170.45,3014.69,2947.14,2737.16,2803.27,3150.59,3188.94,3214.71,2894.83,2458.95,2702.03,2455.95,2282.7,2386.38,2628.92,2594.69,2421.05,2356.7,2426.76,2664.03,2523.1,2486.51,2577.32,2640.99,2782.51,2962.91,2920.15,2779.8,2699.77,2935.57,3085.01,2825.09,2799.46,2885.07,2776.19,3035.0,3103.09,2724.71,2978.77,3048.56,3020.95,3020.82,3259.6,3301.7,3113.85,3093.62,2706.54,2741.64,2995.45,2952.1,3130.84,3073.76,3218.51,3207.02,3058.89,2833.39,2991.55,2939.02,2988.3,3024.37,3070.08,3060.39,3222.82,3542.26,3468.41,3702.47,3956.52,4066.51,3723.43,4119.7,3981.98,4342.24,4774.8,4570.5,4504.91,4177.17,4676.1,5022.32,4983.37,4701.4,4851.55,4515.11,4426.07,4185.77,4320.12,4577.23,4614.88
NL0011821202,ING GROEP,NL,EUR,1158.5,1242.07,1218.75,1126.69,1148.11,1170.21,1254.98,1224.63,1263.77,1218.51,1372.5,1461.99,1508.6,1590.16,1668.87,1752.77,1691.35,1694.9,1749.31,1898.06,1930.65,1946.38,1874.6,1946.0,1915.36,1872.84,1851.04,2060.69,1999.7,1987.69,1924.33,1844.82,2029.56,2058.69,1785.13,1792.84,1471.49,1548.42,1723.0,1809.92,1808.73,1513.57,1554.43,1540.61,1028.27,449.86,410.66,499.63,401.02,228.31,270.18,460.42,515.12,493.27,625.55,742.02,874.44,646.5,594.76,632.16,609.23,572.14,638.73,572.17,508.16,483.09,613.95,569.61,663.42,680.76,565.41,623.65,728.76,801.49,809.32,843.15,769.23,785.92,690.04,553.94,456.9,557.58,493.34,460.9,581.65,568.74,531.22,450.25,368.81,426.74,423.17,489.53,505.16,564.02,573.91,594.48,645.67,514.09,454.02,524.65,598.53,581.02,651.2,691.71,721.87,814.58,831.02,888.75,847.36,932.24,904.31,906.22,895.31,896.99,832.66,880.26,912.32,912.9,937.78,836.84
NL0013267909,AKZO NOBEL,NL,EUR,1923.91,2082.44,2109.01,1938.33,1866.2,1868.11,1952.55,1933.9,2071.14,2058.78,2145.94,2205.57,2310.48,2425.71,2531.0,2799.44,2634.89,2625.11,2706.85,2802.44,2996.61,2749.59,2813.27,2987.47,3076.46,3017.38,3710.29,3995.07,4062.12,4299.64,4125.61,3919.9,4091.52,4027.65,3855.82,4015.79,3662.27,3706.31,4037.01,4365.2,4350.6,3539.37,2963.22,3163.58,2429.41,2142.91,1767.1,2132.91,1872.72,1849.12,1971.81,2301.61,2530.15,2395.02,2971.73,3086.8,3369.44,3259.65,3477.3,3651.26,3295.23,2795.42,3131.6,3333.43,2875.97,2957.22,3306.0,2972.86,3468.28,3353.37,3050.01,3526.83,3542.33,3848.74,3890.85,4490.48,4162.34,3640.18,3540.78,2945.2,2580.69,3103.55,2940.8,2823.8,3031.27,3316.05,3432.44,3206.98,2733.56,2813.13,3235.9,3456.38,3386.98,3280.21,3446.85,3955.67,4125.3,3858.07,3835.13,3729.17,3946.74,3478.76,3753.94,3625.12,4062.81,4528.13,4693.27,4827.96,4479.01,5154.22,5076.47,4784.64,4762.63,4758.53,4577.68,4498.03,4350.43,4243.37,4425.24,4456.91
NL00150001Q9,STELLANTIS,NL,EUR,1830.74,1655.94,1609.89,1462.43,1488.72,1606.63,1872.12,1941.73,1980.72,1795.84,1796.38,1917.06,2163.85,2390.48,2779.21,3098.57,2977.9,2939.32,3119.42,3160.1,3516.08,3897.78,4100.61,4216.22,4771.7,5227.12,5546.72,6554.8,6368.93,6629.77,6628.34,5912.61,6709.2,7169.56,6127.78,5755.69,5140.53,4750.73,5163.18,5129.69,5095.15,3755.23,3958.24,3569.91,3013.35,1789.92,1677.84,1460.91,1125.22,1035.97,1602.07,2280.05,2433.83,2299.43,2525.57,2714.01,2941.86,3432.27,3378.95,3367.1,2907.14,2415.47,2986.69,3083.09,2552.27,2430.74,2984.42,2738.42,3601.5,3938.8,3867.82,4824.0,5220.11,4988.23,4869.69,5823.88,5784.68,5979.69,5406.11,3398.28,2992.7,3374.24,2804.71,2510.87,3270.93,3164.64,3198.19,2630.79,2560.02,2743.59,2683.92,2974.97,2910.35,2654.7,2522.77,2722.54,3328.04,2927.54,2903.44,3262.51,4325.12,3803.02,4333.55,4102.19,4344.08,4288.78,4332.31,4463.5,5433.43,5707.83,6345.32,6557.38,5698.59,5378.2,5281.88,5339.57,5258.22,6079.0,6812.72,6329.23
NL0015001FS8,FERROVIAL,NL,EUR,283.93,283.8,269.55,269.98,296.55,309.63,347.96,370.02,400.63,354.04,335.77,332.52,376.25,361.09,388.97,394.85,385.16,370.73,391.99,377.34,390.03,448.77,471.66,475.32,486.13,482.28,491.52,532.88,521.45,484.27,443.8,430.92,414.3,426.44,423.99,347.09,314.02,325.8,359.53,400.58,392.61,309.31,254.83,251.71,226.1,152.08,127.59,138.71,135.97,125.89,108.67,149.04,180.73,171.59,182.78,196.51,255.61,223.04,232.81,255.01,227.38,190.82,210.54,190.64,143.38,141.62,198.59,199.57,212.04,257.83,218.17,228.68,272.19,276.05,287.94,316.77,299.06,297.93,301.56,296.0,271.75,302.55,296.79,290.63,281.29,305.11,275.53,267.32,232.72,277.47,268.14,291.03,320.48,347.51,364.64,390.76,424.03,415.48,420.67,438.35,434.71,428.99,456.79,444.75,483.5,513.18,509.74,533.08,528.73,581.21,596.09,610.18,595.98,612.47,587.56,571.4,543.19,571.22,589.38,570.17
NO0003028904,VEND SERA DEAD - DELIST.28/10/25,NO,EUR,111.54,111.5,107.08,96.79,110.33,114.19,113.64,114.9,129.36,119.63,117.65,123.11,121.48,114.3,114.07,121.52,120.94,113.22,114.93,124.87,127.61,128.48,144.71,152.01,176.19,172.38,186.34,194.82,207.34,197.28,191.23,194.95,226.04,244.15,196.13,187.18,128.88,137.34,129.09,130.06,153.68,126.76,131.43,115.65,81.43,52.9,47.82,52.96,42.67,26.3,25.97,46.74,55.75,50.6,63.56,80.29,94.19,92.92,115.0,126.24,124.31,138.47,141.66,139.64,113.51,109.8,126.9,129.66,142.25,154.93,138.25,167.69,170.03,173.03,166.27,170.58,184.48,185.08,171.53,153.74,124.75,152.37,141.86,143.88,164.79,190.4,213.32,219.77,182.23,190.33,180.67,210.13,224.72,219.67,243.23,248.58,235.75,250.0,261.87,255.6,251.04,256.12,302.33,291.36,307.2,364.75,385.71,394.13,347.57,393.45,369.92,341.62,353.09,313.77,291.84,306.82,327.27,318.59,396.97,380.74
NO0003054108,MOWI,NO,EUR,,,,,,,,,,,,,,,0.51,0.52,0.61,0.56,0.57,0.5,,,,,0.55,0.63,0.6,0.56,0.57,0.56,0.65,0.61,0.65,0.52,,,,,,,,,,,,,,,,,,,,,,,,,,,,,,0.5,,,,,0.52,0.59,0.56,0.64,0.68,0.71,0.75,0.8,0.67,0.55,,,,,,,,,,,,,,0.53,0.55,0.54,0.6,0.63,0.68,0.72,0.63,0.71,0.72,0.7,0.7,0.64,0.75,0.82,0.82,0.86,0.81,0.8,0.82,0.88,0.93,1.05,1.05,1.05,1.09,1.12,1.12,1.08
NO0003733800,ORKLA,NO,EUR,2650.38,2961.26,2974.4,2827.67,2895.11,3109.08,3319.95,3379.67,3212.48,2958.28,3144.25,3481.46,3357.21,3680.5,4176.76,4532.85,4256.83,4000.78,3903.71,4242.89,4110.31,4419.52,4840.74,4892.28,5152.8,5604.73,6057.57,7099.26,7776.12,8357.34,8439.82,7145.99,7827.38,8150.22,7968.22,8542.87,5661.66,5542.67,5593.95,6027.36,6572.2,5850.13,5831.59,5888.14,4076.61,3011.66,2610.67,2957.38,3048.94,2726.96,3117.49,3467.53,3909.68,3464.97,3765.71,3834.02,4481.59,4458.97,4389.87,4699.81,4359.54,3741.09,4228.05,4206.79,3452.16,3217.01,4139.59,4180.88,4616.69,4802.67,4184.95,4865.99,4490.85,4542.66,4833.39,5303.83,4878.83,4998.67,4912.27,4379.71,4011.67,4598.15,4442.01,4361.05,4731.38,4874.82,4604.69,4533.57,4179.28,4474.81,4430.41,4566.54,4695.04,4879.78,5028.42,5383.58,5438.99,5073.31,4946.25,5852.08,5476.28,5290.11,5008.5,4677.57,4727.55,5266.11,5060.79,5063.2,5031.36,5135.97,5535.13,5634.6,6054.25,6088.59,6214.45,6197.71,6184.29,5220.27,5093.84,4664.01
NO0005052605,NORSK HYDRO,NO,EUR,1386.58,1583.05,1509.09,1474.99,1549.98,1739.87,1808.55,2011.94,2129.95,1898.61,1902.04,1940.28,2325.09,2215.01,2622.97,2912.4,2699.39,2571.41,2751.7,2507.13,2168.26,2227.58,2401.17,3013.75,3123.74,2999.34,3201.19,3399.71,3539.72,3831.75,3852.82,3682.61,4292.85,4434.68,4186.01,4336.15,3535.23,4345.07,4430.21,4500.71,5125.86,4716.39,4088.68,3462.4,2116.23,1342.93,1158.92,1281.94,1158.61,1044.12,1214.63,1448.38,1729.72,1655.42,1888.26,1936.08,2139.1,2139.21,2274.33,2722.58,2383.2,2174.27,2464.21,2504.3,1942.13,1621.96,1908.99,1692.85,2149.26,2158.94,2085.03,2599.14,2660.38,2918.57,2907.3,3146.85,2885.89,2776.98,2574.79,2208.32,1663.03,1901.37,1729.43,1676.5,1908.65,2180.52,1960.83,1752.91,1541.16,1667.68,1518.45,1591.54,1740.74,1669.37,1780.58,1860.04,1774.91,1648.24,1606.76,1741.3,1733.7,1515.39,1616.86,1534.76,1582.31,1707.19,1634.03,1703.24,1727.24,1892.38,1903.2,2038.7,2125.64,2090.26,2320.07,2302.22,2186.22,2184.08,2290.91,2211.52
NO0010063308,TELENOR,NO,EUR,24.32,24.42,23.84,22.03,21.81,21.7,23.47,24.86,24.34,26.52,25.5,26.56,27.22,29.37,29.16,31.42,35.27,33.74,35.52,35.4,36.43,44.04,47.91,52.54,56.36,51.55,49.37,52.19,55.38,55.87,52.52,52.64,56.79,66.63,66.2,68.13,57.5,59.03,54.7,57.47,63.84,55.32,44.69,46.55,35.72,17.43,15.93,19.45,19.3,15.23,16.77,18.43,24.78,22.6,27.01,27.7,33.91,38.28,40.01,41.27,38.68,37.17,39.94,42.04,37.16,38.57,46.85,44.56,47.73,48.68,43.64,49.5,46.82,50.32,49.93,52.52,53.39,52.06,52.85,53.02,49.17,56.99,53.99,51.97,51.63,58.77,58.53,58.07,48.61,55.32,56.5,60.79,64.88,65.29,67.52,67.04,73.19,71.83,72.81,74.86,73.24,68.65,76.83,72.27,79.54,83.71,83.86,82.99,72.07,77.06,77.17,81.55,86.65,83.16,84.04,84.03,80.19,82.03,77.22,73.81
NO0010096985,EQUINOR,NO,EUR,24.95,29.91,28.1,28.97,30.36,35.16,37.48,41.91,42.89,38.54,37.59,39.42,47.33,43.88,49.59,56.58,52.0,50.88,53.08,48.51,42.45,45.32,49.81,47.61,47.69,45.7,48.64,50.9,51.71,58.87,56.62,54.67,64.21,63.82,61.51,58.97,48.47,58.45,56.9,68.41,76.56,73.55,64.88,61.1,46.35,38.33,33.25,32.09,34.17,33.02,34.74,37.44,43.74,40.94,44.3,45.45,46.6,49.65,50.95,52.18,47.33,46.67,48.26,50.44,43.0,42.38,44.09,41.05,45.68,47.35,43.22,51.99,52.93,57.47,60.43,63.88,60.0,58.04,56.23,54.98,49.31,58.75,58.92,58.64,57.25,65.63,61.79,60.81,53.78,56.69,57.02,61.23,61.58,58.82,58.29,59.53,63.35,59.44,57.7,58.25,56.94,51.43,54.16,54.97,56.89,59.42,56.72,60.73,59.22,66.27,70.75,75.92,79.86,79.95,74.46,74.11,71.77,59.63,50.36,46.59
NO0010199151,PGS DEAD - DELIST.02/07/24,NO,EUR,15.03,15.52,14.28,13.04,14.76,15.61,15.7,19.37,20.71,16.45,18.38,19.9,23.26,25.44,30.16,36.4,40.5,41.22,39.46,38.13,35.65,42.51,49.24,51.58,51.02,50.86,57.02,61.19,55.03,58.23,55.96,54.96,66.98,68.45,66.98,67.86,48.93,56.76,57.91,63.53,68.78,57.32,54.6,50.63,30.06,11.5,10.45,9.22,7.69,7.74,9.75,11.51,15.0,14.46,16.32,18.56,22.68,22.26,24.27,26.89,29.64,29.58,30.63,32.55,23.23,19.79,20.96,21.04,26.74,29.03,28.36,36.51,34.57,38.52,37.43,36.94,37.62,33.56,37.98,29.52,23.83,25.84,24.13,25.62,29.94,35.81,34.09,35.21,27.45,28.76,35.0,36.02,39.17,40.77,39.7,40.57,41.92,37.46,36.54,34.72,36.0,29.24,32.38,30.91,29.81,29.29,28.96,28.42,24.88,26.38,29.38,29.03,26.95,26.44,21.32,18.84,15.81,12.37,12.25,14.09
NO0010208051,YARA INTERNATIONAL,NO,EUR,23.15,28.5,29.89,26.09,29.93,31.95,34.73,33.33,36.41,33.14,30.88,29.15,29.72,30.58,31.91,32.27,28.08,27.48,30.98,30.47,31.28,36.06,42.89,46.9,54.6,56.92,56.61,60.7,60.53,63.01,56.64,55.66,65.74,80.56,79.56,96.84,97.98,118.24,121.16,152.61,160.18,187.0,152.23,131.97,72.51,43.68,34.74,44.86,47.9,45.23,46.06,57.48,70.93,60.43,66.7,58.74,67.71,72.28,92.58,98.64,91.63,88.99,93.93,75.57,65.05,62.79,83.23,88.91,100.26,115.44,105.11,128.17,124.24,117.02,111.81,129.47,135.0,127.25,128.57,124.32,87.15,108.11,90.96,90.4,90.6,110.87,107.04,110.16,86.93,100.53,109.68,113.05,115.76,108.63,115.84,113.61,122.96,110.74,104.76,108.3,108.44,96.19,108.49,95.75,100.11,104.78,105.98,104.32,99.85,98.52,107.17,114.24,114.94,125.94,115.04,126.62,126.32,115.37,107.08,111.97
NO0012470089,TOMRA SYSTEMS,NO,EUR,32.65,26.66,27.92,24.54,29.0,27.61,36.33,42.91,47.75,45.77,47.07,47.69,52.98,53.25,53.49,66.29,63.39,54.56,46.43,43.61,41.04,45.17,47.81,46.43,45.51,51.65,48.18,55.25,55.28,59.36,53.17,46.88,48.78,49.06,44.27,48.08,39.88,46.54,51.38,49.23,49.17,45.55,47.88,46.96,34.83,31.81,23.32,23.14,23.14,23.17,25.32,26.12,27.64,25.16,26.54,32.11,32.62,35.56,35.06,33.62,32.95,33.81,34.37,34.48,29.53,29.99,35.06,40.07,42.7,43.31,37.39,47.69,46.63,50.39,58.38,62.19,65.88,63.42,65.48,57.52,47.11,53.96,50.2,48.65,53.14,60.57,59.02,57.69,51.28,62.95,58.39,63.83,65.69,61.0,60.97,66.91,62.94,71.88,72.42,71.04,67.56,63.88,69.15,67.66,71.15,69.72,66.56,70.53,64.72,70.8,72.74,71.97,65.59,63.1,64.37,65.63,59.19,58.04,54.6,59.5
PTBCP0AM0015,BANCO COMR.PORTUGUES 'R',PT,EUR,424.28,429.96,418.99,419.27,404.86,400.72,400.16,418.61,434.84,400.26,393.99,435.28,463.47,470.17,504.08,489.65,466.25,455.98,461.21,493.47,498.52,522.79,552.82,601.51,601.21,593.97,587.71,687.05,826.46,923.27,849.9,772.1,683.37,797.92,733.47,713.47,515.92,484.58,545.53,521.93,471.88,402.34,331.8,322.66,297.91,215.02,188.3,210.41,190.4,150.96,152.39,179.41,204.06,193.65,203.05,249.85,281.81,272.92,252.51,231.19,208.07,193.63,212.63,182.65,154.42,148.4,169.03,156.47,170.47,177.63,149.57,152.57,157.26,174.36,159.73,163.13,145.6,125.16,97.42,76.7,55.09,45.52,36.0,37.17,37.21,47.88,38.97,29.54,26.56,26.19,24.37,23.09,26.9,29.63,29.74,32.3,43.9,46.55,39.85,45.22,45.3,40.76,40.78,41.35,42.45,48.94,57.91,74.91,73.13,88.98,102.21,99.2,85.45,85.38,80.75,76.75,73.67,63.48,58.25,44.75
PTEDP0AM0009,EDP ENERGIAS DE PORTUGAL,PT,EUR,132.46,131.89,125.63,127.26,119.4,118.2,125.44,131.63,131.3,132.69,138.36,143.97,154.47,163.98,184.06,190.3,179.11,190.09,191.56,194.63,209.78,217.55,229.78,245.19,240.99,264.82,259.13,272.28,283.18,274.82,283.99,273.32,290.09,319.58,336.64,325.13,313.79,292.66,302.72,314.48,322.78,267.86,281.27,262.02,211.71,174.68,173.3,192.13,182.57,163.49,177.93,187.84,216.12,210.92,212.44,232.95,246.33,238.87,246.85,240.08,214.85,198.02,214.41,192.49,175.71,170.11,187.07,173.61,195.33,217.46,182.55,190.19,218.95,216.02,221.94,233.04,225.48,215.42,210.99,200.04,188.45,193.37,194.39,188.32,177.2,177.75,176.21,173.46,137.15,156.18,150.75,161.28,181.95,179.33,167.11,199.35,212.85,198.36,203.65,227.19,227.99,228.29,251.58,250.21,259.36,261.64,269.08,261.09,266.61,307.75,329.69,344.38,354.23,375.28,350.66,363.04,326.51,321.6,307.68,291.32
PTJMT0AE0001,JERONIMO MARTINS,PT,EUR,1914.3,2040.86,2158.2,2176.52,1990.63,2043.01,2099.87,2075.55,2076.25,2071.1,2072.56,2165.56,2303.13,2363.05,2513.26,2626.92,2593.6,2502.54,2492.61,2633.5,2634.97,2835.19,3177.15,3333.74,3721.68,3612.17,3881.63,4295.28,4513.17,4435.78,4514.11,4308.23,4630.85,5605.34,6106.25,5990.32,6171.21,5637.02,6146.58,6037.46,5513.32,5568.53,6236.64,6594.2,6483.53,3920.47,4007.79,4270.65,3960.31,3188.23,3835.19,4428.11,5222.93,5340.75,5478.68,6142.7,6893.46,7044.59,7747.14,7930.78,7648.9,7631.26,8062.23,8216.86,7372.36,7371.36,8731.47,8868.23,10733.8,12022.55,11396.45,12294.12,12177.37,12922.32,12979.66,13257.44,15085.03,15504.85,15836.65,15140.38,12761.93,14125.08,14772.16,13471.17,13568.21,15064.87,16539.42,15251.19,14489.15,13816.07,12851.74,13725.95,13720.71,14393.22,15372.72,15881.11,17555.73,16506.41,16172.85,19817.07,17731.17,17583.81,16525.26,16282.11,17321.64,15648.7,17554.44,16667.9,14629.96,14570.1,14431.66,15063.86,14772.68,14235.45,11340.09,11808.77,9601.77,7649.51,8935.82,8878.0
PTSON0AM0001,SONAE SGPS,PT,EUR,582.08,597.73,575.33,606.02,569.97,535.34,551.25,605.86,664.09,627.22,663.14,758.85,781.17,845.0,890.7,927.09,870.32,830.96,871.83,924.28,963.93,1056.29,1104.34,1105.94,1226.96,1195.95,1249.54,1516.11,1645.58,1598.38,1658.63,1505.79,1458.7,1647.0,1695.73,1631.37,1171.72,1153.72,1159.46,1119.69,1052.94,777.76,684.65,660.31,484.01,392.77,336.54,392.0,399.41,365.53,437.81,548.12,679.43,636.46,703.48,829.9,929.97,889.03,906.62,840.34,840.31,748.83,801.68,739.39,643.56,653.59,736.22,761.95,778.2,828.35,679.04,733.67,790.17,792.18,819.87,843.59,807.51,764.5,698.88,575.99,515.15,535.57,434.18,435.78,419.34,449.06,434.37,396.89,371.86,413.79,420.08,502.77,527.42,586.63,601.15,716.86,784.22,734.61,711.38,770.02,823.88,785.45,855.07,904.7,1031.71,1196.88,1234.69,1194.93,1304.27,1489.95,1554.02,1551.94,1490.04,1393.88,1277.08,1295.23,1231.38,1137.31,1160.2,1052.16
PTZON0AM0006,NOS SGPS,PT,EUR,81.89,82.43,78.46,74.42,68.74,67.83,65.23,62.64,68.4,68.88,73.73,73.39,75.86,78.18,78.81,78.61,74.65,76.87,76.72,82.06,80.36,80.55,85.14,85.49,88.65,94.86,98.15,111.15,111.3,109.5,110.05,111.36,101.07,92.48,94.72,95.05,90.21,84.74,81.01,90.94,78.69,60.26,70.41,57.17,52.81,36.73,35.1,37.36,39.17,34.78,38.57,39.84,42.82,40.01,42.53,44.99,50.94,47.92,48.04,46.8,42.86,38.27,38.63,33.11,31.02,30.72,32.71,31.86,31.21,41.91,30.63,35.85,39.01,41.37,41.39,44.74,40.45,38.18,33.8,30.67,25.12,26.0,23.82,24.8,26.51,25.64,27.94,27.77,22.96,26.22,22.44,24.74,24.85,28.04,30.3,34.62,37.83,39.76,37.4,39.75,41.53,44.15,53.49,50.26,54.53,63.05,66.54,68.13,61.3,71.7,71.92,66.0,63.78,61.68,56.04,54.89,56.6,53.78,58.19,59.47
SE0000106270,HENNES & MAURITZ B,SE,EUR,9820.27,10512.67,10269.59,10586.04,10912.15,10819.15,10969.1,10640.02,10989.86,9972.4,9621.11,10422.71,11276.14,11193.62,11195.14,11626.18,11504.95,12295.8,11761.71,12355.21,13277.1,13694.01,14802.83,16051.81,17131.7,16537.05,18189.59,21129.9,20642.62,19312.58,18929.21,18375.07,20571.89,21663.72,20347.05,19834.55,17410.82,18427.79,20052.4,19349.53,18719.65,18405.39,18210.8,16895.94,13519.61,12007.3,12476.68,13099.91,13244.71,12721.9,12674.09,15261.39,16809.73,17563.61,20813.51,19637.51,19788.66,20446.86,20850.72,19672.56,21063.75,21494.08,23038.33,23425.22,20768.79,20259.67,23000.88,23991.01,26521.26,25674.67,24685.3,24365.36,24063.94,23914.32,24296.79,27055.27,28328.75,26400.09,26047.08,23865.73,22987.01,25503.24,24237.56,24656.85,24980.1,27622.04,27557.86,26231.59,23624.29,28529.23,29509.16,28801.17,27702.98,26930.18,25807.95,27468.12,29296.04,28662.24,28523.12,29386.55,28455.6,27089.61,30817.6,30430.41,36047.35,35895.38,35285.34,38258.98,35787.82,37453.75,35314.58,34917.47,36381.91,37533.94,35202.66,36647.96,35704.38,34105.51,36881.98,35742.69
SE0000108227,SKF B,SE,EUR,277.91,300.91,283.39,263.27,282.28,279.91,323.12,331.91,357.01,344.8,356.8,382.79,382.12,396.82,445.23,482.53,447.05,443.9,398.0,403.14,412.3,453.53,461.22,520.81,553.95,523.99,583.25,641.63,666.9,654.17,658.84,633.22,651.43,601.48,547.88,525.94,549.38,577.36,625.58,595.15,634.85,532.35,578.15,517.09,422.81,303.24,268.82,331.02,286.98,285.34,292.04,389.55,411.6,431.05,522.36,538.17,550.49,570.72,580.95,608.56,551.65,556.57,626.71,724.57,633.62,653.17,686.63,648.14,829.02,926.18,959.76,1025.95,1030.65,1003.78,1048.84,1168.81,1100.06,1071.37,973.98,873.89,704.08,831.85,788.82,784.61,870.74,939.89,899.15,907.1,753.6,752.83,793.54,795.72,826.36,861.49,918.77,959.22,948.23,943.83,934.44,923.3,965.93,922.49,1096.34,1047.81,1103.88,1051.59,1084.82,1041.02,1051.64,1062.34,1046.51,1055.61,1051.33,1044.33,967.68,946.87,856.07,817.83,845.16,862.57
SE0000108656,ERICSSON B,SE,EUR,567.42,572.46,546.39,574.3,618.7,629.28,671.25,675.46,716.79,639.18,639.76,671.56,704.43,667.57,743.55,705.45,636.64,657.05,625.24,662.61,689.25,754.56,770.32,803.55,784.9,707.15,728.45,785.53,769.67,811.64,770.06,753.29,808.32,605.38,494.92,476.03,452.91,440.19,398.52,538.12,573.69,440.75,445.08,479.87,387.5,292.48,300.24,313.91,339.97,351.97,344.69,381.1,402.66,422.41,420.15,414.64,432.78,466.48,414.44,399.02,429.01,433.41,457.14,515.73,454.85,497.2,488.87,431.41,487.57,485.48,457.48,515.5,548.27,570.98,572.22,694.59,673.85,659.5,573.67,516.26,442.8,480.57,489.53,468.59,423.84,461.11,471.41,452.0,402.74,433.52,443.2,444.38,433.22,416.99,441.9,474.93,551.94,577.65,592.7,614.26,578.23,553.07,579.4,576.77,654.24,587.49,614.37,600.73,600.65,637.61,653.45,613.18,639.0,614.86,629.86,636.38,646.86,598.45,642.3,613.53
SE0000112724,SVENSKA CELLULOSA AKTIEBOLAGET SCA B,SE,EUR,337.84,345.9,333.87,319.64,313.76,293.99,311.3,325.29,322.55,309.61,319.4,342.69,381.66,385.03,402.96,428.75,396.08,392.15,397.81,407.61,435.33,435.88,465.65,496.06,506.27,491.23,522.39,507.64,509.31,493.05,524.69,510.06,546.49,517.64,524.63,520.83,466.31,486.03,536.68,515.49,490.34,433.55,348.8,350.11,316.98,222.73,246.46,258.22,241.56,199.79,231.27,313.78,370.58,336.59,409.89,420.77,435.09,451.69,442.22,430.4,439.43,477.13,455.4,438.51,390.19,396.85,482.23,446.25,509.55,517.0,487.66,528.55,585.38,553.44,538.87,534.85,540.3,491.3,506.67,470.95,427.56,513.1,517.26,517.99,580.79,625.79,623.31,571.67,513.24,541.16,615.56,645.31,671.52,702.71,730.06,782.21,874.58,885.23,932.48,964.61,923.75,925.12,979.18,904.86,935.74,1054.93,1087.03,1143.77,1057.0,1127.68,1090.1,1064.22,1061.65,991.83,940.3,917.83,909.29,849.7,900.21,821.73
SE0000113250,SKANSKA B,SE,EUR,191.89,197.68,200.92,207.8,218.07,213.99,224.32,222.9,256.51,242.45,258.28,263.27,268.33,278.83,297.73,314.17,283.74,280.43,284.83,286.84,307.93,324.47,325.87,359.04,376.78,374.15,403.35,449.12,448.35,412.79,417.96,389.35,378.96,378.61,373.23,362.24,323.87,373.24,385.1,340.81,351.32,295.97,267.83,261.19,228.76,176.92,151.84,201.71,178.03,145.86,176.76,240.14,242.08,245.37,306.34,319.74,322.46,331.28,370.88,375.39,345.58,365.4,401.83,385.4,340.59,337.59,390.57,356.45,424.34,440.81,411.05,458.54,469.7,475.32,487.2,519.9,470.69,456.33,413.76,387.14,355.18,420.93,395.29,423.0,443.79,466.91,439.71,436.88,355.98,411.15,406.94,413.58,435.29,419.6,426.2,438.3,456.13,478.2,486.43,481.92,504.24,466.81,532.73,506.19,544.73,546.38,541.39,579.16,558.71,615.16,665.84,673.35,684.77,673.16,614.05,612.11,611.21,598.96,636.84,632.93
SE0000114837,TRELLEBORG B,SE,EUR,122.13,143.38,131.92,116.44,123.84,117.93,132.01,133.29,133.01,121.62,131.68,158.11,157.95,165.43,184.89,181.87,167.43,139.86,148.04,159.67,154.23,172.4,177.19,196.3,199.26,206.62,211.89,262.02,268.31,232.98,216.46,203.18,198.09,214.04,187.72,176.74,151.17,152.35,168.47,170.13,166.11,134.73,153.79,155.66,121.34,52.22,48.05,54.28,47.35,26.53,33.72,80.76,66.49,64.8,97.33,105.37,112.58,121.87,132.76,147.06,136.37,126.35,143.18,144.17,120.39,119.09,143.6,131.47,181.93,185.13,190.24,208.54,229.22,197.97,202.39,244.91,234.36,225.13,224.74,170.63,132.11,173.45,169.75,176.13,190.08,218.04,210.44,239.79,203.22,192.0,216.1,216.84,235.07,226.93,247.13,258.41,267.8,296.92,286.95,320.05,333.41,321.64,378.65,363.08,408.8,408.1,420.54,429.3,430.75,425.39,434.24,469.35,482.35,469.4,423.41,423.56,382.99,376.05,359.41,372.12
SE0000148884,SKANDINAVISKA ENSKILDA BANKEN A,SE,EUR,461.03,502.37,492.22,470.25,461.49,444.43,474.86,483.38,490.44,497.81,502.28,548.45,594.22,590.01,661.1,686.83,653.75,651.07,672.29,708.9,735.11,764.95,803.45,869.2,910.57,836.01,894.47,1038.05,924.13,909.06,975.16,847.93,909.34,858.56,784.56,719.01,628.56,707.68,736.32,709.66,662.1,544.31,606.26,526.89,439.18,278.49,245.45,224.58,126.17,123.17,177.53,223.73,247.44,247.94,313.46,399.02,380.87,356.73,366.87,351.9,342.56,343.48,363.21,390.72,303.29,311.23,398.23,362.34,430.27,447.22,420.19,483.51,527.59,527.26,531.06,573.59,532.25,487.54,453.86,353.79,323.86,378.87,345.97,347.99,373.75,448.03,437.19,416.41,341.25,400.24,455.01,472.58,517.74,511.6,496.36,524.19,618.36,644.93,646.69,660.0,672.7,610.14,707.23,658.59,681.14,779.34,782.42,848.25,830.27,904.15,921.09,923.6,914.16,897.81,902.22,879.79,898.86,859.22,889.63,854.74
SE0000163594,SECURITAS B,SE,EUR,246.6,249.06,250.16,255.85,267.78,267.22,271.03,257.94,248.24,242.96,245.43,265.21,290.82,293.83,307.75,340.06,312.92,313.46,304.8,288.42,295.47,309.64,323.4,365.46,347.94,351.38,357.28,372.26,361.27,385.4,374.23,320.32,318.57,305.87,332.08,337.62,294.58,293.74,320.96,324.55,314.52,293.04,293.36,343.09,277.18,237.46,237.85,241.67,242.05,208.31,215.88,248.36,263.46,262.77,290.12,303.8,299.15,296.38,292.85,304.95,304.63,336.3,332.56,328.9,289.38,295.7,328.36,298.83,349.11,352.63,343.78,378.63,391.08,378.37,385.55,406.48,366.31,358.63,343.77,313.48,248.53,312.08,297.47,292.88,316.94,326.93,325.0,309.69,260.22,277.21,291.3,266.11,268.31,259.53,279.05,311.14,333.53,333.7,336.83,350.19,342.86,325.18,363.86,393.77,427.64,427.93,386.76,398.24,389.3,412.74,432.59,450.48,450.68,461.96,453.41,426.8,433.3,429.18,471.55,470.19
SE0000171100,SSAB A,SE,EUR,80.56,88.91,83.98,82.49,87.6,82.6,91.0,98.15,108.72,106.87,115.33,130.13,155.06,161.12,171.51,215.87,209.76,219.55,218.28,212.56,205.28,234.27,231.98,261.72,266.53,296.08,338.51,403.38,419.96,463.55,451.69,417.75,453.35,398.22,337.81,334.85,318.98,348.78,356.67,422.6,438.69,410.56,351.59,311.58,195.26,125.52,100.47,108.9,90.08,94.68,107.23,129.78,177.8,155.73,174.39,196.44,207.64,211.59,215.82,229.9,221.59,225.89,244.35,240.18,199.53,184.2,195.83,186.03,216.39,189.24,182.82,227.73,223.34,212.76,214.66,247.64,230.47,207.09,185.91,139.97,103.63,135.3,125.01,122.27,144.51,145.76,134.38,145.45,109.31,117.93,117.59,107.75,101.47,101.96,115.93,123.92,117.73,110.81,108.88,106.32,101.68,86.39,94.76,101.46,95.13,96.16,105.75,111.81,116.37,115.06,112.24,126.17,139.78,135.41,141.21,135.08,125.18,105.4,103.54,84.88
SE0000242455,SWEDBANK A,SE,EUR,82.59,87.67,83.94,86.36,84.83,80.67,87.12,89.73,89.11,90.64,94.12,99.93,104.44,97.89,103.46,104.35,99.68,99.85,102.0,109.71,112.95,124.64,133.51,138.21,143.38,130.45,132.63,152.75,144.83,142.57,144.8,128.54,130.79,122.52,126.6,111.16,100.0,107.22,110.24,105.31,102.52,80.42,87.15,73.55,52.26,33.16,29.61,23.32,14.77,10.89,13.81,23.82,24.6,24.06,31.78,43.57,47.74,44.81,47.84,49.92,44.28,48.03,51.69,54.92,45.21,46.8,57.32,56.5,69.7,69.82,63.46,70.05,79.01,88.43,87.6,97.29,94.93,86.2,89.72,70.59,57.07,72.68,68.25,66.54,73.41,88.09,83.29,89.0,76.31,84.59,93.92,94.1,101.19,99.66,99.23,104.96,126.74,129.71,130.78,141.38,137.43,130.75,138.01,129.66,133.73,149.85,147.05,161.7,150.15,162.13,162.76,161.0,161.89,161.03,155.97,155.12,153.14,160.33,159.68,151.72
SE0000379190,CASTELLUM,SE,EUR,83.86,86.05,86.0,96.98,101.64,106.78,110.36,92.02,97.02,90.88,95.43,94.23,101.58,109.78,114.37,105.12,97.47,110.78,112.78,116.69,121.81,129.61,137.21,144.29,145.98,146.51,160.19,170.02,162.99,134.28,135.83,138.13,138.04,140.82,127.59,115.78,124.76,137.52,141.66,130.48,127.35,110.75,116.31,119.52,98.87,76.55,70.53,89.01,74.73,72.13,69.28,78.72,82.83,78.4,90.42,116.3,119.42,117.96,118.15,125.62,113.33,123.07,131.28,118.25,114.05,118.66,134.37,133.4,172.99,169.4,148.02,176.86,181.68,185.9,196.46,209.88,211.16,202.83,195.41,195.23,165.8,185.09,169.06,167.99,171.5,178.83,177.06,178.3,158.0,170.51,189.66,188.49,191.01,188.74,192.0,199.98,207.78,212.56,209.72,220.19,220.84,198.11,209.08,200.88,209.66,225.71,222.91,229.01,234.79,257.61,253.78,259.53,263.5,271.06,256.86,250.07,232.93,233.92,248.02,238.52
SE0000667891,SANDVIK,SE,EUR,309.39,331.22,316.59,295.94,318.54,298.95,321.63,353.98,400.79,386.49,379.99,373.61,394.68,432.35,474.83,521.18,482.43,479.53,428.43,451.9,472.75,504.04,530.53,599.72,654.11,646.6,728.94,817.95,806.33,877.54,889.86,881.48,925.17,816.67,784.37,745.16,615.61,740.24,753.77,695.17,774.75,619.47,595.23,566.16,466.4,286.85,265.46,279.87,234.14,243.52,257.33,317.52,389.41,353.22,451.1,482.7,526.37,543.57,561.87,578.45,528.73,515.86,599.45,692.45,572.2,596.44,622.97,573.73,741.29,725.42,817.27,941.87,950.93,927.1,911.87,1027.3,937.14,870.32,790.58,663.23,576.8,690.4,633.33,610.03,730.86,761.36,712.72,784.41,636.23,654.27,713.36,683.93,695.01,708.71,763.42,813.23,820.17,833.48,787.71,752.9,747.97,630.49,669.35,708.6,733.57,719.11,744.04,749.32,744.9,740.95,748.41,747.03,785.58,751.98,694.47,688.36,621.79,601.95,577.86,537.39
SE0000667925,TELIA COMPANY,SE,EUR,6.79,7.21,7.14,6.47,6.25,6.02,6.24,6.26,6.0,6.16,6.43,6.77,7.16,6.72,7.56,8.4,8.26,7.71,7.6,8.41,8.71,9.87,10.27,11.16,10.82,11.42,11.66,12.37,11.24,11.17,11.65,11.83,13.65,14.9,14.48,14.19,13.27,12.14,12.2,14.76,15.01,12.26,12.65,11.61,9.27,7.17,7.41,8.14,7.34,6.65,7.92,8.18,8.87,9.04,10.99,11.25,11.33,11.65,12.25,12.56,11.75,12.0,12.31,12.42,10.85,11.69,13.06,13.03,14.66,15.03,13.93,14.33,14.93,15.29,15.71,15.68,14.89,14.08,14.64,13.73,12.73,13.46,13.06,13.07,12.73,14.06,13.32,13.66,12.45,13.07,13.56,14.13,14.74,13.45,13.7,13.84,14.74,14.07,14.63,15.01,14.61,14.11,15.73,15.57,16.7,18.08,17.85,18.16,16.18,16.8,16.4,16.81,17.24,16.96,17.42,16.99,16.09,16.02,16.61,14.96
SE0000695876,ALFA LAVAL,SE,EUR,17.35,19.11,17.83,15.82,17.14,16.39,18.69,19.39,20.67,21.48,22.58,24.48,24.4,28.62,30.45,37.52,35.28,34.62,37.82,38.31,38.84,42.86,44.9,52.25,54.14,57.72,59.7,72.32,74.01,71.09,75.05,70.69,75.27,92.89,75.76,66.16,62.14,63.88,71.51,79.05,84.22,74.97,75.52,66.29,48.47,33.79,37.57,41.06,34.07,33.82,36.22,44.54,47.17,47.17,53.57,55.53,58.09,62.27,66.04,68.85,68.45,70.59,73.34,76.36,64.43,66.75,78.66,74.61,89.18,87.78,89.25,107.12,108.6,103.82,110.46,116.64,113.97,112.24,108.58,102.3,82.62,98.12,100.01,98.84,106.3,107.39,106.58,106.13,87.67,91.19,92.55,91.19,96.73,92.45,104.6,110.75,113.65,124.34,122.93,119.51,119.17,110.81,123.54,117.77,131.83,124.86,129.89,140.25,132.6,148.3,147.44,147.71,146.45,143.74,126.95,127.76,119.53,114.47,111.28,105.72
SE0000806994,JM,SE,EUR,25.8,31.08,31.71,33.03,34.19,32.1,35.12,36.53,39.8,41.18,43.23,43.82,50.68,55.24,62.93,65.85,70.61,65.38,60.38,64.26,72.26,81.02,83.27,99.78,110.09,122.52,140.99,147.3,156.42,128.98,130.01,111.82,101.72,93.64,87.11,86.75,78.69,91.39,99.55,76.4,80.49,60.02,54.7,55.68,36.56,24.27,17.66,25.09,23.86,19.59,25.67,32.08,32.26,31.71,38.32,49.55,56.91,70.49,76.58,79.48,68.03,74.28,81.74,76.82,67.36,63.68,76.69,74.27,98.47,101.83,92.9,110.31,109.29,115.68,125.4,138.28,128.95,114.28,93.64,80.79,62.61,89.29,78.81,78.94,89.22,88.54,89.2,94.1,86.67,89.64,96.75,87.3,93.01,91.52,87.0,90.61,104.42,116.88,120.75,120.03,115.29,111.57,141.27,136.69,154.93,152.14,150.63,150.39,142.59,175.13,174.34,185.52,202.39,203.86,174.11,179.34,175.95,176.81,175.31,174.8
SE0000862997,BILLERUD AKTIEBOLAG,SE,EUR,33.86,33.28,31.19,28.61,27.74,27.48,30.33,28.41,29.4,26.3,27.2,30.0,30.9,32.76,36.82,39.47,33.82,31.26,35.76,36.51,35.88,36.74,40.67,41.87,39.34,34.62,35.21,35.94,37.17,36.94,37.05,34.03,32.56,29.29,28.21,25.06,22.26,27.73,27.72,27.93,22.97,19.62,16.88,20.38,17.96,14.22,8.68,6.88,5.23,5.11,5.52,12.33,14.96,12.42,14.55,18.44,19.45,20.47,24.7,27.05,25.2,25.63,29.61,28.65,23.63,22.36,23.66,21.07,27.75,29.36,29.04,31.74,36.31,39.64,41.52,44.67,43.18,40.47,34.84,30.63,26.21,30.26,31.44,32.9,33.83,35.61,35.58,37.27,31.29,37.69,36.51,33.74,38.12,38.9,43.21,47.74,53.99,51.53,48.9,50.13,49.75,49.11,48.96,47.41,52.79,61.49,63.55,66.14,62.74,72.97,72.17,75.98,80.57,77.74,79.25,77.66,75.99,77.93,79.22,76.96
SE0000949331,NOBIA,SE,EUR,24.77,29.79,28.65,24.81,24.92,22.54,25.68,27.26,26.18,25.22,27.16,31.37,31.26,37.4,40.9,49.67,51.39,51.26,52.89,49.09,52.75,55.94,55.82,60.76,62.62,63.31,65.67,66.29,59.96,60.27,58.1,53.86,46.32,42.36,45.02,43.0,33.61,41.32,41.77,33.24,35.37,24.63,27.58,27.32,16.1,10.84,9.15,10.74,10.55,9.67,11.62,19.53,19.61,17.95,22.84,25.71,27.7,31.91,33.5,29.68,28.93,25.53,27.12,26.16,22.87,25.86,29.73,26.42,37.04,39.22,38.65,45.32,45.22,44.54,47.5,40.44,39.51,33.26,29.34,24.95,17.52,22.13,19.2,18.07,19.31,25.53,23.78,20.23,16.41,15.31,18.25,17.57,19.13,20.35,21.64,20.6,30.68,28.25,26.99,29.34,29.5,29.66,37.15,40.21,41.16,44.82,44.57,43.56,39.8,46.48,45.33,47.33,46.37,43.59,39.93,39.37,45.51,42.38,44.43,46.58
SE0001662230,HUSQVARNA B,SE,EUR,,,,,,,,,,,,,,,,,,15.24,13.59,13.69,14.9,15.51,17.3,19.79,19.48,19.57,20.79,23.78,25.95,24.29,23.89,21.82,21.98,20.54,18.32,20.28,17.22,18.76,20.6,18.24,18.2,15.52,14.77,14.4,13.01,12.09,10.21,9.25,7.47,6.42,8.45,10.44,12.09,11.37,13.1,14.92,14.52,13.5,14.59,15.5,14.5,13.54,15.3,15.92,13.3,12.96,15.08,13.46,15.85,14.97,14.85,17.85,17.83,17.22,18.33,16.85,17.49,14.65,12.74,11.57,9.0,11.31,10.9,10.21,11.64,13.36,13.79,13.19,10.62,10.81,11.75,10.99,11.72,13.29,13.76,13.81,14.82,14.22,13.56,13.72,13.62,12.52,14.3,15.01,15.51,14.07,14.38,14.4,13.87,16.16,16.65,20.45,19.38,19.18,19.49,18.73,17.49,18.31,18.2,18.2
SE0005190238,TELE2 B,SE,EUR,41.84,43.74,40.55,38.54,37.78,36.95,42.51,42.65,40.13,37.22,39.85,42.05,42.15,42.39,46.34,49.57,42.24,40.5,39.15,39.78,40.49,42.2,51.58,58.6,59.28,60.29,65.44,69.19,68.16,66.78,71.89,74.62,87.81,95.87,93.23,81.73,82.39,72.23,77.22,90.86,92.51,84.97,76.22,67.11,48.3,36.4,35.16,37.79,35.38,32.38,36.41,41.41,46.27,46.4,61.51,64.22,61.05,68.78,70.53,71.23,65.95,68.79,77.28,78.51,70.35,73.08,85.91,87.56,102.02,106.39,96.94,100.76,107.53,110.77,112.15,122.13,115.56,117.26,126.03,125.24,108.77,125.97,117.88,115.62,112.83,121.26,120.43,112.78,97.83,102.0,109.43,115.98,119.84,109.98,115.13,118.66,118.2,105.34,114.97,113.14,118.59,110.81,121.33,119.17,121.54,114.77,116.17,107.72,104.75,117.94,117.62,120.95,118.61,117.83,122.11,124.85,121.02,126.74,129.86,121.41
SE0006993770,AXFOOD,SE,EUR,40.76,42.62,39.11,41.24,39.89,40.08,38.28,39.95,39.66,39.9,41.7,44.54,43.61,41.24,42.7,48.9,47.43,49.42,51.69,52.67,52.22,56.45,64.73,71.13,64.43,67.41,72.5,74.86,69.05,65.31,64.41,65.82,61.96,64.9,70.1,74.28,69.55,64.37,69.51,62.92,65.24,64.64,59.9,61.61,52.27,36.82,40.91,41.28,37.36,37.59,37.54,43.0,46.23,44.3,50.22,55.29,56.73,62.22,62.64,60.31,60.06,64.74,63.33,61.54,55.47,56.64,61.26,61.43,70.88,75.13,72.91,80.43,78.07,82.64,84.27,83.28,83.46,79.66,86.97,85.88,77.43,86.62,82.65,83.65,82.35,85.69,85.07,86.29,74.47,75.59,84.27,83.89,89.39,87.86,87.84,89.4,98.19,99.81,101.28,109.42,104.65,103.32,115.47,110.55,121.45,128.84,125.93,124.86,119.2,141.45,143.15,137.52,141.66,140.73,131.99,129.3,134.29,159.22,153.63,154.49
SE0007100581,ASSA ABLOY B,SE,EUR,303.12,293.5,272.11,254.65,260.34,253.8,269.44,263.59,279.37,282.3,291.7,309.74,317.24,334.98,365.64,388.84,357.51,338.53,330.77,353.87,374.69,387.93,410.22,438.83,439.66,435.16,461.04,464.94,463.13,454.86,450.69,426.67,425.65,430.45,428.61,413.3,353.89,372.89,374.09,332.69,369.36,309.34,293.38,307.17,252.34,233.94,206.05,238.67,216.61,181.95,198.63,262.52,289.87,306.4,360.71,354.55,357.8,395.46,404.75,426.2,386.53,415.45,433.57,525.89,456.31,456.45,499.13,452.83,570.73,576.98,606.62,636.93,616.72,632.93,650.12,680.05,640.71,622.26,593.58,538.71,479.89,568.31,567.17,581.53,626.15,706.02,723.34,688.52,611.32,659.36,718.38,722.64,768.37,787.38,854.18,882.29,883.84,940.36,967.07,960.94,972.78,938.38,1064.16,1024.54,1106.87,1198.1,1223.82,1275.07,1203.87,1228.41,1280.92,1272.89,1239.84,1246.5,1206.68,1241.43,1266.89,1295.33,1334.5,1298.71
SE0007100599,SVENSKA HANDELSBANKEN A,SE,EUR,725.19,749.23,725.88,713.11,690.46,648.6,685.59,689.97,737.43,723.72,705.55,786.03,779.79,826.13,882.12,939.15,879.47,844.55,828.97,856.96,886.06,849.26,884.46,992.08,1000.23,941.83,969.93,1046.02,1005.28,956.26,988.35,947.05,1053.12,1127.22,1082.41,1090.97,944.84,957.88,993.77,1022.5,1023.67,878.1,939.73,891.24,802.4,658.78,611.27,586.49,406.02,444.98,518.7,679.79,747.8,726.63,935.8,1014.54,983.23,1025.23,1104.77,1104.69,1022.83,1056.34,1135.67,1132.37,978.71,991.32,1150.32,1051.05,1317.34,1307.45,1198.54,1283.03,1371.38,1355.72,1374.93,1457.8,1406.33,1295.55,1318.64,1154.87,1074.35,1217.63,1104.72,1106.32,1255.31,1415.91,1394.88,1421.67,1225.28,1441.37,1529.4,1530.31,1647.24,1502.67,1558.71,1567.77,1793.2,1913.94,1953.47,2074.22,1965.76,1819.03,2065.45,1953.94,1951.92,2069.23,2126.85,2243.92,2170.9,2385.14,2402.79,2401.53,2442.08,2346.76,2317.64,2253.96,2258.97,2282.09,2347.29,2246.17
SE0011090018,HOLMEN B,SE,EUR,498.62,501.76,472.32,417.48,422.85,423.0,436.87,466.93,492.16,456.07,490.26,516.35,579.73,606.96,683.79,699.62,661.11,654.36,690.99,679.68,676.35,713.3,693.74,705.41,703.25,660.25,691.37,757.03,742.01,714.77,714.91,645.45,644.2,663.09,649.69,626.52,556.31,583.83,584.69,572.49,608.63,525.87,528.62,574.64,569.01,499.85,430.29,437.3,369.49,298.99,314.52,423.76,469.08,413.53,518.08,540.93,522.08,524.37,466.58,487.34,461.03,473.21,533.21,500.83,451.11,471.32,517.15,523.62,609.45,624.16,586.35,649.77,751.13,694.48,704.34,753.39,709.46,636.38,592.08,581.52,510.25,581.98,563.14,587.25,588.82,595.19,582.17,564.43,542.98,578.43,572.11,549.02,582.03,626.38,611.1,628.76,655.19,655.72,633.67,622.94,604.64,596.12,644.24,639.35,717.33,741.63,781.34,811.79,771.27,835.86,816.53,814.83,844.91,827.91,781.0,740.79,706.45,763.9,782.97,787.54
SE0015812219,SWEDISH MATCH DEAD - DELIST.02/01/23,SE,EUR,72.84,71.92,74.41,73.05,71.34,70.42,77.67,78.33,74.15,70.41,70.94,72.79,77.91,82.94,84.67,94.48,99.77,101.69,104.08,106.95,102.75,101.0,111.92,118.12,111.48,108.9,112.28,119.6,119.33,124.52,126.73,124.67,133.49,143.86,148.79,154.05,140.48,151.45,140.73,145.22,140.81,135.89,132.07,131.41,113.91,89.8,100.93,93.54,90.37,87.19,95.27,98.32,109.21,110.6,129.36,132.0,136.97,143.08,146.83,150.34,145.0,156.22,164.07,160.85,147.76,155.17,166.24,162.88,188.31,196.29,196.96,204.15,203.57,222.73,234.55,250.74,255.31,243.15,268.94,263.2,240.14,252.39,237.27,257.79,251.67,277.99,287.16,293.95,280.24,299.17,312.89,307.94,300.14,252.36,260.6,248.52,277.83,243.47,230.53,266.35,265.84,270.56,285.73,267.35,270.81,253.39,239.14,246.83,224.95,243.05,250.19,262.32,277.48,275.11,259.55,265.42,257.35,256.68,274.31,247.91
SE0015988019,NIBE INDUSTRIER,SE,EUR,192.95,198.49,223.0,191.44,174.46,164.6,171.5,164.15,172.14,163.43,170.29,197.21,201.02,216.16,222.1,247.05,262.2,273.52,316.26,292.24,345.4,332.46,363.33,438.56,442.89,419.34,423.09,462.92,522.15,528.29,457.48,379.63,262.68,275.42,275.27,317.95,260.4,255.14,245.47,218.9,215.79,197.05,201.21,185.41,184.68,143.78,133.05,151.26,163.19,166.95,166.19,220.75,247.39,233.2,255.53,260.24,276.98,309.55,278.1,264.56,272.22,279.07,315.72,319.13,257.94,248.76,262.95,253.21,325.9,341.7,351.51,425.71,439.67,433.44,477.96,475.98,513.34,491.73,477.32,454.8,409.48,428.37,436.99,420.58,431.74,452.48,451.61,448.86,397.49,394.63,396.95,462.64,477.15,437.73,407.98,416.48,454.19,490.08,503.6,472.36,486.62,458.76,501.19,529.35,560.35,564.83,672.6,663.87,645.5,798.29,755.14,823.47,863.41,934.8,798.07,823.89,752.2,788.2,795.78,763.73
SE0016589188,ELECTROLUX B,SE,EUR,630.68,712.91,690.7,623.61,679.49,660.17,696.41,693.13,727.03,721.21,720.51,803.37,825.38,856.34,887.91,956.09,889.86,793.48,795.45,851.02,892.42,1006.51,1032.31,1100.32,1215.34,1440.88,1624.53,1726.48,1656.47,1564.27,1670.09,1476.08,1388.54,1269.87,1109.91,1104.72,1018.06,1066.58,1081.99,1052.89,988.11,878.07,833.12,886.52,784.56,613.84,580.16,579.01,500.3,472.77,535.17,783.52,864.22,953.97,1271.12,1424.93,1564.62,1685.5,1674.37,1609.21,1645.43,1460.23,1610.78,1817.39,1586.65,1624.2,1564.61,1358.41,1732.85,1697.61,1668.4,1996.11,2004.99,1762.64,1812.05,1865.56,1983.26,1749.53,1379.06,1232.02,1083.29,1378.07,1268.15,1170.7,1338.67,1616.56,1615.03,1710.11,1450.7,1520.36,1743.17,1855.51,1892.61,1959.03,2002.79,2007.58,2022.4,1962.09,2030.45,2257.25,2153.88,1998.49,2313.52,2102.76,2069.04,1968.79,1944.38,2089.04,1693.2,1888.22,1815.56,2305.17,2097.96,2107.42,2075.11,2120.25,2207.77,2360.09,2482.4,2436.59
SE0017486889,ATLAS COPCO A,SE,EUR,462.17,495.73,476.76,461.58,498.71,516.63,553.56,559.1,631.37,594.43,652.4,723.58,762.63,801.23,914.22,976.82,901.01,920.96,824.65,855.28,871.29,969.2,976.99,1114.9,1130.67,1042.41,1096.84,1299.81,1335.76,1332.05,1393.94,1320.34,1368.99,1326.68,1168.69,1185.9,1117.07,1248.71,1359.51,1317.22,1447.63,1207.1,1277.59,1152.91,909.36,666.54,575.8,690.59,557.26,570.7,611.09,801.18,854.12,849.38,1005.63,1073.77,1093.98,1177.66,1204.24,1256.35,1174.32,1208.57,1325.72,1419.67,1247.49,1290.93,1427.0,1332.23,1688.59,1818.88,1929.08,2205.1,2103.02,2195.73,2323.65,2631.44,2417.43,2429.83,2176.75,2085.18,1650.49,2032.26,1973.13,1988.06,2186.74,2417.12,2221.9,2259.94,1910.83,2041.71,2142.91,2125.41,2220.36,2334.25,2444.46,2602.76,2705.77,2769.9,2701.99,2583.49,2607.34,2352.82,2551.16,2644.77,2872.21,2723.66,2740.13,2721.34,2665.47,2756.09,2822.75,2913.6,2963.4,2914.13,3018.27,2945.13,2897.21,2905.29,2914.76,2814.76
SE0018012494,MODERN TIMES GROUP MTG B,SE,EUR,43.77,50.6,49.95,50.54,50.85,50.42,49.59,58.67,62.11,62.86,63.8,68.48,79.88,76.2,77.21,89.93,84.08,92.29,86.97,91.79,90.84,101.18,107.06,115.51,110.8,97.0,102.27,103.29,108.8,115.81,110.82,102.56,115.15,125.69,117.16,126.06,106.75,117.69,125.01,131.45,129.2,109.25,104.77,98.87,65.27,39.24,32.27,39.5,31.96,26.17,31.45,50.75,55.46,52.43,69.92,77.34,81.65,84.31,83.99,94.39,88.14,104.24,110.51,116.25,101.21,106.03,120.08,110.63,143.2,137.06,140.05,134.41,141.31,135.89,154.5,155.98,142.76,136.7,140.15,106.81,83.43,110.43,100.07,99.04,103.26,101.62,113.41,100.37,85.5,98.25,97.69,97.05,94.0,64.67,71.12,74.0,77.76,89.29,84.72,90.98,88.5,93.29,103.08,99.54,114.98,120.46,111.51,114.3,99.55,104.97,102.69,97.6,107.41,98.04,89.09,86.23,72.37,70.28,72.8,72.53
SE0018012635,WIHLBORGS FASTIGHETER,SE,EUR,,,,,13.62,14.02,16.01,14.08,13.53,12.38,12.7,13.9,14.91,15.9,17.53,17.31,19.2,20.47,20.58,18.9,21.42,21.08,22.9,24.8,23.04,23.34,25.42,26.84,26.59,21.81,20.91,22.43,22.78,23.75,22.15,22.09,22.55,26.44,28.24,28.49,25.48,23.28,23.95,22.51,17.49,13.36,13.1,16.36,14.66,15.57,14.4,17.35,18.76,18.35,20.97,24.61,25.33,26.13,24.9,25.43,26.32,27.75,29.04,29.1,25.7,27.33,32.09,31.0,39.48,40.16,34.32,41.54,41.1,41.41,42.68,44.91,46.79,43.14,41.74,41.75,37.79,41.18,38.93,39.49,40.63,41.39,41.92,42.97,40.27,41.63,45.06,45.15,46.31,47.27,47.34,48.34,49.54,51.55,51.1,53.17,52.26,47.42,52.66,49.91,51.71,55.67,55.86,57.72,58.84,64.28,62.51,63.8,63.73,63.68,61.89,61.55,57.21,58.09,59.78,60.65
SE0020050417,BOLIDEN ORD SHS,SE,EUR,2.57,2.95,2.66,2.38,2.36,2.49,2.58,2.78,2.84,2.94,3.62,4.7,8.17,7.15,8.83,11.66,11.32,10.73,10.34,10.97,11.06,12.88,14.07,15.0,13.52,12.3,12.8,14.74,13.46,13.5,15.11,13.65,13.76,11.42,9.16,8.15,5.8,7.46,6.92,7.06,7.74,5.6,4.07,4.35,2.79,1.63,1.61,1.54,1.41,1.91,3.52,4.47,5.4,5.26,7.46,7.19,7.49,8.7,8.77,9.02,9.51,8.58,10.03,10.03,8.7,8.08,8.56,8.19,10.93,12.19,12.39,14.65,15.07,15.39,15.54,16.28,14.66,13.9,13.0,10.39,7.86,10.83,10.83,11.01,12.83,13.24,11.76,12.02,9.95,10.86,11.94,11.47,13.04,13.64,13.8,14.65,14.43,13.3,12.59,12.37,11.69,10.01,11.46,11.84,12.18,11.59,11.93,12.46,12.37,12.9,12.33,12.32,11.53,12.01,13.46,13.15,13.45,13.62,14.02,13.27
US8816242098,TEVA PHARMACEUTICAL INDUSTRIES ADR 1:1,IL,EUR,5390.05,5651.48,5819.62,5869.16,6279.97,5856.25,5921.31,6111.01,6295.06,7183.71,7707.31,8112.3,8044.09,7926.52,7777.24,7652.07,6884.75,5975.04,6251.07,6582.46,6459.21,6250.68,6082.17,5900.04,6667.66,6758.75,7118.56,7290.08,7463.89,7858.84,8010.17,8202.25,8487.22,8404.59,8528.29,8886.96,8808.27,9393.4,8847.42,8966.14,8770.94,8790.38,8612.66,9099.13,8807.71,8255.08,8313.23,8208.52,7999.13,8609.42,8707.16,8489.71,8974.38,9558.52,10341.3,9991.58,9816.49,9808.34,10264.77,10932.54,11045.07,11693.49,12301.07,11461.14,10706.85,10163.52,9558.71,9915.38,10342.72,10181.7,9831.5,10253.89,10760.3,9875.26,9902.68,9037.87,10073.66,9556.93,9256.68,8224.52,7415.63,8153.57,7921.22,8086.18,9059.26,9008.02,9074.65,9232.2,7922.3,7988.98,8299.5,8050.97,8439.09,8255.17,8258.75,7658.89,7810.93,7706.17,8193.84,7925.38,7926.87,8152.51,8277.27,7989.5,7917.66,7794.08,8588.11,8467.69,9453.79,10591.03,11241.25,10417.2,10788.92,11224.66,11480.96,11294.43,11584.48,12198.41,12330.93,12471.86
US91822M5022,VEON ADR 1:25,NL,EUR,,,,,,,,,,,,,,,,,,,,,,,,,,,,,,,,,,,,,,,,,,,,,,,,,,,,,,,,,,,,,,,,94.16,84.05,87.46,88.16,80.81,80.27,82.86,87.23,83.73,77.05,78.61,79.68,82.21,80.31,72.78,70.73,65.2,54.36,62.63,70.68,56.15,63.21,72.16,66.18,60.42,43.7,48.09,49.75,63.03,70.56,65.35,62.74,66.92,76.62,76.17,75.85,76.76,69.75,70.52,70.17,75.22,82.37,100.87,89.19,93.98,70.38,73.79,65.59,61.01,60.79,61.01,60.57,61.88,52.44,47.06,38.36,30.51
