ISIN,NAME,Country,Region,2014-01-31 00:00:00,2014-02-28 00:00:00,2014-03-31 00:00:00,2014-04-30 00:00:00,2014-05-30 00:00:00,2014-06-30 00:00:00,2014-07-31 00:00:00,2014-08-29 00:00:00,2014-09-30 00:00:00,2014-10-31 00:00:00,2014-11-28 00:00:00,2014-12-31 00:00:00,2015-01-30 00:00:00,2015-02-27 00:00:00,2015-03-31 00:00:00,2015-04-30 00:00:00,2015-05-29 00:00:00,2015-06-30 00:00:00,2015-07-31 00:00:00,2015-08-31 00:00:00,2015-09-30 00:00:00,2015-10-30 00:00:00,2015-11-30 00:00:00,2015-12-31 00:00:00,2016-01-29 00:00:00,2016-02-29 00:00:00,2016-03-31 00:00:00,2016-04-29 00:00:00,2016-05-31 00:00:00,2016-06-30 00:00:00,2016-07-29 00:00:00,2016-08-31 00:00:00,2016-09-30 00:00:00,2016-10-31 00:00:00,2016-11-30 00:00:00,2016-12-30 00:00:00,2017-01-31 00:00:00,2017-02-28 00:00:00,2017-03-31 00:00:00,2017-04-28 00:00:00,2017-05-31 00:00:00,2017-06-30 00:00:00,2017-07-31 00:00:00,2017-08-31 00:00:00,2017-09-29 00:00:00,2017-10-31 00:00:00,2017-11-30 00:00:00,2017-12-29 00:00:00,2018-01-31 00:00:00,2018-02-28 00:00:00,2018-03-30 00:00:00,2018-04-30 00:00:00,2018-05-31 00:00:00,2018-06-29 00:00:00,2018-07-31 00:00:00,2018-08-31 00:00:00,2018-09-28 00:00:00,2018-10-31 00:00:00,2018-11-30 00:00:00,2018-12-31 00:00:00,2019-01-31 00:00:00,2019-02-28 00:00:00,2019-03-29 00:00:00,2019-04-30 00:00:00,2019-05-31 00:00:00,2019-06-28 00:00:00,2019-07-31 00:00:00,2019-08-30 00:00:00,2019-09-30 00:00:00,2019-10-31 00:00:00,2019-11-29 00:00:00,2019-12-31 00:00:00,2020-01-31 00:00:00,2020-02-28 00:00:00,2020-03-31 00:00:00,2020-04-30 00:00:00,2020-05-29 00:00:00,2020-06-30 00:00:00,2020-07-31 00:00:00,2020-08-31 00:00:00,2020-09-30 00:00:00,2020-10-30 00:00:00,2020-11-30 00:00:00,2020-12-31 00:00:00,2021-01-29 00:00:00,2021-02-26 00:00:00,2021-03-31 00:00:00,2021-04-30 00:00:00,2021-05-31 00:00:00,2021-06-30 00:00:00,2021-07-30 00:00:00,2021-08-31 00:00:00,2021-09-30 00:00:00,2021-10-29 00:00:00,2021-11-30 00:00:00,2021-12-31 00:00:00,2022-01-31 00:00:00,2022-02-28 00:00:00,2022-03-31 00:00:00,2022-04-29 00:00:00,2022-05-31 00:00:00,2022-06-30 00:00:00,2022-07-29 00:00:00,2022-08-31 00:00:00,2022-09-30 00:00:00,2022-10-31 00:00:00,2022-11-30 00:00:00,2022-12-30 00:00:00,2023-01-31 00:00:00,2023-02-28 00:00:00,2023-03-31 00:00:00,2023-04-28 00:00:00,2023-05-31 00:00:00,2023-06-30 00:00:00,2023-07-31 00:00:00,2023-08-31 00:00:00,2023-09-29 00:00:00,2023-10-31 00:00:00,2023-11-30 00:00:00,2023-12-29 00:00:00
AT000000STR1,STRABAG SE,AT,EUR,69.13,63.24,60.1,64.8,68.66,72.96,63.25,64.92,55.76,51.2,54.54,52.02,52.41,56.78,52.95,55.24,56.46,54.08,59.19,60.08,54.5,55.94,61.1,62.09,58.97,62.24,73.41,76.23,76.76,74.7,77.6,80.13,82.84,83.14,83.57,88.06,90.9,92.54,97.11,101.47,103.45,109.83,112.4,109.26,110.62,106.31,98.74,103.93,110.26,101.28,100.72,104.63,106.58,103.28,106.29,104.0,104.28,92.9,93.74,77.43,92.72,90.06,84.5,88.48,86.81,91.72,89.17,90.02,88.37,91.5,95.29,95.77,91.5,82.53,62.66,77.02,82.35,70.94,81.2,84.92,84.72,79.83,90.39,98.89,98.01,103.79,100.66,112.85,126.42,144.81,153.21,153.51,154.44,145.02,132.31,140.78,144.08,137.15,136.23,132.55,148.89,143.19,146.66,136.77,134.47,136.54,146.46,148.39,149.84,141.22,152.41,155.27,144.82,152.1,157.63,159.84,148.19,147.75,154.97,171.17
AT00000VIE62,FLUGHAFEN WIEN,AT,EUR,655.11,739.57,807.04,798.25,781.54,772.79,779.05,745.81,693.2,761.72,804.06,771.62,719.25,714.5,721.65,744.15,760.19,734.57,734.78,774.63,763.25,802.17,791.85,806.23,743.08,739.03,926.83,968.74,936.07,935.33,1018.6,958.82,854.63,836.69,812.43,853.19,976.92,975.06,1094.17,1253.71,1313.47,1335.04,1378.19,1381.58,1373.39,1417.74,1406.19,1422.45,1556.91,1485.63,1443.89,1431.26,1377.42,1337.88,1355.47,1370.8,1464.38,1396.0,1395.08,1416.63,1492.09,1433.65,1556.86,1578.02,1521.65,1651.28,1636.93,1507.75,1536.74,1508.99,1523.77,1557.53,1484.71,1221.27,947.74,1072.87,1144.79,1044.44,1121.35,1142.9,956.84,866.96,1191.51,1369.41,1256.98,1391.98,1263.56,1345.08,1370.62,1274.96,1220.4,1219.23,1275.83,1212.26,1121.19,1111.83,1161.94,1155.92,1073.5,1044.97,1035.49,1258.39,1229.26,1215.93,1190.06,1198.76,1248.9,1269.03,1359.17,1335.0,1577.38,1631.23,1769.25,1955.83,1916.72,1886.79,1890.0,1979.78,2064.02,2102.17
AT0000606306,RAIFFEISEN BANK INTL.,AT,EUR,117.81,106.9,102.24,96.7,102.77,101.85,87.91,81.96,69.41,68.04,66.19,48.4,37.44,48.32,44.62,53.6,48.98,46.39,46.89,43.15,41.71,50.69,49.91,47.16,40.05,42.54,48.42,51.0,42.71,39.97,42.1,45.27,48.6,52.22,58.17,58.49,70.86,71.07,72.19,72.72,84.14,80.43,93.75,104.55,106.96,111.18,113.19,115.71,137.66,124.5,123.96,107.94,100.9,100.29,109.06,93.13,94.11,89.21,96.33,82.91,86.53,83.41,73.41,87.03,75.8,80.24,80.7,74.79,79.28,84.02,80.25,85.84,77.97,70.06,50.12,58.85,62.84,60.84,58.76,61.27,52.35,49.09,65.62,69.71,67.1,69.73,75.19,76.77,83.46,79.42,82.99,84.19,92.16,102.66,106.24,105.94,99.99,59.31,51.87,41.7,47.7,38.91,43.2,45.75,43.06,50.06,55.71,58.97,64.35,60.31,55.38,55.28,52.58,57.02,58.42,51.76,52.63,52.01,63.26,78.15
AT0000652011,ERSTE GROUP BANK,AT,EUR,471.14,459.4,442.2,433.93,453.67,421.79,336.05,335.54,298.8,331.91,354.15,303.59,282.95,342.63,321.27,370.96,377.75,370.22,393.27,388.1,377.66,384.29,400.03,409.64,377.25,336.25,367.13,375.29,356.84,300.73,353.3,373.83,394.89,417.99,370.99,391.16,405.32,388.9,435.12,476.34,498.45,524.75,568.17,579.13,592.91,589.77,599.72,594.97,692.93,701.5,688.62,673.19,591.21,592.49,613.87,565.97,589.89,579.0,560.13,471.37,495.15,537.44,522.14,567.91,523.77,550.26,534.68,477.17,489.66,523.04,530.47,557.68,544.01,504.56,274.26,321.45,325.47,348.33,330.85,360.81,310.29,303.14,426.76,451.74,454.11,490.37,503.17,527.49,617.37,551.09,582.58,600.34,662.51,644.84,668.96,724.56,712.18,553.64,567.3,482.13,504.75,410.92,409.07,367.15,360.26,400.68,495.04,518.33,612.98,640.42,538.24,590.14,557.24,604.53,654.51,617.86,599.97,615.96,699.13,700.6
AT0000720008,TELEKOM AUSTRIA,AT,EUR,163.71,182.35,186.11,185.52,182.14,184.22,180.3,176.74,169.85,141.2,139.98,136.72,133.98,144.32,146.65,151.96,145.08,136.46,140.51,128.1,116.19,124.95,112.33,113.04,113.68,117.25,127.13,129.56,127.8,120.75,122.57,118.73,117.58,119.46,115.63,123.2,128.44,134.3,142.25,146.18,170.76,168.09,192.77,205.87,194.36,200.93,206.91,198.8,207.88,192.03,203.9,204.46,189.54,183.61,191.74,190.65,170.63,163.71,161.85,167.18,168.82,163.77,160.25,164.88,167.15,171.75,169.44,174.34,165.17,175.86,182.57,185.61,182.49,170.9,158.25,159.72,163.72,156.89,171.36,167.87,166.73,158.75,173.47,182.63,179.61,180.03,186.23,193.02,214.24,208.67,208.37,216.95,211.3,211.55,204.67,211.78,210.95,200.11,190.34,175.31,170.95,162.23,157.74,159.92,148.05,148.6,154.55,157.74,171.34,191.44,193.08,199.86,185.92,198.2,204.43,201.24,217.83,217.47,247.28,263.45
AT0000730007,ANDRITZ,AT,EUR,2909.63,3329.93,3311.41,3322.49,3193.69,3095.08,2902.76,2873.08,2856.74,2585.18,2902.12,2961.47,2901.19,3097.18,3260.61,3189.56,3365.18,3016.37,3065.17,2610.1,2449.16,2758.82,2860.05,2668.52,2522.24,2614.92,2998.41,3143.0,2858.93,2647.05,2860.84,2858.25,3054.93,2930.45,2897.16,2822.34,3029.43,2939.6,2900.35,3197.76,3473.81,3479.23,3530.4,3143.26,3344.06,3270.67,3245.23,3270.19,3481.79,3365.06,3339.22,3219.81,2980.97,3174.33,3395.3,3548.69,3490.43,3100.81,2879.36,2742.8,2959.11,2989.61,2671.98,2963.94,2233.0,2345.73,2242.1,2195.7,2544.14,2796.43,2428.91,2682.42,2452.35,2181.86,1951.46,2044.79,2335.55,2264.57,2128.86,2119.82,1953.96,2129.4,2672.27,2898.89,3010.39,3047.72,2924.44,3531.3,3742.08,3646.6,3577.1,3727.98,3556.27,3678.67,3068.17,3349.22,3422.33,2915.76,3031.36,2914.08,3130.31,2723.37,3146.89,3133.31,2897.37,3152.03,3625.08,3873.26,4033.28,4200.72,4741.82,4551.5,3745.6,3901.79,3712.05,3731.64,3546.7,3213.62,3803.37,4364.7
AT0000743059,OMV,AT,EUR,2749.24,2892.06,2882.88,2968.97,2746.01,2991.8,2663.52,2564.47,2228.83,2081.27,1920.2,1763.66,1649.47,1912.23,1817.77,2207.64,1967.7,1909.11,1858.19,1776.81,1683.99,1856.07,1980.83,1970.76,1777.02,1824.11,1956.16,2084.28,2012.63,2021.72,1917.99,2019.1,2077.89,2252.77,2334.7,2554.7,2524.37,2765.42,2847.1,3322.46,3863.44,3836.71,4174.27,4250.62,4314.24,4448.8,4613.54,4696.74,4783.36,4253.25,4305.07,4606.88,4381.45,4326.27,4316.86,4050.15,4287.68,4246.77,3854.39,3335.71,3799.23,4019.51,4143.42,4082.46,3720.25,3870.45,4001.3,4053.71,4257.84,4629.6,4524.75,4458.82,3954.55,3297.55,2189.62,2597.53,2622.13,2651.15,2506.08,2585.82,2176.39,1961.2,2903.54,3450.98,3607.15,4135.23,4345.49,4219.37,4892.51,5040.86,4783.1,4909.0,5358.74,5373.35,4684.82,5033.33,5360.04,4217.89,4277.87,4589.77,5163.58,4341.76,3918.78,3758.17,3396.99,4277.1,4792.28,4763.37,4620.29,4537.19,4260.3,4388.46,4123.18,4439.2,4735.56,4862.86,5026.46,4579.76,4474.83,4602.44
AT0000746409,VERBUND,AT,EUR,1363.43,1370.52,1330.2,1339.8,1344.93,1339.01,1299.88,1357.97,1392.67,1396.93,1375.72,1279.7,1209.31,1309.9,1156.93,1196.72,1127.22,1023.81,1097.36,995.28,933.66,1001.87,975.3,907.9,850.54,768.37,901.79,1014.26,991.43,1024.87,1136.32,1119.57,1211.25,1209.77,1061.77,1161.74,1168.76,1209.33,1235.44,1227.36,1380.02,1406.89,1457.38,1586.02,1742.67,1796.46,1752.81,1787.8,2053.25,1965.14,2145.12,2336.01,2439.31,2429.31,2963.64,3055.27,3700.79,3029.84,3072.07,3197.6,3845.85,3619.73,3608.11,3722.41,3785.92,3972.55,4272.26,4522.1,4150.26,4103.16,3944.82,3808.49,4010.35,3571.75,2747.48,3435.35,3377.53,3454.09,4063.54,4152.21,4223.26,4437.68,5431.32,6593.93,6973.6,5918.74,5622.04,6410.97,7150.01,7180.28,7198.31,8537.33,7925.44,8130.25,8118.56,8769.64,8199.06,9458.51,8285.25,8406.71,7820.72,7690.07,8637.53,7555.23,6751.05,6172.06,6981.93,6614.67,6679.48,6860.81,6849.22,7038.03,6208.59,6614.63,6857.39,6772.71,6733.38,7154.25,7880.28,7664.06
AT0000831706,WIENERBERGER,AT,EUR,2876.24,3430.93,3477.47,3368.84,3292.03,3073.45,2758.61,2747.03,2361.21,2215.71,2524.47,2537.95,2589.96,2877.71,2926.59,2976.66,2952.73,2909.86,3074.68,3292.58,3250.0,3429.22,3249.05,3437.56,2829.91,3272.38,3561.68,3659.47,3374.3,2624.73,2893.61,2975.81,3184.96,2993.74,3322.78,3262.29,3619.18,3705.96,3986.77,4390.02,4483.78,4310.51,4355.05,4095.61,4647.63,4883.07,4322.84,4602.01,5198.27,5131.01,4748.46,4798.13,5061.57,4834.49,4754.27,5308.77,4845.18,4458.96,4341.99,3984.99,4355.71,4388.58,4116.52,4440.7,4273.73,4905.43,4574.92,4573.09,4834.61,5368.04,5449.73,5887.01,5635.95,5032.31,3134.19,3706.98,3974.52,4323.0,4570.16,5369.96,5246.65,5147.88,5672.32,6511.05,6950.68,6855.57,7482.07,8012.29,8008.48,8004.35,8486.53,8149.14,7013.84,7359.14,7597.37,7637.8,7445.31,6246.72,6331.35,5915.37,5895.8,4581.59,4896.37,5022.24,4318.66,4894.01,5548.18,5152.51,6391.06,6690.05,6193.78,6449.64,6229.2,6760.31,7265.38,6101.44,5624.31,5358.19,6312.16,7377.18
AT0000908504,VIENNA INSURANCE GROUP A,AT,EUR,688.43,743.14,715.38,772.69,784.85,802.02,745.55,728.11,676.86,720.27,747.4,672.41,636.07,664.3,663.1,596.84,568.67,534.93,541.05,510.79,458.86,501.86,436.7,428.61,384.45,362.93,330.67,352.2,356.52,304.1,319.69,316.15,326.87,317.09,327.94,361.64,391.68,388.19,390.46,417.28,456.95,468.21,499.38,490.13,491.5,487.33,490.57,514.29,591.04,554.73,555.67,541.88,494.15,469.73,490.49,470.49,491.67,458.57,443.06,399.26,418.56,415.76,442.84,478.66,439.42,462.38,465.09,444.15,469.15,488.11,498.29,513.37,486.87,435.1,338.62,362.47,378.54,402.43,400.27,441.43,424.42,386.93,455.76,485.31,488.82,515.02,495.31,511.91,557.07,540.34,542.64,570.39,567.99,575.12,542.77,557.31,572.55,517.28,513.52,491.04,498.32,473.3,474.34,493.88,425.22,464.9,476.86,495.39,562.73,582.53,558.45,611.03,566.35,571.22,585.69,587.22,611.01,585.75,626.11,639.96
AT0000937503,VOESTALPINE,AT,EUR,1419.95,1428.49,1392.73,1444.83,1467.04,1507.06,1435.36,1399.72,1286.81,1303.05,1355.16,1291.55,1158.65,1275.13,1191.73,1364.75,1351.33,1353.67,1444.54,1222.11,1146.47,1217.26,1088.28,1030.19,877.5,970.63,1121.08,1206.34,1146.58,1115.79,1219.32,1143.08,1197.34,1222.18,1312.09,1360.61,1465.5,1460.23,1365.22,1444.84,1567.84,1609.77,1794.37,1840.23,1811.2,1953.96,2066.63,2125.33,2312.73,2061.56,1859.07,1875.3,1905.08,1635.59,1844.36,1652.98,1682.57,1307.72,1221.93,1097.0,1176.28,1139.65,1117.59,1179.72,957.57,1137.67,1029.25,887.17,883.73,963.1,1019.68,1073.09,934.12,835.47,782.04,795.82,750.05,826.87,861.2,966.95,1025.09,1079.34,1247.4,1392.87,1421.68,1548.74,1613.28,1688.41,1755.68,1582.23,1737.19,1786.1,1463.13,1497.44,1325.21,1433.84,1299.48,1302.88,1184.55,1041.65,1151.4,835.35,935.15,847.25,718.38,909.74,1119.41,1107.57,1382.62,1555.27,1423.23,1450.82,1293.9,1503.2,1456.69,1285.31,1200.82,1093.08,1236.56,1384.86
AT0000938204,MAYR-MELNHOF KARTON,AT,EUR,721.55,756.61,738.66,750.57,768.65,742.38,744.24,728.62,662.06,668.15,649.58,648.53,642.87,663.01,642.52,722.45,726.34,721.39,744.63,750.54,736.62,758.31,723.29,806.69,734.72,710.68,779.7,761.41,751.21,713.44,719.45,737.64,721.82,725.68,661.89,696.87,740.61,727.84,765.91,793.05,856.39,880.15,885.99,915.45,967.27,979.07,968.76,991.37,1061.28,1017.66,1021.17,1024.39,988.88,932.62,941.1,890.77,868.35,875.3,893.5,868.87,911.81,931.6,867.41,918.41,884.75,894.45,901.36,843.04,854.73,873.06,942.72,953.4,975.87,931.36,880.49,975.38,1093.29,1121.89,1131.23,1250.32,1265.22,1188.92,1285.42,1469.81,1448.76,1597.76,1500.83,1512.68,1490.27,1579.16,1577.3,1563.18,1417.84,1460.35,1432.1,1489.0,1431.24,1404.03,1331.45,1317.15,1293.7,1283.14,1203.63,1135.16,979.78,1078.3,1263.82,1222.66,1265.52,1277.54,1259.47,1209.52,1130.7,1141.77,1193.38,1107.03,1055.12,914.93,958.04,1090.6
AT0000A21KS2,CPI EUROPE AGE,AT,EUR,172.7,185.52,171.56,168.79,162.13,160.92,144.17,143.12,129.31,137.68,136.93,115.33,104.05,139.35,133.91,136.72,121.13,107.2,112.4,113.38,104.76,117.37,112.68,103.98,85.63,92.77,96.98,107.44,105.69,97.28,99.24,103.96,110.07,100.85,97.64,91.6,86.0,85.55,89.77,97.48,105.35,110.11,116.95,127.63,124.57,122.02,115.98,124.38,123.94,112.98,125.44,126.73,119.97,118.72,131.22,133.15,129.91,118.93,123.48,119.08,132.12,123.84,123.91,127.64,131.29,135.06,139.3,144.99,144.13,148.64,140.06,138.82,143.64,132.43,92.31,95.66,96.93,88.34,85.84,86.02,81.97,69.31,96.68,107.44,109.5,104.32,105.88,107.82,116.02,116.28,122.65,131.69,123.53,128.59,123.74,137.46,138.39,138.41,137.11,129.78,116.96,81.18,81.75,79.81,65.56,63.28,67.81,66.51,72.16,70.01,75.33,87.74,88.5,99.46,107.73,103.48,104.35,107.7,110.82,124.7
AU000000JHX1,JAMES HARDIE INDUSTRIES CDI,IE,EUR,8669.31,10006.77,10256.01,9830.04,10331.15,10144.24,9904.06,9354.54,8202.28,8300.35,8136.0,8537.65,8038.45,9419.16,9290.21,9206.46,10824.86,10683.68,11216.23,10038.81,9664.81,10567.83,9616.55,10339.9,9224.87,10459.91,11262.35,11618.29,12574.92,12565.67,13700.04,13507.34,12912.66,12430.26,12830.14,13295.92,13148.44,12582.95,13200.06,14288.43,12311.43,13309.78,12974.88,11931.41,11851.36,13029.56,13973.71,15174.34,15178.0,15328.39,15129.69,15396.97,14520.96,14532.9,13889.52,13332.32,13231.81,11646.74,10245.88,9360.46,9859.96,11096.77,11420.74,12056.14,11315.51,11707.35,12256.23,13606.28,15038.37,15398.3,17622.46,17652.56,19211.73,16431.55,10238.74,13266.89,15577.09,17142.09,18804.49,20644.36,21515.44,22004.01,26347.76,26740.42,25600.39,25643.5,27537.87,30081.97,30215.47,30868.48,30538.34,35225.52,33005.7,35269.07,35909.7,36608.52,30216.39,29553.4,27840.73,26986.22,23724.58,20087.31,22658.17,21264.71,18420.81,20266.94,18299.67,16823.14,20907.53,19806.96,20258.55,21100.25,23457.87,25389.43,28191.11,29074.93,25465.16,24010.36,31419.19,37571.33
BE0003470755,SOLVAY,BE,EUR,11250.59,12489.44,12634.9,13017.94,13179.0,14008.67,13163.05,12840.11,12534.57,11086.32,11213.52,11071.48,11222.32,12233.2,11867.42,12111.27,11487.26,11432.71,11185.22,9773.94,8466.78,9443.21,9576.73,9460.57,7377.33,8323.63,9001.04,9058.47,9245.11,8434.98,9450.71,9980.15,10534.9,10436.05,10408.32,10694.7,10753.93,10729.81,11251.48,11676.01,12171.6,12462.11,13298.94,13471.19,13895.62,13817.44,13105.93,12941.51,13612.07,12932.25,13011.17,13093.9,12752.51,11995.47,13032.85,12671.86,12743.65,10833.56,10274.62,9482.35,10478.9,10764.12,10394.18,11533.51,9167.63,10150.8,10115.95,9882.72,10133.66,10642.7,11219.5,11345.6,10253.95,8918.15,7204.55,7718.37,7701.59,8092.05,7897.86,8783.34,8709.32,8208.33,11591.06,11984.75,11671.45,12536.94,12751.31,13011.32,13983.9,13170.68,13820.96,13569.03,12925.61,12324.97,11535.45,12040.64,12490.89,11718.27,10413.91,9995.25,10390.29,8606.28,9282.29,8633.47,8307.13,9601.17,10292.14,10734.1,12459.85,12349.29,12313.11,12927.45,11388.36,12207.8,13156.75,12690.14,12141.63,11531.02,12667.81,12936.07
BE0003565737,KBC GROUP,BE,EUR,5875.74,6309.46,6114.01,6048.98,5920.34,5406.89,5406.7,5676.51,5291.83,5321.6,5697.52,5589.77,5349.23,6042.26,6141.74,6555.41,6821.45,6806.06,7145.31,6756.8,6412.42,6237.09,6081.14,6384.68,5821.25,5415.0,5264.97,5723.28,6036.79,4972.56,5297.58,6023.41,5934.68,6201.25,6197.73,6407.43,6697.91,6335.47,6868.16,7452.9,7921.69,7966.46,8680.25,8631.7,8915.14,8737.27,8705.67,9070.64,10243.12,10015.45,9239.25,9292.43,8373.94,8365.61,8338.01,7715.99,8067.59,7477.37,7868.29,7101.53,7455.53,8127.43,7664.71,8109.39,7395.93,7401.4,7316.54,6536.36,7328.96,7909.84,8310.67,8578.71,8368.27,7513.18,5254.32,6151.24,5966.95,6535.58,6511.62,6555.71,5718.3,5619.03,7961.23,7987.1,7991.31,8247.3,8304.27,8865.07,9360.75,8729.31,9217.45,9640.73,10354.04,10672.53,9790.41,10083.62,10135.1,8515.45,8547.95,8060.03,8034.22,7225.38,6728.81,6150.19,6153.9,6468.53,7106.2,8390.98,9643.99,9811.25,8999.7,9358.72,8828.45,9439.07,10207.29,8896.22,8474.62,7425.0,7874.34,8900.24
BE0003593044,COFINIMMO,BE,EUR,335.67,346.62,343.7,353.17,362.93,377.79,375.93,375.11,343.56,351.93,354.45,352.11,370.36,375.8,355.43,356.96,340.2,334.49,350.26,339.51,341.03,363.1,338.06,346.19,351.44,355.38,397.98,402.43,404.29,389.64,414.08,407.78,412.58,388.09,366.6,380.07,372.22,369.33,379.89,401.24,415.59,421.53,434.32,442.45,440.98,435.74,443.54,452.44,463.63,432.98,445.03,456.28,440.57,450.59,478.93,476.65,455.87,437.68,445.26,453.27,484.35,475.24,485.85,466.9,468.09,483.43,494.16,517.42,523.59,549.89,550.02,546.61,592.37,588.77,486.17,517.07,522.16,527.23,548.73,563.23,576.53,520.86,572.52,571.54,574.93,597.72,559.81,588.62,623.84,602.75,639.8,654.67,600.99,639.04,617.55,632.46,580.87,520.63,581.37,535.77,534.39,443.59,458.56,416.79,340.26,339.83,349.61,365.88,371.2,379.84,362.9,391.81,334.51,324.39,339.26,337.24,296.94,268.14,304.6,340.87
BE0003717312,SOFINA,BE,EUR,11301.84,12085.13,11959.71,11748.12,11775.27,11591.9,11242.52,11397.32,10950.04,10803.45,10804.12,10491.78,10262.07,10781.73,10308.32,11309.4,11294.13,11319.02,11784.73,11713.12,11275.18,11463.86,10825.64,11400.01,10679.47,10255.77,12097.34,12932.39,14121.66,13600.12,13793.34,14374.38,14730.16,14385.6,13893.92,13629.81,13993.09,14021.43,14322.19,14790.2,15297.33,14985.51,15496.97,15173.43,16057.74,15713.88,16102.41,16454.31,18275.23,17815.69,17707.13,18279.47,17812.78,18286.11,19192.29,21004.58,21115.61,20263.42,21304.51,20056.52,21031.36,20726.04,20603.71,21750.11,20655.2,20425.52,20875.14,20694.45,23800.7,23662.9,23221.07,23136.64,24490.05,22945.27,21816.82,25200.9,29559.07,28511.47,30400.92,32490.83,29514.01,28058.58,34371.37,36611.18,35038.93,35992.34,36627.17,41117.32,45180.84,46918.92,50965.26,48064.99,43256.97,48126.27,50041.85,53426.2,42961.81,42409.55,39954.42,33729.33,25757.77,22341.94,25523.92,22062.83,19058.13,21392.84,23201.6,24049.33,25899.95,27475.76,24577.13,25143.06,22804.05,22937.15,26417.39,24970.46,22504.39,20968.23,24691.51,27595.18
BE0003735496,ORANGE BELGIUM,BE,EUR,117.13,102.42,116.8,120.64,127.56,118.23,123.3,122.77,115.74,132.73,148.01,146.96,137.43,146.37,134.46,118.02,114.45,117.2,134.77,128.9,133.18,152.41,137.82,150.28,128.2,129.11,138.93,135.49,148.76,142.77,150.19,144.06,151.56,139.31,128.8,129.74,139.86,140.97,132.78,129.19,147.08,147.42,154.99,151.38,145.79,146.05,136.64,132.49,133.69,117.35,128.87,131.18,126.86,108.7,103.36,97.53,101.25,115.7,120.28,126.88,123.52,130.64,138.8,134.78,124.64,130.36,150.91,143.55,135.53,144.4,145.82,152.51,133.4,124.0,115.52,109.13,109.65,109.36,112.91,113.4,108.51,111.85,129.81,179.12,181.51,185.84,180.73,177.43,160.1,153.32,163.69,160.85,153.8,155.31,148.45,154.64,148.46,150.43,145.98,132.79,138.49,128.01,130.99,127.53,120.5,115.76,119.89,125.73,123.19,115.95,113.29,111.05,99.08,103.18,104.27,100.12,99.4,97.8,100.5,101.91
BE0003739530,UCB,BE,EUR,31364.28,35586.75,35493.22,36779.74,35821.74,38000.14,41229.84,43579.8,40760.38,36216.03,35301.72,34330.56,34935.98,34415.54,32470.18,32355.96,32442.48,32609.14,35383.88,34398.74,35439.03,39527.46,40573.09,41097.07,38666.87,33811.82,34828.29,34440.9,33268.83,34350.47,36001.68,37720.38,35589.61,31114.91,29627.37,29560.26,31685.02,32860.23,35780.69,36258.19,32868.4,31963.36,33770.75,32023.58,33130.64,33872.22,34808.14,36975.51,40691.99,38635.9,37870.55,35750.9,37149.42,37069.31,40525.46,43203.84,42384.13,39627.33,39633.25,38427.52,40921.63,39556.63,40530.32,37822.34,36418.45,39629.81,37523.14,35705.19,34650.56,38471.44,38705.71,37981.01,43938.22,43801.41,41366.52,43666.49,48281.6,55846.23,62075.71,57400.64,54856.43,47580.36,51666.94,49850.7,50106.12,48260.21,45979.99,45254.0,45639.99,51003.1,52758.43,55791.36,54729.81,58205.33,52791.77,55670.82,48135.76,53532.59,58864.99,56254.84,43294.54,41470.36,38271.63,34674.99,34274.78,37105.72,38890.54,38620.92,40271.45,42454.23,44061.63,46353.48,43225.87,44060.86,44153.28,44694.53,40829.06,36304.47,36813.12,43349.22
BE0003797140,GBL NEW,BE,EUR,3459.81,3768.2,3824.08,3975.97,4101.27,4088.55,3912.21,3878.24,3606.84,3512.91,3568.92,3368.91,3260.51,3452.05,3260.48,3454.55,3358.24,3253.64,3359.06,3138.43,3043.34,3302.39,3322.02,3463.65,3057.79,3094.84,3342.05,3573.22,3538.29,3394.68,3509.58,3644.46,3689.07,3573.0,3417.51,3497.61,3541.88,3536.43,3785.9,3986.52,4141.41,4093.71,4351.23,4328.97,4480.31,4572.68,4587.39,4601.33,5033.24,4884.11,4859.86,4885.55,4611.52,4592.17,4630.61,4580.13,4567.12,4054.78,3919.96,3787.18,4110.39,4194.02,4235.35,4263.77,4152.24,4386.64,4248.96,4177.02,4288.03,4481.6,4533.56,4708.79,4488.44,4015.26,3508.35,3563.76,3724.46,3861.98,4013.74,4271.95,4156.27,3769.18,4498.68,4648.87,4574.47,4591.79,4776.12,5042.7,5326.46,5253.33,5462.35,5382.27,5174.3,5447.56,5048.59,5241.53,4995.36,4901.62,4917.26,4486.9,4420.18,3998.59,4223.12,3644.31,3380.35,3539.26,3787.12,3820.97,4088.26,4048.09,4094.14,4308.59,3781.16,3873.69,3989.46,3970.95,3675.64,3588.51,3902.86,3871.13
BE0003810273,PROXIMUS,BE,EUR,204.41,215.92,224.09,231.86,251.4,251.51,247.69,270.95,263.9,285.97,300.0,279.45,285.66,289.29,268.42,292.85,272.08,276.88,297.27,282.19,270.3,273.19,259.1,259.06,273.08,251.13,272.07,274.09,264.8,257.7,254.29,248.86,243.37,232.89,230.51,238.42,237.19,243.66,259.91,258.88,304.55,295.72,296.36,298.04,291.76,281.14,290.63,281.41,289.93,275.81,265.88,270.62,235.55,198.58,215.7,203.37,210.53,225.04,243.74,241.31,240.07,236.41,258.0,256.89,265.68,271.19,264.01,272.06,272.94,282.17,277.35,266.66,265.32,228.62,213.16,205.38,201.35,196.22,199.41,191.08,175.89,187.28,201.72,194.73,207.3,193.06,214.16,215.34,204.83,194.91,207.28,197.77,200.42,190.14,181.93,200.94,209.35,205.64,193.28,185.96,182.86,156.14,146.66,135.4,110.22,111.35,109.32,105.91,112.75,102.0,106.59,99.93,90.66,87.18,89.94,88.68,95.44,96.82,112.51,114.55
BE0003822393,ELIA GROUP,BE,EUR,221.28,231.31,242.84,254.67,256.06,250.17,240.86,242.2,237.92,245.45,249.01,230.76,217.28,224.59,208.37,219.42,214.38,206.23,215.07,230.52,247.66,247.98,228.56,237.32,245.59,245.24,254.09,263.8,264.09,292.27,278.67,263.59,267.26,270.22,258.36,273.98,260.87,268.91,276.45,277.26,312.56,301.83,311.91,317.26,309.29,309.81,314.56,307.16,329.32,338.04,333.64,338.09,345.1,339.44,340.17,341.43,351.6,341.15,363.78,363.51,399.94,388.81,382.79,367.38,385.74,415.19,430.98,467.17,460.03,485.19,465.25,499.56,542.45,556.81,550.04,647.05,668.51,617.47,620.48,613.24,568.59,550.87,645.37,678.93,686.55,618.96,628.07,616.58,617.7,608.72,682.2,724.4,689.81,673.44,713.45,758.83,773.9,833.05,886.83,922.97,954.77,825.43,883.1,850.91,688.85,738.23,817.81,827.74,816.91,772.92,771.57,802.07,712.46,749.71,728.97,682.95,579.57,559.89,641.12,739.52
BE0974256852,COLRUYT GROUP,BE,EUR,45514.35,44549.76,44206.95,45296.57,44976.29,40729.54,38884.11,38341.93,36108.19,37313.31,38204.33,38143.7,37783.4,38445.08,35675.29,38739.55,36793.32,36668.9,40005.16,39943.84,39356.44,41491.76,41309.43,42985.24,44389.55,44821.21,48660.01,48030.61,49578.51,45932.5,46528.42,45702.75,47027.2,45505.94,42885.94,42033.18,41487.11,39881.81,41728.21,43525.31,46957.12,44601.19,47359.56,47045.82,44261.52,44194.39,45832.04,44982.88,47971.69,46713.21,47729.3,48727.3,45857.53,49297.08,51677.95,51466.43,49775.61,51118.05,56180.85,62546.35,63288.6,62764.89,65049.37,63308.8,65166.94,51057.88,46169.44,45084.71,49067.23,49771.29,46386.49,46703.2,44788.24,41118.19,48391.03,53550.78,54146.33,49232.96,52458.41,56737.85,58108.88,53921.58,54503.7,54022.42,56283.75,54886.64,54450.39,54093.02,55440.55,50944.91,51784.19,50959.08,46451.88,45826.32,43417.82,39535.61,37738.83,37392.45,38930.88,34382.22,30224.52,25312.17,25715.99,25969.83,21270.82,23261.25,25019.01,21937.11,25455.83,26187.39,28223.85,26793.55,31893.1,35953.66,36780.2,36897.09,42418.62,40395.22,42188.74,45173.33
BE0974258874,BEKAERT (D),BE,EUR,6027.45,6809.9,7134.26,7114.26,6787.72,6691.42,6695.63,6672.77,5974.82,5622.1,6098.66,5710.45,5407.87,5446.96,4829.65,5220.04,5315.88,5171.23,5389.21,5315.67,4815.32,5469.63,5193.22,5654.58,5881.18,6563.51,7461.29,8068.75,8315.4,8083.56,8558.56,7701.19,8536.72,8294.46,7795.95,7580.12,8092.59,8289.3,9160.11,9399.82,9862.75,9637.97,9136.52,9030.4,9100.72,8973.45,7898.73,8301.8,8663.85,9444.77,8076.97,7994.55,7250.03,6299.82,5464.04,4954.44,4828.62,4191.53,5067.84,4672.54,5229.27,5162.78,4563.48,5294.27,4861.63,5334.71,5658.01,5412.49,5700.51,5536.36,5226.31,5909.59,5050.46,4252.98,3332.89,4212.61,4313.8,3946.34,3931.01,4076.88,4193.37,4282.62,6190.08,6691.31,6947.13,7454.45,8443.64,8856.85,9795.87,9141.6,9734.52,9763.23,8553.62,8991.96,8233.49,9130.01,9496.79,8957.58,8097.51,7694.89,8518.95,6871.4,7453.0,6524.19,5365.42,5898.04,7360.58,8194.16,8885.04,9385.2,9564.72,9859.22,9284.57,9852.58,10417.27,10334.9,9777.41,8786.22,10118.95,11182.76
BE0974264930,AGEAS (EX-FORTIS),BE,EUR,2619.43,2798.09,2716.59,2618.08,2655.16,2516.74,2267.24,2123.05,2094.96,2106.37,2262.2,2252.67,2159.35,2278.46,2263.58,2370.01,2444.99,2517.8,2709.1,2674.63,2679.35,2903.13,2859.7,3040.63,2642.58,2416.37,2598.64,2566.26,2745.45,2335.1,2282.95,2339.76,2474.86,2474.36,2534.09,2691.0,2901.65,2583.42,2658.28,2777.51,2853.01,2838.61,3167.76,3273.61,3317.78,3424.37,3474.67,3450.85,3740.71,3714.81,3642.46,3790.77,3697.44,3682.05,3915.44,3785.48,3925.55,3655.88,3523.73,3278.76,3398.42,3600.99,3523.79,3844.2,3678.94,3934.32,4095.58,4053.38,4192.43,4354.21,4539.97,4469.39,4168.66,3476.79,3143.82,2719.39,2578.49,2692.61,2862.72,3199.82,3107.13,3058.93,3932.21,4252.41,4097.23,4497.39,4832.63,4834.62,5216.42,4588.41,4368.51,4133.11,4102.86,4027.89,4246.23,4282.42,3947.16,3990.99,4216.61,4001.42,4152.53,3790.8,3747.6,3516.8,3168.26,3081.23,3525.33,3934.34,4326.26,4032.9,3854.26,3968.52,3641.69,3704.7,3887.08,3642.66,3781.0,3608.87,4056.06,4089.0
BE0974271034,VIOHALCO,BE,EUR,114.93,146.59,147.53,142.34,137.44,131.34,130.1,124.24,95.66,73.27,56.64,52.77,57.16,96.87,72.59,67.49,61.55,59.51,59.26,49.84,54.49,55.79,49.18,39.75,32.29,25.95,28.75,28.71,36.43,30.25,33.98,31.64,31.16,33.31,27.56,29.2,33.6,43.4,43.02,44.08,50.99,74.52,73.77,88.38,77.65,78.1,79.67,87.38,106.6,97.02,97.69,97.21,81.98,91.28,83.77,78.27,80.77,65.67,65.62,68.72,70.41,80.23,84.72,86.09,85.98,111.68,105.77,98.49,90.69,92.29,92.22,94.9,91.93,65.66,41.79,59.74,58.78,60.37,61.68,61.7,67.1,73.03,95.58,103.49,95.55,103.36,132.5,138.59,127.83,123.17,122.76,127.07,111.48,115.82,123.87,119.54,119.77,109.84,113.14,102.32,96.66,80.41,80.92,79.92,76.83,86.37,100.4,99.85,113.48,112.66,106.45,125.0,143.16,150.58,170.38,179.24,131.39,121.2,140.29,137.87
BE0974293251,ANHEUSER-BUSCH INBEV,BE,EUR,550.3,602.48,602.39,624.66,639.84,669.01,631.1,648.66,648.32,642.97,691.72,667.15,716.5,749.13,717.91,716.83,714.82,713.47,713.08,650.51,631.13,715.3,775.39,748.2,754.68,677.72,749.52,755.5,773.34,797.17,786.72,754.64,799.51,699.29,642.33,655.02,641.77,677.61,679.71,695.42,731.07,690.53,751.39,740.71,749.72,766.13,730.11,708.12,718.96,675.63,695.27,643.57,602.99,650.34,652.42,604.23,562.57,475.27,497.28,428.26,496.27,506.82,545.04,576.74,530.23,580.88,664.44,622.05,624.54,526.65,523.32,539.02,500.75,368.0,293.25,302.94,307.88,327.7,362.74,388.23,360.54,345.23,444.6,463.97,420.03,383.18,420.18,471.05,503.6,482.52,423.7,410.65,381.11,408.61,370.96,404.57,417.94,414.39,403.95,391.05,376.34,361.57,358.91,327.37,308.39,336.77,388.65,404.43,402.9,408.71,448.72,439.39,361.58,384.25,389.95,387.18,377.76,385.19,427.12,438.53
BE0974320526,UMICORE,BE,EUR,602.61,692.85,717.98,689.8,685.38,661.35,687.71,690.41,629.31,563.01,586.37,579.69,601.91,629.3,600.61,721.15,711.3,687.36,638.81,579.52,563.71,626.01,606.14,615.84,536.14,664.57,730.97,739.33,747.88,762.32,858.04,881.51,938.03,907.8,896.58,853.93,836.98,789.82,853.89,883.15,1000.36,1048.03,1207.54,1133.7,1257.39,1358.54,1420.96,1439.92,1603.89,1724.48,1604.66,1708.37,1726.89,1754.03,1788.21,1717.2,1718.86,1447.77,1333.06,1224.28,1299.09,1329.4,1365.73,1197.64,921.66,994.77,980.85,998.08,1181.14,1290.33,1344.58,1522.72,1441.24,1297.92,1093.31,1350.43,1386.44,1472.63,1477.55,1446.68,1310.12,1209.49,1412.4,1510.83,1785.7,1856.27,1670.65,1912.81,1898.54,1932.7,1961.85,2088.74,1885.13,1821.36,1536.79,1290.54,1189.26,1308.14,1390.17,1236.7,1422.03,1117.2,1156.39,1029.36,951.71,1062.73,1135.39,1181.0,1212.6,1079.45,1093.3,1059.33,906.06,912.58,970.15,874.54,782.68,781.4,881.33,905.79
BE0974338700,TITAN,BE,EUR,,,,,,,,,,,,,,,,,,,,,,,,,,,,,,,,,,,,,,,,,,,,,,,,,,,,,,,,,,,,,,,,,,,108.48,103.35,106.23,107.1,102.46,109.95,104.91,73.79,57.62,71.22,64.93,63.33,67.79,69.81,68.57,64.83,87.19,88.54,91.08,88.73,96.95,108.38,115.04,103.98,100.3,100.22,89.23,93.3,81.6,80.62,83.31,75.66,78.52,78.4,71.29,63.77,63.22,66.03,59.0,61.72,70.58,71.03,86.97,92.1,87.37,89.63,97.32,106.1,119.88,110.6,103.68,107.48,121.99,133.5
BMG850801025,STOLT-NIELSEN,GB,EUR,48.59,50.88,48.02,45.35,46.34,41.14,38.21,36.78,32.62,30.29,26.48,28.9,27.29,28.4,26.67,33.26,31.57,30.15,28.96,26.8,25.51,24.24,23.91,22.09,21.13,16.95,20.89,25.43,26.44,23.32,24.2,23.86,25.02,23.65,23.87,24.66,30.3,32.58,34.03,32.01,30.1,29.03,31.43,30.99,31.2,29.09,26.6,28.12,28.54,27.93,25.78,30.55,31.01,33.45,36.79,34.61,32.85,28.97,26.39,25.81,26.48,29.54,27.43,27.92,25.28,27.22,26.02,24.23,25.74,27.61,27.31,29.61,29.46,24.87,18.3,19.54,19.49,20.68,20.54,22.48,19.95,21.01,24.6,30.01,32.6,31.19,34.53,35.77,36.8,34.7,32.4,29.56,33.44,36.48,34.56,37.82,44.11,43.61,46.49,45.95,46.4,52.96,53.6,53.99,50.2,60.36,66.27,71.59,68.51,81.19,83.21,78.44,67.31,69.5,67.53,67.95,79.46,89.72,81.86,86.47
CH0000816824,OC OERLIKON CORPORATION,CH,EUR,112.84,122.1,120.54,115.77,111.58,105.5,98.49,103.35,90.68,91.92,90.3,91.59,83.09,91.39,84.71,97.95,95.31,91.41,91.99,81.01,73.0,71.83,71.86,66.71,66.19,73.41,77.29,74.45,68.6,67.55,72.32,74.11,77.11,72.55,71.33,75.82,87.48,83.49,82.38,95.13,100.74,104.26,116.21,110.49,122.03,127.2,129.11,133.77,141.59,134.58,139.44,132.04,131.23,123.96,126.14,118.31,111.67,96.59,94.95,90.76,104.72,108.52,103.67,114.04,95.11,106.81,94.25,80.97,87.7,89.43,97.31,102.49,93.22,80.92,70.07,74.1,80.36,80.64,82.74,90.46,79.14,68.8,93.42,102.39,102.14,107.3,114.88,119.51,117.0,113.39,115.64,113.97,112.14,103.91,99.07,105.0,97.76,91.3,82.14,77.52,81.35,74.55,82.73,78.69,69.3,69.39,70.57,70.35,73.25,65.26,64.82,64.25,55.49,57.21,62.73,56.47,48.87,45.59,48.19,51.81
CH0008038389,SWISS PRIME SITE,CH,EUR,282.29,304.24,308.5,319.4,306.28,315.19,301.95,304.36,282.18,288.84,294.04,279.38,329.83,348.19,330.85,348.65,320.87,305.37,322.25,315.48,293.1,308.49,301.11,315.44,321.12,337.02,356.21,368.32,359.95,380.28,387.02,369.77,369.16,348.5,343.05,344.46,350.37,365.73,369.91,379.54,403.83,398.4,396.1,395.64,394.1,374.2,378.27,404.56,424.08,409.73,422.9,429.42,427.3,419.36,419.25,422.06,394.24,374.37,379.57,371.5,390.49,389.35,403.33,386.25,390.35,420.7,425.51,479.0,471.19,495.42,508.44,556.0,587.69,576.63,490.26,475.65,465.88,462.83,457.57,452.27,455.56,421.13,452.34,492.17,487.93,470.6,481.01,505.48,530.24,515.88,553.37,555.44,508.96,528.68,489.46,511.1,509.1,510.42,524.5,520.42,532.52,471.11,489.4,465.17,432.23,434.81,443.7,466.54,477.14,456.79,469.2,511.99,473.82,489.2,548.79,541.78,517.24,522.72,570.4,601.69
CH0008742519,SWISSCOM 'R',CH,EUR,320.61,344.39,357.9,368.88,362.29,352.89,337.14,353.3,344.68,357.33,369.53,319.22,355.97,349.96,352.83,375.36,364.43,354.0,369.18,341.12,314.16,326.66,311.4,317.26,312.72,310.1,344.5,334.5,313.93,326.54,325.33,315.17,313.87,301.69,281.09,295.74,290.56,291.0,304.25,301.76,332.2,334.4,339.07,348.29,354.95,349.96,365.8,368.27,378.52,374.97,342.31,349.76,324.59,323.98,341.17,324.91,330.99,332.95,348.12,345.86,348.27,336.72,354.96,354.17,362.5,382.15,370.53,379.65,375.34,388.31,393.77,402.44,417.47,403.4,408.75,412.0,412.27,414.72,423.16,440.01,421.45,403.16,420.15,427.72,432.41,399.59,426.89,449.89,466.1,473.38,498.15,485.99,477.24,451.84,456.89,467.87,469.97,497.16,499.61,512.41,509.88,475.03,465.2,447.25,406.05,425.91,459.94,472.16,506.82,533.97,571.61,616.68,564.96,558.27,578.87,545.4,532.66,535.24,525.57,538.3
CH0010570759,CHOCOLADEFABRIKEN LINDT & SPRUENGLI,CH,EUR,10261.49,11086.9,11268.43,11290.37,11535.67,11963.03,12060.83,12164.03,11489.1,11595.41,11601.59,11140.5,12184.07,12690.13,12262.57,12604.63,12277.68,12261.92,13150.41,13187.82,13864.73,14576.27,14162.62,14607.54,13501.03,13501.41,14731.76,14509.54,14648.21,14155.76,14038.58,13650.13,13552.27,12302.23,11497.08,12067.48,12884.13,12879.18,13169.04,13331.05,14746.51,14012.09,13711.66,13934.08,13931.22,13947.72,14090.29,14519.29,15028.69,14485.63,14568.66,15288.77,15402.25,15432.86,16301.14,17946.79,16749.83,16244.97,16330.25,15112.69,14955.18,15057.27,15898.11,15418.19,15352.13,16766.51,17115.88,16938.07,17054.85,16859.26,17573.87,18178.46,19191.49,17803.67,17960.01,17598.07,18248.81,18058.06,18045.93,18628.57,18762.46,18187.3,18761.16,21022.37,19636.99,18691.95,19320.13,20789.74,21598.06,22302.27,24647.47,25988.4,25064.13,25587.32,26069.41,28533.02,24381.08,24000.36,25846.33,25293.41,22298.09,22483.14,24745.32,23464.98,21496.58,20906.66,21869.03,22079.5,24083.48,23928.43,25420.68,26834.5,26222.09,26988.52,26549.63,25662.1,23873.45,23663.24,26766.78,26361.3
CH0010645932,GIVAUDAN 'N',CH,EUR,396.56,419.28,429.03,436.73,455.25,462.36,454.58,461.32,443.34,461.75,495.48,500.25,506.51,535.45,516.76,535.71,519.97,493.16,533.47,490.41,462.06,511.47,514.58,518.76,530.15,536.23,577.47,578.15,561.81,588.7,604.34,606.67,597.96,567.79,521.54,538.32,528.69,534.03,544.93,582.25,620.91,605.54,603.2,616.64,658.41,675.81,689.07,698.73,728.54,690.07,705.98,696.39,693.66,704.58,729.01,757.46,767.46,754.83,764.71,717.29,754.07,778.74,793.62,823.97,838.54,899.31,850.35,860.47,888.27,934.08,935.68,995.83,1049.02,988.05,1006.16,1088.8,1166.26,1210.22,1343.75,1368.05,1404.6,1324.92,1329.86,1371.59,1313.96,1230.44,1280.12,1387.0,1476.11,1539.93,1650.51,1659.36,1511.38,1559.94,1608.55,1739.79,1356.53,1388.53,1400.0,1350.89,1236.96,1180.48,1171.79,1079.34,1027.1,1005.83,1118.67,1030.85,1083.16,1020.43,1120.76,1208.0,1128.68,1141.37,1167.66,1149.47,1127.14,1142.85,1295.89,1425.57
CH0011075394,ZURICH INSURANCE GROUP,CH,EUR,3135.39,3299.65,3313.4,3292.88,3456.66,3466.44,3347.73,3478.3,3427.86,3474.84,3614.21,3607.57,3817.34,3697.56,3899.1,3747.17,3853.97,3691.69,3712.01,3330.61,2967.66,3213.46,3194.72,3129.35,2671.51,2586.4,2826.9,2943.77,3179.12,3229.55,3167.05,3362.57,3389.22,3440.66,3438.1,3625.75,3776.35,3639.02,3734.16,3867.05,4112.9,4073.62,4270.56,4172.89,4267.48,4269.99,4230.37,4254.4,4599.49,4614.52,4574.59,4755.14,4405.34,4389.77,4561.85,4523.94,4706.82,4614.83,4649.29,4406.82,4656.69,4909.93,4905.32,5007.71,5071.64,5475.17,5497.02,5590.53,6016.67,6135.87,6165.4,6440.44,6525.19,6018.19,5574.28,5330.46,5393.58,5904.74,6186.91,6209.71,5844.17,5552.86,6821.9,7074.05,6703.72,6870.15,7175.93,7235.04,7354.82,7071.89,7107.7,7728.19,7241.62,7822.55,7213.97,7738.78,8335.54,8092.46,8741.49,8491.16,8446.08,8016.41,8052.41,8221.68,7417.74,7892.32,8786.33,8836.55,9097.75,8803.47,8856.04,9464.57,9091.22,9265.52,9470.56,9166.41,8959.03,9230.81,9824.58,10189.46
CH0012005267,NOVARTIS 'R',CH,EUR,7838.02,8519.24,8674.14,8853.31,9176.62,9250.78,8937.48,9186.05,9638.9,9479.18,9913.95,9494.96,10010.04,10501.72,10390.24,10827.28,10736.73,10349.02,10963.92,10277.67,9602.93,9566.77,8979.92,9101.11,8041.1,7835.04,7927.63,8317.88,8643.66,8960.89,9049.61,8579.79,8583.86,7753.74,7510.98,7940.86,7998.09,8526.68,8383.8,8679.4,9250.43,9404.84,9638.57,9501.3,9670.4,9307.64,9677.67,9543.83,10222.82,9453.78,9439.66,9064.91,8683.01,8869.76,9837.54,9723.76,10109.14,10263.27,10648.41,9974.27,10200.98,10692.5,11612.27,11153.63,11691.94,12495.76,12618.46,12287.23,11853.88,11916.69,12582.45,12962.31,12911.5,11465.24,11682.55,12064.85,12234.42,12312.86,11743.08,12267.99,12312.8,11041.3,12863.81,13395.99,12814.78,12226.15,12614.59,12564.45,12898.74,13408.25,13603.73,13605.37,12106.04,12167.32,11664.53,12950.91,12650.28,12871.4,13518.63,13646.46,13874.74,12930.84,13136.56,12414.68,11749.45,12377.82,13442.97,13833.87,13742.67,12951.42,14633.53,16341.43,15217.39,16055.95,16768.17,16138.46,16377.43,15643.19,16484.2,16980.29
CH0012032048,ROCHE HOLDING,CH,EUR,2965.26,3319.08,3327.31,3250.0,3269.11,3308.04,3228.57,3241.87,3286.12,3269.34,3331.32,3012.6,2996.77,3027.78,3157.1,3288.74,3348.75,3206.42,3321.29,3122.22,3008.25,3113.02,3065.3,3158.11,2945.78,2951.19,2918.2,2986.89,3098.14,3103.58,3023.4,2881.31,2935.03,2715.98,2627.29,2701.87,2788.11,2884.72,3115.38,3187.64,3348.84,3108.46,3094.03,3088.76,3114.51,2818.96,3081.14,3083.64,3008.83,2828.72,2894.02,2821.78,2715.36,2809.29,3105.33,3149.2,3078.57,3081.91,3279.13,3123.01,3365.15,3520.9,3595.97,3440.83,3414.44,3677.0,3515.87,3569.92,3802.16,3926.29,4025.71,4232.65,4389.22,4176.54,4360.75,4669.4,4652.65,4655.47,4668.01,4710.1,4608.63,4320.44,4437.84,4696.42,4638.78,4421.62,4489.75,4514.02,4810.02,5216.34,5347.62,5553.64,5070.99,5360.03,5376.18,5755.8,5302.86,5275.15,5651.1,5298.48,4832.41,4722.08,4699.77,4586.33,4663.53,4715.87,4584.66,4456.0,4406.18,4115.4,4201.1,4632.57,4636.71,4496.18,4591.25,4334.4,4026.55,3779.26,3992.52,4272.44
CH0012138605,ADECCO GROUP,CH,EUR,462.17,505.83,488.44,503.51,503.99,496.17,452.07,457.4,409.09,407.39,424.45,417.64,451.37,476.85,502.67,506.84,490.26,502.81,519.51,486.22,451.45,462.26,424.0,426.14,377.65,362.08,405.06,414.36,389.78,322.78,354.05,370.51,362.93,382.76,395.56,421.79,458.95,463.71,457.2,487.18,489.7,499.55,508.22,480.54,517.81,527.63,503.44,508.34,547.52,536.18,471.85,459.65,414.98,408.34,425.06,423.68,364.1,338.48,341.09,321.51,345.9,359.24,368.07,413.33,386.25,433.0,395.92,378.68,398.56,426.54,445.22,455.0,423.11,382.04,283.71,335.97,363.94,359.61,363.68,402.23,406.1,376.29,465.95,512.94,481.09,483.23,518.24,539.96,548.46,541.54,476.93,443.18,401.39,401.49,368.29,407.28,374.8,377.92,363.53,333.44,330.04,287.47,297.79,269.91,236.25,265.68,283.6,279.31,312.67,302.87,307.85,314.06,272.02,299.14,374.02,395.26,377.92,344.48,442.97,448.94
CH0012142631,CLARIANT,CH,EUR,134.98,145.99,141.73,143.35,150.8,142.65,136.08,128.58,124.77,126.82,132.36,122.62,117.22,132.67,145.85,163.46,158.57,152.42,149.13,134.15,124.86,137.26,137.2,141.19,120.81,124.8,135.09,144.2,136.04,128.43,132.93,132.77,131.35,126.22,122.82,131.65,142.72,142.73,147.27,157.87,163.39,172.0,181.87,187.8,187.01,196.4,212.86,218.1,223.5,195.59,189.91,185.31,192.85,191.25,190.78,199.66,208.46,172.07,157.75,146.3,158.47,171.67,167.55,168.11,148.39,166.51,150.64,150.64,159.4,167.55,169.13,182.48,184.32,171.4,137.52,151.43,150.0,160.67,180.82,199.67,189.05,164.03,192.69,203.62,203.84,200.83,193.68,200.45,206.89,197.62,206.37,208.95,187.57,209.25,193.63,207.02,207.82,179.46,173.58,171.62,190.15,188.53,185.44,184.22,163.91,163.34,161.88,160.67,172.51,165.1,167.83,169.41,145.74,151.21,171.89,174.74,165.97,148.08,157.38,154.51
CH0012214059,HOLCIM,CH,EUR,2435.04,2708.49,2768.83,3058.69,2984.56,2985.7,2723.13,2707.41,2475.99,2405.2,2515.34,2439.03,2379.36,2635.29,2540.7,2788.64,2716.5,2551.56,2419.92,2197.73,1895.85,2052.27,1941.52,1823.41,1520.02,1441.65,1713.97,1838.81,1688.0,1562.34,1791.63,1992.66,2033.26,2006.45,1984.63,1981.81,2013.02,2142.52,2220.54,2127.16,2338.6,2230.68,2332.95,2281.63,2276.27,2199.78,2131.86,2194.22,2385.89,2280.18,2125.2,2176.01,2072.01,1967.57,2065.76,1970.88,2003.07,1872.85,1809.87,1659.13,1898.12,2002.65,1994.68,2075.91,2005.58,2051.75,2074.96,1983.65,2067.21,2163.87,2165.16,2327.14,2136.43,1938.41,1533.68,1740.95,1833.85,1942.08,2095.88,2112.04,2026.24,1903.3,2333.84,2438.44,2404.58,2456.32,2616.18,2736.65,2730.29,2757.74,2691.0,2617.31,2222.55,2297.6,2206.1,2344.55,2454.24,2307.38,2260.45,2278.42,2386.52,2055.83,2247.67,2149.47,2005.95,2189.6,2465.71,2493.41,2855.98,2988.67,3106.36,3184.03,3085.88,3381.22,3512.9,3331.55,3228.73,3096.48,3715.73,3941.51
CH0012221716,ABB LTD N,CH,EUR,2669.09,2728.53,2758.22,2565.76,2629.12,2544.46,2549.51,2513.22,2484.12,2417.99,2487.55,2350.92,2126.99,2383.68,2347.07,2427.24,2474.9,2379.07,2340.02,2211.85,2019.14,2168.83,2174.51,2055.64,1964.65,2059.06,2242.19,2424.16,2383.21,2248.67,2536.62,2581.03,2677.44,2454.95,2420.55,2515.12,2826.15,2699.89,2785.73,3011.59,3094.61,3043.02,2895.25,2842.9,3045.01,3219.95,3156.9,3298.7,3435.35,3002.85,2919.88,2996.08,2893.64,2790.24,2927.66,3015.24,3029.85,2575.52,2580.77,2420.3,2438.37,2532.17,2397.66,2626.39,2425.01,2667.07,2521.46,2515.47,2610.5,2783.34,2905.0,3203.53,3098.15,2853.87,2445.19,2641.5,2735.61,3131.78,3482.13,3548.88,3551.17,3377.37,3683.58,3889.16,4119.48,4014.07,4340.63,4650.16,4878.05,4857.41,5228.69,5296.55,4813.21,4741.49,4929.02,5478.86,4871.62,4856.5,4813.04,4476.93,4499.79,3904.28,4434.87,4057.05,3848.16,4231.75,4687.5,4613.52,5256.86,5076.63,5372.53,5646.2,5692.43,6152.35,6292.01,5967.81,5609.77,5233.27,6245.34,6933.7
CH0012255151,THE SWATCH GROUP,CH,EUR,651.31,727.28,684.43,699.67,654.29,668.32,592.62,601.56,525.98,523.92,548.49,494.76,441.34,507.26,469.58,496.61,437.84,440.02,488.96,432.46,417.27,443.3,397.51,395.13,384.04,394.05,392.88,386.03,341.04,336.16,304.25,298.08,327.91,348.36,339.54,360.59,409.93,385.83,414.7,463.02,456.73,435.49,468.61,469.15,490.33,462.01,430.23,480.32,540.36,498.25,518.3,569.3,581.91,567.56,537.63,511.6,478.01,405.31,355.87,347.93,343.9,354.87,342.35,365.35,308.37,353.26,360.73,333.91,327.37,340.94,345.27,343.59,310.1,282.51,246.39,246.61,253.73,253.49,266.68,269.42,297.12,268.79,314.57,347.04,366.97,380.52,366.97,389.41,465.71,441.42,429.35,362.35,338.32,353.4,377.01,393.64,370.45,399.48,368.37,337.06,338.19,311.26,348.94,321.24,300.07,296.32,344.93,373.99,472.27,459.28,451.33,450.24,397.37,391.78,431.14,377.99,345.43,342.51,354.3,364.6
CH0012410517,BALOISE HOLDING DEAD - DELIST.08/12/25,CH,EUR,12369.13,13292.0,12996.84,13117.1,12979.23,12718.98,13033.17,14106.92,13837.92,13558.72,14137.34,13882.26,14077.47,14118.01,14302.17,14089.35,13978.28,13736.01,14434.27,13786.33,12872.75,13559.69,13693.01,14354.14,13737.5,14245.31,14370.04,13945.33,14512.67,13049.77,13275.94,13991.03,14241.49,14471.53,14129.1,14832.16,15124.47,15334.44,16164.23,17221.09,18649.53,18842.02,19609.54,19346.59,19278.78,19214.42,18784.61,18954.48,19947.55,19222.05,18576.46,19395.94,18554.08,18330.93,19712.01,19433.83,19332.12,18083.03,18528.76,17326.05,19542.75,20640.52,20836.14,21614.31,21620.4,23133.8,23719.84,22255.41,23405.43,24102.2,22701.23,23589.04,23589.98,20888.95,17120.12,20390.63,19365.49,20424.43,20779.1,21250.15,20087.43,18618.96,23573.63,24267.17,22858.24,23905.17,23269.62,23056.8,23426.46,22177.52,22430.77,22657.99,21671.12,22698.72,21123.12,23247.47,24672.9,23861.72,25487.41,24925.15,25191.72,24124.48,23534.79,21463.91,19069.52,20251.01,22125.83,22849.6,24203.24,24736.21,23092.04,24816.81,23866.45,22905.29,24251.97,24401.52,22656.4,22311.78,24014.7,24421.17
CH0012549785,SONOVA N,CH,EUR,2974.46,3053.37,3162.11,3118.41,3303.44,3343.86,3410.51,3513.0,3500.29,3411.29,3325.6,3240.15,2884.71,3054.0,3053.06,3036.36,3292.12,3010.8,3186.99,2898.02,2856.9,3048.68,2810.88,2830.96,2663.59,2684.25,2854.72,2977.45,2971.3,3000.22,3113.35,3138.41,3213.72,3040.36,2733.49,2750.94,2994.62,2984.18,3144.21,3348.16,3756.14,3735.79,3736.4,3875.81,3901.87,4151.71,3666.68,3588.85,3710.09,3608.1,3642.49,3811.24,4020.12,4176.89,4306.23,4434.4,4662.73,3814.92,3765.05,3799.33,4376.96,4369.6,4613.16,4703.16,5172.73,5371.8,5474.16,5481.96,5494.04,5408.43,5394.61,5401.33,5920.26,5606.22,4256.44,4264.5,5174.13,4713.79,5336.65,5535.82,6004.35,5603.66,5871.39,6144.33,5717.9,6072.38,6282.69,6993.34,8397.06,8976.44,9362.9,9188.06,9078.78,9871.04,8927.32,9363.03,8374.06,9277.8,10042.47,8725.17,8432.42,7689.55,8670.45,6419.06,5412.54,5727.62,6150.71,5739.96,6006.93,5973.41,7119.9,7666.99,6182.72,6572.31,6905.65,6531.36,5874.36,5818.17,7162.26,8047.68
CH0013841017,LONZA GROUP,CH,EUR,150.69,158.08,152.79,160.37,165.33,167.1,170.57,176.22,185.47,168.97,181.05,173.4,182.26,190.33,192.1,222.41,219.07,209.23,228.21,214.66,204.77,230.61,247.64,255.09,238.82,238.92,266.0,264.69,274.38,263.04,300.51,301.57,304.35,300.28,283.38,275.75,291.47,293.66,300.8,329.3,360.55,376.43,414.53,439.36,456.53,462.33,455.3,469.88,484.32,443.1,408.97,428.98,471.36,466.31,541.93,566.71,602.67,553.26,567.76,454.03,463.9,489.52,544.88,547.57,543.63,599.0,611.25,626.82,599.92,637.88,602.51,646.68,728.36,700.46,737.03,779.17,875.86,942.06,1115.38,1110.61,1104.51,1081.01,1122.81,1148.35,1143.5,1131.11,1001.94,1136.47,1155.05,1272.85,1395.97,1517.86,1349.35,1473.72,1440.41,1499.63,1220.52,1246.43,1310.5,1069.08,1086.57,959.38,1091.71,967.73,891.52,929.33,928.39,883.71,1020.53,1079.67,1081.23,1122.75,1130.92,1082.52,1058.19,1005.01,844.72,632.05,706.59,763.01
CH0014786500,VALIANT 'R',CH,EUR,346.34,360.74,358.1,393.6,393.69,382.78,349.25,344.55,292.75,321.38,322.93,305.37,299.63,303.01,310.7,330.14,346.06,372.2,381.98,430.98,440.24,442.98,421.81,450.34,414.24,388.17,408.53,423.69,422.87,380.19,378.12,373.74,364.53,375.34,377.95,394.58,421.31,415.46,421.21,453.72,476.0,470.67,482.82,445.65,444.33,421.05,445.29,442.01,494.11,497.27,483.09,492.06,465.92,479.18,452.42,486.73,481.92,478.92,467.63,463.78,457.42,482.75,486.28,474.43,469.06,479.37,456.08,459.0,438.65,446.85,428.43,448.05,453.52,435.04,353.64,426.24,417.13,436.22,437.92,448.13,394.51,374.54,438.0,457.05,448.38,468.45,488.32,518.25,511.13,487.2,510.98,495.37,468.02,486.93,460.09,492.1,491.6,511.2,511.25,494.82,473.86,454.41,466.04,493.04,495.18,508.28,548.57,560.44,589.21,574.24,557.36,603.54,553.23,567.12,601.64,584.91,564.74,592.21,589.74,617.04
CH0014852781,SWISS LIFE HOLDING,CH,EUR,248.36,285.77,282.48,289.6,284.03,279.68,273.53,297.98,281.67,270.08,271.0,280.58,263.54,281.53,292.03,288.5,290.13,278.05,288.17,284.13,270.04,290.7,306.39,328.95,307.51,297.33,324.09,317.25,325.57,288.67,287.87,314.47,325.86,332.77,344.74,356.16,380.78,396.33,405.57,422.44,433.68,438.84,475.12,463.8,457.84,451.85,436.7,459.79,488.26,471.35,461.52,475.0,461.16,468.79,484.8,489.97,513.86,509.99,529.1,518.21,556.66,589.2,594.1,634.4,633.04,693.32,679.58,662.73,668.54,698.39,693.22,700.96,703.23,633.14,475.7,516.69,512.26,540.29,541.21,599.18,561.05,497.34,662.96,690.04,676.53,738.95,730.13,755.66,803.36,753.46,799.9,807.64,786.29,852.03,886.82,950.37,984.96,946.2,1000.22,954.51,915.96,785.36,853.64,848.93,720.34,783.46,851.25,833.29,950.37,976.77,996.83,1066.02,981.19,996.87,1087.48,1070.74,1065.5,1090.17,1099.38,1183.21
CH0018294154,PSP SWISS PROPERTY AG,CH,EUR,365.99,392.93,399.25,423.6,400.9,415.59,390.98,400.0,370.47,378.34,385.02,381.12,455.49,460.92,416.48,425.58,391.42,391.42,412.72,395.75,374.84,399.16,379.66,401.98,388.25,391.38,441.7,457.2,444.12,460.06,479.69,454.69,452.55,424.44,407.84,410.64,427.11,443.27,431.9,441.36,465.03,460.83,449.21,451.02,454.09,433.86,439.89,466.78,485.06,467.75,479.38,479.31,469.39,473.46,481.61,508.83,497.26,494.05,495.47,502.06,526.43,521.2,555.21,539.29,589.42,618.34,636.2,702.24,671.38,698.81,687.89,728.98,798.78,778.44,659.16,633.72,619.08,613.85,610.6,653.2,661.61,659.6,666.57,729.57,699.22,652.74,667.26,694.69,733.28,715.25,761.77,754.3,679.19,704.45,656.66,702.16,676.26,728.6,743.51,736.28,691.11,643.5,691.93,658.59,583.46,620.24,633.2,680.3,719.17,653.58,660.39,710.39,643.61,671.77,713.45,731.52,711.56,738.4,799.78,840.57
CH0022268228,EFG INTERNATIONAL N,CH,EUR,39.52,36.8,35.17,34.82,30.91,32.09,32.81,30.78,27.66,28.54,29.68,32.1,29.71,32.2,33.97,41.22,38.72,39.68,32.76,32.12,29.79,28.19,27.22,29.5,24.42,17.22,16.07,17.49,16.55,11.08,13.94,13.74,14.35,15.72,15.83,17.68,17.71,16.46,18.1,18.49,18.76,19.68,22.62,24.73,26.29,27.77,30.91,32.09,34.16,28.56,24.25,24.84,23.44,23.46,23.37,23.73,24.04,22.13,21.43,18.26,18.56,21.4,19.81,24.43,21.42,22.56,21.2,19.9,20.2,20.51,19.6,21.47,20.17,18.62,18.56,20.26,21.87,23.76,21.99,23.11,18.65,18.07,21.8,22.49,23.81,24.76,26.36,29.98,28.28,29.29,29.01,28.23,25.85,25.1,25.52,27.21,26.97,27.22,27.91,27.23,27.59,27.5,29.14,31.71,29.91,30.73,32.75,35.8,34.82,36.54,36.75,38.0,38.04,40.06,49.36,44.24,44.87,47.19,47.93,50.64
CH0024608827,PARTNERS GROUP HOLDING,CH,EUR,347.22,380.6,411.48,400.19,401.45,412.87,379.06,399.44,397.57,401.38,435.03,440.07,404.84,466.44,451.77,474.78,485.86,465.05,523.38,502.06,525.56,564.73,561.96,561.17,558.86,566.33,627.62,640.82,672.6,682.73,732.37,732.55,806.69,808.54,773.93,749.41,806.78,837.45,858.62,964.35,1003.1,1015.16,1064.33,1058.42,1110.42,1100.84,1125.74,1121.0,1272.71,1188.75,1212.48,1200.1,1215.06,1229.14,1275.25,1320.09,1337.1,1196.68,1098.7,1014.32,1154.15,1215.96,1219.66,1263.81,1207.87,1359.49,1386.4,1401.83,1327.22,1347.18,1458.17,1583.68,1585.45,1483.69,1196.02,1360.48,1479.0,1622.19,1732.45,1822.99,1650.16,1613.06,1926.25,2104.37,2120.21,2154.49,2293.83,2549.44,2777.16,2770.18,3121.64,3239.1,2872.27,3194.16,3139.09,3032.92,2505.93,2482.33,2290.15,1971.72,2024.46,1693.65,2044.49,1827.88,1540.83,1694.05,1829.99,1664.11,1752.12,1797.11,1767.85,1828.07,1768.4,1852.76,2222.12,2129.98,2227.25,2070.7,2610.42,2838.47
CH0024638212,SCHINDLER 'R',CH,EUR,11062.01,11399.3,11243.65,11653.77,11700.01,11527.29,11317.56,11144.98,10194.45,10343.4,10712.77,10972.58,11135.46,12484.82,12775.25,12994.01,13492.36,12742.82,12739.57,12144.87,11397.7,12722.02,12798.96,13166.92,11988.07,13295.66,14567.78,14570.6,14597.2,14400.89,15344.18,14979.76,15003.25,14659.3,13872.94,13865.92,14934.28,15195.49,15424.47,16138.27,16922.87,16876.81,17138.08,17046.5,17502.69,17968.33,18123.0,18396.27,19817.29,18426.59,17326.34,16684.56,17062.46,17443.68,18787.35,19213.63,20110.77,17252.7,15721.35,16039.59,17526.39,18437.41,17505.42,17972.48,17315.65,18505.26,19165.54,19193.23,18892.05,20000.53,20256.55,20729.63,21059.41,18115.9,18259.9,18537.83,20009.59,20359.9,21566.96,22825.66,23577.18,22199.15,22970.94,23311.51,22814.28,23124.26,25248.36,24438.06,25368.52,25669.04,27322.33,27358.08,22707.54,22547.74,21694.62,23537.24,21714.45,19798.2,19250.45,17467.05,17893.14,16045.37,16881.01,15152.71,13641.91,14097.35,15859.44,16138.8,17966.95,19340.36,19313.64,19505.08,18260.72,20539.2,21261.55,19241.34,17668.32,17730.26,19702.14,21669.12
CH0025751329,LOGITECH 'R',CH,EUR,917.01,926.36,867.83,784.92,763.31,756.38,855.81,798.97,747.59,820.64,864.93,800.94,871.43,883.19,782.84,893.65,950.28,867.4,855.74,786.22,798.45,906.75,923.3,945.09,968.27,956.0,981.53,942.15,945.39,996.33,1229.98,1287.96,1418.13,1527.27,1550.7,1575.99,1805.66,1829.28,2006.66,2106.39,2307.25,2321.19,2297.28,2237.65,2341.23,2293.84,2238.22,2165.95,2695.55,2538.12,2342.13,2389.99,2624.61,2821.32,2826.68,3173.32,2924.11,2412.87,2188.11,2042.62,2379.51,2453.46,2552.22,2546.15,2368.38,2605.54,2711.49,2639.93,2690.34,2710.67,2898.66,3136.46,2979.45,2538.08,2865.86,3193.59,3910.01,4326.49,4828.25,4917.71,5234.13,5650.46,5956.17,6520.71,7002.83,7189.38,7066.66,7532.06,8309.75,8135.59,7332.29,6857.56,6046.72,5650.99,5333.79,5716.35,5585.37,5087.74,5094.38,4497.65,4134.64,3529.09,3778.68,3391.75,3231.2,3447.79,4057.99,4268.76,4016.97,3801.65,4023.11,4084.21,4418.69,4118.95,4909.06,4800.58,4869.02,5503.88,6171.47,6670.3
CH0030170408,GEBERIT 'R',CH,EUR,1285.53,1389.04,1449.66,1512.36,1505.75,1593.69,1525.77,1544.13,1467.24,1546.29,1586.03,1546.14,1555.32,1626.33,1706.1,1651.85,1663.71,1548.66,1616.01,1475.45,1414.69,1504.05,1554.31,1578.07,1639.57,1684.36,1742.24,1826.43,1816.79,1795.54,1839.44,2075.36,2085.87,2012.53,1878.09,1909.07,2031.18,2062.79,2050.58,2215.13,2280.0,2272.03,2345.79,2218.05,2303.64,2204.38,2119.65,2142.49,2308.14,2204.5,2146.2,2139.36,2160.36,2139.32,2225.45,2273.33,2324.39,1955.16,1942.42,1934.35,1951.21,1994.81,2038.43,2147.05,2249.45,2394.59,2376.45,2329.12,2447.18,2597.54,2750.27,2872.07,2703.22,2533.75,2254.33,2362.15,2560.53,2634.35,2911.61,3043.31,3127.33,2997.99,3180.54,3300.36,3228.59,3117.82,3364.86,3529.74,3878.87,4025.61,4400.34,4478.9,3960.24,4194.29,4077.69,4385.27,3600.43,3514.7,3333.9,3164.22,3008.51,2628.43,2873.06,2545.2,2382.1,2440.47,2571.98,2581.68,3089.92,2978.49,3057.04,3202.54,2967.97,2942.81,3201.39,2920.29,2822.03,2606.83,3165.51,3601.82
CH0038388911,SULZER 'R',CH,EUR,2156.19,2016.14,2016.1,2254.08,2229.85,2056.14,1942.37,1949.32,1802.48,1666.12,1641.45,1563.62,1557.25,1791.98,1614.75,1699.14,1657.07,1556.86,1561.85,1543.61,1478.99,1533.58,1581.02,1426.3,1377.18,1431.18,1509.15,1698.93,1640.73,1611.41,1895.69,1769.96,1949.39,1833.83,1898.89,1921.56,2105.8,1939.01,1947.47,2240.89,2241.96,2180.83,2160.53,2119.26,2271.75,2463.45,2250.1,2330.54,2736.47,2569.75,2518.08,2291.84,2269.65,2398.15,2423.41,2474.48,2383.31,1986.54,1844.36,1563.38,1814.17,1956.41,1925.22,2151.66,1916.72,2236.12,2074.32,1941.23,2011.26,2062.51,2191.91,2278.89,2258.48,1862.98,1290.37,1535.39,1717.56,1728.77,1793.45,1938.41,1748.82,1586.04,2164.11,2285.19,2351.22,2439.77,2450.59,2568.0,2869.7,3113.6,3299.81,3392.63,3205.57,3303.67,3164.22,3305.83,3164.92,2833.64,2801.36,2659.45,2475.03,2175.46,2341.69,2105.23,2042.79,2342.59,2663.28,2733.2,2966.47,3063.31,2977.55,3076.57,2858.74,3159.37,3625.42,3745.29,3521.7,3017.02,3677.48,3751.27
CH0038863350,NESTLE 'N',CH,EUR,10309.9,10729.28,10690.55,11302.77,11508.75,11345.78,10879.64,11393.69,10767.69,10712.89,11027.76,10752.17,11214.14,11493.86,11067.79,11734.29,11654.24,10892.29,11485.63,11118.49,11305.38,11565.93,11201.02,11231.4,11068.15,10614.0,11315.49,11611.11,11491.66,12007.22,12514.16,12404.05,12291.38,11293.45,10451.34,11187.57,11406.5,11540.55,11950.96,12350.11,13700.81,13976.21,13580.7,13577.09,13443.91,13500.33,13760.79,13792.85,13875.14,12775.98,12665.81,12864.71,12516.86,12811.87,13485.97,13920.59,13857.51,13999.28,14093.6,13392.2,14414.34,15006.43,15764.69,16332.21,16798.91,17592.75,18122.03,19041.22,18430.99,18116.34,17650.21,18365.46,18721.53,17333.78,17446.22,18384.49,18825.24,19247.88,20690.82,20992.79,20724.24,19587.43,19461.07,20538.6,19582.64,18272.84,19489.97,21324.97,21987.54,22265.79,22626.12,22569.3,21580.62,23618.43,22776.41,24984.31,22846.12,23320.98,23331.71,23710.93,22295.4,21262.39,22332.27,21445.07,19871.51,19902.41,21537.15,21152.68,22164.04,20673.38,22285.92,24106.89,22114.43,22533.93,23101.38,22570.16,21246.94,20188.28,21406.65,21706.23
CH0044328745,CHUBB,CH,EUR,1465.14,1528.55,1557.12,1608.36,1630.21,1630.05,1583.34,1681.88,1668.97,1739.48,1819.69,1838.93,1728.16,1825.0,1795.12,1722.67,1714.46,1647.77,1762.67,1655.55,1686.77,1852.19,1873.56,1916.87,1854.86,1895.22,1965.57,1944.29,2088.63,2168.15,2077.75,2105.45,2095.66,2118.18,2134.86,2215.08,2204.52,2316.51,2295.87,2312.72,2412.81,2461.65,2479.94,2394.6,2425.79,2566.52,2588.47,2498.79,2670.13,2426.8,2350.74,2331.84,2246.24,2195.92,2415.48,2338.03,2322.41,2170.7,2324.15,2258.1,2325.75,2340.61,2461.76,2551.74,2567.03,2601.47,2699.49,2760.25,2864.88,2704.81,2688.13,2775.72,2710.28,2586.17,2006.81,1940.69,2190.98,2288.75,2299.96,2259.47,2112.95,2363.87,2689.95,2815.01,2664.12,2973.39,2902.48,3152.73,3123.33,2934.88,3115.84,3396.14,3217.51,3623.69,3328.61,3599.94,3673.87,3792.31,3998.48,3859.21,3949.69,3690.83,3541.76,3549.45,3429.58,4052.03,4140.65,4175.93,4306.35,3994.58,3691.7,3832.01,3532.38,3677.36,3903.67,3836.06,3991.79,4115.28,4399.25,4350.39
CH0102484968,JULIUS BAER GRUPPE,CH,EUR,139.37,134.09,127.26,135.91,126.08,119.89,123.92,132.5,130.41,127.14,132.13,134.07,118.84,135.0,145.99,156.32,161.29,166.46,164.94,144.36,134.23,147.8,142.07,144.18,125.2,119.29,127.92,130.38,135.57,121.4,125.43,127.87,124.26,123.6,134.4,135.61,142.82,149.56,152.22,162.72,161.92,164.57,177.1,174.24,185.01,184.91,183.88,191.07,214.74,203.63,191.63,191.52,187.19,187.84,175.99,170.49,160.9,146.48,129.15,113.66,128.46,140.04,129.28,159.41,130.42,147.4,142.43,130.78,146.65,145.85,155.79,170.5,165.61,137.37,112.89,129.65,143.51,141.05,148.21,162.09,144.08,150.56,198.58,197.8,208.11,211.31,220.16,222.51,241.65,230.46,233.33,241.1,235.7,255.52,218.22,236.89,227.43,206.88,206.56,180.94,190.9,170.92,191.16,180.64,164.2,178.1,209.96,216.3,236.17,247.2,253.46,277.35,235.8,243.97,275.31,269.58,249.27,228.18,197.1,217.03
CH0126881561,SWISS RE,CH,EUR,4331.73,4669.65,4642.13,4840.89,4941.44,4934.47,4723.85,4556.92,4420.1,4477.55,4754.62,4668.98,5009.24,5127.8,5373.29,5331.96,5378.43,5322.8,5441.51,5162.41,5143.29,5604.42,5733.93,5894.31,5561.89,5362.6,5580.91,5613.81,5679.35,5500.64,5322.29,5341.21,5716.99,5875.99,5809.68,6003.48,5902.47,5669.79,5682.25,5807.04,6091.76,6109.33,6451.01,6032.5,6050.38,6284.85,6267.33,6250.6,6591.65,6815.85,6781.07,6720.96,6090.03,6066.1,6445.28,6334.32,6519.24,6355.76,6418.18,6425.59,6743.24,6972.5,6865.71,7150.29,7017.75,7562.68,7247.09,7145.97,7756.86,7778.47,8052.19,8340.41,8397.35,7034.55,5725.81,5812.41,5458.86,6209.34,6352.28,6496.39,5985.34,5776.22,7385.0,7592.8,7121.1,7600.45,7954.44,8021.36,8280.28,7783.86,7799.92,7927.9,7404.43,8360.73,8050.45,8538.06,9284.89,8250.08,8253.13,7642.56,7604.2,7137.11,6914.44,7209.36,6864.88,6866.42,8164.06,8633.1,9606.5,9676.69,9487.17,9906.71,9806.74,9891.0,10305.89,9557.99,10132.91,10704.08,11669.47,11041.37
CH0198251305,COCA-COLA HBC,CH,EUR,154.46,145.01,145.13,147.38,134.09,133.7,139.77,139.77,128.62,129.4,135.34,113.96,95.74,106.88,107.35,126.13,130.15,128.05,126.61,124.69,128.32,145.16,147.05,129.42,122.92,116.2,128.99,124.36,118.53,125.1,128.44,135.87,144.26,133.62,131.63,135.54,141.28,150.0,159.72,171.74,180.25,184.9,190.48,214.77,213.56,213.05,202.15,206.37,212.1,207.16,232.93,212.21,215.58,214.69,230.42,220.29,218.93,189.64,191.33,200.64,216.19,216.72,218.93,229.58,230.96,243.02,241.05,230.79,227.29,211.09,231.57,235.88,254.93,219.36,149.51,176.43,174.9,173.95,187.63,190.55,176.42,161.96,206.01,231.9,211.99,223.32,227.47,247.24,260.64,257.73,275.59,263.77,235.81,253.12,223.95,252.28,238.75,186.24,153.53,149.87,160.55,161.31,184.46,172.7,159.28,165.02,180.78,178.8,181.93,194.0,206.14,229.53,229.3,230.98,228.47,223.64,212.67,200.43,215.38,227.65
CH0210483332,RICHEMONT N,CH,EUR,5863.76,6276.17,6029.6,6400.49,6660.24,6621.56,6013.45,6032.56,5262.79,5398.23,6051.67,5735.68,5339.87,5686.87,5174.01,5730.24,5524.46,5222.66,5569.13,4801.45,5076.84,5637.34,4908.61,4719.99,4237.04,4197.6,4348.92,4361.93,3859.26,3817.41,3997.18,3778.25,4120.53,4342.89,4401.36,4477.89,5245.48,4985.83,5339.0,5636.14,5634.76,5566.09,5744.71,6020.65,6300.7,6357.86,5941.52,6241.83,6618.56,6068.65,6169.1,6579.78,6329.96,5835.36,6053.54,6103.83,5777.53,5168.54,4582.4,4508.34,4865.08,5413.13,5138.35,5157.6,5171.75,5993.61,6085.33,5475.54,5319.75,5697.47,5521.26,5690.37,5306.31,4895.03,3973.06,4114.98,4214.05,4621.1,4499.37,4807.97,4939.42,4614.01,6131.9,6662.98,6852.34,7115.07,7091.01,7551.25,8967.17,8907.42,9413.34,8109.12,7841.37,9293.49,11091.13,11285.67,10721.75,10238.21,9627.82,8934.55,8330.66,7972.44,8983.74,8451.45,7425.47,7586.86,10093.29,10046.51,11846.8,11724.2,12380.8,12799.09,12258.07,13140.65,12547.26,11023.83,9778.62,9381.98,10030.27,10984.12
CH0244767585,UBS GROUP,CH,EUR,1446.83,1560.37,1505.61,1522.11,1485.08,1354.7,1272.44,1327.05,1287.45,1281.24,1329.62,1269.97,1235.1,1304.63,1392.74,1486.37,1622.61,1606.26,1752.47,1567.88,1413.98,1539.35,1473.9,1495.96,1260.07,1181.52,1240.94,1328.62,1254.37,1047.6,1121.53,1175.03,1108.06,1149.43,1288.77,1274.16,1314.22,1254.2,1300.29,1386.56,1337.97,1425.51,1465.37,1382.06,1437.89,1432.0,1454.42,1547.59,1709.06,1607.29,1474.34,1424.03,1321.35,1350.02,1441.61,1368.91,1388.06,1225.28,1181.17,1085.69,1133.01,1115.21,1060.18,1173.08,1059.54,1097.76,1034.08,974.51,1048.4,1088.45,1119.05,1164.85,1148.05,1010.46,862.68,988.52,1025.94,1101.26,1124.93,1167.33,1072.83,1111.37,1396.35,1383.53,1419.43,1527.46,1525.03,1532.82,1628.14,1537.9,1654.91,1674.61,1614.31,1828.74,1729.21,1809.22,1843.85,1847.65,1979.5,1776.68,1942.28,1658.57,1677.52,1641.78,1517.28,1638.21,1865.26,1918.64,2183.1,2251.11,2178.56,2148.83,1996.62,2141.35,2354.18,2816.86,2625.96,2468.64,2998.81,3283.07
CH0319416936,FLUGHAFEN ZURICH,CH,EUR,960.18,1033.54,1049.98,1046.2,1037.82,1020.92,1035.83,1088.3,1042.28,1057.2,1094.81,1114.26,1130.25,1195.95,1310.12,1317.38,1333.5,1309.82,1395.96,1346.24,1173.99,1285.58,1213.03,1273.58,1243.4,1349.62,1521.27,1554.26,1535.83,1548.48,1647.01,1622.68,1715.19,1612.26,1504.92,1628.2,1723.45,1774.02,1868.6,1986.53,2237.74,2217.5,2306.56,2206.03,2041.94,1963.98,2032.14,2063.55,2301.88,2149.7,1985.92,1956.06,1958.34,1897.55,1952.24,1929.01,1890.88,1843.58,1520.22,1534.62,1646.85,1661.61,1698.52,1595.82,1628.25,1826.82,1777.63,1778.62,1795.96,1745.19,1719.31,1768.29,1685.04,1457.72,1091.74,1195.84,1333.55,1258.96,1225.0,1463.61,1335.42,1306.84,1646.32,1711.36,1602.49,1719.15,1599.09,1744.71,1723.01,1604.03,1556.83,1610.13,1734.87,1749.87,1603.21,1745.34,1771.51,1742.84,1754.4,1657.32,1637.81,1460.69,1604.66,1638.41,1446.32,1504.84,1586.71,1498.9,1754.14,1762.88,1776.83,1906.91,1899.91,2055.21,2102.91,2039.18,1889.93,1838.91,2107.7,2063.54
CH0418792922,SIKA,CH,EUR,18407.21,20547.36,22838.07,22918.73,22508.93,23183.15,22072.92,21482.07,19653.22,20206.69,21643.55,16753.05,19423.98,20143.38,20308.9,19937.71,19820.12,20433.74,21104.05,19165.67,17831.25,19055.55,19630.57,20939.99,20666.37,22109.01,23014.27,25173.39,25559.34,24725.33,27797.41,28183.72,28797.81,28421.12,28616.84,28444.37,31056.84,33370.07,35483.59,38274.12,38695.52,38593.69,41445.08,42455.18,44679.8,44453.44,46436.51,47656.67,52053.55,49393.15,46898.7,44475.23,48749.68,50556.08,52002.0,54287.18,53451.32,46928.55,45222.91,46181.46,48244.94,49514.83,51032.52,56727.48,54853.72,63314.18,53897.16,53215.41,54253.12,63650.33,64535.16,69583.81,66658.01,65614.35,61256.52,62183.6,64350.46,72321.81,82824.68,90396.56,92571.52,92543.01,96264.52,102802.27,102405.58,99712.31,107813.97,113273.17,121999.34,124112.51,133528.8,136665.91,120665.69,128663.01,147818.65,158253.6,130795.84,126492.23,126685.18,118686.29,106010.72,87952.77,93997.57,86434.33,78041.5,86357.43,95204.63,91713.96,107813.22,107763.87,108399.61,106862.97,105317.07,110776.67,121038.24,109880.43,98760.99,92376.19,105727.61,126038.43
CH1175448666,STRAUMANN HLDG.,CH,EUR,1150.86,1238.88,1225.56,1303.57,1308.87,1362.57,1390.29,1443.32,1333.57,1447.43,1526.41,1484.54,1330.57,1625.83,1611.12,1694.04,1577.48,1637.63,1775.51,1787.69,1711.34,1694.84,1767.45,1818.02,1805.22,1943.96,2065.58,2094.41,2309.19,2378.29,2313.01,2344.22,2365.13,2268.12,2160.31,2361.32,2435.57,2565.27,2803.37,3212.82,3377.86,3469.97,3450.31,3895.28,3916.18,4256.68,4541.0,4304.1,4659.19,4128.59,3829.66,4202.03,4056.45,4668.32,4775.59,4904.18,4638.84,4196.38,3753.68,3849.15,4459.04,4801.38,5009.22,4987.96,5064.25,5458.79,5074.1,4843.36,5055.0,5509.1,5947.89,6064.11,5893.95,5751.46,4606.91,4724.5,5041.99,5348.41,6130.46,6145.18,6302.49,6493.92,7165.88,7265.28,6926.08,7558.06,7799.4,8946.58,9789.26,9981.02,11594.44,12085.94,11288.23,13019.53,13227.16,13297.31,10181.27,9950.37,10103.68,7548.36,7997.86,7528.48,8435.75,6937.4,5865.66,5991.56,7099.51,7175.3,8139.15,8373.92,9382.73,9495.63,9207.2,10259.75,10516.02,9593.85,8101.64,7431.62,8745.03,10188.03
CH1256740924,SGS 'N',CH,EUR,2288.84,2497.77,2567.64,2594.94,2613.94,2494.21,2274.49,2315.09,2158.03,2284.15,2257.84,2142.2,1979.79,2117.98,2065.79,2095.49,2065.19,1969.16,2070.74,1902.92,1876.78,2061.7,2065.19,2059.36,2087.69,2185.59,2366.65,2456.34,2379.36,2548.43,2475.38,2452.96,2502.35,2262.4,2236.75,2273.73,2364.88,2377.72,2460.39,2592.02,2745.36,2794.15,2553.48,2569.78,2766.81,2848.71,2854.05,3004.97,3102.84,2935.05,2914.81,2902.39,3082.24,3162.83,3105.23,3137.96,3144.67,2826.78,2814.23,2665.01,2869.74,3037.01,3051.38,3236.17,3090.73,3128.05,3047.27,3011.77,3042.59,3191.52,3193.02,3357.19,3548.82,3038.15,2941.04,2873.35,2979.19,3100.85,3335.73,3295.37,3410.98,3172.51,3629.64,3833.75,3865.14,3638.14,3722.95,3869.03,4073.34,4035.18,4229.4,4106.05,3819.13,3873.11,3921.73,4370.52,3684.69,3753.55,3771.97,3501.17,3345.77,3075.47,3275.45,2976.85,2909.18,2974.44,3111.47,3131.42,3263.41,3102.55,3083.76,3169.89,3097.03,3310.2,3411.57,3187.18,2948.62,2847.0,2992.5,3018.41
DE0005089031,UNITED INTERNET,DE,EUR,5228.18,5597.35,5671.49,5158.03,5637.12,5370.36,4841.42,5205.67,5119.61,4759.88,5333.17,5515.25,5244.35,5467.76,5533.75,5443.58,5737.05,5492.59,6109.37,5965.99,6190.74,6427.15,6578.0,6814.9,6234.61,6063.46,6209.11,6038.62,5885.88,5230.54,5497.78,5171.09,5605.67,5126.76,4775.57,4893.01,5215.6,5160.87,5537.11,5749.29,6959.11,6951.49,7691.02,7570.01,7955.79,8033.86,8660.28,8762.56,9341.32,8652.41,7967.75,8248.53,8288.98,7354.66,6926.39,6761.08,6136.04,5402.29,5808.05,5640.71,5094.76,4730.92,4723.02,5146.57,4612.57,4264.56,3897.27,4233.51,4533.69,3903.63,4362.7,4257.28,4202.99,3868.98,3800.97,4394.77,5353.23,5528.92,6027.25,6470.63,5005.16,4591.39,5235.96,5578.7,5733.45,5825.64,5256.95,5507.55,5487.87,5450.8,5507.25,5785.49,5160.5,4926.54,5007.44,5281.38,5204.74,4476.65,4708.46,4308.5,4426.73,3841.86,3469.78,3137.28,2518.87,2547.14,2829.28,2746.29,3120.87,2988.6,2323.61,2338.69,2016.56,1985.66,2105.49,2676.3,2987.45,2949.99,3090.98,3556.74
DE0005140008,DEUTSCHE BANK,DE,EUR,1343.1,1353.4,1247.89,1222.32,1154.68,1055.08,1025.77,1029.5,1043.08,933.9,979.94,910.27,871.0,981.32,1040.46,965.08,924.65,926.99,1079.94,906.81,823.35,861.14,787.58,752.97,546.89,532.05,523.19,580.04,547.32,426.15,413.2,450.99,403.72,441.38,483.45,558.54,608.94,605.87,590.81,620.41,614.17,617.79,620.35,557.97,598.08,564.75,658.62,661.47,642.07,559.12,483.7,476.71,380.17,375.58,461.32,396.2,399.39,346.65,321.69,280.01,312.63,325.27,285.37,290.41,241.58,273.48,281.09,259.14,267.41,258.42,258.95,277.58,325.07,305.64,228.22,263.38,300.1,336.88,320.0,345.0,302.08,326.98,400.91,392.9,361.0,443.98,429.46,498.96,533.93,466.21,446.27,442.32,455.38,460.16,426.59,448.44,493.8,445.97,457.6,355.34,409.93,319.06,317.71,305.57,268.68,348.57,378.55,414.27,484.65,456.6,371.61,401.13,382.39,394.6,417.64,410.46,414.1,411.75,467.06,512.7
DE0005190003,BMW,DE,EUR,18915.87,20211.06,21953.84,21772.66,22521.34,22734.47,21401.71,20874.83,19509.22,19173.09,20514.77,19509.84,20926.24,22658.76,22368.05,21200.81,20439.62,20216.71,18597.73,17028.01,16234.85,18953.12,20089.59,19609.41,15337.71,15059.69,17002.26,17088.79,16260.19,14174.01,16501.13,16606.72,16148.99,16751.26,16341.94,17984.94,17507.36,17177.58,17555.51,18300.06,18781.58,18469.78,18156.53,18496.45,20171.13,20303.18,20239.14,20874.32,22910.4,21248.98,21610.19,22219.38,20766.59,18958.51,20278.71,20229.71,18805.97,18095.39,17084.08,16832.34,17650.55,17674.85,16177.57,17764.69,15206.4,16225.29,16371.91,14734.32,15511.36,16845.89,17731.75,18082.14,15687.04,14235.58,11228.68,12960.67,13559.93,14749.58,14863.74,16735.15,16826.84,15800.51,20166.18,20601.81,19679.5,20058.78,24073.5,23261.41,25184.91,25063.11,23601.17,22524.58,23192.94,24002.67,22714.5,23804.76,24697.89,22593.65,20787.39,19494.5,22077.29,19664.5,20598.98,18837.57,17406.74,20034.23,22570.11,22679.32,25687.89,26529.73,28002.64,28690.82,30113.71,33888.37,33648.53,29118.55,28246.52,25724.14,28820.02,30799.16
DE0005200000,BEIERSDORF,DE,EUR,12109.91,12527.43,11987.4,12370.04,12452.17,11985.03,11178.92,10961.62,10342.4,9996.03,11006.99,10154.12,10904.71,10731.42,10783.72,10931.56,11318.53,10477.8,10707.7,10345.39,11060.11,11914.1,11577.28,11491.52,11438.8,10804.91,11313.04,11402.52,11456.73,11887.95,11717.25,11531.79,11950.36,11094.81,10372.43,10742.67,11192.86,11511.73,11983.55,12640.93,13622.99,13393.03,13954.49,13520.09,13712.25,14286.06,15156.63,14920.66,15138.29,14040.58,14360.53,14479.87,14598.87,14530.32,14819.06,14888.63,14421.59,13277.59,13726.49,13334.25,12900.64,11928.19,13338.94,14037.46,14877.62,15482.59,15079.61,16220.64,15208.27,15260.77,15082.36,15398.62,14566.73,13390.5,12838.78,13589.57,13700.27,14769.3,15503.51,15155.16,14765.32,13689.89,14664.59,15063.44,14249.99,12977.26,13856.0,14781.95,15512.29,15763.11,15552.66,15876.3,14158.78,13971.24,13011.91,13502.93,12961.75,13268.9,13825.57,13338.42,13546.82,13399.76,13494.32,13227.98,12991.1,12655.09,14101.85,15123.56,15940.29,15830.92,17028.22,18640.58,16898.67,17452.1,17249.03,17440.14,17237.15,17426.2,18668.02,19801.79
DE0005470405,LANXESS,DE,EUR,506.04,567.91,578.11,579.43,548.19,520.12,491.21,479.4,426.05,401.93,384.52,361.9,369.26,399.89,413.73,416.76,434.64,459.09,452.92,396.97,365.13,419.72,398.68,364.71,321.3,323.64,376.11,413.24,379.28,344.92,373.55,419.93,493.0,504.39,489.58,516.46,576.05,537.7,534.49,569.87,597.5,604.89,621.24,595.57,629.25,624.63,611.94,637.99,701.4,673.62,612.29,597.85,638.22,630.03,666.83,641.96,593.63,504.43,444.68,374.88,449.15,440.1,431.06,474.24,412.08,489.55,504.17,496.48,503.21,532.44,549.14,554.08,498.35,433.38,324.23,405.2,428.05,437.11,426.14,501.54,486.73,426.55,591.72,652.39,631.81,628.62,629.43,628.69,643.94,586.66,617.66,622.74,590.19,574.07,494.06,525.8,513.91,415.47,383.78,332.12,408.42,308.22,322.51,299.47,258.43,299.22,339.34,353.9,436.8,410.77,362.85,356.47,326.61,276.12,306.6,287.86,232.85,206.33,222.08,282.59
DE0005552004,DEUTSCHE POST,DE,EUR,264.12,286.43,285.39,287.2,290.54,283.78,252.22,257.89,251.71,247.77,261.5,258.99,255.06,267.44,245.46,259.44,244.39,237.08,246.39,222.93,222.42,241.38,236.93,228.51,195.36,192.63,226.63,237.63,243.61,234.75,249.82,264.01,262.28,258.6,261.51,274.45,279.39,287.95,287.45,299.76,315.07,323.49,333.45,358.07,385.48,395.49,410.9,412.03,408.82,395.62,378.33,389.01,337.7,291.09,314.64,324.26,316.77,282.89,284.82,242.86,264.63,276.8,289.54,308.89,272.32,303.77,304.98,304.56,310.5,327.82,345.75,353.09,322.61,277.68,250.08,275.62,289.91,338.41,370.53,435.98,437.0,424.07,465.07,474.66,472.33,478.18,526.37,563.83,670.5,667.79,667.17,690.41,616.63,610.39,577.16,626.77,583.15,491.63,474.15,420.62,425.26,385.69,399.45,378.88,310.23,366.66,402.95,387.78,440.53,438.45,480.25,495.37,484.59,524.65,552.61,503.21,434.68,416.33,504.12,531.81
DE0005557508,DEUTSCHE TELEKOM,DE,EUR,229.81,240.88,229.93,236.22,247.28,258.42,243.09,221.24,222.77,220.66,251.03,237.84,253.75,275.4,270.88,272.21,261.45,262.46,276.14,259.96,267.97,285.09,280.25,275.54,262.61,255.2,273.86,267.58,277.44,267.66,266.79,262.79,264.04,255.57,247.33,270.11,274.37,272.11,275.75,276.23,313.17,293.28,296.72,293.54,303.02,293.01,292.25,288.94,287.31,263.04,266.13,283.46,263.3,264.65,282.08,275.73,275.45,280.69,298.26,288.44,275.94,281.7,296.92,297.95,301.25,309.89,296.73,297.7,301.14,314.13,299.55,292.95,289.05,289.79,229.81,259.13,282.23,311.16,308.26,330.21,313.75,283.52,337.84,341.92,332.72,339.09,375.28,371.4,401.32,407.25,399.51,409.84,387.3,360.65,338.87,354.84,359.76,342.73,364.14,364.5,408.88,394.65,375.73,377.59,341.9,378.36,401.46,398.56,443.02,451.24,485.85,496.69,457.7,447.89,450.62,442.42,434.24,445.28,494.01,493.01
DE0005773303,FRAPORT,DE,EUR,277.4,300.33,280.95,275.35,289.97,269.96,252.83,260.55,251.99,235.06,234.38,224.34,234.44,231.17,231.16,242.33,251.98,249.58,259.05,237.85,240.15,250.24,239.23,253.49,234.44,227.33,238.01,238.34,230.67,214.76,220.12,224.1,218.71,239.31,233.29,237.84,240.98,252.98,284.89,317.9,333.73,363.13,411.3,401.24,396.42,390.23,412.58,452.74,487.57,424.59,409.58,399.79,393.59,405.53,419.86,377.94,367.83,325.07,308.89,300.13,333.64,338.35,320.25,347.77,338.05,371.52,366.59,360.59,359.52,360.49,370.07,367.27,321.93,270.53,176.32,188.73,213.37,189.56,170.48,196.99,172.6,157.27,247.12,258.79,233.14,274.54,264.81,285.26,308.51,295.56,282.85,277.29,299.46,306.9,270.33,291.57,290.52,289.82,243.68,233.23,243.85,189.65,196.73,186.24,155.95,164.33,184.22,176.35,243.01,235.83,218.35,231.02,218.36,232.54,229.57,235.08,228.35,209.73,247.53,262.73
DE0005785604,FRESENIUS,DE,EUR,5798.73,5773.43,5782.62,5631.04,5620.96,5607.39,5582.39,5516.78,5585.47,5807.75,6108.27,5864.62,6438.15,6461.18,6690.44,6756.03,7233.42,7312.05,7893.9,8069.62,7582.63,8329.86,8315.42,8119.45,7510.17,7580.4,8292.72,8290.9,8637.92,8403.68,8563.3,8370.6,9150.05,8452.64,8242.72,8943.72,8999.77,9150.47,9233.54,9288.06,9906.05,9906.72,9742.33,9771.16,9342.87,9669.6,8374.88,8979.81,10133.79,9448.52,8812.06,8813.25,8936.82,9352.71,9034.43,8904.69,8528.9,7469.24,6656.08,5629.08,6089.46,6566.2,6532.37,6641.39,6003.35,6442.28,6023.11,5745.76,5560.2,6242.94,6490.39,6630.45,6058.84,5488.66,4403.78,5072.25,5692.28,5859.46,5912.32,5623.51,5530.93,4494.55,5479.73,5643.59,5445.99,5228.02,5422.42,5971.14,6687.96,6416.03,6507.87,6407.07,5938.27,5642.92,4640.68,4965.81,5076.51,4327.59,4541.85,4420.3,4336.02,3857.53,3234.6,3156.65,2718.69,2928.31,3505.46,3542.8,3664.27,3495.99,3441.08,3663.31,3604.04,3640.91,4114.69,4226.98,4074.73,3383.13,4179.22,4100.97
DE0005785802,FRESENIUS MED.CARE,DE,EUR,402.02,393.11,401.14,394.74,387.08,391.22,404.72,412.3,405.09,426.87,430.54,432.62,431.73,478.58,483.27,491.77,501.54,485.51,481.39,450.76,457.6,533.12,485.28,498.87,519.29,497.66,522.62,511.91,520.37,515.08,544.65,525.13,515.81,484.18,465.52,506.55,484.18,497.98,502.82,528.37,575.54,580.2,566.39,564.8,589.59,584.57,601.88,634.32,697.87,640.82,615.07,614.43,609.02,614.55,595.35,618.78,629.02,479.73,495.28,392.07,450.46,478.65,491.14,511.36,449.21,487.56,440.25,416.34,418.66,449.15,454.83,454.02,477.07,467.68,406.81,481.68,521.86,531.66,551.98,537.41,532.55,479.96,533.0,529.15,511.31,440.06,467.85,503.31,517.04,533.36,509.4,493.75,454.07,430.34,382.98,418.78,434.01,406.55,434.34,405.85,399.46,328.61,243.13,226.53,187.11,181.03,201.41,216.7,246.95,256.99,277.45,319.78,287.21,322.64,350.17,325.5,293.0,224.42,278.3,282.89
DE0005909006,BILFINGER BERGER,DE,EUR,7591.97,8274.06,8362.69,7810.03,8019.9,7769.57,5557.51,5213.98,4312.46,4395.36,4032.29,3841.6,3579.3,4066.47,3964.49,3411.06,3055.95,2710.68,2951.83,2915.46,2640.49,3213.53,3358.81,3383.64,3117.97,3111.24,3022.08,3134.97,3047.97,2118.28,2168.62,2079.64,2382.23,2523.75,2681.56,2733.82,2970.86,2839.96,2759.62,3105.09,2861.26,2886.8,2983.53,2983.48,3086.24,2940.01,3252.27,3509.49,3436.14,3340.83,3356.02,3556.09,3326.32,3870.69,3875.51,3623.94,3832.93,3179.16,2463.84,2198.0,2436.33,2922.19,2622.61,2747.61,2170.75,2502.97,2154.91,2090.1,2213.94,2614.07,2810.86,3030.05,2733.47,2331.82,1247.78,1478.27,1417.03,1492.75,1385.51,1554.67,1457.0,1440.85,2217.66,2464.78,2676.71,2834.89,2922.46,3174.63,2722.29,2474.24,2551.28,2955.5,2963.57,2939.86,2688.49,2839.55,2860.89,3166.36,3210.92,3386.0,3070.21,2877.08,2880.36,2963.04,2474.7,2739.42,2760.88,2853.36,3351.8,3917.12,4181.89,4375.56,3626.8,3942.28,3721.46,3517.61,3435.67,3716.08,3942.46,3868.06
DE0006047004,HEIDELBERG MATERIALS,DE,EUR,1510.23,1669.53,1738.86,1757.16,1760.74,1745.76,1522.06,1542.44,1351.71,1391.81,1551.17,1458.09,1503.47,1633.22,1622.53,1576.52,1669.95,1649.27,1580.8,1549.91,1429.08,1546.92,1643.86,1699.72,1509.43,1515.52,1770.76,1848.36,1796.72,1572.38,1771.75,1947.22,1978.54,1984.93,1889.74,1966.89,2024.28,1973.97,1969.37,1944.18,1986.72,2065.74,2110.93,2059.83,2196.15,2181.55,2282.95,2324.35,2332.67,2160.64,2097.09,2096.92,1940.99,1848.37,1864.65,1750.72,1715.64,1493.12,1456.94,1329.73,1516.64,1610.24,1574.05,1765.81,1670.62,1813.59,1649.04,1561.99,1623.07,1670.96,1675.8,1649.4,1530.88,1331.02,952.89,1067.57,1116.32,1220.38,1265.97,1451.74,1402.57,1301.77,1632.19,1727.58,1685.38,1821.31,2072.43,2098.51,2143.0,2017.34,2079.6,2033.06,1764.08,1777.78,1578.45,1603.25,1652.06,1510.67,1348.05,1350.0,1419.47,1185.93,1240.65,1118.21,970.99,1135.99,1327.99,1405.89,1670.78,1696.12,1792.7,1853.1,1821.45,2106.76,2069.35,2063.07,1972.5,1855.44,2081.23,2287.65
DE0006048432,HENKEL PREFERENCE,DE,EUR,2809.05,2890.21,2805.79,2908.46,3022.8,3035.76,2917.79,2760.61,2605.05,2593.93,2909.77,2847.67,3010.86,3122.5,3099.77,3102.18,3188.71,2974.56,3165.7,2762.56,2720.32,2900.26,3015.99,2987.13,2770.64,2684.68,2927.31,3085.92,3147.36,3289.77,3363.81,3541.77,3631.65,3447.93,3120.77,3230.86,3289.3,3373.16,3456.34,3710.43,3871.29,3763.04,3849.59,3661.71,3713.79,3841.96,3723.29,3615.55,3846.41,3635.81,3610.66,3547.87,3443.99,3555.07,3515.58,3558.77,3274.98,3040.25,3219.52,3048.22,2704.52,2771.84,2839.34,2873.72,2598.88,2785.12,2919.48,2825.12,2804.26,2950.03,2992.51,2924.96,2887.66,2587.2,2250.62,2514.58,2524.72,2712.56,2857.93,2988.99,3042.99,2825.29,3136.78,3283.05,3019.35,2875.9,3341.79,3426.78,3394.34,3126.15,2998.3,2891.91,2756.29,2664.59,2341.41,2394.43,2408.76,2333.03,1999.21,1975.43,2077.75,1870.86,1936.09,1988.4,1821.94,1921.83,2144.77,2121.58,2164.13,2231.6,2389.03,2508.49,2477.15,2511.74,2441.7,2403.57,2241.98,2251.55,2457.93,2497.6
DE0006070006,HOCHTIEF,DE,EUR,6487.08,7592.14,7432.09,7585.55,7532.11,7176.54,7053.34,6617.52,5770.75,6192.14,6273.31,5910.58,5903.03,6686.04,6327.69,6472.15,6571.62,6649.66,7555.5,7148.14,7200.83,8046.56,8111.05,8068.67,7777.45,9344.16,10546.45,11051.74,11083.23,10815.67,11418.67,11730.91,12173.38,11858.69,12395.21,12342.86,12399.45,13428.57,14530.53,15845.55,16322.69,16268.26,15807.7,15699.06,14954.14,15727.31,15691.94,15554.79,16130.87,14990.64,16274.06,16191.94,16706.56,16264.54,16257.08,14833.12,14912.92,13508.28,12954.05,12028.72,13742.79,14320.69,13029.48,13554.39,11192.0,11329.45,10865.58,10282.69,10825.34,11775.24,11668.92,12135.29,10983.02,9262.41,6268.79,7917.14,8933.27,9042.97,8341.95,9139.93,8008.62,7579.98,9869.55,9995.16,9514.31,9233.14,9222.42,9651.58,9103.24,8250.82,8607.34,8680.21,8684.1,8397.45,8090.34,8650.55,8267.08,7311.97,7427.58,6854.92,7186.55,5354.73,5889.65,5482.1,5306.3,5930.41,6327.06,6224.04,7027.93,7602.1,9233.75,9790.14,9659.88,10057.36,11483.93,12483.89,11924.24,12022.08,12696.57,12880.86
DE0006202005,SALZGITTER,DE,EUR,1528.25,1463.39,1371.93,1468.2,1495.22,1464.01,1301.78,1306.83,1189.74,1052.08,1149.45,992.62,950.89,1002.35,1011.5,1201.74,1270.63,1252.1,1240.75,1085.53,868.54,1019.59,864.7,869.62,746.21,776.01,992.89,1189.64,1119.04,935.32,1105.09,1066.49,1150.92,1162.49,1152.27,1251.89,1354.77,1299.56,1288.41,1218.15,1343.37,1457.02,1616.09,1599.27,1618.99,1723.76,1841.45,2047.76,2153.46,2050.82,1820.61,1971.56,1847.28,1606.82,1779.5,1641.05,1798.63,1428.55,1132.37,1040.13,1100.37,1107.15,1036.66,1157.94,968.27,1047.45,820.82,674.38,621.6,660.56,731.93,828.8,622.66,600.35,437.03,493.82,500.9,516.53,510.24,594.33,615.4,535.25,755.26,976.04,957.91,1114.22,1151.67,1174.71,1217.44,1083.77,1437.07,1416.65,1251.5,1379.39,1092.6,1337.03,1241.11,1631.22,1759.52,1535.99,1509.89,911.71,923.74,926.07,699.71,854.49,1080.66,1166.69,1537.45,1583.4,1480.1,1482.4,1270.98,1414.96,1328.92,1124.54,1045.2,945.05,1149.12,1202.05
DE0006231004,INFINEON TECHNOLOGIES,DE,EUR,35.05,39.06,41.19,40.17,42.77,43.15,38.33,40.07,35.66,33.49,33.93,36.83,38.72,40.7,42.06,41.66,46.14,43.84,39.98,38.19,39.14,43.42,52.24,51.68,46.67,43.63,50.6,51.06,53.53,51.82,59.37,59.77,63.69,64.09,59.82,62.58,65.85,64.6,74.48,75.01,80.53,76.98,78.32,83.63,90.97,99.27,100.34,99.56,106.02,99.88,98.14,93.72,100.16,93.64,98.13,93.23,83.52,73.94,76.63,73.05,81.73,81.61,73.58,87.35,66.47,66.08,70.52,64.34,66.97,71.89,79.42,84.47,80.37,76.83,55.21,69.36,79.05,88.06,92.67,104.52,105.92,104.38,133.12,145.12,150.76,165.71,160.74,151.66,154.03,151.92,144.46,161.25,155.4,177.54,171.09,174.91,155.12,129.61,130.98,109.98,119.34,92.53,103.81,93.43,84.17,93.21,125.73,116.03,136.98,136.51,157.8,139.75,142.86,158.59,169.03,138.37,128.19,111.76,149.9,160.55
DE0006569908,MLP,DE,EUR,632.46,600.71,539.79,555.72,576.53,574.53,567.76,521.24,476.71,438.81,412.39,382.62,339.36,352.57,350.89,361.46,393.66,374.33,407.87,393.02,393.29,385.91,353.79,353.43,287.37,253.95,281.87,346.69,344.84,324.89,352.77,385.25,388.22,372.05,407.14,401.92,471.88,487.07,529.49,582.27,626.85,629.84,675.84,655.53,645.03,636.16,565.34,620.12,657.84,617.97,560.81,562.74,597.95,598.27,626.61,623.07,610.8,547.84,485.86,480.6,476.9,503.96,479.64,482.5,447.21,474.28,505.34,501.49,524.58,513.12,522.17,641.11,628.45,544.62,516.86,520.38,594.83,635.67,650.62,699.46,709.22,584.01,668.21,696.34,748.8,819.53,862.63,929.05,961.56,900.09,884.61,981.73,912.33,1060.29,928.78,1035.75,990.62,868.32,897.56,778.95,815.35,674.87,655.93,647.99,567.97,506.83,619.14,605.44,640.71,598.57,597.22,650.07,613.26,740.21,732.22,633.93,607.01,573.19,639.24,725.73
DE0006599905,MERCK KGAA,DE,EUR,793.16,898.79,860.83,862.33,891.37,901.84,920.99,905.3,956.55,936.93,1037.64,988.29,1041.6,1076.32,1168.6,1132.46,1127.89,1049.21,1072.85,997.6,926.19,1035.89,1072.61,1024.13,906.57,897.89,880.86,989.65,1062.11,1080.99,1171.31,1110.58,1142.7,1088.4,1067.24,1113.58,1166.08,1166.61,1211.65,1249.08,1298.04,1294.84,1173.16,1180.7,1201.18,1152.22,1148.67,1157.5,1182.3,1071.32,1030.32,1071.5,1113.14,1070.6,1117.31,1149.58,1134.66,1168.94,1201.26,1125.48,1140.52,1129.82,1243.51,1176.97,1067.92,1155.0,1139.3,1183.08,1244.83,1315.13,1290.01,1299.7,1409.24,1316.69,1127.13,1270.59,1283.63,1301.75,1425.42,1526.6,1630.64,1662.75,1791.89,1906.1,1864.02,1831.87,1924.27,1990.88,2046.89,2165.59,2315.49,2695.1,2452.24,2669.54,2784.72,2931.58,2462.47,2248.35,2392.52,2117.06,2149.08,1924.24,2167.9,1970.26,1837.93,1873.35,2035.17,2215.56,2370.41,2170.55,2138.17,2042.19,2008.54,1920.27,2034.35,2089.9,1940.01,1732.51,2013.19,1833.08
DE0006602006,GEA GROUP,DE,EUR,409.43,423.4,399.95,397.5,382.89,421.16,399.06,402.04,387.97,407.15,425.61,394.52,403.29,439.13,429.2,435.94,436.86,403.36,384.69,351.62,342.03,364.0,373.96,366.95,376.41,400.09,441.46,430.28,425.73,435.53,490.12,492.12,512.18,354.78,343.37,370.51,380.57,359.38,391.44,399.45,386.92,386.34,377.76,412.89,426.33,453.66,454.17,449.45,467.75,447.64,400.06,374.36,356.63,328.26,376.19,367.34,347.79,293.56,253.45,248.72,264.25,228.34,253.82,276.73,271.73,281.77,246.97,269.4,272.57,305.83,320.82,330.54,298.05,259.52,202.06,229.31,303.85,321.32,365.85,372.33,358.86,339.75,357.2,373.46,357.76,358.45,422.71,455.34,464.64,428.61,468.59,486.32,484.94,521.42,534.77,580.2,495.37,465.45,441.08,424.34,439.81,367.85,401.09,382.9,351.94,382.02,432.79,438.32,486.24,476.98,499.03,515.45,455.74,461.3,468.37,441.83,415.4,378.08,406.83,459.13
DE0006969603,PUMA,DE,EUR,953.49,952.35,945.47,985.02,983.63,961.73,860.69,834.26,776.44,706.8,773.32,705.9,638.01,649.05,621.74,682.6,538.18,533.3,641.53,673.08,695.08,756.74,718.27,732.12,680.13,728.33,746.76,771.24,787.37,758.73,841.11,846.96,911.07,839.55,836.87,891.33,1032.87,1055.05,1062.06,1324.63,1352.37,1302.25,1355.86,1396.66,1320.76,1537.64,1515.72,1490.67,1442.75,1501.7,1673.16,1706.21,2079.46,2067.65,1764.98,1915.85,1731.64,1816.18,1757.52,1680.3,1963.79,1956.76,2031.67,2187.05,2027.54,2348.79,2496.39,2686.38,2736.29,2662.51,2662.46,2702.72,2808.79,2679.49,2092.97,2206.95,2519.55,2729.17,2733.39,2924.58,3159.19,3074.07,3495.74,3979.11,3457.0,3767.89,3471.08,3752.86,4069.76,4193.6,4333.53,4303.56,3939.66,4408.81,4254.47,4318.34,3752.87,3243.23,3061.21,2605.36,2667.05,2364.79,2382.22,2207.12,1673.08,1591.92,1793.36,2159.05,2424.88,2286.84,2176.95,2098.59,1739.5,2193.69,2447.68,2444.96,2278.81,2050.73,2350.83,2026.04
DE0007030009,RHEINMETALL,DE,EUR,3420.85,4034.34,3779.54,3547.93,3716.35,3809.41,3285.48,2910.6,2612.32,2333.79,2300.32,2378.05,2333.51,2735.35,2617.54,2742.63,2874.14,2763.79,2962.73,3345.86,3299.11,3417.43,3431.67,3620.69,3854.54,3867.59,4328.24,4251.49,3805.31,3272.15,3857.34,4012.57,3862.45,3812.07,3947.3,3711.42,4212.65,4247.16,4661.03,5074.06,5371.56,5358.23,5586.71,5748.34,6354.53,6592.99,7244.06,7132.04,7960.43,7502.51,8000.07,7384.52,7193.27,6319.99,6856.98,6228.9,5982.5,4983.99,5281.35,5047.85,5962.77,6114.44,5919.23,6570.69,6195.81,7113.97,6734.79,6808.75,7416.55,7037.31,6214.92,6685.48,6258.28,5292.33,4076.77,3921.63,4865.31,5210.52,5703.97,5639.06,5423.07,4424.65,5436.87,6443.54,6402.19,6098.1,6129.87,6330.77,6394.79,6122.18,5938.81,6041.7,6033.22,5884.27,5488.53,5821.59,6361.48,9705.52,13175.18,14083.93,12786.69,14546.56,11374.2,9900.28,9704.11,10239.76,12633.5,12595.82,14716.2,15988.17,18761.11,18398.3,16063.89,17399.57,18089.92,17419.56,16485.75,18219.38,19252.5,20310.61
DE0007037129,RWE,DE,EUR,3290.47,3536.16,3599.55,3510.47,3687.51,3956.39,3705.84,3575.36,3589.49,3269.91,3345.64,2866.31,2562.94,2592.04,2371.1,2412.28,2243.97,2074.52,2020.0,1444.56,1086.66,1318.79,1097.9,1225.74,1338.18,1098.4,1248.93,1438.72,1259.31,1535.33,1706.38,1575.6,1663.94,1523.27,1211.23,1198.22,1275.47,1380.02,1596.79,1599.81,1959.03,1920.58,2017.01,2395.37,2193.19,2408.38,2215.84,1965.47,1942.37,1931.59,2384.58,2482.14,2347.34,2355.7,2717.08,2641.48,2557.5,2024.36,2235.3,2223.51,2569.49,2520.37,2767.87,2636.04,2625.33,2639.04,2917.08,3047.76,3348.35,3256.97,3203.57,3275.93,3686.86,3611.98,2794.95,3065.27,3560.3,3812.61,4135.98,4369.36,4119.5,4060.02,4565.83,4640.7,4701.06,4205.62,4302.93,4291.63,4256.86,4063.54,4005.84,4401.3,4001.28,4346.0,4338.73,4578.1,4762.97,5213.7,4959.22,4792.35,5052.56,4260.04,4749.49,4417.29,4211.13,4447.6,4975.26,5131.22,5114.97,4907.9,4961.89,5405.72,4941.08,5120.59,5076.02,4874.11,4375.74,4524.12,5055.32,5342.09
DE0007042301,RHOEN-KLINIKUM,DE,EUR,2851.64,3115.82,3096.97,3128.14,3209.64,3201.65,3033.13,3064.04,2972.94,2911.53,2859.31,2748.41,2597.85,2549.15,2456.2,2717.28,2747.75,2721.83,2801.44,2692.19,2847.43,3006.08,2924.79,3010.67,2909.66,2959.3,3143.81,3146.98,3130.49,3022.29,3085.54,3068.58,3147.94,2895.97,2756.17,2824.56,2865.19,2622.62,2824.61,2977.96,3128.56,3053.6,3235.56,3484.48,3524.29,3681.01,3642.66,3795.85,4168.23,3721.08,3485.19,3479.91,3212.09,3107.93,3099.72,2807.85,2726.49,2693.5,2670.07,2683.45,2803.35,2873.85,3005.57,3095.04,3030.29,3266.58,2906.6,2703.33,2453.73,2207.68,2174.77,2117.64,1878.71,2114.63,2088.78,2132.16,2143.87,2181.58,2205.36,2222.75,2038.32,2042.22,2122.98,2168.9,1965.56,2029.07,1994.97,1996.78,2022.77,2023.16,2015.39,2001.22,1922.43,1929.53,1823.56,1766.58,1857.06,1744.81,1745.16,1699.99,1766.47,1740.78,1686.93,1577.16,1468.19,1592.64,1686.91,1737.08,1715.08,1492.45,1441.5,1506.27,1431.7,1399.66,1438.41,1404.15,1346.7,1287.05,1292.96,1201.01
DE0007100000,MERCEDES-BENZ GROUP N,DE,EUR,206.4,229.58,234.63,236.64,242.89,238.7,211.61,208.6,195.12,198.28,214.87,214.72,230.56,246.79,247.51,254.45,247.08,239.84,236.38,210.55,190.07,228.64,234.96,222.01,183.44,178.88,202.8,193.94,189.02,166.53,187.85,191.07,194.65,196.83,184.72,206.3,208.22,201.45,214.29,215.79,210.67,209.84,202.77,210.86,230.43,240.1,240.57,245.89,266.63,249.32,245.94,240.93,219.83,197.46,212.41,198.12,193.16,182.48,172.83,159.98,182.1,184.19,179.16,200.19,168.68,182.34,171.13,153.85,162.14,190.53,183.94,180.73,151.03,134.25,97.24,111.59,122.26,132.14,147.08,170.5,180.77,172.9,226.6,238.9,234.81,269.74,299.29,304.36,316.58,303.51,304.38,286.92,303.21,337.81,318.49,313.22,319.98,315.99,289.13,283.19,311.34,254.06,257.16,247.64,224.18,254.91,294.07,288.45,326.68,339.68,338.46,344.41,353.09,381.25,379.27,347.55,331.04,279.1,309.27,328.07
DE0007164600,SAP,DE,EUR,19212.09,20274.77,20392.71,20294.1,19640.52,19856.77,20191.78,19981.54,18466.69,17342.89,18066.51,18073.64,16726.84,17991.2,18504.82,19426.02,19216.41,18215.3,18712.12,17525.87,16796.66,20610.61,20511.03,20883.99,20648.91,19764.57,21044.76,20441.33,21485.65,19889.19,23102.3,23249.53,24175.09,23283.11,22083.73,23060.37,24157.89,24781.42,26027.69,26568.48,28724.95,28076.5,28201.53,28170.49,29343.62,30501.73,30347.08,30107.21,30484.61,28263.25,28050.4,29785.37,30555.63,31429.05,31725.94,32660.5,33500.89,29125.55,28204.09,27105.77,28210.59,29125.33,31422.14,34909.48,33911.11,37791.78,34383.98,32952.98,32466.89,36462.86,37409.52,37208.08,36025.25,33292.04,30674.78,32648.27,35325.3,38921.11,44130.91,46525.3,43782.51,29794.34,34008.54,36797.42,35612.41,34720.04,34327.53,39083.79,39611.54,39931.55,40731.08,42774.93,38412.08,41242.78,36372.14,40185.31,35389.02,32041.82,31937.08,28775.77,29171.82,26241.64,27113.08,24970.69,23782.26,28138.21,31578.33,30021.58,34372.12,33235.45,36790.56,39549.85,38600.72,40518.44,40540.46,41389.52,38646.12,39656.13,47231.57,45781.3
DE0007236101,SIEMENS,DE,EUR,4869.84,5134.02,5186.86,5083.56,5130.64,5087.66,4768.03,4838.0,4571.42,4341.08,4582.65,4383.39,4182.57,4452.9,4306.4,4340.57,4190.11,4052.23,4288.72,3952.5,3541.06,4026.42,4144.3,3896.73,3936.8,3854.78,4407.65,4349.47,4459.51,4266.11,4487.53,4949.47,4863.65,4703.75,4681.83,5089.66,5266.44,5568.81,5850.35,6098.21,6111.24,5881.51,5774.64,5589.0,6030.97,6099.19,5830.97,5966.8,6489.04,5850.84,5624.34,5605.29,5754.99,5823.1,6236.73,5738.1,5647.29,5102.81,5106.44,4922.06,5055.03,5018.49,4942.41,5451.84,5176.21,5468.05,5078.29,4585.09,4915.66,5278.02,5902.06,6006.79,5647.98,4793.87,3968.9,4364.06,5160.8,5557.23,6005.64,6609.54,6674.05,6160.3,7058.54,7581.51,8195.88,8439.73,8886.93,8994.63,8759.46,8571.81,8415.19,8923.55,8872.28,8750.51,8611.99,9338.61,8483.74,7789.87,7768.61,6854.07,7333.01,5683.5,6148.34,5712.8,5484.33,6077.93,7592.61,7661.54,8626.56,8793.01,9233.21,9375.88,9347.79,9527.27,9771.45,8601.07,8180.99,7542.22,9597.5,10696.48
DE0007257503,CECONOMY,DE,EUR,225.95,227.46,223.82,218.39,228.52,238.81,197.82,192.28,180.03,175.35,186.42,167.16,169.04,188.91,190.81,203.9,195.14,178.0,178.91,164.77,155.03,174.24,187.85,180.53,159.19,145.03,183.22,188.35,193.65,179.53,188.64,174.84,175.79,175.93,175.55,194.27,201.23,189.33,195.24,199.91,204.14,204.56,210.99,205.98,222.97,246.44,245.82,283.78,273.65,252.42,222.34,217.13,188.12,178.78,159.09,147.93,137.22,99.07,90.36,70.69,91.82,110.63,102.89,130.8,107.84,119.67,125.04,98.4,105.04,97.83,92.7,118.82,98.91,90.89,41.34,49.1,56.49,67.28,70.2,89.9,94.44,85.35,95.97,135.36,124.77,121.15,112.28,113.8,111.51,94.23,92.85,90.2,83.54,94.23,77.04,84.08,85.48,80.88,77.21,69.59,67.29,55.22,40.8,29.6,22.81,32.95,46.29,40.43,48.87,53.11,53.53,61.92,46.55,49.71,59.79,52.64,42.69,38.48,48.65,55.23
DE0007297004,SUEDZUCKER,DE,EUR,2958.04,3270.64,3364.91,2513.47,2423.45,2399.44,2176.62,2136.75,1918.88,1705.58,1906.12,1777.92,1545.03,1866.67,1515.55,1813.54,1928.0,2044.09,2071.5,1807.64,2259.2,2337.55,2345.85,2471.81,1868.97,1880.5,2205.57,2208.18,2439.46,2735.97,3119.65,3310.8,3518.03,3230.08,2860.28,3029.03,3328.67,3239.74,3182.8,2719.26,2715.87,2639.04,2762.02,2751.01,2804.7,2563.24,2705.36,2826.54,2481.52,2336.36,2201.42,2159.59,2331.24,2065.78,1978.14,1842.08,1803.82,2084.28,1915.03,1734.7,2179.32,1960.23,1718.99,2038.98,2067.89,2272.13,2134.58,2249.24,2093.12,1955.05,2047.8,2508.23,2257.44,2063.99,1918.34,1801.61,2049.3,2179.31,2295.21,2827.83,2675.63,1981.27,2203.0,1995.13,2011.13,2201.98,2339.61,2278.43,2314.08,2215.12,2117.09,2378.83,2254.29,2229.87,2011.15,2106.75,1930.68,1912.37,1841.41,1846.44,1868.89,2253.12,1995.05,1977.58,1750.03,1846.77,2050.29,2525.61,2330.2,2474.31,2406.42,2902.44,2470.6,2575.48,2642.11,2442.48,2252.0,2275.35,2302.77,2361.43
DE0007314007,HEIDELB.DRUCKMASCHINEN,DE,EUR,31.48,28.33,23.98,24.65,26.36,28.41,25.64,24.54,21.87,19.73,21.2,19.7,18.38,19.85,20.7,20.66,20.77,17.28,20.02,18.74,19.63,22.34,19.42,19.13,15.44,15.71,17.7,17.84,22.56,21.32,22.36,19.0,18.91,20.67,19.75,20.83,20.52,19.38,19.47,21.59,21.22,23.92,26.41,29.26,32.11,30.79,27.11,26.76,27.89,29.19,29.37,29.04,27.3,21.42,22.49,22.09,20.9,18.0,16.59,14.17,15.77,13.94,13.46,14.52,11.39,12.46,8.49,9.53,9.79,10.08,10.74,10.13,7.78,6.71,4.79,5.5,4.92,4.99,6.59,5.59,5.19,4.38,7.5,7.53,11.36,11.34,10.58,12.69,18.36,18.45,18.28,21.76,18.01,20.25,21.72,23.49,24.47,21.89,20.81,17.45,16.64,11.42,11.92,11.56,8.73,10.69,13.16,12.43,15.96,14.14,14.33,15.96,13.77,12.15,12.52,10.98,10.03,9.26,10.75,10.58
DE0007500001,THYSSENKRUPP,DE,EUR,3193.38,3414.7,3337.91,3551.09,3749.94,3637.21,3535.3,3463.99,3258.79,2990.39,3285.87,3223.49,3237.53,3330.67,3302.17,3339.89,3312.93,3266.9,3176.54,2718.37,2186.67,2526.61,2655.94,2496.02,1937.84,2127.34,2646.28,2961.38,2793.96,2543.42,2898.54,2942.0,3021.77,2924.58,2875.83,3027.49,3227.09,3184.63,3138.48,3031.58,3391.03,3602.75,3772.28,3825.7,3777.23,3405.03,3501.57,3679.05,4058.53,3493.77,3368.47,3330.92,3370.7,3120.13,3350.21,2973.56,3239.21,2721.62,2402.87,2182.74,2284.39,1944.83,1782.68,1822.02,1641.7,1885.37,1688.48,1581.03,1788.0,1839.76,1622.17,1760.41,1588.89,1234.3,667.58,865.86,863.24,907.94,1012.8,942.34,660.22,618.14,863.94,1288.2,1487.1,1755.23,1731.44,1742.28,1541.51,1354.09,1292.96,1445.61,1370.41,1344.73,1431.12,1414.08,1319.72,1402.75,1121.34,1009.43,1237.79,739.34,791.29,725.71,559.05,683.89,712.49,785.46,1006.58,995.22,951.62,945.7,907.91,1028.49,1053.61,1022.83,1004.74,912.67,993.96,923.53
DE0007664039,VOLKSWAGEN PREF.,DE,EUR,2390.54,2462.74,2446.57,2535.36,2559.16,2517.73,2247.0,2161.96,1994.32,2050.88,2218.2,2152.44,2162.5,2432.69,2574.58,2500.44,2398.01,2291.79,1983.68,1873.37,1077.31,1188.02,1365.18,1434.75,1143.94,1141.82,1260.08,1429.94,1472.96,1194.68,1382.51,1361.64,1292.39,1352.82,1270.75,1385.34,1531.81,1465.35,1440.48,1560.66,1514.26,1518.39,1533.35,1492.5,1624.74,1816.25,2133.35,1999.56,2201.58,1969.11,1985.52,2067.62,1909.86,1691.82,1825.96,1668.3,1798.26,1725.35,1729.99,1626.98,1740.98,1751.4,1613.02,1775.43,1631.16,1778.61,1781.88,1701.81,1788.48,2009.69,2042.47,2088.42,1891.63,1718.06,1220.51,1474.78,1552.89,1596.4,1546.3,1769.73,1706.04,1590.73,1862.1,2025.28,2073.56,2299.65,3057.18,2853.76,3050.05,2745.91,2736.14,2656.48,2515.42,2514.02,2039.49,2251.99,2298.16,2206.39,1953.28,1735.67,1954.04,1561.51,1650.96,1693.19,1457.1,1509.52,1705.95,1688.77,1875.26,1871.24,1859.2,1858.57,1826.0,1965.71,1949.47,1790.12,1686.61,1549.36,1698.35,1801.43
DE0008232125,DEUTSCHE LUFTHANSA,DE,EUR,2237.45,2438.87,2472.11,2412.51,2555.32,2081.75,1716.25,1678.72,1527.37,1431.05,1717.6,1619.55,1636.72,1411.3,1354.71,1345.65,1360.06,1252.27,1318.94,1176.15,1330.38,1422.28,1391.81,1527.53,1409.89,1442.03,1563.46,1555.89,1406.3,1186.6,1190.6,1166.48,1114.86,1275.43,1302.81,1299.6,1333.53,1462.0,1614.34,1729.62,1999.47,2339.43,2198.24,2573.36,2863.38,3277.86,3544.27,3812.94,3688.95,3477.11,3299.47,2994.89,2885.55,2566.72,2990.8,2786.87,2622.53,2157.92,2598.89,2383.39,2709.45,2732.38,2332.13,2579.39,2113.32,1900.33,1772.79,1710.74,1757.03,1923.45,2103.15,2033.61,1686.57,1421.55,1050.43,993.71,1122.84,1105.37,978.23,1160.83,956.82,958.17,1298.93,1468.27,1425.54,1659.02,1485.24,1436.02,1449.55,1250.43,1262.83,1111.16,1070.53,1028.51,958.62,1085.37,1197.34,1191.11,1266.47,1154.77,1133.98,921.79,951.8,928.16,891.21,1065.12,1222.22,1290.24,1634.12,1611.0,1723.37,1665.81,1518.46,1593.7,1570.64,1391.76,1234.68,1091.19,1350.67,1370.45
DE0008404005,ALLIANZ,DE,EUR,5030.12,5374.11,5107.79,5207.75,5320.6,5245.86,5225.81,5360.61,5081.69,4967.89,5402.41,5234.58,5182.36,5256.25,5453.18,5388.67,5169.38,5129.75,5411.76,5245.07,5133.6,5765.0,5797.87,5851.33,5310.38,4889.79,5371.98,5618.8,5623.03,4936.06,4963.35,5128.68,5132.24,5374.01,5499.03,5699.54,5872.24,6022.84,6409.37,6591.46,6956.51,7124.62,7662.33,7719.77,8063.54,8358.2,8548.47,8319.93,9156.07,8465.91,8184.38,8546.66,7733.05,7768.04,8299.79,7997.73,8375.55,7846.45,7916.97,7544.45,7975.63,8338.89,8364.43,9042.39,8686.57,9425.83,9217.61,8656.74,9145.55,9610.42,9400.71,9661.1,9370.44,8413.8,6674.54,7292.05,7455.77,8480.16,8644.6,9097.45,8032.57,7321.35,9848.37,10307.37,9475.04,10121.84,10691.04,10890.14,11456.93,10885.77,10856.7,10202.23,9880.25,10126.89,9444.0,10290.24,11109.44,9860.45,10506.04,9821.22,9623.06,8697.32,8309.12,7785.63,7221.58,8280.44,9644.55,9862.37,10929.32,10784.06,10620.07,11489.92,10366.51,11245.6,11531.99,11760.51,11515.61,11323.34,12154.54,12911.44
DE0008430026,MUNCH. RVRS.GESELL. MUNCH.N,DE,EUR,14509.45,15354.82,15399.97,16244.4,16311.33,16245.24,15658.84,14766.96,14490.82,14392.24,15130.59,14791.68,14699.94,15260.14,15816.57,15003.39,14134.84,13613.8,14156.53,14118.99,14226.04,15277.82,15386.63,15383.34,14659.95,15114.05,15712.05,14992.54,15040.42,13469.32,13414.35,14467.23,14953.8,15518.53,14625.4,15150.78,15061.32,15173.0,15754.37,16184.4,16675.03,17025.51,17966.36,17414.75,17998.41,18803.26,18867.47,18323.34,19954.01,18873.59,19491.47,20146.98,18247.78,18601.01,19480.26,19022.12,19541.0,19003.23,19120.24,19111.86,19689.4,20721.29,20847.65,21951.57,22090.14,23128.55,22315.84,21991.4,23763.18,25587.09,26411.63,27260.51,26963.72,23346.87,18375.31,21369.81,21895.55,24897.32,25518.33,27949.79,24594.41,22501.69,27057.65,28842.29,25725.82,28461.12,29763.6,28992.82,29005.68,27510.89,27063.8,29110.96,27472.25,29813.09,26963.15,29637.96,31405.38,27461.73,26964.37,25058.91,25715.08,24590.89,23695.88,25141.81,25441.69,27783.67,32654.4,34038.04,37680.79,36304.45,36772.39,39394.54,38824.73,40715.04,41204.93,42354.79,42478.76,43535.36,46303.16,45235.98
DE000A0D6554,NORDEX,DE,EUR,14.85,18.03,17.92,17.63,24.41,24.64,20.44,20.17,20.56,18.79,21.69,20.29,21.69,23.31,22.55,24.2,26.67,26.86,31.7,31.97,29.99,36.62,37.31,39.66,35.47,32.34,30.55,31.05,32.09,31.6,30.8,30.71,33.76,29.05,22.9,23.95,23.3,16.42,15.52,16.82,15.96,13.59,15.07,15.35,12.77,11.41,11.26,11.84,14.65,12.78,9.7,12.75,13.53,11.42,12.42,11.64,11.81,10.56,10.87,9.62,12.66,14.21,18.2,17.81,15.75,15.56,13.21,11.18,12.1,14.48,15.11,15.19,14.47,12.75,8.68,9.0,10.73,10.92,12.71,14.64,14.36,15.88,26.16,30.34,31.4,30.13,35.96,32.32,25.93,27.09,22.74,22.32,19.98,21.99,20.99,18.82,18.27,20.82,20.88,17.26,14.09,10.14,12.33,12.14,9.95,11.82,15.82,17.82,19.1,19.25,18.43,15.32,15.41,15.7,17.94,15.24,15.97,13.43,14.12,14.64
DE000A0D9PT0,MTU AERO ENGINES HLDG.,DE,EUR,510.37,485.57,536.98,543.02,548.46,543.83,508.04,514.51,504.23,517.0,525.28,514.6,538.63,560.39,575.17,588.14,575.58,559.66,550.32,530.07,500.81,557.71,584.81,585.12,543.53,535.53,578.99,581.43,581.08,571.37,623.99,624.11,611.82,636.06,641.43,703.09,729.68,778.17,792.15,876.64,876.84,870.85,910.95,866.19,985.99,1045.93,1119.64,1112.01,1115.39,1041.38,1043.96,1090.28,1190.93,1209.58,1333.85,1389.37,1430.87,1351.61,1312.9,1138.15,1362.3,1371.27,1423.63,1501.15,1360.96,1525.43,1618.03,1746.06,1698.62,1736.06,1729.86,1830.02,1938.41,1556.26,925.6,868.31,1039.3,1105.74,1108.61,1188.04,1077.92,1088.22,1525.51,1694.92,1486.79,1527.03,1512.37,1626.29,1668.25,1586.86,1579.13,1473.65,1447.18,1433.13,1197.7,1312.08,1349.66,1552.06,1508.14,1312.86,1288.65,1159.7,1240.89,1148.83,975.27,1166.13,1346.84,1409.93,1620.47,1577.53,1623.98,1704.76,1536.56,1699.07,1551.93,1547.02,1201.13,1227.06,1355.5,1418.69
DE000A0S8488,HAMB.HAFEN UD.LOGISTIK,DE,EUR,55.05,59.6,52.68,52.98,55.62,59.33,57.37,55.02,53.93,47.88,51.71,47.58,46.81,50.22,47.69,49.27,48.54,47.0,43.65,42.09,37.84,33.66,33.54,35.35,31.69,31.78,34.45,36.52,39.48,35.63,38.43,38.69,37.04,38.24,42.2,44.43,49.35,47.77,45.28,45.88,51.57,54.07,69.4,78.85,78.16,79.34,73.27,70.86,67.98,61.11,55.88,59.81,60.75,56.06,59.03,62.3,60.41,54.75,56.17,50.87,57.36,56.8,58.98,64.55,60.87,70.31,67.68,64.14,65.63,68.58,71.87,73.12,64.84,55.55,36.78,42.12,43.37,45.04,47.04,51.75,48.08,46.15,61.88,62.69,59.83,71.19,61.78,68.74,73.13,71.19,66.47,63.77,63.98,63.79,62.01,66.28,60.14,55.82,51.15,46.77,49.54,42.19,41.4,36.82,32.79,34.96,35.32,37.56,41.9,39.78,37.33,41.08,38.34,39.37,41.8,35.04,56.0,55.97,56.4,58.43
DE000A0WMPJ6,AIXTRON,DE,EUR,793.49,874.43,848.85,834.23,768.61,760.86,709.72,690.74,794.6,640.82,623.45,592.29,417.21,424.42,398.16,346.11,398.85,354.63,312.27,340.22,318.06,334.96,415.49,235.84,186.93,189.82,258.43,262.03,326.94,317.6,327.48,321.42,318.85,259.61,216.02,169.4,194.39,182.96,194.95,287.82,346.02,370.78,464.88,502.2,703.54,814.02,764.64,725.66,802.17,1038.2,1014.98,748.56,782.19,676.62,757.4,654.76,525.94,661.66,579.6,502.19,522.01,470.57,469.42,603.98,501.7,500.78,593.35,520.58,528.83,478.9,498.01,501.26,570.17,522.58,461.47,487.72,550.99,626.19,622.75,600.78,627.38,588.67,759.59,912.11,983.23,1200.34,1194.85,1129.29,1083.28,1435.78,1296.93,1546.8,1316.43,1254.7,1044.48,1070.82,1076.56,1140.2,1165.27,1377.3,1570.78,1356.8,1380.46,1249.83,1274.62,1310.12,1716.3,1556.49,1569.93,1647.23,1790.15,1523.52,1675.56,1838.19,2142.33,2035.15,1982.4,1507.31,1970.04,2296.0
DE000A1EWWW0,ADIDAS,DE,EUR,1404.06,1463.85,1363.23,1340.18,1377.45,1299.82,1017.83,958.05,954.48,929.23,1021.8,890.95,884.49,994.56,1016.24,1049.32,1024.08,1003.49,1076.4,973.9,1045.59,1175.52,1261.01,1277.03,1339.74,1397.81,1531.77,1693.55,1691.01,1899.42,2176.68,2193.97,2305.6,2173.86,1948.88,2094.11,2097.28,2232.19,2526.48,2654.58,2573.43,2579.55,3045.68,3008.02,3033.48,2984.65,2806.26,2693.55,3134.35,2995.08,3239.28,3295.7,3084.85,2966.53,3006.31,3390.86,3321.85,3202.12,3003.08,2845.4,3233.52,3306.28,3312.1,3483.14,3919.03,4244.03,4432.1,4085.82,4291.82,4275.87,4302.54,4483.92,4317.65,3759.29,3106.46,3142.44,3629.38,3613.59,3797.99,4206.71,4470.17,4082.71,4457.92,5046.67,4388.66,4841.11,4302.34,4263.31,5073.84,5176.33,5057.22,4918.61,4393.68,4569.9,4004.89,4009.74,3801.41,3298.57,3298.56,2828.39,2821.56,2495.64,2431.84,2108.16,1637.6,1391.52,1792.05,1931.61,2263.38,2134.42,2490.57,2466.95,2304.48,2758.69,2883.81,2857.31,2521.88,2510.54,2977.36,2900.12
DE000BASF111,BASF,DE,EUR,14748.54,15806.95,15301.0,15943.0,16382.19,16582.5,14825.54,14664.91,13025.87,12508.78,12912.0,12083.4,12751.03,13632.39,14167.71,14293.62,13575.13,12978.07,12739.39,11802.52,11135.07,12070.58,12116.47,11265.69,9817.81,9611.77,11150.62,12145.57,11820.02,11754.78,11931.2,12370.83,13015.05,13446.15,13107.44,14175.91,14676.53,14274.49,15206.86,14946.35,14964.02,14759.18,15058.29,15306.94,16751.57,17198.75,17816.02,17414.27,18509.97,16703.81,15997.82,16491.49,16121.43,15654.73,15772.76,15188.49,14557.55,12647.24,11938.29,11292.69,12040.0,12514.64,12046.25,13288.91,11316.83,12469.82,11533.67,11375.74,11960.11,12991.58,12860.46,12964.33,11580.59,9988.42,8061.05,8757.7,9298.98,10198.71,10048.55,11135.54,11140.84,10033.04,13413.05,14429.27,14123.02,15016.24,15214.67,15530.92,15692.07,15120.9,15056.41,14852.99,14580.2,13830.32,12466.02,13420.93,14514.37,12580.91,10992.21,10159.84,11271.17,8893.9,9071.97,8710.33,7913.86,9218.83,10266.2,10169.74,11698.79,10578.89,10802.62,11392.26,10468.21,10677.69,11830.46,11158.89,9916.9,10150.54,10235.55,11830.43
DE000BAY0017,BAYER,DE,EUR,10790.85,11555.4,11083.71,11558.09,12089.09,11763.78,11028.23,11247.87,11676.38,11813.53,12557.59,11436.63,12059.43,12362.85,12531.08,12133.51,12117.99,11932.16,12584.16,11535.12,10804.72,11372.46,11320.4,10709.92,9484.23,8886.96,9988.02,9863.18,8295.3,8766.36,9362.94,9314.36,8733.58,8624.99,8185.19,9064.74,9596.74,9634.52,10043.33,10748.12,11821.12,11508.69,11244.89,11402.65,12149.86,11598.24,11431.59,11108.48,11714.12,10488.78,10104.09,10663.53,10880.12,10297.94,10371.31,8670.61,8225.49,7186.24,6837.02,6461.0,7123.98,7451.99,6012.07,6487.01,5735.38,6759.41,6403.6,7259.22,6920.06,7539.79,7375.42,7981.09,7862.04,6997.77,5653.53,6707.73,6904.0,7537.08,6752.98,6811.54,6182.07,4794.73,5905.04,6036.94,6180.24,6255.9,6452.19,6851.87,6664.6,6438.09,6316.16,5888.6,5741.54,5972.03,5310.48,5661.89,6360.56,6099.93,7283.87,6952.94,7786.49,6536.26,6360.73,5762.12,5079.6,5752.02,6236.55,5663.21,6758.19,6493.84,6940.15,7190.76,6383.34,6321.28,6662.73,6238.9,5471.08,4899.4,3912.35,4235.15
DE000CBK1001,COMMERZBANK,DE,EUR,110.63,117.08,119.15,115.26,102.82,101.53,93.9,98.32,96.68,97.49,99.2,86.16,78.19,87.65,89.36,87.93,86.21,83.22,84.62,72.79,68.08,72.07,71.16,67.62,52.77,52.84,56.75,62.01,56.75,43.83,43.82,46.24,43.16,44.78,46.36,50.81,57.6,50.78,60.17,65.01,70.81,79.04,86.91,82.36,90.07,90.92,96.7,99.58,109.74,103.34,86.18,85.87,68.25,63.78,71.82,62.84,68.82,62.93,57.31,43.74,48.05,54.75,51.6,59.95,47.7,48.96,47.08,39.03,39.58,40.84,39.24,42.39,39.21,38.9,24.64,25.42,26.73,30.2,35.01,40.14,33.86,32.26,43.23,44.22,45.27,45.4,42.17,45.24,55.41,48.74,44.43,43.0,45.77,49.6,47.79,52.13,58.51,57.6,52.87,44.96,59.06,47.66,46.85,45.7,48.72,54.65,56.0,64.19,77.63,83.6,72.25,76.12,69.44,76.86,83.48,76.76,79.54,75.31,85.4,82.84
DE000ENAG999,E ON N,DE,EUR,4431.95,4652.86,4765.58,4649.04,4956.47,5268.52,4829.93,4649.39,4659.73,4391.38,4528.95,4413.93,3962.36,4111.51,3806.39,3997.73,3899.29,3535.04,3520.0,2995.91,2268.46,2801.94,2504.87,2564.76,2699.76,2415.84,2545.68,2747.25,2601.17,2818.37,2991.13,2567.72,2257.37,2332.36,2097.41,2253.62,2462.45,2473.69,2528.0,2484.0,2860.09,3090.71,3231.3,3716.45,3712.62,3878.28,3820.08,3582.19,3455.23,3360.39,3650.33,3600.43,3579.98,3610.79,3831.72,3611.53,3453.47,3286.14,3465.31,3326.97,3756.5,3728.17,3776.23,3628.21,3682.92,3863.78,3567.14,3303.72,3443.8,3582.59,3699.81,3796.99,4007.48,4057.72,3642.18,3546.82,3927.84,4160.51,4369.76,4423.92,4124.98,3880.08,4050.49,4128.56,3953.85,3832.26,4320.44,4502.17,4679.08,4516.84,4776.21,5122.87,4769.01,4951.88,4773.56,5417.13,5336.57,5254.26,4565.35,4061.9,4154.75,3442.66,3662.56,3505.12,3143.79,3434.65,3836.41,4068.95,4438.37,4487.66,5078.97,5402.06,5156.5,5442.23,5407.88,5267.81,5055.01,5053.53,5565.96,5741.59
DE000KSAG888,K S N,DE,EUR,8727.1,9816.31,9607.04,10069.02,10226.57,9666.53,9049.25,9158.86,8343.24,8196.05,8864.92,8161.83,9152.76,9464.77,9657.76,9724.78,9947.67,12722.84,12521.58,11289.88,10981.1,7736.9,8598.06,7807.02,6392.77,6359.69,7116.86,7577.03,7878.83,6561.66,6638.81,6656.32,6058.48,6488.85,6500.02,7677.49,8056.62,7515.97,7427.67,7642.47,8295.26,8293.18,8437.11,7783.46,8866.28,7856.79,7605.22,8073.1,9100.85,9052.45,9299.35,9511.93,8783.73,8110.1,8673.78,7475.45,6947.04,6164.41,5765.78,5978.72,6423.94,6303.72,6031.36,6653.44,5644.29,6225.59,5548.31,5245.41,4591.27,4737.32,3784.89,4135.96,3257.7,2656.08,1964.67,2228.54,2130.48,2121.61,2233.7,2350.6,2317.36,2247.94,3051.05,3218.52,3818.5,3763.1,3365.24,3753.8,4676.45,4597.65,4842.04,4780.58,5375.94,5764.01,5657.37,5799.55,6320.7,8531.8,10228.66,11329.91,9573.87,8227.5,7067.32,7777.83,6467.6,7524.56,7286.26,6638.61,8070.28,8059.55,7187.39,6730.94,5735.37,6219.39,6850.51,6708.51,6481.39,6000.74,5329.48,5641.63
DE000PSM7770,PROSIEBENSAT 1 MEDIA,DE,EUR,716.62,770.6,737.95,701.94,730.61,748.08,708.47,676.4,668.0,676.73,719.08,710.77,741.49,823.08,824.16,862.77,833.57,856.99,889.14,844.63,848.87,947.06,913.63,887.43,862.67,897.02,896.05,887.7,875.64,760.04,830.27,786.68,783.11,787.22,624.69,702.52,774.81,734.58,808.0,772.63,813.11,806.27,761.73,643.02,651.75,667.49,610.19,659.97,731.9,764.63,659.95,696.42,602.98,520.16,556.74,539.06,530.99,475.32,415.43,362.29,366.26,373.25,292.42,323.17,335.85,349.73,288.63,290.59,305.88,328.67,331.29,345.22,292.8,262.89,174.28,219.88,279.63,261.86,226.83,253.31,289.86,244.65,321.6,371.43,398.74,455.69,454.35,477.88,501.17,451.85,433.52,432.1,419.22,381.16,335.97,363.45,351.4,312.04,295.59,264.57,266.27,226.42,208.89,190.85,174.55,168.16,218.9,218.12,251.74,240.97,251.74,220.19,198.36,229.42,248.15,196.48,168.23,138.06,155.91,150.91
DE000TUAG505,TUI N,DE,EUR,2106.75,2265.86,2081.44,2062.28,2114.19,2091.11,1773.0,1808.95,1859.96,1894.07,2120.86,2081.62,2197.49,2297.74,2236.34,2360.36,2244.05,2054.1,2183.0,2259.95,2316.68,2364.51,2103.25,2313.45,2155.54,1967.42,2061.68,1916.84,2006.25,1506.73,1714.36,1840.22,1880.63,1683.13,1733.6,1857.89,1952.63,1960.51,1923.66,2015.62,2145.38,2012.1,2165.81,2321.58,2365.49,2509.37,2547.3,2865.36,3148.91,3065.45,3089.22,3237.93,3352.97,3157.5,3106.33,2666.87,2769.0,2388.83,2068.52,2025.91,2219.83,1654.61,1505.98,1720.88,1421.99,1521.07,1544.22,1540.98,1797.05,2025.92,2132.54,1972.56,1583.6,1266.55,721.85,687.92,887.54,760.2,629.44,713.35,608.99,637.2,1118.41,1036.53,1208.7,1567.67,1322.66,1541.96,1551.56,1309.79,1215.34,1128.43,1126.14,1018.88,811.58,933.06,1038.47,1005.96,984.33,881.29,742.36,491.84,493.22,468.65,368.67,467.24,539.25,491.1,640.96,596.85,446.02,369.99,367.49,405.19,465.17,348.49,319.72,293.11,353.48,448.79
DK0010181759,CARLSBERG B,DK,EUR,1077.97,1168.43,1118.14,1122.06,1169.08,1210.37,1079.01,1027.2,999.28,989.28,1003.49,874.34,826.17,963.62,942.04,1040.48,1047.72,1035.85,1000.71,860.36,875.44,940.18,970.53,1017.84,956.75,986.98,1106.18,1128.98,1118.8,1098.11,1150.9,1084.84,1105.48,1043.52,986.54,1002.06,1047.55,1021.49,1090.2,1174.45,1282.7,1255.75,1303.38,1348.97,1288.29,1344.2,1396.35,1414.21,1516.6,1446.37,1431.07,1349.16,1336.07,1417.26,1451.79,1472.32,1443.91,1327.84,1332.69,1276.7,1378.47,1459.27,1537.52,1587.32,1616.11,1632.92,1690.0,1819.17,1818.22,1730.99,1770.59,1835.98,1798.98,1604.55,1433.26,1596.28,1637.6,1672.66,1865.56,1783.17,1707.51,1602.71,1889.2,2029.78,1861.89,2004.86,1993.8,2274.71,2375.04,2413.4,2392.89,2259.36,2117.52,2137.66,1998.51,2235.69,2083.06,1900.42,1657.22,1719.62,1695.59,1696.37,1718.38,1743.0,1571.92,1573.61,1650.88,1768.57,1885.57,1894.03,2126.07,2269.94,2060.4,2191.2,2062.31,1989.04,1735.61,1631.33,1701.86,1720.82
DK0010234467,FLSMIDTH AND B,DK,EUR,465.16,459.39,443.91,469.75,511.87,491.36,451.63,470.72,420.91,398.25,372.82,389.19,372.25,403.22,407.33,387.24,449.11,435.36,407.47,342.19,300.02,344.33,328.97,316.25,315.27,335.59,380.07,356.95,331.33,326.47,369.59,338.58,345.63,333.41,377.11,381.96,427.07,451.95,500.96,561.52,568.95,589.31,569.21,587.2,617.55,640.3,514.94,544.12,552.37,637.38,598.86,591.31,638.24,570.66,628.09,593.78,593.64,500.92,477.69,428.14,446.82,458.13,425.46,493.31,387.18,445.72,406.23,424.48,428.41,352.24,361.68,392.26,337.78,332.35,222.15,259.1,267.98,283.71,292.97,285.78,281.02,251.0,327.94,376.52,346.35,416.93,381.27,391.35,411.47,412.62,367.53,359.66,346.8,377.63,333.47,370.72,331.05,286.23,267.96,281.1,296.45,247.51,275.05,280.82,220.6,233.46,291.02,364.56,430.52,398.78,390.37,402.81,422.34,493.89,484.79,467.37,462.64,381.94,423.38,434.45
DK0010244508,A P MOLLER MAERSK B,DK,EUR,1777.54,1950.13,1912.76,1939.69,2123.54,2023.75,1898.85,2044.84,1935.05,1897.41,1702.98,1637.21,1651.94,1881.63,1933.25,1834.48,1780.53,1674.24,1584.48,1573.16,1421.24,1369.95,1411.49,1208.3,1182.79,1217.25,1215.17,1346.58,1233.68,1244.48,1299.75,1429.08,1404.44,1467.23,1270.85,1530.56,1598.48,1565.78,1614.37,1677.52,1849.07,1948.03,2110.13,1997.32,1843.21,1863.51,1743.87,1696.04,1737.51,1593.08,1495.61,1591.51,1472.95,1227.75,1418.43,1524.89,1384.9,1252.14,1402.81,1235.84,1312.25,1329.94,1251.66,1496.79,1231.94,1428.4,1300.91,1225.78,1300.47,1466.19,1608.18,1659.5,1379.76,1144.19,1058.02,1174.07,1154.56,1375.5,1514.42,1814.76,1875.59,1886.78,2417.29,2639.51,2454.09,2552.64,2816.89,3009.79,3347.0,3477.4,3358.47,3431.47,3277.83,3499.29,3620.66,4337.43,4314.13,3839.66,4100.32,3946.65,3917.96,3131.88,3647.21,3230.39,2458.29,2815.55,2859.57,3016.69,2910.54,3146.64,3329.58,3313.59,3076.54,3218.72,3781.85,3340.56,3316.88,3045.98,2899.37,3300.07
DK0010272632,GN STORE NORD,DK,EUR,4550.12,4748.42,4796.76,4658.33,5316.04,5534.7,4937.44,4402.86,4262.04,4494.12,4136.54,4231.91,4334.21,4498.03,4334.93,4192.11,4191.49,4016.21,3970.07,3465.16,3485.64,3559.91,3562.01,3543.7,3619.98,3891.53,4098.53,3849.42,4001.55,3516.12,3699.0,4197.27,4212.46,3963.06,3823.36,4062.07,4371.6,4474.36,4618.03,5125.39,6018.06,5747.86,5974.6,6528.13,6757.13,6520.1,6214.59,6373.66,6671.0,6828.58,6978.93,6987.83,7556.65,9032.45,9463.48,10304.11,9660.0,8419.6,6925.48,7387.5,8553.73,9562.28,9252.1,10181.34,9351.76,9303.76,9531.3,8350.39,8083.84,8753.12,9386.04,9369.08,9886.79,10973.21,8937.86,9145.27,10800.28,10655.41,12245.7,14525.54,15154.83,14390.64,16334.42,16023.64,15360.71,16917.68,15837.93,18139.99,17056.55,17531.98,17583.05,15096.34,13921.9,12190.85,11450.96,12620.55,12021.84,10621.29,10039.58,7690.32,7944.62,7053.24,6976.11,5736.02,3564.34,4290.49,4716.93,4625.17,4941.97,4380.87,4528.13,5378.67,4973.23,5030.97,5406.56,4154.03,3659.12,3351.17,4756.2,5135.84
DK0010274414,DANSKE BANK,DK,EUR,2839.47,3336.53,3557.48,3603.63,3591.12,3607.02,3694.59,3596.75,3469.58,3499.43,3634.92,3471.7,3310.08,3387.68,3474.15,3737.33,3857.21,3871.05,4137.97,4072.84,3970.64,3638.07,3533.12,3550.34,3526.9,3598.93,3888.1,3886.44,3966.9,3598.89,3734.98,4026.01,4010.64,4235.91,4018.2,4175.08,4578.38,4600.56,4869.06,5175.84,5358.29,5475.24,5751.15,5532.13,5701.8,5438.2,5334.65,5554.14,5809.71,5748.49,5526.99,5191.21,4927.08,4651.99,4323.91,4382.51,3905.06,2851.77,2962.73,2934.6,2752.24,2959.97,2786.09,2810.4,2603.28,2510.55,2370.64,2089.41,2208.74,2263.92,2142.83,2568.18,2655.24,2439.56,1793.29,1881.51,1963.99,2109.82,2558.18,2459.67,2151.14,2108.14,2621.34,2623.89,2726.56,2943.41,3024.28,3080.91,2995.03,2837.28,2827.23,2708.93,2725.16,2731.26,2642.72,2784.37,3106.82,2743.69,2763.59,2538.71,2679.18,2313.59,2283.07,2200.23,2050.29,2648.81,2896.09,3233.18,3403.88,3821.49,3302.41,3464.51,3328.49,3990.91,4073.31,3854.91,3994.19,4005.75,4438.87,4575.82
DK0010287663,NKT,DK,EUR,1634.89,1898.99,1647.61,1790.01,1949.38,1952.27,1785.5,1678.52,1567.68,1473.14,1549.61,1531.19,1460.22,1706.82,1834.7,1821.92,1692.97,1645.65,1617.02,1551.19,1510.84,1568.72,1416.9,1490.27,1585.1,1537.31,1657.61,1652.26,1593.46,1460.41,1496.52,1700.42,1870.29,1950.06,1976.11,2052.0,2239.39,2052.27,2133.12,2286.15,2386.37,2321.82,2539.73,2316.02,2480.45,2582.8,2758.09,2754.12,2637.41,2116.93,1955.24,1801.48,1712.87,1648.27,1623.54,1543.71,1565.99,1135.12,937.35,821.34,1090.33,1116.8,1068.89,1109.34,916.58,927.99,893.38,790.13,1169.72,1056.9,1268.44,1456.0,1302.38,1469.02,1076.89,1349.69,1280.99,1344.36,1677.6,1931.89,1800.42,1638.15,2521.49,3043.76,2814.94,2679.24,2975.79,2842.63,3075.45,3133.7,3243.55,3071.44,2966.82,3294.67,3160.06,3294.69,2851.51,2872.29,3121.06,3284.4,3340.6,2894.87,3472.8,3496.77,3245.66,3411.77,3572.78,3835.24,4236.26,3179.38,3554.95,3582.09,4079.84,4508.66,4266.34,4039.19,3895.89,3727.92,4620.72,5110.75
DK0010307958,JYSKE BANK,DK,EUR,4150.05,4882.39,4462.3,4455.76,4492.34,4607.62,4604.95,4434.55,4387.25,4372.16,4200.81,4125.93,3677.76,3522.3,3417.86,3980.5,3906.6,4075.9,4264.3,4530.66,4482.83,3980.83,3689.87,3687.61,3546.07,3537.72,3733.88,3381.75,3318.59,3117.5,3435.5,3958.3,3851.29,3742.14,3607.82,3944.37,4248.16,4265.62,4251.72,4476.7,4488.48,4921.1,5311.09,5112.91,4911.03,4809.04,4605.15,4847.21,4938.11,5047.14,5103.68,5199.81,4704.6,4741.63,4980.53,4470.33,4260.14,3595.73,3449.34,3167.71,3303.62,3447.09,3399.81,3538.35,3331.13,3051.85,2822.45,2471.14,2840.98,2924.26,2919.2,3210.64,3348.16,2996.91,2189.97,2375.28,2432.63,2576.93,2816.82,2630.67,2479.24,2617.04,3314.73,3368.8,3317.45,3821.74,4204.26,4299.45,4502.25,4253.97,4269.21,3842.04,3797.06,4294.5,4359.28,4530.23,5139.57,4797.86,4852.75,4932.53,5175.18,4282.67,4571.84,4426.69,4605.7,4748.14,5237.2,5694.43,6300.85,7391.38,6157.44,6421.48,6020.11,6678.13,6672.65,6274.85,6456.13,6178.08,6098.75,6409.31
DK0010311471,AL SYDBANK,DK,EUR,1066.29,1131.53,1073.67,1117.05,1120.13,1106.61,1148.46,1292.25,1278.05,1329.8,1315.87,1296.06,1182.31,1311.0,1360.11,1630.3,1678.51,1657.34,1650.11,1648.92,1647.99,1433.5,1422.92,1400.55,1261.09,1180.38,1317.32,1297.82,1308.89,1145.61,1232.76,1451.54,1394.69,1432.77,1350.98,1426.75,1520.21,1592.7,1663.88,1740.79,1718.22,1801.81,1988.08,1864.51,1986.83,1867.3,1874.89,1929.08,1962.85,1876.96,1841.61,1863.8,1701.6,1727.06,1865.03,1473.85,1478.74,1161.87,1239.19,1193.51,1162.63,1197.51,1112.11,1155.79,1005.04,1022.72,937.92,750.61,945.09,1051.5,1009.69,1125.2,1166.42,984.46,757.12,891.34,936.35,993.13,1019.09,902.95,840.7,913.75,1114.22,1184.6,1122.01,1231.43,1480.85,1638.48,1749.62,1688.53,1679.16,1604.96,1640.82,1933.41,1813.0,1778.23,1974.23,1834.26,2044.9,2056.36,2086.15,1808.61,1810.59,1716.99,1627.94,1805.47,2166.38,2487.33,2689.31,3026.62,2820.24,2793.74,2608.72,2892.06,3012.74,2950.92,2989.11,2713.62,2756.58,2724.42
DK0060079531,DSV,DK,EUR,4185.78,4185.03,4253.18,4392.57,4393.14,4294.04,4161.05,4050.23,3710.91,3938.02,4135.94,4028.69,4149.47,4264.96,4126.25,4608.52,4606.08,4296.83,4562.36,4733.29,4949.87,5405.19,5158.64,5248.13,5139.09,5435.53,5566.08,5618.5,6091.63,5585.54,5944.74,6610.22,6648.58,6460.19,6012.75,5949.88,6486.81,6591.79,6967.38,7473.97,8176.07,8233.99,8628.71,9502.31,10153.55,10377.86,10345.22,10574.37,11073.46,10559.66,10545.08,10713.87,11187.43,10887.45,11309.57,12655.82,12257.06,10838.0,10311.76,8859.67,10756.29,11220.53,11200.1,12490.22,12061.07,13306.5,13011.67,13436.25,12876.36,13134.1,14742.3,15604.37,14718.44,13558.8,12355.45,14022.0,14361.65,16586.93,18709.53,21298.91,22215.65,22010.53,21507.23,22789.7,21305.33,25115.51,26822.58,30455.75,33015.04,31809.76,33222.05,34746.88,32745.98,31728.9,29477.09,31853.45,27483.62,25269.1,26639.06,22721.99,22429.14,19081.81,22880.08,20301.36,16166.06,18543.43,21213.15,21549.67,22510.85,24995.96,26631.24,25904.85,26455.99,28902.97,27635.45,26209.96,25778.9,20507.77,20759.48,24182.12
DK0060336014,NOVOZYMES B,DK,EUR,167.0,181.91,171.92,187.09,191.21,196.0,193.59,181.86,169.58,181.23,172.13,164.99,178.26,191.79,180.31,182.29,189.36,187.39,207.15,171.6,171.68,183.74,189.57,189.81,163.56,171.54,179.75,191.35,189.98,190.51,195.94,172.81,175.61,148.06,135.34,137.88,155.63,156.33,161.06,175.0,183.6,177.07,186.4,205.82,207.96,223.77,219.66,231.64,225.49,209.05,211.82,194.26,209.2,208.46,216.54,225.76,225.69,203.15,191.47,183.13,171.85,189.91,192.32,194.57,196.17,195.16,195.2,178.55,175.72,196.83,199.79,204.63,218.06,213.91,192.9,207.75,231.93,245.12,254.14,251.5,267.21,254.89,243.27,243.67,255.79,263.64,276.0,306.37,313.61,324.04,337.63,347.17,294.78,316.42,323.41,353.07,293.31,282.48,301.41,305.02,275.66,260.63,276.73,250.43,219.73,228.62,247.26,219.79,225.49,210.35,226.67,230.53,212.86,206.31,222.79,192.53,179.03,201.48,233.53,247.12
DK0060448595,COLOPLAST B,DK,EUR,4413.09,4958.06,4761.82,4932.82,5119.22,5364.11,5024.03,4935.65,4972.93,5162.24,5153.06,5074.19,4747.04,4815.53,4549.52,4914.34,4575.39,3980.26,4403.35,4128.28,4292.56,4374.31,4923.21,4993.9,5023.48,4665.51,4674.59,4619.69,4706.93,4619.29,4877.86,4720.26,4821.57,4330.42,3951.59,4284.93,4541.48,4485.22,4966.7,5427.54,5480.21,5336.19,5474.24,5228.21,5190.87,5626.0,5020.9,5199.33,5823.68,5538.61,5503.27,5550.85,6253.98,6585.81,7192.43,7069.01,6740.9,6154.42,6284.11,6214.81,6133.92,6691.12,7364.76,7229.59,7180.96,7643.22,7936.44,8058.94,8134.83,8141.12,7984.18,8509.89,8651.02,9117.01,9944.73,10840.25,11564.33,10670.34,11766.65,11712.84,10888.92,10052.54,10312.19,10679.83,10473.37,10710.22,10534.46,11579.36,11094.2,11528.62,12845.87,12166.42,11020.65,11464.14,11409.15,12527.98,10279.15,10729.83,10909.11,9681.62,8497.83,8137.64,8329.6,8211.62,7319.14,7985.16,8263.17,8488.14,8747.16,8446.23,9579.88,10497.48,9194.52,9155.18,9126.93,8373.84,7773.36,7622.72,8659.64,8552.48
DK0060636678,TRYG,DK,EUR,57.0,57.71,59.11,59.62,60.01,63.44,63.19,62.52,65.23,67.88,72.61,70.33,73.6,78.31,76.68,70.52,64.82,67.72,67.04,64.9,64.14,59.77,64.38,66.15,62.77,60.42,66.12,64.22,67.09,60.43,64.8,69.17,69.71,67.76,62.54,62.91,66.36,64.79,66.79,71.3,76.53,81.2,84.46,86.79,86.85,90.52,92.57,95.15,92.83,90.41,91.16,94.53,91.54,93.4,98.46,99.04,100.16,98.29,101.15,102.07,104.92,112.03,112.75,126.43,129.39,134.82,128.3,125.0,119.61,117.67,121.18,124.94,129.68,117.72,105.25,113.26,119.91,123.79,126.41,131.62,135.07,118.68,127.84,138.86,138.73,140.51,134.78,131.58,135.28,140.98,142.9,143.11,131.46,138.18,140.08,143.78,138.21,133.34,144.06,141.85,137.67,132.58,135.63,135.43,123.51,130.67,138.31,143.26,139.34,135.52,133.33,145.76,139.99,133.48,123.9,119.54,114.87,123.57,137.02,137.99
DK0060738599,DEMANT,DK,EUR,447.83,438.95,417.04,436.06,437.91,442.45,424.0,377.37,373.87,369.2,350.41,370.76,369.27,400.66,413.33,400.23,400.68,371.56,373.4,395.41,404.67,425.14,467.74,466.04,427.47,423.78,490.81,500.93,514.16,472.98,497.45,508.26,497.53,453.11,412.71,424.43,456.02,500.54,510.59,557.6,639.71,629.8,645.47,643.8,643.31,703.0,671.03,681.79,772.45,874.86,901.3,953.01,885.72,980.49,1165.59,993.22,916.11,802.22,711.58,690.13,769.87,732.55,721.21,768.08,814.08,758.77,724.24,739.53,624.2,643.37,746.08,767.89,791.3,739.57,539.55,582.24,688.34,642.18,755.87,728.84,765.76,767.39,920.18,963.64,878.77,1009.81,1034.6,1223.46,1336.23,1371.64,1488.82,1380.73,1228.87,1181.42,1156.83,1248.39,1068.25,1029.79,1115.24,1081.19,1070.39,912.15,923.64,752.73,606.57,666.02,674.59,673.31,685.98,732.21,853.56,1044.44,923.65,1029.96,974.34,999.52,1012.22,927.15,1035.49,1068.72
ES0109427734,ATRESMEDIA CORPN.DE MEDIOS DE CMNI.,ES,EUR,423.45,401.05,346.53,322.41,354.45,324.9,333.63,332.02,345.35,332.3,313.39,321.75,335.6,347.69,345.17,370.15,342.12,355.78,346.7,340.3,291.55,296.16,278.28,248.88,219.42,242.61,255.5,303.21,303.77,228.68,247.34,277.88,258.9,242.72,243.9,263.06,272.64,277.76,303.96,301.38,310.41,285.82,286.23,254.59,257.2,251.46,281.59,270.79,271.74,270.31,246.9,243.65,233.14,224.85,209.54,191.25,166.09,150.88,150.54,138.1,134.69,137.7,129.93,148.99,134.88,141.9,113.55,106.64,111.44,120.94,125.02,117.93,102.25,109.36,82.76,77.99,80.88,78.82,82.41,81.48,79.82,79.07,107.33,106.32,120.08,126.35,124.75,145.28,147.63,132.1,124.72,132.06,129.66,123.32,119.61,119.5,121.54,136.92,134.79,121.29,131.53,114.51,101.72,91.29,85.88,95.97,114.71,118.63,129.26,127.11,131.43,139.4,130.31,139.59,152.22,145.7,141.98,137.02,152.07,151.22
ES0112501012,EBRO FOODS,ES,EUR,467.08,464.84,487.83,488.12,481.81,471.08,436.23,432.81,404.55,384.09,390.61,358.97,367.94,413.44,403.41,422.55,410.43,425.13,441.47,444.04,430.44,422.43,424.21,439.94,435.18,457.13,487.68,509.56,527.15,517.82,516.66,505.99,530.61,491.58,462.65,478.89,470.84,465.0,466.08,514.12,543.83,528.59,552.42,551.82,553.49,561.87,540.98,547.32,577.15,587.84,597.8,568.53,571.8,553.32,513.18,511.11,522.15,469.57,487.93,476.48,493.37,510.28,515.65,507.64,505.33,520.6,492.75,506.9,489.78,537.81,536.11,530.42,506.82,460.1,504.35,524.83,517.07,515.81,559.56,612.09,584.5,561.89,596.85,629.33,592.53,588.07,566.02,561.27,584.79,580.66,560.31,554.52,532.07,553.88,533.71,550.14,529.46,532.42,513.16,518.9,511.4,491.61,484.26,462.87,431.36,460.26,460.06,461.75,505.75,508.25,527.57,553.85,527.86,530.22,556.37,543.77,511.17,516.11,504.26,520.62
ES0113211835,BBV.ARGENTARIA,ES,EUR,1352.57,1406.4,1386.87,1415.57,1481.12,1471.05,1433.74,1410.04,1413.96,1308.04,1262.05,1125.06,1015.19,1192.38,1213.18,1210.97,1183.89,1176.21,1230.73,1119.36,1022.91,1058.46,1013.97,894.69,787.81,785.62,822.1,864.65,837.28,709.82,747.14,794.37,773.38,936.01,802.25,878.18,889.27,860.84,1019.6,1068.84,1089.15,1106.69,1204.79,1178.52,1193.84,1180.6,1155.14,1151.95,1271.77,1133.56,1066.53,1117.83,937.01,974.93,1011.13,858.91,876.58,772.72,793.24,739.78,828.22,870.21,798.37,868.28,775.68,800.74,732.32,678.58,745.29,766.43,766.85,813.62,752.55,692.53,465.32,496.96,471.92,522.74,473.66,445.62,422.5,435.6,714.09,749.93,695.15,848.69,790.15,865.26,966.38,954.14,987.48,1007.73,1019.69,1091.42,823.5,928.84,982.6,924.38,901.86,862.16,878.91,731.34,727.56,729.59,731.24,849.16,953.12,991.82,1157.73,1289.68,1177.57,1259.41,1119.28,1316.08,1363.65,1352.78,1400.25,1369.24,1619.82,1586.06
ES0113679I37,BANKINTER 'R',ES,EUR,749.55,811.62,805.36,764.98,796.52,785.56,869.87,836.08,854.6,830.74,908.13,819.58,703.58,792.36,778.19,773.94,749.51,757.45,796.87,772.21,752.31,752.02,746.62,738.21,720.23,688.17,740.09,797.31,795.88,674.6,734.61,771.01,754.03,810.1,797.22,827.23,856.22,824.21,903.43,944.63,989.09,993.09,1048.59,1028.11,1028.08,1025.61,1050.27,1037.67,1261.54,1209.22,1133.86,1157.12,1061.79,1081.47,1073.41,990.09,1029.48,917.19,933.8,903.32,879.62,925.98,868.62,908.84,822.47,793.16,751.13,670.77,732.84,802.47,812.02,857.52,758.71,685.98,438.92,493.17,507.11,570.35,619.86,644.79,515.79,448.25,593.7,647.53,675.2,803.22,838.33,914.23,955.64,837.8,910.47,976.4,999.77,938.01,832.28,880.91,999.53,983.32,1027.13,1030.21,1099.21,1090.03,858.11,899.07,998.26,1068.21,1144.91,1194.9,1284.17,1260.02,1028.66,1072.46,1031.81,1127.96,1190.09,1179.08,1195.7,1177.55,1313.79,1220.18
ES0113860A34,BANCO DE SABADELL,ES,EUR,130.38,145.77,137.45,151.62,147.63,152.28,145.36,140.87,132.16,128.62,126.92,119.09,113.01,122.9,118.36,129.89,122.26,119.13,113.17,105.14,90.52,95.97,91.12,87.72,88.92,78.72,89.03,98.36,87.98,67.39,70.36,69.62,65.91,68.75,64.24,72.67,78.45,76.8,95.68,101.62,108.98,107.22,117.94,116.04,110.32,105.82,106.48,106.1,127.23,112.3,109.0,107.46,91.79,91.65,91.4,84.11,85.04,72.18,69.78,63.58,63.75,63.4,55.42,65.1,62.06,58.17,49.42,48.09,54.41,61.54,62.25,66.44,51.34,49.46,29.29,24.42,17.75,20.47,20.15,23.85,20.55,18.0,22.96,25.54,25.92,29.82,31.6,37.44,45.19,40.15,41.01,42.18,49.59,47.52,39.59,39.69,45.44,51.32,50.48,47.76,54.3,48.39,38.76,42.04,41.04,47.85,55.73,58.25,80.58,81.09,67.66,65.69,62.04,72.42,77.7,73.0,73.38,77.95,92.08,79.14
ES0113900J37,BANCO SANTANDER,ES,EUR,1131.71,1187.29,1248.84,1328.71,1372.74,1396.72,1377.79,1364.06,1311.73,1227.52,1259.78,1180.12,958.81,1044.72,1074.41,1102.84,1035.57,1016.67,1011.36,896.93,776.32,833.99,807.94,732.97,630.27,610.08,660.45,764.2,720.9,574.89,647.66,683.44,677.09,757.81,706.49,807.67,866.61,852.91,956.9,1022.95,1019.98,1036.52,1085.99,1044.15,1123.49,1099.03,1090.13,1065.91,1217.49,1129.02,1063.69,1070.08,885.12,883.77,939.82,831.45,839.21,798.59,796.16,763.05,806.6,832.2,791.67,870.14,757.94,799.74,740.22,651.97,701.07,705.12,685.82,736.33,692.64,642.67,427.98,392.46,398.58,429.51,376.11,391.78,329.87,350.44,530.67,569.86,538.39,645.4,624.81,716.28,774.78,706.62,677.61,683.29,672.77,710.18,579.76,626.3,649.72,627.84,646.01,564.93,613.96,534.28,473.04,462.09,446.58,501.58,568.1,578.94,673.29,764.09,720.47,690.91,637.59,725.32,797.61,767.79,752.39,733.13,829.91,835.52
ES0116870314,NATURGY ENERGY GROUP,ES,EUR,5368.11,5569.84,6100.57,6214.08,6257.4,6848.35,6779.54,6784.44,6499.22,6363.38,6268.25,5558.07,5263.53,5432.14,5037.39,5517.51,5506.53,5082.36,5003.63,4642.44,4453.48,4984.1,4949.82,4678.67,4545.08,4085.38,4721.64,4851.33,4617.76,4715.15,4971.86,4951.62,5012.6,4804.05,4176.98,4605.75,4695.39,4760.46,5355.99,5511.76,6146.72,5844.62,5835.28,6071.5,5616.49,5428.16,5679.92,5863.12,5879.11,5820.84,6048.71,6408.19,6214.96,6716.79,7116.07,7060.62,7164.16,6456.81,6598.97,6787.04,7452.52,7249.78,7607.83,7712.02,7732.26,7499.41,7000.89,7196.63,7286.23,7477.47,7259.22,7014.76,7358.13,6444.27,5080.74,5070.19,5336.18,5348.65,5434.5,5642.99,5861.67,5424.59,6903.36,6924.26,7727.23,7503.25,7511.84,7852.29,8012.53,7862.51,7901.9,7958.31,7795.41,8134.57,8579.68,10212.55,9891.42,8466.03,9634.74,9663.14,9610.57,9155.84,9304.1,8883.67,7474.08,8248.68,8972.56,8442.59,9188.07,8992.65,9953.78,10314.84,9369.72,9818.88,10097.29,9729.53,9143.15,9461.3,10182.47,10151.65
ES0118594417,INDRA SISTEMAS,ES,EUR,390.61,405.09,443.28,413.09,397.8,394.0,348.97,339.53,315.93,248.43,232.61,220.03,230.42,240.6,264.49,266.63,217.89,231.56,254.54,267.12,233.2,242.91,231.44,212.19,220.57,206.71,262.54,264.02,257.1,237.65,273.25,290.84,302.2,278.73,233.04,247.4,248.01,285.03,288.45,308.79,312.91,324.7,347.87,354.13,356.0,323.9,307.62,308.57,332.35,312.46,311.19,312.52,285.37,269.65,273.92,277.88,258.69,223.0,237.01,212.11,232.17,244.13,250.34,265.14,236.78,228.11,194.92,177.66,195.04,217.69,241.85,257.48,258.69,244.28,185.42,194.1,174.19,177.02,169.72,164.11,160.51,135.16,180.58,192.43,199.0,198.97,198.48,235.03,193.11,205.62,235.66,242.98,242.34,272.49,260.72,243.93,227.07,260.16,253.2,232.11,244.74,214.94,207.11,179.92,175.63,204.14,230.18,259.42,277.6,288.98,308.72,302.36,279.09,288.34,338.42,328.85,336.77,325.18,358.46,359.09
ES0122060314,FOMENTO CONSTR.Y CNTR.,ES,EUR,382.81,325.69,325.5,314.19,307.74,333.01,310.56,267.72,274.96,262.17,279.73,277.25,241.81,229.54,237.9,250.63,203.44,198.29,202.27,178.79,143.87,149.5,134.85,148.28,146.07,141.4,172.98,173.87,168.72,168.81,165.09,209.19,189.93,172.93,165.65,159.45,166.69,185.93,182.3,185.31,221.07,215.81,220.13,210.6,200.7,212.61,217.23,207.37,238.19,245.65,244.74,258.82,248.19,252.45,260.49,280.45,300.43,266.76,280.64,267.76,296.81,296.36,261.66,245.01,267.58,276.75,265.5,258.03,237.82,251.22,250.57,254.17,257.83,244.16,168.82,196.91,209.43,204.36,187.01,212.17,206.26,182.95,229.04,232.95,231.56,257.62,255.8,283.88,273.51,251.44,257.48,287.39,273.29,286.43,249.72,283.51,269.38,258.28,271.88,258.73,270.91,221.81,221.85,202.49,182.74,187.24,202.95,211.8,217.97,218.09,220.01,227.79,215.9,290.16,314.92,305.38,298.89,300.41,317.85,380.95
ES0124244E34,MAPFRE,ES,EUR,672.76,674.86,686.9,685.4,665.84,663.01,641.54,625.19,589.25,569.24,612.02,576.21,570.17,596.01,617.93,630.16,602.45,594.52,558.79,509.38,450.52,516.52,474.09,443.0,392.96,344.97,381.69,447.49,447.29,394.3,444.32,489.15,507.22,537.89,544.18,563.74,557.7,572.05,633.72,643.03,656.14,657.29,700.11,666.1,613.56,616.68,635.02,617.16,684.06,648.42,637.53,668.76,580.7,594.82,620.09,582.19,618.49,590.41,563.47,533.57,560.53,569.08,554.82,603.14,589.21,604.63,573.2,538.52,556.32,575.96,582.66,558.46,540.12,468.89,360.02,385.82,371.2,390.84,396.42,417.22,344.42,331.12,422.3,438.89,414.16,429.66,470.0,485.33,529.95,491.69,479.1,501.38,508.15,492.73,486.36,490.42,514.5,472.57,504.94,439.7,459.41,436.42,398.58,412.53,386.6,425.59,477.32,492.58,510.92,548.39,514.74,511.5,518.14,524.75,551.28,559.89,540.29,548.35,597.28,581.11
ES0125220311,ACCIONA,ES,EUR,1636.71,1965.61,2134.33,1998.92,1989.02,2203.82,2030.57,1976.23,1844.75,1717.66,1829.19,1675.89,1764.37,1935.46,1899.75,1869.57,1886.2,1859.68,2051.73,1877.31,1782.54,2132.32,2099.28,2167.3,1924.76,1929.03,1954.37,2021.02,1920.17,1887.56,1924.45,1853.08,1969.05,1979.83,1769.21,1921.21,2017.75,1955.97,2092.95,2148.29,2500.16,2358.32,2285.67,2290.15,2158.64,2222.79,2183.6,2192.23,2438.22,2282.38,2036.74,2250.56,2024.65,2298.79,2388.2,2449.65,2516.98,2345.95,2549.36,2345.23,2647.23,2700.97,3095.39,3213.9,2965.35,3074.15,3066.03,3073.5,3027.15,2981.25,2963.73,3010.93,3245.07,3593.3,3054.47,2831.39,2856.43,2849.43,3228.88,3488.43,3167.81,2939.81,3715.51,4156.65,4374.7,4713.71,4889.09,5070.73,4915.17,4394.68,4573.77,4849.15,4954.57,5728.0,5292.46,5706.8,5163.77,5133.5,5762.91,5904.95,5740.12,5477.07,6222.85,5968.45,5382.78,5475.43,5839.13,5581.65,5914.26,5746.1,6105.14,5642.73,4907.51,5158.11,4686.93,4461.48,3984.06,3921.53,4405.16,4591.02
ES0130670112,ENDESA,ES,EUR,4372.1,4890.34,5349.98,5627.44,5673.88,5746.71,5726.87,5532.98,5871.94,5498.81,5474.82,5657.66,5744.19,5834.26,5564.56,5720.72,5373.08,5505.14,6196.82,6074.6,6162.55,6555.46,6059.77,5897.3,5736.62,5408.94,5737.25,6267.45,6139.61,6157.66,6461.16,6251.68,6591.45,6525.72,6360.74,6708.33,6504.56,6748.13,7446.08,7445.49,7894.55,7451.46,7641.61,7803.85,7304.27,7414.66,7235.79,7164.57,7535.17,7051.15,7350.32,7820.66,7351.13,7587.87,7960.4,7719.34,7434.3,7201.8,7664.4,8139.8,8856.74,8921.97,9032.04,8804.61,8794.53,9345.39,9031.72,9340.83,9552.0,9879.88,9876.43,9918.01,10194.88,9476.52,7934.11,8237.38,8820.18,9409.96,10860.3,10613.77,10227.65,10239.41,10954.21,10709.65,10038.89,9768.85,10383.89,10305.68,10677.61,9985.61,10009.36,9891.33,8308.84,9499.09,9188.37,9643.32,9339.05,9272.2,9236.54,8870.46,9276.98,8226.02,7983.22,7516.65,6603.85,7295.14,7967.08,8227.85,8673.81,8608.86,9499.11,9830.93,9428.49,9984.19,10004.9,9694.51,9503.67,8744.85,9748.37,9704.92
ES0130960018,ENAGAS,ES,EUR,665.72,708.19,739.87,748.55,716.42,782.4,831.88,834.71,805.53,837.16,838.57,803.99,804.55,780.4,725.69,782.37,728.47,689.68,735.49,712.1,744.23,792.18,775.34,746.51,763.57,745.67,795.58,805.41,792.65,820.57,824.91,793.08,813.93,775.42,667.17,701.03,675.86,679.02,717.47,724.51,819.87,771.41,797.73,833.72,797.88,816.11,832.78,827.81,789.77,754.54,789.6,842.37,769.01,844.38,832.16,828.49,802.88,789.65,817.07,818.35,884.78,864.9,883.15,863.11,827.85,810.43,685.93,684.65,725.76,775.16,780.6,817.73,863.39,823.39,636.03,747.01,720.17,782.57,839.38,813.97,767.14,716.94,811.36,752.29,755.68,721.38,744.94,746.52,804.44,790.83,820.14,812.43,795.15,802.24,807.84,851.71,790.21,780.39,823.11,796.69,838.07,808.68,751.25,698.97,593.01,620.34,677.96,655.29,707.17,711.3,760.53,792.67,752.83,776.65,739.04,709.91,689.65,693.57,761.49,725.75
ES0132105018,ACERINOX 'R',ES,EUR,1809.05,2029.42,2236.08,2430.94,2390.42,2550.07,2394.08,2208.9,2212.86,2134.43,2194.64,2178.11,2143.97,2349.96,2415.46,2106.61,2193.68,2054.5,1822.21,1714.04,1323.85,1615.84,1597.49,1520.04,1329.29,1630.67,1723.71,1755.52,1720.29,1713.84,2076.7,1923.79,2055.51,1910.56,1952.71,2065.27,2131.2,2214.32,2180.56,2168.6,2100.49,2123.41,2052.45,2280.99,2309.82,2301.3,2156.87,2291.3,2363.24,2378.16,2234.5,2253.26,2153.62,2120.42,2397.1,2230.43,2368.85,1850.98,1648.81,1639.21,1805.39,1754.65,1642.1,1720.58,1561.48,1714.21,1474.74,1447.11,1493.12,1631.1,1830.23,1967.76,1702.27,1602.88,1189.47,1323.85,1384.85,1407.31,1492.81,1417.12,1433.29,1383.06,1870.41,2024.36,2042.47,2143.43,2394.59,2545.25,2627.62,2289.95,2530.36,2578.25,2436.8,2640.53,2101.6,2454.62,2391.0,2428.62,2105.22,2017.05,2450.25,1830.55,1921.35,1799.79,1593.35,1737.62,1920.6,1956.9,2190.69,2238.53,2092.23,2198.24,2067.37,2156.41,2195.92,2092.53,2018.76,2022.94,2286.13,2449.14
ES0142090317,OBRASCON HUARTE LAIN,ES,EUR,6730.9,7027.93,6927.44,7370.19,6944.4,7109.17,6126.35,5945.57,5421.29,4723.44,4415.98,3637.31,3747.43,3897.76,3451.85,3769.71,3038.04,2803.17,2756.89,2557.77,2163.48,2223.92,1926.72,1580.09,1461.83,1600.24,1764.12,1953.99,1612.76,959.72,1039.76,929.52,1120.17,1120.83,761.89,970.12,947.23,978.81,1281.34,1221.95,1040.84,999.36,1171.61,1187.4,1008.47,1568.02,1640.54,1669.53,1729.34,1580.06,1188.83,1310.92,1047.9,977.78,1077.12,1007.05,609.29,349.64,303.95,227.71,279.41,305.88,385.08,372.7,362.78,391.08,386.1,365.56,352.08,351.08,344.62,363.54,358.57,336.1,197.79,244.29,238.92,217.9,202.32,227.28,204.22,205.34,262.41,230.65,197.09,217.32,227.3,240.17,231.23,267.94,248.76,251.49,249.9,280.17,275.22,398.9,332.89,346.08,358.14,299.3,273.15,211.03,204.43,196.76,178.89,146.01,163.59,164.58,207.65,189.46,197.84,195.71,164.62,175.06,186.32,174.6,151.02,141.03,176.27,170.8
ES0144580Y14,IBERDROLA,ES,EUR,2129.56,2295.44,2413.75,2408.71,2485.31,2637.2,2634.65,2602.48,2533.72,2500.26,2622.26,2449.12,2500.48,2477.05,2330.96,2422.05,2496.21,2434.36,2624.36,2508.71,2454.53,2653.88,2589.48,2631.04,2631.39,2444.13,2519.02,2680.1,2559.49,2550.45,2660.28,2543.82,2632.93,2634.94,2332.23,2545.55,2495.08,2638.28,2837.87,2845.07,3158.63,3129.27,3186.62,3308.32,3151.14,3278.09,3226.61,3146.11,3385.63,3071.04,3043.62,3212.41,2937.26,3204.97,3316.62,3184.81,3137.7,3021.36,3180.57,3419.51,3600.34,3648.26,3829.38,3954.87,4037.53,4350.35,4254.85,4592.42,4635.9,4580.76,4389.54,4595.1,4967.8,5148.37,4477.06,4546.75,4894.46,5264.36,5998.0,5860.7,5724.65,5478.1,6359.24,6649.58,6401.92,5961.81,6082.64,6371.92,6333.38,5743.65,5818.14,5982.86,4860.29,5708.68,5383.52,5716.82,5591.81,5613.63,5418.9,5702.42,5803.45,5081.06,5368.38,5271.22,4738.55,5126.15,5603.01,5888.55,5988.71,5913.15,6403.82,6676.57,6239.58,6693.23,6600.84,6271.73,5914.22,5851.62,6526.41,6913.66
ES0148396007,INDUSTRIA DE DISENO TEXTIL,ES,EUR,1244.03,1200.46,1250.76,1249.64,1213.2,1284.68,1220.67,1212.38,1153.43,1172.29,1229.1,1207.79,1241.72,1326.41,1351.19,1353.01,1402.46,1377.72,1460.82,1413.35,1416.93,1597.93,1535.08,1469.13,1393.81,1327.11,1437.77,1381.98,1454.56,1430.05,1489.03,1522.51,1595.99,1513.8,1484.72,1483.34,1431.03,1397.14,1532.38,1675.86,1788.78,1675.5,1730.96,1658.43,1647.55,1648.23,1563.23,1537.46,1585.49,1342.03,1378.69,1389.54,1406.56,1524.05,1464.18,1352.1,1352.86,1275.48,1385.08,1153.65,1261.66,1364.63,1328.38,1383.15,1226.47,1378.43,1377.21,1417.11,1416.89,1445.13,1444.08,1636.16,1559.83,1432.01,1203.16,1180.22,1291.41,1226.91,1234.18,1305.31,1293.45,1159.09,1564.46,1496.23,1397.18,1556.73,1550.91,1690.37,1836.79,1670.3,1607.23,1617.89,1748.3,1729.44,1500.15,1552.04,1433.97,1268.02,1052.8,1033.32,1168.78,1099.89,1177.13,1055.97,1015.93,1122.99,1267.88,1313.67,1539.54,1528.01,1662.88,1730.65,1678.26,1946.3,1930.8,1930.68,1879.62,1756.69,2107.49,2224.04
ES0167050915,ACS ACTIV.CONSTR.Y SERV.,ES,EUR,1121.74,1147.33,1253.49,1365.42,1418.59,1458.47,1426.16,1374.78,1251.15,1205.48,1153.38,1141.39,1150.21,1230.79,1170.66,1166.9,1063.11,1061.95,1141.39,1096.39,969.89,1156.01,1102.49,992.42,868.15,896.3,1027.27,1138.39,1136.12,957.39,1013.26,999.5,1067.87,1081.55,1041.21,1118.54,1103.27,1128.39,1222.76,1328.32,1433.53,1411.69,1398.89,1381.68,1356.39,1443.17,1418.01,1433.28,1490.22,1281.25,1443.32,1569.37,1537.02,1540.81,1669.62,1587.62,1620.2,1426.74,1458.96,1470.73,1596.12,1710.28,1694.25,1767.43,1584.45,1602.26,1632.97,1516.74,1601.6,1626.86,1561.0,1603.64,1333.61,1199.49,795.0,1014.33,1038.28,1089.12,1004.5,1066.33,986.69,1032.48,1376.86,1443.43,1379.25,1357.7,1466.09,1441.6,1376.18,1244.75,1220.98,1253.87,1262.8,1216.83,1109.29,1245.41,1184.24,1161.5,1291.92,1229.42,1340.26,1145.97,1206.69,1130.96,1147.52,1298.8,1410.99,1446.87,1518.36,1565.69,1642.69,1774.41,1709.15,1808.05,1895.84,1901.45,1951.04,1953.57,2162.93,2399.66
ES0171996087,GRIFOLS ORD CL A,ES,EUR,1193.22,1312.84,1261.69,1228.62,1248.35,1262.75,1045.69,1078.41,946.9,942.24,1032.01,931.62,977.07,945.3,998.11,991.04,925.42,942.13,1039.21,958.63,963.84,1090.54,1110.3,1091.13,976.67,1034.3,1050.89,1025.24,1068.32,1066.25,1038.83,1001.9,1021.06,935.24,929.68,951.45,1023.4,1048.13,1174.78,1282.76,1359.36,1334.72,1344.08,1355.05,1398.49,1502.48,1402.51,1416.11,1558.53,1329.75,1366.37,1362.18,1420.34,1462.73,1413.01,1432.16,1369.28,1387.0,1371.34,1280.44,1276.9,1273.26,1370.87,1356.18,1252.62,1455.32,1603.43,1558.86,1448.95,1583.61,1680.52,1743.34,1659.23,1574.0,1680.74,1681.02,1545.62,1500.13,1443.24,1342.06,1424.83,1341.69,1411.14,1451.31,1466.35,1255.28,1303.58,1348.35,1386.45,1363.65,1279.98,1229.63,1229.99,1153.3,897.07,966.13,880.99,962.14,923.14,849.77,1056.47,949.2,729.97,609.76,438.07,428.21,526.41,578.69,662.94,615.85,498.19,518.01,582.1,644.84,741.02,690.93,655.33,563.27,712.16,859.53
ES0173093024,REDEIA CORPORACION,ES,EUR,1420.52,1580.72,1650.09,1667.93,1742.78,1855.83,1782.22,1751.46,1796.78,1810.23,1905.41,1837.92,1785.01,1787.99,1702.98,1759.8,1757.83,1676.71,1724.98,1712.67,1775.56,1900.89,1839.94,1797.26,1743.53,1721.69,1883.38,1934.47,1930.06,1976.84,2034.28,1908.82,1916.09,1849.6,1582.23,1678.55,1603.43,1625.67,1727.93,1749.57,2016.09,1924.52,1970.38,2068.58,1938.65,2042.51,2089.49,2072.1,1983.6,1820.29,1919.2,1947.44,1812.92,1957.73,2040.7,2024.7,2014.48,1993.53,2070.06,2142.6,2242.57,2103.64,2074.34,2014.24,2061.97,2090.49,1908.24,2000.55,2036.25,2018.29,1961.54,2016.72,2028.45,1933.59,1822.38,1784.7,1788.24,1964.97,2058.18,2019.23,1978.63,1856.18,2159.55,2162.52,2031.47,1797.07,1895.02,1963.46,2143.66,2057.0,2197.45,2209.12,2222.81,2309.27,2336.53,2397.13,2251.04,2244.68,2321.53,2263.23,2316.73,2181.34,2269.83,2122.59,1781.64,1870.61,2001.88,2008.92,2069.09,1954.49,2064.86,2137.68,1981.81,2045.17,2042.59,1984.24,1921.4,1893.8,2044.6,2006.86
ES0173516115,REPSOL YPF,ES,EUR,1420.28,1523.68,1547.18,1630.04,1708.75,1723.59,1628.57,1626.46,1552.32,1459.02,1470.87,1265.72,1190.91,1303.82,1252.72,1388.55,1279.25,1215.53,1170.89,989.98,804.88,878.07,903.09,796.12,743.76,749.41,818.62,949.31,933.13,941.48,936.46,995.92,1007.84,1039.28,992.74,1078.98,1125.3,1133.98,1180.09,1206.52,1278.46,1199.27,1310.02,1346.18,1446.22,1470.37,1442.75,1424.95,1519.48,1443.46,1426.78,1541.24,1531.81,1621.69,1645.55,1596.73,1651.7,1485.51,1430.59,1371.56,1499.0,1467.66,1460.13,1444.91,1373.17,1385.54,1413.57,1284.91,1379.82,1447.42,1390.6,1421.91,1256.15,1011.81,831.33,828.07,846.64,839.39,746.85,760.17,644.05,597.03,925.21,1002.32,979.77,1255.3,1232.37,1187.91,1326.19,1242.79,1111.17,1164.22,1330.62,1300.19,1119.94,1206.01,1309.39,1356.73,1378.45,1565.74,1668.89,1526.07,1311.52,1385.1,1226.85,1441.08,1616.59,1681.31,1771.74,1720.32,1666.18,1592.81,1462.68,1572.3,1692.28,1704.21,1820.25,1613.6,1691.54,1640.68
ES0178430E18,TELEFONICA,ES,EUR,2533.64,2520.07,2599.63,2748.54,2831.78,2889.7,2754.31,2680.33,2609.79,2533.64,2784.31,2501.14,2603.3,2702.54,2497.67,2680.82,2536.34,2551.46,2766.2,2533.76,2171.21,2386.92,2279.73,2055.73,1936.15,1857.11,2075.75,2016.51,2001.02,1798.93,1876.69,1924.9,1939.06,1942.88,1658.26,1852.06,1920.23,2041.21,2232.5,2201.53,2219.42,2086.3,2281.21,2179.78,2199.34,2123.39,2076.6,2012.7,2121.05,2011.17,2036.8,2101.94,1817.43,1791.38,1896.85,1713.49,1669.14,1728.63,1892.17,1806.67,1852.09,1860.99,1806.05,1793.66,1722.62,1809.89,1695.98,1527.2,1679.87,1688.08,1687.03,1576.08,1526.49,1327.49,1032.53,1032.31,1063.69,1120.35,985.4,930.04,808.9,767.66,1027.45,984.35,1070.43,1061.09,1112.2,1150.06,1218.52,1216.63,1193.4,1284.96,1220.98,1134.06,1171.03,1184.17,1251.11,1298.31,1319.96,1321.23,1465.24,1418.33,1239.69,1154.91,922.91,961.12,1030.05,1045.33,1095.74,1181.04,1248.98,1317.69,1224.67,1212.16,1278.03,1240.88,1224.38,1152.23,1289.86,1204.56
ES0182870214,SACYR,ES,EUR,149.92,178.0,195.02,192.53,199.17,185.92,166.55,164.88,158.12,128.48,115.46,101.7,108.78,133.06,123.24,132.54,124.37,114.44,105.03,92.52,67.87,78.09,78.26,60.67,51.4,54.63,59.54,65.55,62.62,49.9,54.22,57.74,64.97,70.3,64.34,72.09,79.85,76.09,76.69,77.11,92.23,83.97,84.44,89.26,83.25,81.48,76.59,89.85,106.01,98.34,86.46,93.35,90.87,90.54,105.59,97.19,96.94,79.96,76.65,65.9,82.08,81.84,86.09,83.14,77.37,84.67,90.46,86.71,89.34,99.2,94.89,101.78,102.27,93.46,54.42,66.5,69.75,73.91,80.47,81.17,63.51,60.55,84.71,89.39,81.13,93.79,94.72,102.53,99.71,96.17,91.95,93.5,93.29,107.78,89.15,98.42,95.56,90.72,94.08,105.07,109.25,94.88,89.96,88.39,86.74,97.05,108.36,109.78,123.85,132.26,130.06,134.03,120.72,141.64,142.22,132.35,122.25,119.59,139.39,143.33
FI0009000202,KESKO B,FI,EUR,2085.84,2530.45,2466.69,2412.11,2618.91,2335.59,2253.43,2167.74,2116.16,2237.39,2306.49,2157.98,2158.34,2343.65,2523.87,2516.4,2289.89,2132.94,2398.32,2204.17,2167.65,1967.77,2036.04,2156.94,2449.71,2402.04,2712.76,2624.03,2633.67,2780.71,2926.76,2851.23,3025.3,3259.11,3236.11,3288.28,3324.51,3021.79,3139.07,3220.66,3574.68,3492.43,3463.48,3700.11,3687.43,3511.89,3488.8,3735.46,4021.11,4005.58,3936.64,4249.11,4224.98,4418.12,4060.93,4217.8,3924.47,4223.68,4207.82,3888.11,4161.44,4315.48,4398.08,3829.31,3867.82,4111.45,4506.11,4653.61,4663.34,5014.95,5085.88,5333.46,5095.15,5074.93,4264.51,5003.77,5201.52,5258.93,6584.45,6839.63,8048.27,8016.3,8210.05,8031.33,8110.75,7967.48,9562.53,9662.26,10948.15,11701.11,13578.42,13072.19,11090.3,10424.42,10013.01,10699.57,10040.46,9487.15,8923.54,8219.45,8099.53,7723.29,8071.78,6923.79,6232.41,6469.73,7010.61,7406.34,7810.51,7341.28,7340.27,7119.75,6431.85,6515.15,6944.64,6770.44,6314.25,5930.6,6731.53,7065.4
FI0009000277,TIETOEVRY,FI,EUR,2611.71,3023.2,3213.2,3412.86,3474.63,3698.44,3328.63,3408.52,3158.19,3165.38,3213.44,3253.73,3070.78,3337.11,3109.79,3176.68,3021.09,3084.83,3403.7,3391.25,3332.52,3407.7,3370.92,3550.69,3539.47,3466.75,3659.46,3679.82,3844.76,3819.72,4032.86,4174.04,4424.31,3838.08,3558.13,3830.43,3885.33,3915.49,4037.01,4638.48,4831.4,4564.83,4671.68,4670.4,4507.8,4531.59,4634.72,4612.36,5157.35,5258.42,5179.15,5587.88,5409.62,5040.38,4847.45,5058.9,4811.7,5014.7,4486.66,4191.78,4464.69,4604.11,5004.77,4649.91,4601.86,4863.23,4210.97,4038.69,4198.35,4661.82,4712.11,5099.04,5353.63,4615.11,3556.5,3991.75,4316.44,4468.78,4883.38,4998.45,4652.86,4190.93,5345.71,5525.55,5543.51,5232.64,5348.56,5971.76,5568.19,5441.78,5792.75,6132.62,5316.66,5410.87,5111.96,5513.7,5201.86,4954.28,4878.09,4586.79,4575.77,4473.19,4907.41,4660.51,4265.15,4465.62,4995.43,5297.81,5679.5,5966.7,6035.31,6141.18,5258.84,5297.73,4913.18,4707.21,4480.9,4154.34,4366.35,4728.16
FI0009000459,HUHTAMAKI,FI,EUR,1489.03,1731.31,1644.99,1620.7,1676.67,1614.64,1646.64,1659.22,1695.69,1564.3,1568.79,1631.82,1692.37,1829.11,1919.78,2015.74,2117.17,1944.57,2248.24,2046.63,1919.32,2232.69,2280.77,2291.32,2213.43,2088.66,2341.16,2519.49,2682.19,2648.88,2817.62,2785.44,2987.89,2585.56,2415.03,2386.37,2356.39,2320.3,2287.39,2535.68,2544.82,2575.2,2526.23,2542.73,2642.16,2788.87,2887.29,2750.47,2802.23,2777.01,2868.56,2738.65,2728.82,2478.36,2410.04,2404.22,2147.98,1881.42,2047.8,2072.73,2203.59,2427.77,2494.74,2614.51,2605.16,2824.76,2624.23,2653.0,2735.63,3175.89,3013.97,3186.31,3055.21,2810.45,2196.26,2563.54,2771.36,2699.64,3066.14,3325.81,3465.34,3420.97,3528.29,3622.68,3448.86,3170.37,3175.13,3404.9,3365.28,3395.95,3817.33,3825.49,3278.12,3160.79,3095.58,3207.45,2828.48,2662.87,2548.3,2800.75,2822.66,2903.72,2847.91,2580.17,2384.95,2677.86,2692.38,2545.73,2778.24,2639.37,2769.68,2727.14,2467.39,2482.02,2695.98,2604.6,2535.93,2634.2,2983.42,3120.04
FI0009002422,OUTOKUMPU 'A',FI,EUR,83.6,84.71,109.04,125.11,144.56,164.98,133.36,127.07,114.4,92.62,97.89,94.74,88.9,107.84,130.47,99.46,89.11,82.59,76.35,70.55,37.72,56.11,50.91,48.69,39.91,55.98,64.09,68.81,68.67,68.46,94.39,89.6,112.74,114.2,126.87,147.17,146.72,162.91,162.08,159.16,132.0,132.19,138.99,171.1,172.3,156.84,143.53,154.1,142.53,134.69,117.7,112.25,108.78,107.43,117.2,101.63,101.57,72.59,71.84,63.07,74.25,68.88,65.74,68.88,53.04,61.78,52.55,52.31,47.65,51.22,51.86,56.96,62.32,67.85,45.04,48.66,54.17,51.59,48.75,48.85,48.45,45.14,55.52,71.24,84.51,88.76,104.99,117.76,101.1,108.33,128.78,125.3,110.69,113.0,104.58,113.1,115.3,107.36,97.74,93.12,106.96,76.9,81.28,75.23,64.65,74.86,91.66,94.13,106.21,112.3,108.81,108.83,108.52,106.65,103.51,93.11,83.8,81.64,94.0,98.78
FI0009003727,WARTSILA,FI,EUR,8535.79,9298.0,8762.93,8974.58,8708.77,7996.06,8138.57,8126.52,7216.78,7467.17,7240.85,7237.07,7483.64,7326.9,7346.74,7624.85,7401.94,7769.78,7667.94,6865.54,6570.65,7124.4,7456.03,7599.07,7418.11,6695.58,7754.92,7338.01,7095.75,6948.07,7428.14,7028.19,7705.1,7390.32,7218.94,7702.95,8589.69,8823.9,9302.01,10557.01,10306.68,10236.31,11481.15,11948.49,12418.14,11297.2,11604.91,11076.07,12028.75,12392.61,11660.24,11263.78,11150.7,10379.13,11427.45,11178.53,10440.65,9132.79,8717.56,8504.05,8739.13,8705.87,8799.51,8681.88,7944.01,7913.41,6905.78,6692.42,6246.49,5886.29,5617.04,6165.59,6843.97,5759.97,4208.53,4209.89,4479.57,4738.14,4799.98,4912.19,4673.76,4714.4,5593.78,5916.24,5842.52,6842.85,6297.84,7750.92,8103.19,8901.82,9025.72,8499.98,7260.7,8398.16,8365.99,8503.71,7365.4,6842.79,5666.46,4979.33,5179.54,4762.53,5344.15,5076.58,4021.31,4252.84,5289.87,5236.88,5905.88,6055.31,5975.8,7338.66,7147.69,7124.54,7974.54,8056.15,7292.88,7609.3,8846.99,9286.42
FI0009005318,NOKIAN RENKAAT,FI,EUR,10797.28,11482.43,10347.6,10665.44,11398.16,10486.86,9339.43,8585.07,8107.35,7573.32,7609.15,6598.73,6638.54,7973.63,8038.72,9219.36,9103.9,8851.66,8543.22,7628.88,9120.24,10718.41,11088.69,10162.53,9541.21,9308.08,9990.54,10948.79,10479.49,10556.79,11024.34,10695.31,10818.61,9941.71,10725.45,11083.57,11131.9,11705.05,12419.01,13274.85,12625.25,12756.29,12546.02,13029.07,13729.28,14154.52,13494.09,14007.99,15640.45,14217.23,14005.47,12983.07,12528.5,12768.9,14025.41,13367.13,13246.34,10282.22,10344.97,9908.17,10761.7,11444.9,10828.26,11362.86,9696.21,10632.85,9831.45,9323.5,9593.44,9710.79,9207.37,9782.34,9160.2,8806.58,8233.76,7595.59,8268.76,7790.84,8546.64,9904.8,10053.04,11056.22,12675.19,12683.37,13222.55,12800.84,13307.58,13674.4,14524.95,14806.12,15461.72,13941.92,13177.99,13748.27,13806.04,14139.24,12468.91,7129.26,6137.99,5287.93,5340.24,4245.02,4567.17,4059.62,3775.95,4390.32,4181.08,3980.66,4642.49,3547.36,3728.24,3943.66,3496.93,3523.78,3772.46,3515.93,3190.68,3048.61,3381.46,3791.94
FI0009005870,KONECRANES,FI,EUR,1811.07,1822.95,1710.72,1728.49,1723.72,1732.41,1747.74,1707.09,1443.88,1500.04,1570.14,1546.78,1635.53,1865.35,1754.08,1807.84,1708.5,1617.37,1729.01,1751.05,1386.55,1496.83,1540.71,1382.02,1223.26,1225.39,1396.81,1340.4,1616.91,1470.78,1760.08,1846.62,2070.77,1988.57,2016.73,2081.63,2295.13,2107.66,2148.12,2530.67,2491.17,2548.76,2682.35,2658.22,2678.2,2779.65,2688.29,2765.19,3071.74,2672.63,2704.39,2561.84,2606.96,2574.74,2416.01,2472.06,2390.22,2238.43,2126.73,1882.42,2160.95,2192.05,2304.45,2694.13,2219.98,2475.89,1918.04,1927.77,2077.22,1997.74,2063.65,1991.93,1959.35,1894.37,1108.89,1407.34,1550.3,1510.66,1704.29,1953.54,2146.47,2151.25,2340.17,2408.74,2498.01,3053.83,3125.72,3228.47,3181.44,2948.1,3007.66,3166.76,2820.31,2914.13,2698.15,2798.35,2772.66,2457.29,2178.03,1993.46,2159.13,1706.36,1954.93,1733.6,1473.84,1848.41,2120.1,2254.8,2378.16,2510.74,2560.35,2992.25,2844.0,3072.09,2783.55,2646.37,2545.08,2496.5,3026.38,3442.32
FI0009005961,STORA ENSO R,FI,EUR,613.88,747.86,701.99,695.0,699.79,664.28,615.45,595.53,569.38,562.18,606.16,613.96,663.0,656.75,702.85,742.51,733.79,723.78,664.14,624.75,529.81,655.53,693.85,640.43,568.32,581.79,629.77,639.84,628.8,584.75,665.66,646.21,651.23,692.3,708.06,789.46,833.45,789.88,868.72,901.27,959.66,977.69,1009.76,994.79,1070.74,1185.79,1162.18,1203.14,1304.9,1347.34,1429.41,1546.35,1591.27,1523.88,1287.97,1452.85,1490.12,1173.97,992.43,897.77,1045.05,1045.04,993.92,1007.49,856.69,956.25,943.95,909.94,979.22,1053.7,1092.89,1182.44,1058.86,955.79,824.25,961.09,996.4,982.62,1037.46,1213.64,1290.83,1200.72,1395.04,1591.51,1515.06,1647.48,1582.84,1623.77,1481.98,1544.91,1675.35,1656.79,1419.54,1409.11,1427.28,1554.16,1701.01,1632.96,1733.2,1742.94,1687.37,1367.94,1342.71,1307.86,1121.31,1139.86,1258.21,1227.19,1243.52,1242.08,1198.51,1169.05,1162.83,1067.4,1132.48,1174.75,1159.11,1102.23,1196.54,1274.04
FI0009005987,UPM-KYMMENE,FI,EUR,1156.99,1370.33,1289.5,1382.24,1393.75,1351.82,1293.67,1191.2,1130.35,1251.01,1316.75,1303.95,1391.8,1488.22,1539.66,1491.18,1469.77,1451.54,1523.71,1367.8,1227.87,1546.21,1566.63,1536.55,1327.94,1395.97,1489.29,1649.78,1662.09,1573.29,1779.67,1732.03,1824.34,2006.74,1978.61,2125.8,1959.75,2058.11,2120.63,2375.87,2541.49,2563.41,2442.83,2340.19,2440.93,2706.37,2715.31,2801.49,3044.5,3100.39,3333.31,3357.99,3433.42,3347.79,3326.52,3617.14,3676.13,3014.33,2494.91,2371.03,2714.22,2827.84,2733.77,2760.61,2451.01,2610.88,2670.56,2648.98,2900.53,3189.2,3279.56,3403.86,3101.7,2988.08,2700.69,2867.13,2993.65,2993.62,2773.12,3149.21,3158.29,2928.37,3423.83,3863.5,3712.69,3974.92,3888.93,4232.92,4115.56,4086.73,4411.85,4390.67,3844.94,3815.48,3897.18,4110.52,3893.39,3761.37,3718.31,3927.23,3981.72,3417.05,3548.84,3839.6,3596.25,3776.12,4057.02,4200.45,4068.64,4099.59,3788.78,3685.96,3457.31,3437.15,3833.91,3964.62,3971.39,3970.66,4138.69,4448.98
FI0009007132,FORTUM,FI,EUR,1073.89,1183.3,1135.38,1206.97,1306.07,1436.41,1374.52,1346.07,1305.05,1239.47,1345.99,1163.4,1141.01,1221.83,1123.91,1136.75,1088.32,1017.85,1013.12,931.81,846.35,864.22,836.49,866.66,896.09,761.61,869.28,948.66,944.44,1005.42,1045.11,970.06,1017.02,1047.94,914.64,967.17,1005.94,969.01,998.21,992.43,1087.71,1068.24,1111.5,1223.0,1362.09,1448.7,1438.06,1351.54,1484.22,1501.78,1556.24,1674.32,1702.29,1730.6,1822.57,1839.27,1818.4,1527.84,1511.64,1583.29,1649.22,1611.84,1572.12,1621.6,1637.31,1699.88,1778.66,1692.43,1816.16,1875.62,1811.35,1896.71,1860.6,1626.5,1127.13,1368.8,1580.06,1566.22,1679.69,1747.63,1671.0,1551.74,1895.03,1988.32,2002.76,2071.64,2206.56,2280.36,2470.8,2391.44,2389.23,2632.26,2641.58,2578.47,2479.65,2660.95,2337.36,1834.55,1702.09,1552.31,1705.11,1384.94,1029.98,953.37,1248.44,1302.92,1449.84,1534.91,1388.49,1419.13,1419.24,1427.79,1266.72,1279.07,1297.32,1286.39,1158.21,1177.88,1398.78,1435.48
FI0009007694,SANOMA,FI,EUR,1579.97,1531.13,1395.51,1371.51,1504.02,1461.53,1601.85,1504.31,1286.11,1173.34,1193.43,1136.66,1284.04,1284.4,1124.56,1116.02,1008.64,1099.23,780.59,788.33,782.47,935.19,1006.1,901.2,975.69,954.44,1039.65,1064.35,1214.53,1267.5,1741.99,2003.3,2068.97,2031.28,1759.59,1888.09,1975.62,1910.21,1867.09,1962.82,2074.41,2076.12,2062.17,2087.39,2428.16,2641.6,2799.29,2904.53,2894.22,2685.63,2660.55,2535.57,2329.1,2304.41,2252.24,2361.08,2235.64,2604.28,2382.96,2239.46,2246.65,2297.84,2329.16,2419.17,2139.61,2294.69,2366.42,2439.97,2651.14,2531.29,2496.36,2567.35,2906.28,2734.29,2292.91,2262.83,2426.08,2531.1,2824.53,3248.52,3202.78,3756.25,3723.24,4289.11,4897.14,4236.43,4293.85,4514.67,4407.49,4305.89,4816.87,4770.61,4075.67,4118.93,3988.43,4095.64,3972.16,3866.96,3771.82,3431.17,3622.95,3755.99,3801.17,3694.22,3244.58,3236.76,3201.53,2894.11,2929.94,2579.89,2433.14,2441.17,2070.24,2032.82,2227.54,2162.3,2108.99,2244.08,2192.85,2229.85
FI0009007884,ELISA,FI,EUR,263.1,287.16,295.17,326.67,326.1,334.68,313.78,298.66,290.55,300.26,318.12,299.38,291.03,298.38,290.64,353.68,354.41,366.34,391.89,384.88,390.12,437.97,430.67,437.09,416.84,413.32,450.34,450.65,459.89,461.09,437.68,423.8,445.12,406.03,379.1,393.61,407.2,403.46,427.76,430.41,492.78,489.15,518.16,551.51,544.22,509.34,515.14,496.62,539.48,544.98,571.6,586.01,589.76,611.79,574.47,566.31,560.41,526.05,529.74,544.77,553.97,554.85,596.51,585.38,614.25,674.73,653.06,695.8,712.02,754.34,738.52,763.35,831.5,787.75,855.68,867.09,895.53,868.3,852.04,841.75,841.92,702.56,768.65,783.96,851.42,855.37,858.26,843.21,875.82,885.77,953.66,950.41,922.77,896.32,884.84,913.53,866.59,826.08,902.06,906.01,869.49,863.36,848.69,824.86,699.38,744.53,789.14,813.04,876.17,877.44,929.75,995.49,894.43,854.87,837.42,786.63,743.96,678.26,717.6,740.53
FI0009013296,NESTE,FI,EUR,150.16,180.03,171.42,179.64,179.42,170.79,161.65,171.81,180.25,189.2,208.23,212.49,242.01,228.68,229.4,244.43,227.32,229.01,251.42,230.51,206.44,220.4,259.04,269.87,279.99,282.44,306.56,297.69,313.67,332.03,352.32,386.83,396.6,401.04,382.37,358.11,324.3,325.0,363.72,393.23,383.31,378.9,415.98,424.16,420.75,536.69,599.51,617.04,668.13,707.7,670.48,826.12,794.96,767.49,808.29,851.3,808.92,815.85,773.4,762.01,910.04,952.21,1055.62,983.32,1005.03,1012.8,995.17,940.0,986.8,1090.47,1021.77,1051.78,1201.05,1183.14,1022.45,1069.6,1237.3,1197.37,1408.02,1641.24,1614.98,1612.06,2081.64,2242.18,2193.15,2047.64,1662.27,1895.93,2059.32,1913.71,1920.26,1901.26,1773.55,1757.06,1481.33,1553.55,1404.65,1244.93,1468.47,1382.91,1455.69,1405.01,1624.74,1575.69,1409.51,1407.37,1631.56,1474.55,1528.7,1556.08,1612.15,1584.43,1231.66,1256.48,1204.93,1197.46,1137.09,1120.39,1272.14,1189.42
FI0009013403,KONE B,FI,EUR,25125.51,25976.56,26738.56,27235.8,26263.89,26595.84,26837.6,27032.51,25617.87,27389.82,29398.06,29167.43,28730.43,30318.54,29099.97,28296.73,27469.66,26620.76,27673.84,25948.26,24911.08,28178.3,27999.52,27930.76,28672.33,29206.77,32790.47,30997.85,32123.75,31129.4,34403.01,34081.4,34480.91,31222.08,29947.69,30500.48,30759.23,30503.48,31046.48,32301.99,34981.78,35827.3,36594.66,38217.73,37352.46,38179.49,36361.87,37922.4,40503.92,38042.69,36504.27,36508.37,36204.36,37332.27,40094.9,39629.82,39144.27,35697.48,36287.59,34859.62,35622.46,37206.39,38387.24,41637.03,41360.58,44943.07,43685.9,44046.52,43307.11,48388.27,47638.14,49746.2,49094.91,43976.95,44463.65,47566.52,52639.04,53978.91,62418.96,67447.87,69097.11,62490.62,66034.84,63837.14,61915.18,62967.56,66490.39,63879.27,65673.11,66262.26,67240.32,67339.55,57208.7,55413.36,53239.79,58220.94,52093.94,47779.55,44836.35,41171.22,43066.52,40152.89,38421.02,33989.53,32858.23,34688.33,41422.6,43650.02,46016.63,44135.01,45767.06,50090.28,44414.5,45795.55,45127.75,40003.62,37090.28,37929.46,39056.79,43780.86
FI0009800643,YIT,FI,EUR,1945.63,1910.47,1730.95,1667.06,1773.59,1870.71,1667.45,1495.96,1253.99,1082.97,1110.98,839.49,946.91,1016.89,923.21,1195.88,1210.59,1200.27,1015.66,975.46,918.07,889.3,926.5,955.75,891.41,923.1,994.78,1198.09,1212.31,1257.58,1192.26,1222.59,1414.09,1460.19,1405.61,1404.99,1394.05,1215.9,1229.55,1436.67,1536.61,1515.09,1535.15,1598.72,1484.6,1379.43,1308.04,1388.08,1496.64,1561.55,1576.29,1270.74,1135.32,1123.46,1281.36,1250.0,1320.08,1074.22,1149.28,1099.94,1220.91,1153.63,1149.28,1213.7,1095.36,1220.93,1107.62,1094.44,1140.74,1189.43,1321.92,1325.82,1413.22,1310.4,905.26,1117.84,1123.91,1109.6,1192.36,1258.41,1294.75,1130.67,1253.9,1292.53,1275.03,1214.14,1158.55,1347.86,1347.69,1331.7,1317.43,1316.62,1169.17,1302.83,1093.27,1082.94,1088.31,962.98,861.05,915.41,934.83,750.05,763.32,740.5,635.25,582.41,637.85,609.61,677.81,662.85,642.12,623.79,515.68,560.79,581.57,587.64,553.87,446.9,526.59,551.21
FI4000297767,NORDEA BANK,FI,EUR,514.53,550.86,565.34,573.76,590.88,563.78,540.29,523.17,520.69,507.92,503.38,467.03,510.77,540.07,515.02,541.64,549.83,527.26,528.43,498.12,467.97,471.53,469.05,464.6,421.92,420.71,434.94,439.24,438.73,377.82,404.06,440.92,447.7,475.36,474.87,505.3,546.55,531.14,549.41,589.14,615.91,608.86,603.4,644.34,648.09,578.34,564.52,581.16,594.0,548.52,546.13,534.04,496.38,496.79,549.79,556.89,566.72,450.12,461.45,428.87,469.59,470.05,434.42,459.13,401.44,413.48,368.05,355.08,402.9,415.71,403.08,461.92,448.79,443.26,320.11,364.0,384.46,392.47,441.3,458.9,432.36,427.68,486.19,464.0,463.26,522.82,567.11,594.88,613.66,639.38,673.49,672.96,747.47,750.61,723.04,752.39,722.15,685.38,686.99,665.25,667.95,577.76,645.27,613.44,567.48,629.48,678.58,704.64,767.2,835.85,764.19,792.85,699.15,776.98,811.97,784.71,787.71,750.7,803.67,886.17
FR0000035081,ICADE REIT,FR,EUR,2436.94,2738.19,2747.33,2828.96,2927.02,3131.13,2817.5,2722.83,2463.57,2323.49,2342.46,2346.85,2549.67,2623.91,2636.88,2538.31,2388.32,2190.13,2289.06,2195.36,2075.29,2283.38,2164.15,2063.4,2174.75,2139.9,2354.03,2416.35,2343.19,2293.69,2499.88,2498.37,2530.05,2327.55,2242.79,2318.58,2296.09,2318.93,2381.89,2547.88,2769.96,2877.25,2936.63,3046.53,3062.26,2998.78,3193.77,3376.61,3732.82,3330.14,3330.45,3414.96,3362.93,3397.5,3510.83,3543.7,3350.26,3075.33,2872.25,2754.72,3060.42,3088.62,3162.19,3189.6,3165.43,3428.36,3360.09,3405.97,3438.94,3765.69,3850.95,4188.18,4294.53,3811.06,3120.22,3028.37,2821.28,2744.64,2675.7,2621.58,2270.54,2042.63,2994.31,3109.74,2918.31,3001.65,3058.54,3350.34,3852.43,3713.75,3935.41,3696.76,3382.63,3375.13,3033.47,3086.71,3078.96,2773.27,2898.76,2687.19,2585.12,2172.33,2333.78,2070.66,1753.07,1743.56,1901.37,2011.84,2216.06,2462.0,2306.31,2299.18,1944.61,2040.22,2118.29,1959.25,1714.82,1686.83,1881.43,2034.27
FR0000039109,SECHE ENVIRONNEMENT,FR,EUR,214.23,227.79,241.51,212.99,209.74,182.04,154.29,160.77,142.9,145.77,132.36,119.47,117.01,153.6,162.52,170.97,194.42,174.71,193.28,180.85,182.73,177.17,161.56,160.91,135.4,143.02,168.21,182.53,185.36,163.15,184.44,191.2,179.42,161.73,144.89,160.9,171.87,172.23,155.66,171.34,196.13,208.06,210.74,212.51,217.78,196.24,195.63,194.6,209.19,194.89,199.85,196.99,186.53,187.2,185.38,176.52,174.91,165.56,178.13,170.23,182.44,177.22,182.3,190.1,214.62,224.42,223.28,206.29,228.03,217.96,216.68,242.53,261.72,249.31,184.1,222.17,211.89,210.4,223.75,239.69,229.48,237.9,266.53,287.05,304.7,371.34,354.01,376.08,363.95,365.6,348.34,359.53,457.42,475.51,419.9,490.49,427.62,406.85,473.88,465.78,482.61,520.61,510.9,486.1,450.96,516.84,566.63,582.79,661.71,693.86,683.12,696.83,646.35,750.99,787.72,803.39,716.11,631.25,705.85,745.86
FR0000044448,NEXANS,FR,EUR,255.48,288.6,285.33,305.91,321.95,285.18,247.34,229.8,204.15,165.98,178.68,167.28,171.95,201.32,183.38,213.39,215.23,203.68,222.68,212.55,182.89,217.64,208.04,199.21,207.87,218.77,245.06,253.36,280.17,228.18,274.65,291.98,312.17,308.86,284.35,282.44,315.85,281.45,282.81,302.5,300.94,300.32,313.56,306.45,326.04,359.9,361.49,337.37,335.02,291.52,283.95,290.84,249.11,192.87,187.46,178.98,175.94,162.0,176.46,155.58,167.53,180.65,166.64,195.78,161.46,190.04,192.66,181.78,208.68,229.81,223.89,275.97,275.84,255.83,167.6,201.23,230.65,262.48,295.46,318.29,328.26,274.18,358.06,409.82,422.02,441.56,501.62,465.13,507.42,520.28,545.63,571.13,535.26,572.45,525.63,557.34,510.37,555.92,540.22,527.56,580.25,448.12,553.22,530.99,521.87,541.95,501.95,522.45,611.26,561.23,576.25,498.19,457.02,515.43,529.73,491.41,485.67,419.74,468.35,521.23
FR0000045072,CREDIT AGRICOLE,FR,EUR,138.06,163.11,161.7,161.4,164.99,148.98,143.06,157.04,159.41,156.13,148.89,137.55,125.95,148.95,155.16,164.62,161.43,160.97,171.64,146.65,123.97,137.83,130.62,128.0,107.76,112.81,117.47,119.82,115.99,96.96,102.25,109.16,113.88,124.43,130.43,143.44,153.02,139.79,156.81,171.6,184.71,193.46,210.85,212.04,218.97,210.16,203.26,199.56,227.67,207.62,195.58,198.39,172.88,168.43,177.35,173.07,181.48,161.92,156.67,135.99,144.16,161.35,152.55,172.9,153.56,161.75,161.67,154.12,163.59,175.59,184.38,195.43,182.56,159.94,98.87,107.43,117.23,127.5,129.43,138.35,118.02,106.41,155.87,170.08,153.49,189.9,195.43,208.72,213.87,200.85,199.92,206.63,198.48,216.33,194.7,204.6,213.42,184.62,173.64,156.92,174.45,144.12,144.56,145.91,129.38,143.35,156.24,165.67,189.25,193.6,178.38,193.22,197.6,205.62,215.7,219.29,214.58,208.47,227.38,246.11
FR0000051070,MAUREL ET PROM,FR,EUR,1264.4,1235.06,1203.36,1392.71,1344.99,1339.31,1187.12,1223.2,1101.45,935.0,763.11,733.89,632.05,673.44,570.76,731.4,610.97,580.2,504.44,411.13,288.89,283.15,252.12,252.2,231.75,220.83,276.14,314.26,290.64,252.7,249.12,359.53,363.66,343.6,341.63,347.92,358.18,297.35,278.39,295.36,338.4,304.9,322.55,328.97,347.45,331.46,335.53,337.9,364.2,335.11,371.07,450.49,519.18,570.4,574.38,532.03,498.42,362.68,305.79,288.61,308.99,315.98,300.61,295.21,252.61,262.75,257.76,254.52,241.59,232.63,224.67,250.98,222.74,199.0,132.93,147.63,150.81,156.19,156.38,158.16,137.6,109.9,147.76,168.6,160.09,181.7,187.3,184.01,177.59,178.65,177.51,197.95,211.35,228.47,199.91,205.57,233.31,253.35,357.71,363.42,417.01,369.25,430.33,415.31,321.54,368.52,348.07,351.17,328.41,306.78,306.73,313.76,321.35,349.23,410.92,416.01,450.17,515.85,609.78,584.74
FR0000052292,HERMES INTL.,FR,EUR,7948.27,8096.96,8360.14,8812.69,8907.35,9306.75,8709.45,8700.07,7543.51,7809.23,8466.67,8997.97,8551.41,8158.11,8942.51,9576.62,9886.84,9626.52,10112.07,9161.85,9367.44,9993.98,9088.06,8745.0,8760.63,8866.47,9149.42,9242.38,9385.76,9767.87,11228.38,11002.49,10622.46,10557.69,10778.83,10733.85,11349.1,11462.44,12438.96,12525.31,12956.1,12989.5,13283.18,13904.61,13274.04,13663.0,13899.82,14105.29,14599.67,14242.6,15641.14,17099.02,18770.99,16372.51,16965.39,17448.9,17742.0,15318.2,14480.56,14836.24,16109.14,17020.11,17729.5,18868.75,17793.44,19484.7,19121.87,18449.71,18647.36,19412.99,20227.14,20175.16,20228.8,18669.05,18656.88,19868.15,22594.98,22692.31,22041.0,23370.29,23449.79,25280.08,26559.55,29234.13,27805.58,30439.29,30185.87,34193.03,38446.66,39750.92,41705.86,40084.34,37836.27,43274.32,50767.06,47659.39,40328.65,38141.37,39289.17,34382.7,32661.59,30640.32,37363.7,35423.96,32750.29,35577.96,43627.73,42363.35,51147.01,50075.07,55743.72,60051.94,56075.65,60045.43,61487.57,57054.56,50648.83,51437.22,57459.17,58622.45
FR0000053225,M6-METROPOLE TV,FR,EUR,1174.37,1259.98,1178.22,1159.06,1166.3,1167.04,1053.34,1089.16,928.36,993.88,1093.85,1082.94,1050.37,1151.42,1150.91,1197.66,1145.73,1169.35,1224.74,1162.84,1149.31,1164.4,1117.95,1036.13,957.74,1009.54,1099.58,1142.46,1164.56,1056.83,1154.2,1123.37,1144.57,1103.62,1083.13,1181.97,1247.04,1347.1,1418.95,1444.39,1573.25,1534.0,1591.56,1449.15,1526.43,1526.07,1739.04,1706.53,1802.16,1881.9,1697.92,1626.6,1464.3,1385.36,1493.71,1372.45,1396.61,1342.83,1229.79,1111.69,1061.08,1270.66,1278.63,1373.21,1315.71,1392.22,1283.48,1263.0,1204.73,1291.78,1275.87,1383.02,1222.18,1073.46,823.36,817.08,852.68,827.97,889.08,918.51,878.22,806.5,1150.58,1191.27,1250.6,1475.91,1572.31,1633.41,1697.25,1676.5,1595.13,1695.17,1658.75,1757.73,1523.09,1555.08,1541.89,1589.62,1585.34,1488.83,1468.46,1241.85,1105.51,1044.43,1023.35,872.41,1191.89,1381.21,1339.54,1264.22,1369.41,1362.65,1246.2,1281.2,1281.76,1241.13,1147.48,1131.26,1236.84,1293.26
FR0000054470,UBISOFT ENTERTAINMENT CAT A,FR,EUR,606.67,711.22,777.28,807.84,867.52,798.84,727.05,721.73,712.4,784.34,760.13,796.08,875.74,798.75,801.59,798.97,781.95,772.4,847.88,811.55,876.96,1307.15,1214.14,1256.9,1189.72,1243.05,1364.45,1260.64,1600.97,1590.93,1781.62,1692.95,1638.05,1474.2,1511.07,1546.6,1426.2,1596.13,1857.99,2054.98,2416.2,2458.13,2732.82,2886.21,2982.8,3310.23,3332.79,3341.18,3725.86,3598.02,3655.74,4154.4,4690.33,4760.22,4793.83,4676.91,4707.09,3907.74,3533.8,3495.18,3857.92,3136.85,3865.72,4134.45,3546.54,3400.98,3611.01,3504.72,3137.61,2562.2,2635.56,2998.8,3299.98,3210.77,3197.79,3227.3,3361.56,3576.43,3630.97,3577.85,3920.15,3827.26,4140.1,4184.87,4342.79,3558.67,3308.04,3261.87,3180.31,3037.44,2754.31,2761.34,2608.47,2270.74,2212.55,2124.82,2467.59,2355.9,1928.33,1974.77,2265.45,1900.24,1836.16,2007.04,1203.6,1190.65,1187.29,1222.8,891.86,960.59,1152.88,1268.71,1227.04,1224.91,1463.6,1316.45,1412.77,1232.55,1236.8,1107.51
FR0000054900,TF1 (TV.FSE.1),FR,EUR,1377.1,1387.76,1232.78,1321.02,1388.65,1274.02,1149.42,1173.01,1049.25,1156.19,1244.45,1197.1,1232.14,1345.61,1378.19,1490.48,1435.87,1468.18,1475.63,1367.71,1193.24,1102.36,1038.13,948.47,953.0,982.93,1104.62,1095.3,1151.26,967.6,881.04,887.3,883.64,838.78,836.16,908.28,1003.4,1036.44,1091.42,1144.99,1199.16,1305.75,1364.09,1252.84,1365.02,1328.24,1489.78,1377.5,1405.3,1324.59,1266.72,1207.21,1050.28,1017.82,1048.81,960.33,1019.22,984.44,924.77,781.31,784.29,912.4,889.94,1099.18,957.78,1061.92,1014.67,917.1,884.31,844.82,814.4,836.48,760.53,765.97,550.47,493.24,566.79,544.47,579.67,616.61,618.17,591.17,780.56,811.97,875.93,883.13,919.6,994.63,1110.47,1073.96,1014.69,1065.28,1047.73,1138.37,1016.37,1054.01,1004.48,1055.93,1041.29,953.98,924.36,789.85,765.82,711.36,645.95,709.69,826.9,854.12,892.81,896.12,988.58,957.43,820.87,814.79,973.16,963.76,909.98,835.14,915.79,935.08
FR0000064578,COVIVIO,FR,EUR,5628.94,6438.32,6362.26,6965.16,7285.93,7883.75,7297.41,7376.32,6554.74,6679.09,6960.28,6758.59,7466.85,7537.36,7306.37,7328.61,6811.09,6578.08,6730.01,6454.88,6731.92,7337.65,6867.65,6942.15,6562.62,6360.48,7330.83,7332.03,7299.75,7256.61,7681.38,7615.56,7610.97,7126.18,6419.84,7141.83,6797.93,6741.24,6837.51,7284.5,8024.19,7968.09,8278.35,8494.98,8937.34,8760.83,9219.33,9758.4,9478.1,9017.14,9483.68,9628.71,9401.86,9388.08,9413.6,9454.92,9407.07,9074.73,8792.86,8686.05,9247.2,9145.71,9585.77,9759.53,9915.09,9932.82,9742.75,10100.77,10030.64,10729.51,10489.15,10764.01,11256.78,9991.58,5338.7,6431.12,6017.06,7442.89,7447.33,7630.36,7240.65,6115.22,8418.53,9472.13,8468.76,8685.99,8814.77,9628.87,10167.02,9219.85,10129.43,10246.6,9097.93,9331.45,8884.55,8850.97,8930.47,8892.01,8652.61,8148.58,8268.07,6292.38,7145.74,6378.14,5514.74,6089.24,6472.66,6727.35,7771.39,7317.35,6619.87,6946.41,5957.88,5755.67,5918.83,5974.91,5445.55,5217.12,5974.55,6570.09
FR0000073272,SAFRAN,FR,EUR,57146.1,56587.05,55670.41,53951.76,55268.58,53258.71,47784.82,53459.92,52803.76,51477.14,52771.4,51019.67,54946.63,58042.59,57430.22,60718.42,58642.22,56244.13,63176.27,64779.8,62381.33,63398.48,61285.2,57714.13,54119.88,52207.09,58736.19,57779.32,59564.02,57478.9,57743.03,59286.15,61081.61,58307.08,58353.04,61913.39,58133.65,61225.07,64257.01,71021.11,76020.45,79321.51,81679.37,84074.33,88571.08,91307.41,92526.31,89411.09,98194.53,96093.87,91650.03,102060.55,104997.83,106973.77,109265.11,115050.95,123442.13,113788.21,110024.13,106093.12,115691.33,120221.65,120870.64,128187.88,117221.47,131139.25,129207.14,130060.64,140742.88,141430.44,146280.57,138092.33,144551.62,121824.41,78585.8,82440.79,85355.87,89557.26,94520.97,103698.16,88492.69,94230.66,130745.97,126791.86,113025.66,122854.96,121895.97,133598.44,134169.97,124353.78,117305.37,112498.78,113983.52,120436.18,99718.63,109801.91,107193.97,115540.02,107031.25,97620.42,92947.66,88786.94,98337.7,92371.35,83027.46,100431.11,108994.09,112495.38,129039.13,128068.85,133735.73,140272.62,131450.86,142483.53,151515.85,146521.73,143257.15,141464.3,159931.39,160358.85
FR0000077919,JCDECAUX,FR,EUR,287.73,297.81,295.37,276.17,273.46,255.79,235.22,242.58,216.47,227.38,226.07,236.98,247.45,254.58,231.17,271.13,283.22,289.98,267.76,249.55,251.43,284.6,257.68,266.64,272.96,273.51,304.83,307.23,291.62,238.37,241.76,242.23,228.39,215.62,184.28,208.03,225.82,226.24,249.16,249.03,238.4,235.69,254.97,235.29,269.48,275.35,300.37,290.35,312.48,280.48,250.07,257.5,228.18,245.72,240.07,242.47,268.66,241.79,249.44,205.83,218.07,226.6,223.61,240.3,209.19,227.8,218.37,201.1,203.34,205.23,215.25,231.62,201.21,171.55,135.94,155.6,152.77,139.57,126.7,143.59,130.05,115.89,169.22,171.16,146.5,178.73,189.74,191.45,220.51,208.19,204.79,209.37,199.63,196.04,191.01,187.86,204.21,212.7,178.95,158.58,147.92,125.83,120.43,104.42,88.79,94.77,133.75,142.01,169.45,172.31,157.53,166.46,151.94,149.59,141.15,139.68,127.35,117.14,143.29,150.96
FR0000120073,L AIR LQE.SC.ANYME. POUR L ETUDE ET L EPXTN.,FR,EUR,37332.8,40927.11,40251.08,42462.77,44354.35,45172.89,42546.55,42862.52,40821.36,40355.08,42218.2,41646.94,42290.78,44328.3,43054.53,43799.19,43982.7,43229.12,44793.53,40945.57,40330.7,44542.9,41716.84,38508.02,35235.88,35741.04,38539.64,38780.29,37765.76,36723.66,37487.91,38486.01,38702.18,36656.74,36774.91,40207.14,38993.5,39068.34,41329.3,43455.71,45044.49,45561.52,45139.02,45012.51,49254.95,51710.32,50917.78,51228.01,54919.38,51093.37,49686.06,53017.57,51202.35,52330.9,53320.25,52534.85,54763.78,50453.68,50302.63,51592.13,50594.51,51961.23,52966.44,55289.99,52920.69,59682.88,59275.37,59402.36,60641.78,62249.78,63562.43,66368.97,67884.89,63245.11,59964.22,59576.03,65101.57,69125.27,79125.23,79710.16,76160.84,70068.8,78924.38,78735.1,78612.84,72552.83,78474.53,80850.54,83112.16,85588.89,84957.42,87597.4,78501.6,81586.67,80224.78,85219.43,82943.88,81632.72,86424.21,85252.57,86805.12,73317.59,74860.03,68913.9,63044.45,71575.84,77905.99,77352.28,86831.37,87401.12,91708.82,98615.39,93095.83,99866.06,100404.41,100954.15,94335.91,95266.01,105709.64,108457.84
FR0000120271,TOTALENERGIES,FR,EUR,49455.94,56262.96,57548.13,62614.77,61619.96,64138.05,57114.91,58680.69,58408.41,53395.39,50405.74,46956.34,46855.57,49375.96,45944.85,50229.51,46600.49,45498.71,46675.5,42853.39,42718.17,46426.57,47254.98,43315.25,42782.85,43440.78,44761.68,49337.5,47673.65,47932.97,47558.68,47353.99,47838.77,48379.9,48140.83,52539.83,51556.65,51116.15,52534.8,53213.32,55066.18,51836.25,53181.78,54232.87,57176.93,59349.11,60155.88,59632.53,62660.97,61788.17,62010.01,69107.51,66410.9,67412.04,72280.34,69311.59,72547.33,65855.32,62271.8,59858.36,62428.04,64546.26,63831.73,63741.38,59666.68,65273.63,60915.6,58143.58,61567.69,62015.67,61947.33,65133.26,58450.84,50368.38,47334.2,43859.32,45593.64,47430.98,46005.0,49204.16,43561.5,38261.75,54519.15,54948.57,54961.71,60391.19,61639.73,58451.92,61107.59,60641.11,58324.88,59082.12,65315.63,68429.61,62322.61,69197.07,77882.21,70838.38,71867.64,69909.61,83560.94,74857.01,72128.35,72459.26,68180.57,78507.23,89524.26,91804.56,91800.09,92142.08,88726.33,96095.38,85015.42,87314.06,92786.41,95982.12,101658.78,102942.36,104681.39,104864.53
FR0000120321,L'OREAL,FR,EUR,37679.09,38827.73,37782.94,40183.4,40820.62,40268.87,39528.62,38789.89,37110.41,36632.79,39975.01,39395.37,41944.66,42533.5,43009.2,44641.15,44774.99,42339.07,44699.78,40636.93,41104.33,43566.55,42039.05,40068.47,40487.86,40258.4,42613.52,43947.31,45530.16,46270.38,46100.87,45670.48,45742.96,43279.85,41369.13,44287.36,44055.73,45169.85,46655.18,49085.34,52793.76,51284.42,50891.97,51977.87,52428.71,54865.73,54613.87,54747.31,56231.7,53233.91,55587.45,60331.58,60267.94,62010.72,61556.8,60390.99,60577.85,56592.35,59114.12,57755.82,60540.0,63451.52,67614.88,70074.47,68344.35,72776.88,68738.05,69842.09,71451.3,74510.98,72767.89,75602.18,71217.12,67533.15,66872.64,74131.28,74321.59,81862.63,86507.93,85606.19,84149.48,83617.3,94870.31,98304.77,91105.99,95013.03,99288.54,107582.21,117788.68,116576.98,119702.38,122373.71,108184.6,119557.61,117038.93,124029.59,110506.08,104299.73,105896.36,97632.15,93354.58,91314.65,99558.84,91552.48,85819.75,83392.61,96903.85,94442.72,108906.05,105514.46,118519.54,128505.73,114419.74,125335.8,125502.75,118463.52,111970.96,112626.76,126500.73,133903.54
FR0000120404,ACCOR,FR,EUR,1856.56,1989.6,1992.9,1901.08,2107.44,2069.53,1927.35,1938.21,1764.98,1670.6,1881.75,1797.86,1990.11,2089.83,2075.97,2184.4,2219.67,2046.58,2002.74,1922.27,1891.36,2027.84,1711.53,1763.37,1536.64,1726.08,1721.92,1842.96,1810.65,1602.92,1740.67,1567.75,1650.39,1576.83,1474.98,1554.3,1685.82,1646.29,1737.08,1895.24,2027.49,1997.09,1974.65,1972.94,2119.95,2128.77,2143.52,2202.69,2436.74,2471.51,2300.6,2415.81,2383.74,2140.28,2250.04,2187.59,2240.54,1997.91,1936.33,1850.61,1903.71,1843.95,1768.8,1836.29,1654.31,1931.57,2016.02,1942.56,1873.64,1930.83,1923.62,2105.69,1843.82,1612.34,1232.48,1246.05,1266.97,1221.74,1128.49,1383.13,1264.49,1144.04,1545.2,1627.26,1519.09,1884.84,1698.27,1810.3,1805.12,1677.89,1590.94,1546.63,1611.67,1607.2,1323.53,1453.65,1629.9,1543.73,1461.25,1494.48,1471.31,1213.24,1158.15,1078.42,951.2,1076.39,1166.75,1119.71,1452.63,1499.94,1463.0,1593.26,1533.0,1723.27,1755.29,1667.41,1570.0,1475.67,1611.4,1774.61
FR0000120503,BOUYGUES,FR,EUR,65940.79,69486.44,71867.71,77412.23,84016.75,75225.04,71428.24,66529.17,58616.12,62409.34,68194.15,65590.51,64580.39,71851.01,70951.39,78034.73,74116.55,70455.11,69614.12,71711.12,66784.95,71793.52,70955.69,74860.36,73584.24,73894.2,77034.75,66319.74,64634.41,57278.09,58833.33,62956.21,65904.69,64744.96,67495.85,71399.52,72318.65,76842.62,81138.78,83566.3,88904.55,87312.72,88606.66,93909.71,98418.98,99555.36,107449.01,107833.05,115647.29,105357.89,103813.17,105845.95,99640.08,93032.48,95001.32,95519.55,93347.9,78859.22,83011.62,77339.45,76593.19,81735.44,77203.49,85256.77,79191.43,84130.4,81772.7,86300.58,90876.83,96157.67,92732.71,96447.29,89812.87,88396.11,66499.5,69835.25,69485.35,77471.49,80464.55,90196.18,82892.27,78252.09,95292.42,98259.73,93996.01,97217.95,95898.83,102390.0,102236.27,92659.19,96515.04,104773.58,104229.6,101465.94,84451.37,89707.94,87589.09,90093.41,88160.68,86812.75,91236.17,81362.98,79736.65,78099.69,69728.57,75662.91,80683.35,79330.87,87057.53,90069.79,89541.99,97161.7,89533.95,94069.66,100656.82,97046.74,98347.28,98394.06,106765.99,105652.44
FR0000120560,QUADIENT,FR,EUR,1020.87,1139.71,978.68,1014.48,992.11,927.75,870.26,864.27,948.83,896.15,917.57,736.39,670.01,725.57,737.24,646.01,636.47,577.11,542.77,490.82,369.86,355.83,371.29,347.43,339.59,315.35,311.34,362.24,357.33,341.48,410.88,404.9,414.59,464.16,454.88,481.27,507.55,476.24,606.81,639.13,702.88,730.9,719.67,700.39,627.21,594.75,538.33,465.01,482.44,487.93,439.43,451.07,463.47,448.76,431.75,466.78,528.55,559.35,481.43,473.32,437.22,456.84,416.51,425.84,379.86,372.16,352.24,364.35,370.65,382.88,378.21,433.46,430.71,379.73,314.14,246.94,258.16,260.87,264.49,249.74,250.06,240.44,329.89,355.04,403.61,423.65,444.45,504.97,576.02,554.35,541.18,533.81,453.83,450.11,405.16,409.76,381.35,344.66,356.92,354.1,391.22,320.4,364.52,329.19,270.37,272.95,290.16,285.03,340.58,337.71,353.58,385.41,354.82,399.07,433.01,412.94,404.51,416.96,405.53,424.73
FR0000120578,SANOFI,FR,EUR,9356.94,9916.31,9941.33,10310.58,10573.08,10492.05,10391.83,10864.98,11175.55,9116.72,9588.33,9043.88,9140.1,9717.18,9752.79,10095.49,9964.85,10023.13,11035.01,10072.08,9660.26,10344.51,9085.21,8705.03,8444.38,8107.74,8232.32,8420.49,8711.42,8838.59,9042.79,8168.65,8071.8,8260.17,8573.69,8613.26,8548.66,9177.18,9610.57,10015.38,10871.87,10475.61,10435.81,10645.8,10890.57,10384.2,10015.39,9460.57,9715.53,8697.37,8810.29,8716.33,8800.14,9207.06,9995.71,9848.37,10214.18,10261.09,10380.5,9934.78,9993.66,9613.83,10155.77,9975.36,9634.12,10345.49,10054.6,10295.43,11097.83,11030.68,11151.11,12039.31,11531.67,11032.74,10523.2,11690.87,12067.18,12618.64,12977.51,12579.7,12401.3,11169.31,12558.65,11934.43,11616.32,11403.29,12272.15,13020.31,13677.1,13478.29,13251.68,13304.25,12385.09,12865.38,12141.46,12956.87,13373.79,13503.62,13239.46,13729.31,14232.07,13464.5,13251.34,11047.42,10268.22,11538.84,11904.41,12818.79,13019.21,12602.38,14559.95,14759.45,14033.93,14863.92,14851.1,14852.59,14905.58,12567.23,12936.14,13756.63
FR0000120628,AXA,FR,EUR,20447.41,20340.58,20217.21,20242.23,20071.16,19409.77,18682.07,20167.12,20017.15,18734.88,19658.77,18875.27,19113.39,20671.2,20459.61,20583.53,21274.44,21350.65,22453.27,21324.89,20449.27,22754.76,22903.07,23208.85,20862.9,18673.52,19965.05,21352.52,22431.56,17651.53,18191.76,18704.07,18993.4,20087.49,21043.65,22575.45,21911.08,21117.1,23149.04,23817.6,24927.47,25507.14,27479.17,27059.99,28249.06,28206.7,28224.82,27734.23,30821.4,29452.13,24805.36,26761.01,24551.75,24200.04,24927.35,24952.91,26519.09,24741.78,24027.49,21261.49,22912.07,25039.32,24840.05,26245.88,25705.34,27482.35,26636.26,24010.13,26685.45,27604.53,28445.2,29446.48,27878.47,24046.05,18097.37,18532.24,19034.87,21838.61,21655.98,22177.7,20089.84,17456.1,25606.69,25926.45,24143.38,27418.18,29208.94,30753.88,31866.5,29273.45,29949.14,32402.95,32220.72,33608.93,31637.42,34371.83,36173.11,31471.88,34117.5,31002.62,31033.18,27902.74,28207.84,29149.34,27132.12,30446.93,34283.28,34266.75,38294.47,39007.56,37707.98,40227.79,36836.32,38566.37,40336.47,39429.77,39023.9,38649.09,40808.74,42611.36
FR0000120644,DANONE,FR,EUR,13776.17,14735.62,14747.57,15365.55,15980.69,15919.54,15515.88,15005.98,14352.61,14563.54,15166.84,14124.94,14410.04,14987.81,14417.34,15497.44,15052.12,14185.69,14964.21,13626.65,13826.9,15379.7,15380.3,14854.42,15073.49,15323.06,15639.76,15382.95,15831.97,15882.04,17365.57,17101.54,16734.13,15589.44,14196.57,14315.32,14129.16,14987.13,15374.03,15756.59,17190.49,17364.77,17208.39,18194.23,18152.08,18903.25,19563.32,19431.79,20019.09,18552.6,18701.48,18752.81,18174.47,17477.81,18724.62,18787.83,18445.49,16882.85,17809.94,16741.74,17349.11,17983.82,18364.28,19233.61,19471.16,20761.91,21361.08,21952.6,21562.07,20300.92,20160.72,20300.2,19634.51,17127.78,15745.32,16955.82,16757.29,16919.98,16934.03,16690.49,16400.74,13984.08,16318.35,16660.5,16911.46,17358.15,17414.39,17876.3,18662.08,18433.72,19267.7,19122.03,17918.0,17073.36,15321.56,16253.4,16215.85,15970.72,14574.01,15920.07,15892.29,15093.04,14873.18,14312.93,12898.51,13486.65,13978.12,14242.92,14810.98,15304.87,16878.79,17953.16,16537.41,17167.94,17160.73,16375.6,15508.22,16635.36,18034.2,18169.51
FR0000120693,PERNOD-RICARD,FR,EUR,34086.55,37387.8,36963.2,38070.89,38955.84,38108.13,35877.85,37867.82,36274.26,36456.78,38405.4,36085.01,38879.41,38411.99,38236.77,40205.07,39886.0,37309.79,39252.38,34140.0,32794.66,38582.12,37402.66,37579.85,38409.35,35055.25,36723.05,35510.18,35841.79,36568.06,37926.68,38030.99,39288.28,39415.38,35200.29,36395.9,39247.66,38429.5,39755.08,41919.42,45567.51,44823.0,46706.64,46113.9,46753.28,50676.2,53241.14,53984.72,54459.37,56102.12,56674.3,56624.68,57153.92,55654.49,55400.77,54309.12,56327.66,52422.18,55402.15,56763.51,57655.34,59740.08,62254.14,60328.89,60935.83,63948.78,61811.85,66768.58,62180.55,64447.36,64908.69,63189.14,61248.32,56789.05,50160.05,53804.05,55035.32,55549.8,61479.41,61114.16,56853.47,57406.89,68155.71,68962.08,67992.1,68653.84,67615.08,73862.98,79171.72,79798.71,79895.64,76051.98,80016.38,83249.5,83221.5,87815.01,77356.46,80232.82,80962.35,76128.12,71376.2,66909.39,71913.71,67974.05,68138.14,64681.55,72634.24,73216.13,76995.4,78272.41,84653.22,86307.61,80441.71,82440.94,83418.96,74174.9,63032.29,66776.44,66297.25,67632.83
FR0000120859,IMERYS,FR,EUR,10990.07,12576.95,12001.87,11834.89,11616.81,11668.85,10809.63,11095.54,10213.59,9927.48,10497.65,10224.66,10017.4,10412.85,10166.47,10541.21,10604.18,10847.35,10759.5,9775.14,9091.38,9765.86,9615.09,9931.85,8757.65,8604.87,9912.25,10478.37,10297.07,9328.88,10354.89,10268.85,10545.33,10137.73,10180.57,11095.47,11721.87,11821.63,12421.54,12555.13,12980.99,12983.95,12903.57,13134.33,13511.13,13617.0,13730.72,14098.58,16072.37,15279.62,14506.05,13654.95,13080.69,12428.43,11942.63,11070.37,11354.67,9492.04,8250.02,7376.5,8113.61,8748.25,7670.21,8179.17,7014.59,8604.24,6827.91,6621.33,6516.17,6259.4,6432.81,6854.82,7018.84,6244.74,4075.7,5080.29,5935.82,5858.28,6326.34,6994.56,6402.59,5134.31,7074.19,8132.03,8153.66,8918.79,8389.15,8948.54,9190.41,8248.59,8172.7,8169.16,7668.43,7657.06,6859.48,7335.63,8018.9,7574.35,7660.39,7028.47,6800.87,5606.81,6206.35,5363.26,5615.88,7562.49,7156.65,7158.12,7620.55,8232.01,7980.66,7587.81,7301.07,8019.54,7168.95,7030.19,6103.6,5445.1,6002.58,6477.82
FR0000120966,BIC,FR,EUR,9306.39,10367.56,10620.77,10710.66,10867.55,11365.62,11450.56,11316.01,10715.46,10354.51,11103.35,11043.81,11812.4,12459.55,11822.73,14202.84,13936.54,13497.19,14596.02,13426.74,13124.75,13574.31,13930.07,13955.95,13772.31,11763.83,12762.1,12027.01,11869.37,12536.18,13140.49,12953.35,13150.29,12306.27,11508.31,12108.3,11628.19,11027.13,11103.67,9989.1,11219.11,10871.86,10716.01,11010.86,10997.74,9690.48,10670.08,10097.55,10549.26,9639.96,9122.28,9360.94,9295.65,8872.99,9155.31,8880.87,8765.41,9174.59,10268.55,9753.99,9615.36,9062.34,8538.47,8243.2,7455.57,7678.61,7042.56,6434.14,6753.44,6983.74,6929.82,6998.75,6792.48,6047.59,5610.76,5031.39,5355.89,5376.75,6280.73,6120.39,5558.94,5070.28,6304.13,5994.72,6055.1,5977.92,6213.86,7490.32,8054.26,7579.5,7391.47,7255.12,6434.05,6342.47,5580.97,5869.12,6174.41,5789.42,5548.19,6535.31,6464.28,6190.05,6384.51,6467.22,7212.14,6513.51,7393.26,7742.08,8216.81,7361.92,7160.36,7006.64,7057.22,6794.8,7272.0,7596.19,7843.25,7429.2,7992.34,8236.25
FR0000121014,LVMH,FR,EUR,21331.8,22294.16,21768.61,23841.02,24157.41,23382.75,20872.88,21099.06,19720.4,20570.63,21851.38,21728.46,21985.39,24961.15,23936.33,24110.15,24425.42,24056.23,25911.26,22884.35,23341.15,25741.38,23034.8,21812.25,22220.58,23157.36,23765.24,23360.16,22539.86,21236.45,24111.02,23746.75,23977.1,25507.18,25810.75,27113.31,28576.93,28527.06,31198.32,35395.69,36655.55,35730.55,35987.85,37577.56,39605.66,42814.34,41837.09,42562.29,45453.6,43426.15,44445.23,51102.07,50694.83,48682.93,51122.99,51344.48,51722.35,44526.97,41807.57,43480.98,47289.18,50660.22,54238.76,58289.12,56226.17,63516.83,62264.96,59468.56,59238.72,63586.6,66917.77,69662.33,65635.75,61031.73,55639.61,57838.77,62498.33,65713.44,65396.83,70838.8,70624.77,70662.29,87106.19,94643.66,91654.12,96482.53,101089.02,114883.69,121488.52,119520.03,121789.44,112766.24,109528.57,119436.82,118297.78,126547.98,123992.39,113452.1,110598.78,101188.07,99048.91,94155.07,106564.73,100808.08,92588.01,97782.35,117543.16,113131.74,135453.34,130448.47,143030.74,151096.77,136348.6,147947.57,146928.64,133395.74,119178.89,112025.21,120472.22,128342.11
FR0000121121,EURAZEO,FR,EUR,26387.87,28936.22,33149.64,31048.72,34086.32,32822.34,29660.33,30061.32,28404.67,26378.74,27525.89,27797.04,27768.73,29165.73,27052.61,28262.74,28219.82,27901.87,27583.91,27374.84,28023.6,29869.49,28355.15,29106.92,25731.7,24730.57,28571.2,29722.93,30035.84,27407.45,29480.2,27932.49,26759.81,26502.38,25045.27,27032.7,28395.66,28566.47,30444.03,31253.5,35312.44,36947.33,40088.56,40741.1,44091.54,45849.49,43477.03,45595.53,52066.17,47185.49,45334.64,44120.49,41192.44,39940.65,40766.3,40076.42,41505.61,38521.11,39449.92,37207.96,39222.98,39642.93,39623.01,41288.21,39312.56,39308.66,38023.73,37298.71,41897.78,39262.05,38399.5,38556.94,40374.08,37481.31,25405.48,26927.13,27434.43,28851.82,29483.81,29778.84,30505.66,25605.71,34823.46,38237.82,39539.73,41932.29,42950.52,47991.3,51379.76,50143.37,55734.01,59149.66,54171.79,53958.31,46849.17,50242.66,45239.24,44745.02,48901.49,44666.21,46188.38,37051.52,42589.72,35969.95,31637.34,34257.96,36956.54,37186.76,41845.18,40574.69,42677.12,44259.48,42245.58,43603.44,37944.87,36645.67,37060.25,34836.75,46582.38,49218.91
FR0000121220,SODEXO,FR,EUR,10261.23,11114.78,10923.41,11215.99,11199.73,11195.77,10379.36,10280.8,10189.24,10026.77,10528.19,10238.02,10562.07,10729.04,10356.14,10749.91,10935.78,10080.07,9957.97,9334.02,8773.08,9500.43,10494.79,10400.48,10361.56,11093.75,11767.5,11010.08,11470.18,11716.6,12767.54,12606.31,12983.55,12641.01,11932.36,12554.07,12056.14,12278.72,13158.3,14181.27,15240.05,14407.69,13134.44,13005.69,13918.03,14202.44,14603.24,15014.39,14367.81,14133.21,11544.55,11369.27,11107.5,11457.82,12697.57,11964.41,12159.3,11703.46,11867.06,11726.3,12328.67,12984.65,13013.26,13529.46,13552.08,13822.27,13625.48,13405.27,13258.19,12987.58,13773.05,14002.34,12756.98,11593.64,8229.92,9662.79,8194.5,8227.59,8385.98,8725.88,8707.01,7809.75,10095.99,10306.0,10859.63,11701.12,11695.78,12172.75,11782.98,11356.89,10374.94,10058.07,10687.17,11828.86,10141.17,10950.59,11492.39,10540.52,10260.82,9507.23,9295.02,8760.29,10096.36,9604.76,9445.89,11082.97,11798.67,12252.98,12682.74,11938.12,12554.21,13768.13,13822.53,14117.07,13203.79,13788.55,13246.74,13545.15,13774.75,14568.17
FR0000121329,THALES,FR,EUR,56217.28,57309.0,57223.55,54841.85,52679.69,53174.44,50022.81,49214.83,46840.95,43612.24,46769.99,48250.48,46798.53,51101.94,49205.22,53864.37,55773.61,54196.62,61154.38,61800.67,62325.93,65413.8,66842.91,67760.87,68537.37,72004.01,79207.25,78062.33,79260.87,76202.44,83329.99,79059.66,84254.4,85975.61,89370.01,89250.9,86137.05,90763.58,89055.82,96535.48,102783.82,99925.69,102582.67,102790.2,105267.43,96908.39,94134.43,100866.19,105206.59,104346.33,113721.25,118564.71,120242.63,121869.82,124456.85,133548.46,134415.31,121106.89,115993.18,110806.63,105404.93,117141.4,113909.19,113371.05,106000.41,119413.69,109656.27,111754.24,111003.7,94360.82,94619.77,100930.45,106859.09,96926.32,81445.67,73595.2,74352.87,78458.47,70514.0,76128.0,73116.76,63255.38,89582.71,89521.32,88031.31,93007.1,97264.45,99693.57,101783.97,101292.95,104182.39,100712.22,96829.62,91516.29,80990.48,85121.84,91359.41,115656.05,126873.57,128792.07,123839.97,124528.4,125922.1,122950.94,112660.36,129396.32,127996.83,130313.57,134936.12,143483.89,151616.36,156378.92,144549.16,155755.24,155966.08,152231.91,146626.81,153041.22,155478.57,154880.62
FR0000121485,KERING,FR,EUR,17750.06,18246.94,18140.99,19649.65,19952.6,19778.34,19306.15,19159.96,18191.82,17399.6,18678.88,17410.11,18419.59,18575.15,17765.84,17077.11,16191.98,16475.2,17913.08,15803.22,15047.04,17191.96,15948.21,15842.85,15648.39,16286.94,16698.31,15987.98,15329.73,15329.79,18024.51,17956.41,19142.12,21012.21,20630.87,21343.69,22726.08,23314.23,24763.13,29591.38,31958.94,32833.81,33633.63,36187.98,38466.75,44253.94,42906.99,45556.89,49289.13,45912.95,46390.94,56218.91,60160.14,59423.52,56152.92,57305.08,56435.55,46934.67,45759.74,49517.52,53302.55,58045.71,60944.92,62708.02,55873.83,63734.35,56249.46,52187.24,54849.84,61248.05,64862.51,70686.4,66574.8,60136.68,56520.83,54559.63,56541.66,59404.03,62219.44,67218.27,72695.81,65963.58,79043.25,79434.16,72192.16,69906.25,75901.36,88030.81,101200.93,96678.67,99190.94,88009.76,78970.98,82975.74,84840.34,88921.43,81797.01,79557.29,71215.18,60179.83,61754.71,57950.19,64226.22,57206.98,50810.38,51834.9,66079.68,57400.31,70640.18,67104.44,74323.89,72967.86,61599.26,63953.68,66929.92,62185.36,53013.7,46959.17,49801.64,51102.08
FR0000121667,ESSILORLUXOTTICA,FR,EUR,79899.69,83073.05,80202.15,84974.16,84616.03,85328.03,78571.13,85562.44,88375.95,88826.47,90589.1,90247.25,89957.83,94277.64,92300.14,98066.67,98968.46,96818.67,104620.26,96822.78,98718.33,107299.95,105968.25,101501.37,100483.96,96759.71,100458.96,105159.88,107150.0,108296.25,105064.67,103997.47,105812.7,92067.04,87094.19,92869.29,96085.57,94257.05,99914.54,106241.15,110536.14,105531.03,104878.63,104720.65,102855.24,105176.36,107008.06,114644.11,118373.15,109256.42,111954.28,114984.1,114875.11,118831.31,124308.11,121744.91,124613.6,115174.98,106901.54,106287.38,106884.81,102041.91,92047.26,102361.54,98609.48,112103.59,117146.82,126826.99,123686.73,130923.65,133365.65,130771.0,127629.73,115994.99,92507.83,105846.52,110454.14,110081.2,113817.17,115009.53,116841.42,106118.38,124526.09,135083.14,123030.34,141836.62,141250.55,144206.83,151283.22,160970.1,164600.03,171166.79,167280.62,180556.63,173773.46,185698.25,163092.37,153513.71,161368.52,150699.88,142488.82,132431.62,137800.91,133040.75,121889.85,140489.4,161836.61,160086.02,161645.64,154552.93,159883.16,175577.24,162049.78,169926.63,182008.4,170312.77,157787.35,162756.41,172415.49,181027.17
FR0000121964,KLEPIERRE REIT,FR,EUR,2228.05,2342.93,2298.35,2468.81,2618.54,2745.31,2549.02,2572.84,2359.78,2329.11,2424.26,2329.62,2604.24,2705.12,2708.67,2719.89,2485.99,2464.17,2566.74,2463.41,2533.44,2673.58,2543.26,2496.07,2420.06,2339.5,2689.27,2749.12,2674.19,2586.89,2798.3,2733.87,2679.12,2386.94,2180.96,2301.65,2219.68,2177.19,2278.55,2413.86,2571.47,2517.36,2492.74,2475.24,2414.78,2446.54,2544.83,2707.89,2818.99,2545.35,2477.3,2670.09,2534.07,2453.22,2460.03,2342.29,2310.23,2214.6,2133.46,2007.88,2239.8,2276.84,2361.61,2394.12,2290.46,2264.61,2164.99,2135.21,2372.73,2601.79,2508.22,2653.96,2378.61,2072.96,1413.32,1481.88,1389.58,1460.3,1348.14,1288.72,1098.2,989.83,1729.25,1758.28,1886.29,1854.33,1826.22,2075.1,2258.52,2102.23,1978.28,1993.42,1837.98,1940.99,1715.74,1934.25,2145.41,2351.13,2194.73,1967.31,2008.09,1695.61,1950.18,1821.03,1549.18,1776.77,1999.35,2029.97,2231.6,2217.51,2089.59,2338.18,2082.93,2286.52,2552.64,2538.8,2357.8,2320.51,2416.26,2613.75
FR0000121972,SCHNEIDER ELECTRIC,FR,EUR,17486.68,19363.0,19202.71,20279.31,20970.32,20939.78,18819.24,18848.51,17086.26,17527.03,18193.72,16316.29,16819.03,17961.45,17286.18,17141.84,17258.39,15791.64,16078.92,14445.29,12775.48,13925.57,14502.23,13067.46,12161.33,13620.07,14484.89,14899.92,15356.46,13993.06,15534.5,16150.7,16555.38,15909.67,15819.2,16552.69,16988.28,16115.79,17424.11,18741.21,18828.19,18737.78,19104.69,19665.47,21258.32,21465.92,21027.65,20780.0,22964.7,21321.62,21427.18,22213.03,21664.25,20975.77,20261.63,20556.91,20246.61,18229.43,18308.56,17172.33,17918.83,19597.9,19754.24,21934.92,20464.64,23559.9,22548.85,21754.33,22763.8,24092.95,25052.47,26641.24,26019.77,25784.06,22363.87,23710.75,26554.91,29709.12,31076.18,33192.54,33266.92,32468.19,37327.55,38721.15,39307.46,39890.78,40951.03,42836.06,43162.81,42927.47,45713.46,48727.78,45500.3,47011.45,47973.75,53506.12,45679.95,42832.52,46188.4,39631.35,38559.58,32924.29,38268.3,33317.84,31958.13,35361.36,39902.12,38918.69,44934.11,45001.28,46577.39,48603.89,48956.33,51688.53,50847.39,48984.62,47301.53,43614.3,52361.64,57152.82
FR0000124141,VEOLIA ENVIRON,FR,EUR,82.88,99.81,104.32,103.34,106.09,105.64,98.17,102.08,97.93,92.65,101.38,99.01,101.71,108.23,104.91,117.57,119.43,117.36,129.32,126.15,131.33,134.71,138.0,136.79,138.3,130.72,138.93,141.52,133.89,128.92,132.36,126.55,137.3,129.88,103.09,101.68,101.42,97.85,111.93,118.38,137.31,131.52,140.04,146.06,144.06,147.7,157.98,159.24,157.56,151.82,147.53,148.03,147.32,139.08,148.54,137.31,129.75,129.74,138.16,133.38,137.36,142.82,145.43,153.38,156.89,165.82,172.95,162.82,172.38,178.75,174.19,180.93,201.0,193.62,145.26,145.08,152.78,156.89,159.32,168.56,150.71,129.95,160.75,170.82,186.99,189.28,179.26,222.49,225.2,216.48,235.25,245.78,227.96,242.85,237.63,272.7,266.07,260.58,240.6,218.79,207.35,180.99,193.02,174.03,149.99,173.43,196.6,198.97,229.3,233.21,239.69,246.04,237.32,255.3,263.78,253.17,234.73,220.68,254.95,255.01
FR0000125007,SAINT GOBAIN,FR,EUR,1108.53,1267.48,1274.98,1287.65,1203.14,1224.62,1058.03,1104.61,993.63,931.42,999.69,925.42,929.1,979.68,953.42,990.07,1009.86,1003.07,1066.16,1026.18,965.98,942.93,987.63,967.81,917.65,868.92,986.69,1024.14,998.49,880.31,977.54,1010.03,997.13,1022.59,1001.33,1076.63,1134.16,1108.53,1187.4,1244.53,1290.97,1262.49,1308.12,1296.16,1410.41,1388.18,1350.46,1306.42,1380.01,1349.07,1247.25,1243.47,1184.26,1090.38,1087.17,1052.35,1052.79,919.07,904.51,813.57,843.4,879.75,885.31,996.56,881.5,991.37,982.81,917.96,996.83,1033.37,1029.13,1040.62,963.6,881.57,617.69,673.49,821.29,914.27,936.14,1032.15,1072.48,991.06,1209.79,1165.36,1267.55,1369.43,1502.08,1605.16,1702.31,1711.58,1856.61,1883.2,1754.03,1791.12,1643.27,1828.34,1737.65,1633.01,1569.11,1544.21,1533.77,1145.43,1236.72,1085.73,971.3,1094.92,1205.33,1303.77,1527.2,1598.54,1521.15,1548.64,1477.84,1686.27,1879.9,1810.81,1670.11,1506.74,1809.8,2042.26
FR0000125338,CAPGEMINI,FR,EUR,721.22,828.64,800.95,746.54,787.1,771.37,784.72,770.79,776.33,710.8,794.47,778.35,787.92,876.62,886.97,963.42,950.79,970.49,1055.47,985.22,975.33,982.36,1012.06,1020.51,998.42,914.62,1032.74,1024.84,1063.5,968.43,1071.4,1084.3,1092.09,922.32,880.96,942.37,907.97,955.77,1031.97,1115.55,1174.61,1169.67,1229.42,1254.95,1328.69,1377.83,1309.3,1345.89,1510.16,1423.2,1410.67,1561.15,1490.45,1547.41,1478.05,1482.42,1448.44,1407.8,1342.39,1141.52,1273.65,1378.15,1396.41,1393.73,1283.33,1457.49,1501.84,1406.83,1379.34,1318.13,1385.31,1430.73,1457.24,1275.56,988.83,1099.13,1199.06,1359.47,1537.29,1647.07,1527.94,1371.01,1651.68,1841.98,1723.61,1918.84,2024.68,2178.1,2215.81,2310.31,2598.94,2699.36,2510.81,2801.42,2762.71,2947.06,2661.79,2543.34,2709.46,2487.76,2325.15,2082.82,2303.69,2120.43,1976.33,2002.83,2146.21,2028.83,2302.08,2298.99,2261.32,2219.08,2160.8,2357.23,2262.71,2328.71,2185.29,2190.93,2553.61,2595.8
FR0000125486,VINCI,FR,EUR,1657.05,1891.6,1879.93,1949.65,1917.26,1934.29,1787.29,1695.72,1503.76,1474.34,1433.23,1456.28,1397.66,1572.64,1511.74,1659.72,1601.96,1561.72,1743.24,1738.0,1710.24,1831.98,1773.06,1752.1,1841.94,1891.19,2034.67,2077.65,2092.04,1967.27,2110.79,2105.3,2128.38,2010.92,1823.81,1916.18,1969.4,2029.18,2231.28,2433.2,2500.69,2438.51,2554.81,2630.98,2719.34,2801.31,2952.04,2948.95,3125.99,2860.65,2834.11,2956.79,2878.01,2831.87,2963.4,2828.8,2805.42,2632.03,2595.84,2447.98,2623.11,2841.43,2895.33,3064.97,2994.92,3115.93,3153.95,3328.97,3273.12,3409.73,3341.49,3402.63,3399.96,3059.82,2533.1,2505.15,2828.24,2862.35,2675.46,2920.74,2606.5,2455.14,3178.62,3093.87,2891.43,3245.83,3191.01,3498.85,3612.69,3393.67,3364.04,3411.93,3322.5,3399.27,3015.3,3383.17,3469.64,3399.37,3312.95,3212.11,3150.6,2912.91,3122.7,3042.21,2672.23,3020.3,3297.04,3299.72,3730.18,3790.04,3806.63,4218.43,3860.25,3952.56,4009.32,3805.52,3786.49,3760.87,4213.42,4319.19
FR0000127771,VIVENDI,FR,EUR,7291.25,7757.86,7556.47,7271.24,7118.71,6998.18,7184.11,7458.44,6908.64,6979.66,7303.13,7161.42,6789.38,6999.16,7104.01,7498.8,7590.51,7841.51,8225.95,7683.9,7336.77,7530.87,6547.5,6711.2,6741.82,6807.05,6896.34,6645.15,6870.87,6499.08,6806.99,6700.25,6982.51,6989.48,6605.99,6592.02,6337.14,6126.09,6747.21,6866.08,7681.7,7866.09,8164.7,8109.01,8960.73,8790.82,9436.54,9526.43,10417.01,9171.44,9139.06,9558.58,9078.92,8861.44,9388.0,9398.05,9306.18,8738.68,9003.01,8791.6,9223.16,10576.6,10482.04,10680.95,9906.56,10157.29,10328.44,10317.14,10113.44,10258.71,10122.53,10677.86,10108.9,9315.42,7892.61,8184.59,8617.95,9728.09,10044.72,10793.94,10583.5,10950.08,11422.23,12240.21,11664.97,13150.98,12479.46,13238.57,13779.53,13013.62,13090.86,14778.51,11846.23,12078.15,11869.18,12673.54,12188.5,11906.72,12347.67,11081.05,11395.55,9714.48,9047.09,8725.26,7484.97,7846.61,8466.87,9117.86,10260.52,9907.37,9683.78,10805.99,8690.88,9018.12,8805.46,8975.32,8636.59,8788.78,9318.94,10510.66
FR0000130213,LAGARDERE GROUPE,FR,EUR,508.34,578.06,571.38,601.86,649.04,605.87,553.93,513.56,498.02,452.59,528.84,486.3,509.74,536.13,558.29,597.34,589.83,568.33,586.29,529.83,538.47,571.04,575.16,582.73,552.57,563.47,518.84,517.48,489.25,450.95,527.72,503.03,526.15,525.35,509.81,575.1,518.15,521.1,609.99,632.55,680.82,682.4,707.96,694.34,724.59,712.75,710.44,694.53,677.17,638.69,617.4,619.09,616.92,603.96,668.97,676.11,704.43,627.06,647.11,575.89,599.34,592.68,588.79,622.01,588.41,631.64,552.82,516.65,536.04,540.96,529.56,528.27,460.33,416.62,305.62,392.62,340.01,344.67,368.03,481.43,599.85,529.54,569.9,606.93,564.96,655.03,638.22,652.53,619.5,598.6,676.1,669.05,641.14,640.19,623.23,671.51,655.44,690.44,682.88,650.53,661.62,423.83,461.25,397.48,366.92,431.94,488.67,528.41,548.42,561.72,558.32,630.86,584.13,612.03,601.19,618.77,530.5,518.02,516.47,531.0
FR0000130395,REMY COINTREAU,FR,EUR,493.54,561.34,530.55,580.85,613.19,607.91,540.73,537.78,485.97,480.07,508.8,452.13,499.52,496.84,496.52,508.17,485.88,486.16,483.13,409.22,452.46,483.82,489.9,495.44,494.74,478.21,525.3,573.58,574.08,594.62,604.33,614.62,602.26,571.47,592.91,602.85,641.09,628.54,692.39,711.5,773.27,822.7,809.02,818.31,849.93,931.98,956.48,995.1,947.49,979.27,1021.84,989.14,1061.18,929.89,994.44,1021.84,948.23,864.85,842.86,823.05,847.47,948.71,971.45,968.77,997.38,1050.73,1084.8,1101.0,985.22,992.45,956.31,911.98,782.77,743.66,811.24,827.28,881.44,1009.99,1201.27,1232.82,1365.69,1262.53,1332.34,1392.99,1390.36,1433.63,1383.73,1495.57,1561.93,1543.38,1641.67,1471.9,1467.11,1527.03,1760.89,1839.17,1563.08,1465.93,1572.42,1510.8,1386.75,1317.02,1507.21,1430.01,1284.96,1176.47,1302.32,1290.93,1438.62,1354.32,1400.87,1328.99,1176.22,1230.46,1321.3,1190.72,964.63,892.27,939.1,1000.86
FR0000130403,CHRISTIAN DIOR,FR,EUR,2209.48,2389.66,2325.53,2500.77,2549.91,2421.74,2120.1,2170.46,2040.69,2152.98,2337.23,2392.97,2396.96,2690.79,2612.06,2732.57,2792.72,2718.47,2905.81,2582.47,2598.24,2756.94,2548.85,2401.81,2377.79,2488.19,2562.08,2498.43,2320.6,2288.16,2572.83,2455.42,2550.34,2740.34,2768.83,3022.96,3089.58,3055.37,3350.63,3971.43,4137.64,4133.18,4107.86,4463.23,4636.64,4970.31,5186.54,5321.73,5649.06,5429.47,5743.16,6198.98,6248.19,6146.57,6264.73,6347.32,6298.76,5698.41,5461.68,5642.98,6263.29,6570.64,7050.17,7379.94,7138.95,7832.33,7807.0,7360.35,7062.21,7363.26,7895.68,8185.94,7501.25,6680.93,5717.34,6214.31,6712.48,6734.62,6552.59,6873.16,6588.4,6840.15,8228.02,8980.75,8454.07,9023.02,9810.63,11959.31,13209.99,13092.77,13188.34,12245.89,11758.99,12748.24,12244.05,13558.82,12541.97,11713.14,11239.73,10287.63,10269.13,9779.95,11148.47,10362.57,9642.67,10234.26,12321.61,12097.27,14316.13,13891.12,14882.7,15413.51,13838.25,14884.32,14837.98,13814.05,12382.77,11564.38,12385.86,13222.37
FR0000130452,EIFFAGE,FR,EUR,83177.21,102515.55,107151.46,108056.31,104149.04,99535.35,94900.09,95080.8,81674.73,77754.07,71432.85,74624.36,71421.08,81776.84,87082.03,89321.25,87312.62,83287.66,90682.44,95930.51,92469.74,93915.85,94214.91,96878.19,102605.15,106341.66,115230.48,119132.81,112971.76,109185.29,117640.01,119666.99,118959.27,113153.87,101123.24,106955.54,110133.62,109653.75,120189.56,129608.02,142011.15,141566.11,150551.77,160994.5,161564.54,163005.47,171492.48,171109.19,189807.56,169540.79,177438.43,186042.93,179117.62,173171.79,178275.95,179565.25,177774.69,155860.18,151431.89,132754.95,149625.07,155477.94,153097.9,166075.91,155849.45,161796.9,162588.5,169596.21,169466.11,175603.12,178559.2,187109.36,189703.39,173074.01,115652.97,133705.57,149059.06,149404.96,142998.17,150918.16,133795.36,118625.27,160567.95,158040.97,148779.21,168924.38,163946.06,179252.67,186487.62,171795.42,172064.68,175433.93,171572.74,173819.38,156256.74,173686.54,175568.43,173176.51,175157.62,168211.32,172201.48,156705.38,162775.22,154203.41,141106.4,157913.03,168830.58,171236.15,185692.59,192504.66,189145.77,207921.7,191870.75,188385.14,188462.47,179049.34,172211.35,163642.88,183308.49,193619.19
FR0000130577,PUBLICIS GROUPE,FR,EUR,6383.82,6838.41,6504.58,6126.75,6214.02,6211.9,5327.23,5471.02,5031.03,5072.7,5393.43,5286.51,5490.91,5987.32,5650.94,6145.05,5847.69,5503.08,5672.5,5300.69,5069.24,4859.01,4697.2,4965.91,4453.85,4625.56,5237.21,5513.15,5393.97,5137.23,5689.58,5662.16,5779.42,5233.94,4962.08,5281.86,5247.55,5165.27,5352.5,5513.02,5854.41,5850.74,5918.37,5294.69,5486.84,5120.38,5225.91,5342.92,5448.32,5943.39,5465.49,5883.75,5459.03,5594.83,5199.74,5230.91,4861.12,4720.12,4820.11,4654.28,4972.38,4511.3,4357.17,4818.04,4430.37,4499.18,4235.8,4087.44,4185.67,3659.52,3747.15,3855.06,3774.78,3269.41,2438.68,2528.5,2415.52,2753.39,2741.89,2988.82,2860.22,3069.8,4029.57,4410.63,4594.2,5210.74,5409.12,5734.05,6001.1,5864.14,5785.5,6008.29,6189.95,6146.83,5896.18,6171.64,6135.21,6140.87,5636.47,5568.53,4996.41,4471.67,5117.54,4740.4,4632.69,5422.93,6213.3,6132.76,6799.17,7716.03,7541.68,7913.18,7146.89,7754.67,8146.06,7870.32,7645.4,7628.66,8518.06,9338.08
FR0000130809,SOCIETE GENERALE,FR,EUR,1046.7,1232.39,1136.49,1145.78,1088.85,988.83,948.74,958.84,963.99,908.72,938.89,799.38,763.43,874.92,911.84,945.82,904.67,905.19,960.4,944.79,863.09,906.92,925.85,897.32,738.61,683.64,718.18,761.2,842.54,641.23,699.1,743.88,707.72,797.56,880.88,1008.8,1000.68,911.18,1040.53,1118.71,1124.38,1151.19,1252.91,1197.94,1254.65,1193.04,1080.87,1107.53,1250.61,1231.32,1163.59,1176.65,975.85,956.46,1011.47,930.01,973.98,834.76,833.7,721.35,706.4,697.38,656.47,717.36,621.93,628.77,614.32,630.88,681.04,705.51,782.46,865.1,804.77,698.45,418.45,388.1,365.74,413.05,381.51,403.62,329.78,336.9,495.97,517.53,466.03,619.37,651.69,708.02,812.99,748.09,743.98,798.29,799.78,846.75,786.75,871.6,929.75,730.76,690.58,620.24,724.77,590.91,602.43,600.75,541.17,621.09,668.38,678.07,801.65,783.94,611.04,657.94,671.53,756.14,793.5,828.52,710.47,650.83,733.14,772.85
FR0000131104,BNP PARIBAS,FR,EUR,711.85,754.57,709.03,689.36,662.75,641.34,626.24,639.9,627.27,593.98,607.74,563.59,499.03,552.42,574.43,597.99,584.45,585.5,635.91,611.88,568.26,592.42,575.07,550.62,459.13,453.42,489.13,513.98,537.63,449.44,504.75,516.86,523.41,589.43,591.35,649.91,650.84,596.13,679.46,717.86,749.37,762.98,820.1,806.03,855.93,828.48,804.22,792.95,880.16,845.8,785.0,820.04,693.64,695.48,729.48,659.04,685.6,585.34,562.7,505.35,526.42,574.55,535.8,595.52,547.4,571.58,564.37,543.06,585.24,627.57,675.36,712.67,639.85,577.96,362.74,377.44,431.17,477.4,484.79,525.52,436.5,417.9,617.63,633.81,580.77,718.78,732.75,772.36,836.98,768.52,747.83,777.44,809.83,844.51,781.41,871.01,890.12,743.34,728.23,660.88,767.53,639.81,632.78,630.6,576.32,633.28,742.21,766.74,921.59,946.41,809.26,872.65,829.71,907.4,953.52,933.78,921.87,826.85,908.22,996.28
FR0000131757,ERAMET,FR,EUR,293.53,302.5,370.18,400.72,394.56,364.22,383.87,338.68,324.05,285.47,302.6,284.64,247.49,318.82,281.22,252.77,246.2,238.03,203.83,173.99,113.14,122.08,103.66,98.54,66.51,64.48,86.27,122.46,104.75,100.77,108.0,106.57,122.32,144.13,194.08,184.02,176.78,166.96,131.94,148.15,150.37,150.64,193.41,203.29,208.94,253.39,311.02,365.64,435.16,485.29,422.78,535.34,547.16,410.92,310.22,267.78,330.24,288.2,251.94,215.44,218.05,187.58,173.78,218.1,178.25,210.37,153.57,157.01,156.51,157.72,141.38,162.6,133.53,102.11,100.96,100.37,109.91,113.29,86.35,107.78,80.04,83.85,138.08,165.95,170.64,235.36,224.84,228.05,230.07,206.29,252.37,256.46,240.8,264.39,245.25,258.55,322.35,418.8,525.97,427.03,475.92,333.3,337.38,274.35,256.43,210.86,267.19,287.77,319.53,347.14,336.09,312.75,289.54,305.61,282.44,257.5,256.15,230.95,257.95,264.5
FR0000131906,RENAULT,FR,EUR,501.54,572.76,558.33,558.6,555.11,532.53,491.61,462.31,426.75,437.16,473.82,431.47,453.39,567.25,536.3,621.17,623.3,625.97,556.67,499.27,429.62,569.56,606.62,605.17,507.11,549.83,598.43,580.55,581.43,470.85,541.88,505.6,508.99,537.02,488.35,552.0,558.02,550.84,539.32,577.31,578.6,581.74,577.91,568.9,632.36,638.35,655.21,648.47,710.15,702.41,779.65,698.61,620.79,572.64,593.26,581.36,582.7,504.13,473.14,419.93,477.94,461.86,445.45,459.01,404.64,451.52,403.52,411.91,411.7,366.09,343.58,339.54,280.09,208.7,139.33,142.21,161.17,181.86,170.06,204.46,186.64,177.54,286.12,313.76,307.01,323.15,311.25,289.4,296.65,289.87,272.33,266.23,256.77,257.76,229.72,249.09,280.68,229.87,190.49,178.34,196.26,178.34,210.18,206.3,196.5,220.91,257.03,239.36,290.02,322.97,292.95,266.24,241.01,304.15,317.91,292.8,297.4,252.42,283.74,294.59
FR0000133308,ORANGE,FR,EUR,116.4,117.82,138.98,152.27,157.43,154.59,154.04,148.67,147.34,156.08,173.01,170.04,175.03,181.56,159.61,164.03,156.35,157.29,168.67,161.39,154.27,181.08,176.62,174.18,182.95,180.18,181.65,171.73,179.99,173.25,162.9,162.24,166.58,167.39,155.27,164.46,167.22,163.73,168.26,167.03,189.97,175.67,185.9,188.19,181.69,181.94,191.45,196.12,204.45,191.84,191.29,206.06,193.94,194.15,198.23,188.14,184.92,181.52,198.98,191.39,184.18,181.02,192.57,185.11,185.06,192.17,181.92,184.96,191.0,196.06,201.29,182.98,176.31,166.36,151.8,151.53,149.88,151.25,148.28,141.16,131.79,141.91,160.26,156.58,154.99,152.37,162.32,163.8,167.33,157.32,153.71,156.68,149.54,150.65,147.69,152.62,166.54,173.17,169.8,170.23,177.89,173.26,150.57,149.98,133.83,140.6,148.56,151.0,160.95,174.46,181.39,198.85,181.57,184.58,179.24,177.71,181.76,185.64,194.97,184.79
FR0010040865,GECINA,FR,EUR,1331.78,1501.72,1451.03,1537.73,1632.58,1666.19,1630.74,1618.14,1497.64,1546.31,1549.26,1431.18,1497.69,1505.42,1544.51,1624.54,1555.01,1460.05,1527.69,1492.92,1441.55,1524.25,1430.91,1443.53,1517.97,1468.33,1671.07,1753.21,1712.74,1649.3,1870.44,1930.98,1947.04,1799.65,1624.84,1714.02,1593.88,1577.67,1718.71,1796.73,1944.15,1979.12,1984.34,2052.72,2139.41,2140.46,2201.85,2437.53,2583.14,2318.24,2332.69,2332.28,2322.37,2290.26,2336.84,2355.5,2286.22,2011.62,1914.2,1768.19,2013.66,2032.57,2069.33,2085.73,1994.54,2095.59,2203.57,2267.59,2244.89,2450.13,2468.72,2558.27,2696.55,2520.57,1922.3,1893.47,1868.08,1793.29,1922.55,2045.64,1962.23,1843.62,2260.99,2294.52,2121.3,2067.21,2096.37,2224.94,2424.15,2327.9,2461.91,2408.69,2095.16,2172.83,2084.6,2167.8,2088.27,1977.32,2021.65,1804.44,1862.9,1479.03,1671.01,1465.79,1291.62,1461.76,1573.52,1664.24,1932.85,1896.07,1743.04,1870.33,1713.99,1786.96,1871.0,1851.15,1767.4,1688.83,1912.72,2098.61
FR0010220475,ALSTOM,FR,EUR,14.99,14.27,14.43,21.62,20.9,19.25,19.0,18.74,18.07,18.37,18.52,17.17,17.36,17.51,16.3,16.59,16.51,14.98,15.62,16.38,16.28,17.31,16.41,16.16,14.13,11.58,13.52,13.5,13.27,12.25,13.0,13.95,13.98,14.17,14.32,14.58,14.98,14.38,15.83,16.77,18.52,18.44,19.02,18.92,22.62,21.55,22.02,22.13,23.45,22.51,23.98,24.26,25.18,24.47,24.13,23.76,24.03,23.53,23.59,21.67,21.69,23.39,23.3,23.61,24.48,24.97,26.83,26.42,25.59,26.69,26.94,29.26,32.8,30.17,25.83,25.26,25.98,28.71,34.48,34.43,30.78,27.67,35.6,37.97,36.28,33.41,33.27,36.42,37.43,33.62,27.6,28.81,25.53,23.88,23.76,23.8,21.53,17.25,15.87,14.94,18.24,15.13,16.0,14.01,11.12,13.97,17.35,16.51,20.02,20.0,18.47,17.02,18.6,20.2,20.98,18.94,16.37,9.22,8.49,9.2
FR0010221234,EUTELSAT COMMUNICATIONS,FR,EUR,338.28,363.7,378.52,382.04,390.49,387.06,384.48,372.55,359.8,360.99,384.48,376.0,398.38,397.17,384.02,403.88,394.27,374.05,355.54,349.21,354.67,384.45,359.06,360.84,387.6,365.43,389.35,373.91,240.09,227.62,239.28,233.55,249.25,251.97,231.13,248.89,218.69,252.92,287.15,303.55,330.33,327.15,346.19,372.35,380.04,321.44,309.82,316.51,301.57,319.91,270.5,296.11,262.01,283.36,292.84,324.24,323.05,277.22,313.22,289.0,311.94,290.48,257.31,264.97,258.32,275.11,283.37,256.0,273.54,278.69,261.63,259.21,239.21,214.25,166.57,178.74,158.83,146.95,161.5,160.25,155.48,160.27,193.56,197.99,208.98,211.86,213.18,221.19,222.3,204.21,190.14,201.79,241.11,248.33,237.06,230.07,231.76,208.67,206.41,210.94,223.07,211.59,142.77,170.83,146.22,189.24,164.63,156.17,160.29,147.49,140.37,139.85,133.26,137.05,141.98,128.24,124.43,89.56,86.89,98.71
FR0010307819,LEGRAND,FR,EUR,342.98,400.73,401.35,416.35,418.45,404.02,365.88,365.97,343.66,355.3,347.15,347.98,355.46,365.93,357.04,382.16,371.01,378.57,417.81,388.81,357.24,372.22,396.75,382.6,370.28,336.61,378.62,384.39,379.94,355.19,381.0,412.97,407.16,389.67,386.32,392.86,401.26,390.42,417.33,446.79,473.79,491.74,484.67,492.75,508.28,522.93,528.44,542.56,587.72,554.1,551.45,548.56,530.32,527.04,527.68,541.9,523.29,469.5,439.62,404.44,426.24,473.97,480.75,526.95,480.97,537.35,521.76,518.98,523.86,572.91,579.97,598.37,588.78,556.33,470.87,494.47,500.38,569.58,580.69,626.94,599.59,554.53,636.76,669.86,691.53,654.7,699.15,731.27,798.21,806.96,858.08,872.2,819.56,831.4,830.46,892.07,767.42,726.26,732.68,681.65,671.13,572.86,633.44,565.24,507.88,592.92,620.44,621.03,690.22,722.48,710.45,735.82,733.47,786.93,798.05,785.41,734.2,684.13,766.34,825.75
FR0010313833,ARKEMA,FR,EUR,378.31,385.8,401.59,395.02,371.89,353.58,337.5,273.33,243.81,224.07,256.79,250.84,269.72,282.55,298.07,303.38,279.12,278.74,303.56,272.86,249.83,284.84,278.77,271.61,241.09,237.22,291.05,308.94,317.76,304.93,339.38,354.19,367.98,376.28,381.0,389.56,392.53,386.37,393.05,420.67,424.75,432.72,460.47,440.67,498.06,513.03,497.74,495.16,520.55,532.17,529.37,532.33,504.81,491.12,520.57,520.77,514.08,436.08,393.61,355.46,394.7,418.7,395.26,425.19,358.53,398.87,389.59,376.18,399.31,437.86,444.17,455.28,394.04,400.15,296.05,355.11,384.57,421.9,457.13,490.19,468.84,432.09,515.73,504.74,490.44,490.02,535.91,552.36,594.63,566.33,574.06,598.91,598.99,617.42,587.33,635.72,660.07,602.79,546.16,519.74,558.73,411.41,436.15,393.2,340.87,366.96,401.4,414.88,466.86,472.58,457.18,458.52,418.7,453.7,520.44,505.41,477.3,450.14,490.31,548.28
FR0010340141,ADP,FR,EUR,303.36,326.44,335.27,334.01,357.35,361.25,375.56,365.37,328.29,324.21,337.39,332.66,329.24,334.96,327.79,337.57,345.98,316.32,337.96,321.26,316.9,353.86,317.14,328.36,318.36,331.35,349.11,354.94,342.02,315.74,305.27,295.65,284.72,289.46,282.55,310.51,320.96,328.8,358.31,385.61,442.42,472.49,494.47,522.31,474.14,493.86,560.2,560.35,613.64,596.11,640.91,648.85,614.17,676.1,669.51,658.43,673.26,626.3,581.21,567.97,575.99,583.21,581.16,610.99,512.54,541.0,530.62,529.55,544.61,581.88,599.04,607.46,582.34,451.63,294.86,300.9,320.12,315.46,290.7,322.68,307.56,300.31,389.28,398.93,354.66,392.41,368.03,394.71,425.87,400.32,372.42,360.73,393.9,408.61,356.62,395.94,412.18,438.34,465.0,439.43,458.05,388.23,421.75,422.86,358.25,416.23,464.33,410.62,474.73,447.92,439.54,488.87,465.55,450.88,435.2,414.76,372.32,351.45,387.81,406.89
FR0010411983,SCOR SE,FR,EUR,157.27,169.91,169.68,176.79,178.0,175.18,163.75,156.33,159.15,155.98,159.32,155.29,159.01,168.31,171.85,183.4,182.37,187.97,205.69,187.82,190.7,199.48,209.01,199.87,185.32,186.85,189.55,190.64,187.25,166.81,163.59,164.42,174.05,180.94,177.92,193.82,189.67,202.76,212.1,221.38,231.1,232.16,246.25,245.42,245.94,243.51,239.56,236.22,263.37,250.27,239.88,250.11,226.78,228.56,239.34,249.87,285.81,284.88,295.63,277.08,259.21,277.33,262.21,262.74,264.64,283.15,267.06,257.69,266.36,271.77,277.2,270.85,274.61,230.18,142.07,181.51,159.09,176.71,166.22,172.89,178.9,156.67,220.9,208.44,196.62,215.08,220.53,208.88,209.7,205.09,193.12,211.8,200.59,232.48,215.95,215.42,233.1,225.87,224.21,196.63,193.46,158.43,129.24,122.73,107.66,111.24,138.88,169.56,181.77,182.27,168.19,191.14,199.35,229.42,234.26,243.93,243.99,232.68,246.84,228.58
FR0010533075,GETLINK,FR,EUR,47.01,51.2,54.39,57.09,57.25,58.49,57.23,55.79,52.84,54.63,56.05,56.0,58.1,59.28,61.97,69.29,65.9,63.43,63.36,59.25,59.53,61.7,55.98,54.56,50.22,44.05,49.19,55.97,57.64,47.38,46.41,49.04,48.36,41.76,39.32,42.55,41.54,41.76,45.05,49.04,53.97,48.75,50.52,54.5,55.2,57.54,60.96,58.92,64.44,58.98,65.3,64.65,63.52,64.39,62.05,59.27,59.99,59.13,61.01,62.96,68.86,69.4,71.25,75.51,74.18,77.35,70.04,67.95,72.42,80.72,81.37,83.93,85.21,77.2,58.13,61.4,69.6,69.52,72.56,74.02,65.57,64.79,80.44,83.63,74.49,79.4,74.1,76.77,77.47,75.46,77.49,77.77,75.9,74.39,71.08,80.12,75.67,79.57,88.0,89.23,93.42,85.6,96.88,91.92,75.81,77.08,79.32,77.76,82.05,82.16,80.29,91.09,84.92,85.26,88.45,84.13,80.24,80.77,91.78,91.79
FR0013176526,VALEO,FR,EUR,5600.25,7020.01,7060.41,6859.2,6852.89,6847.13,6121.67,6176.77,5674.83,5706.6,6289.52,6391.77,7228.91,7691.95,7614.05,8187.52,8244.53,8147.69,6944.75,6492.58,6973.01,8041.29,8007.23,8011.54,6686.67,7184.23,8065.07,8204.19,7985.51,7072.66,8142.79,8196.22,9257.92,9129.84,8853.66,9137.8,9690.14,9778.89,10592.48,11401.75,11272.32,10883.51,11164.67,10804.36,12005.75,10948.65,11763.76,12095.33,12796.66,10547.55,10671.23,10835.41,10257.14,9046.17,8132.38,7530.02,7188.29,5353.1,4721.87,4825.64,5178.19,5229.06,4803.2,6003.13,4592.51,5668.29,5503.01,4760.67,5644.6,6473.16,6861.85,6136.19,5191.96,4354.66,2912.07,4035.39,4287.99,4606.4,4513.43,5375.27,5404.29,5310.92,6829.72,6934.33,6577.96,6231.35,5977.82,5693.74,5805.82,5340.9,5132.16,5046.13,4989.18,5203.65,5103.31,5365.8,4899.41,3944.84,3309.34,3278.17,3995.88,3479.49,3847.79,3476.65,2766.06,2979.74,3301.52,3219.72,3920.72,3780.6,3711.37,3522.96,3528.32,3946.38,4174.97,3599.8,3185.75,2422.9,2669.91,2832.5
FR0013280286,BIOMERIEUX,FR,EUR,391.26,395.68,408.28,406.05,421.18,405.8,391.61,395.88,389.97,397.23,397.68,390.75,410.65,411.12,364.43,405.58,419.95,404.53,443.75,430.44,410.66,444.12,436.23,454.09,477.39,484.57,436.24,490.76,496.88,520.5,530.36,582.45,571.98,558.37,533.63,574.07,606.44,591.39,650.82,766.65,808.7,833.33,846.66,942.68,941.76,907.41,966.69,1037.4,1099.49,891.63,953.11,916.79,1016.73,1045.87,967.92,1023.28,968.88,887.26,819.58,763.67,822.56,959.16,961.45,921.2,947.09,968.54,995.01,950.72,966.03,955.33,1056.14,1039.87,1157.28,1068.82,1314.26,1448.75,1676.51,1603.63,1901.06,1775.86,1834.47,1740.5,1689.52,1650.9,1811.06,1493.02,1490.97,1392.29,1344.03,1368.05,1403.55,1443.08,1344.62,1499.15,1658.89,1671.95,1373.03,1297.27,1267.02,1127.3,1234.45,1157.13,1278.77,1089.82,947.08,1050.99,1174.67,1241.17,1204.15,1168.01,1251.62,1244.28,1185.65,1256.48,1288.78,1243.16,1164.74,1146.12,1291.05,1331.52
FR0013326246,UNIBAIL RODAMCO WE STAPLED UNITS,FR,EUR,109059.63,119760.52,118452.71,123415.07,128592.01,134102.39,124258.74,125063.85,119964.46,119927.91,124459.9,121481.36,133562.34,137143.78,128385.37,131958.95,122880.96,121488.4,129226.9,125489.68,125488.47,136899.1,125609.41,125035.59,123690.36,123435.28,136728.33,133433.47,134529.49,130126.44,138453.39,138288.51,136598.58,120899.71,112730.87,122521.94,118352.6,118104.55,121447.04,127685.75,134832.18,131889.96,131092.45,134133.09,129016.75,133311.06,137071.38,135390.46,138814.41,126670.91,124246.48,131354.53,123448.0,121465.41,123165.89,117360.37,112656.31,102293.76,97405.59,88234.74,103482.07,93307.82,95252.89,100292.41,88670.16,88751.77,80286.18,78749.3,88156.33,94178.35,95844.6,97352.68,84381.46,74867.21,35850.77,37915.64,34827.59,37574.57,35791.8,32493.57,25963.72,28945.32,51135.36,57202.37,61551.6,53941.81,58687.25,60330.25,63587.95,63246.23,60798.77,64000.45,53875.15,52264.78,47866.46,51200.96,55116.7,55707.27,55428.2,52414.96,51258.21,37160.86,41117.67,37763.91,30697.57,34575.81,38098.27,37922.85,46952.46,46444.65,39204.26,39155.17,33340.78,38383.59,41535.98,39166.57,36164.1,36035.52,46540.76,54014.79
FR0013506730,VALLOUREC,FR,EUR,15658.8,16857.94,17023.2,18516.73,17065.58,14320.67,14137.48,14319.64,14710.04,11741.22,10631.85,8804.57,6990.46,7605.28,7805.74,7526.46,7893.39,6769.96,5483.76,4244.11,2930.63,3700.62,3409.64,3098.62,1453.45,1766.62,2171.37,2865.74,2145.91,1969.88,2009.37,2439.89,2473.71,2706.91,3112.9,3811.46,3918.38,3036.08,3672.44,3533.73,3482.78,3346.9,3247.05,2794.14,3280.63,3021.31,2985.2,3335.49,3792.5,3009.84,2920.25,3332.83,3393.89,3270.95,3563.33,3164.49,3242.29,2621.03,1302.47,1025.13,993.89,1495.15,1297.16,1366.39,1250.51,1587.66,1926.3,1552.9,1460.37,1337.45,1419.14,1741.46,1400.1,1044.43,624.41,655.93,502.0,575.65,455.61,423.18,274.43,192.11,464.1,451.34,411.28,678.46,470.1,449.28,468.46,361.9,387.45,368.49,349.51,318.95,348.44,399.73,350.6,393.0,518.2,476.36,551.74,475.4,366.79,417.71,387.63,425.36,456.31,523.07,579.76,572.9,504.27,455.75,416.56,471.74,522.3,535.6,488.85,478.13,588.55,618.85
FR0014003TT8,DASSAULT SYSTEMES,FR,EUR,1141.08,1107.13,1128.14,1182.87,1232.89,1249.24,1303.06,1289.42,1247.82,1230.62,1272.88,1187.81,1203.62,1362.23,1317.04,1497.42,1515.55,1419.96,1484.69,1355.11,1439.57,1550.79,1554.61,1565.97,1505.22,1483.95,1552.74,1528.69,1556.68,1492.09,1624.87,1654.4,1707.15,1555.5,1502.79,1501.89,1523.76,1593.32,1706.98,1754.93,1828.6,1772.3,1934.77,1947.68,2003.2,2102.66,2131.85,2105.99,2290.75,2565.57,2687.99,2565.38,2790.73,2787.85,2975.46,3231.83,2975.47,2499.14,2388.22,2358.73,2501.27,2914.92,2965.92,3145.31,2960.28,3194.82,3072.3,2821.88,2850.3,3034.96,3152.7,3289.42,3472.39,3118.83,2961.89,2924.9,3402.26,3465.75,3660.72,3792.46,3763.29,3429.26,3725.98,4084.02,4020.86,4191.77,4306.62,4666.18,4637.47,4886.45,5557.53,5744.74,5308.49,5873.65,6031.67,5992.94,4794.13,4921.06,5012.17,4520.56,4247.35,3714.55,4298.31,3924.91,3542.44,3395.22,3655.47,3617.32,3742.93,3925.3,4163.91,4096.47,4458.06,4508.26,4360.74,4041.5,3800.8,4173.03,4768.15,4970.37
FR001400AJ45,MICHELIN,FR,EUR,1802.8,2088.05,2135.63,2082.73,2166.08,2097.82,1928.11,1946.43,1656.54,1522.27,1618.86,1599.38,1718.5,1693.48,1746.51,1961.28,1925.1,1884.55,1773.5,1739.99,1635.5,1801.14,1803.64,1718.4,1636.82,1630.8,1844.22,1878.82,1889.87,1759.41,1900.47,1972.63,2056.45,2009.45,1991.31,2072.09,1996.14,2094.41,2263.09,2427.68,2406.92,2537.21,2576.57,2601.57,2790.28,2765.15,2776.68,2743.47,3066.56,2953.33,2818.11,2691.21,2544.66,2398.06,2536.87,2335.81,2354.63,2024.61,2060.73,1951.67,2143.02,2365.68,2330.52,2541.22,2338.18,2589.04,2279.37,2145.64,2275.25,2480.61,2447.11,2495.96,2371.53,2154.46,1812.68,1988.95,2059.85,2113.73,2176.1,2357.32,2240.52,2247.87,2602.77,2675.03,2882.54,3028.0,3125.29,3018.02,3264.9,3385.84,3466.17,3434.24,3267.12,3333.52,3118.11,3479.71,3514.68,2956.41,2903.85,2665.93,2863.53,2394.7,2442.7,2155.27,2000.48,2249.56,2426.73,2445.74,2773.14,2780.86,2696.69,2806.89,2610.86,2722.08,3026.32,2893.0,2837.69,2730.73,3099.45,3306.2
GB0000163088,SPEEDY HIRE,GB,EUR,905.39,1041.33,847.25,814.86,791.54,779.08,765.64,910.2,982.57,852.75,959.27,1058.99,943.01,1013.68,916.07,981.48,1007.5,965.53,700.76,637.27,443.62,405.4,457.18,538.21,508.68,414.43,490.28,470.86,499.67,388.77,405.98,444.0,411.59,413.9,487.23,561.98,572.19,565.96,591.01,637.44,673.47,671.85,648.54,622.25,620.65,662.26,702.57,754.42,709.55,690.01,664.18,672.2,685.76,752.52,729.87,711.14,781.22,663.56,679.16,710.14,727.31,710.48,661.84,720.79,741.76,751.38,610.15,536.84,606.97,667.12,763.55,988.19,1016.5,942.89,589.79,757.6,646.74,677.5,635.75,669.31,648.75,663.88,889.82,942.86,896.62,866.83,890.17,1023.41,1031.44,963.57,942.84,940.85,847.19,863.97,818.19,858.36,767.1,705.47,712.01,651.33,592.09,526.24,571.1,491.31,425.36,458.87,512.65,502.65,519.61,470.89,437.38,424.8,402.6,482.47,497.75,490.14,430.97,405.67,441.4,475.43
GB0000365774,AEP PLANTATIONS,GB,EUR,3408.73,3516.39,3583.84,3735.05,3754.59,3680.23,3566.51,3377.12,3212.91,3218.25,3199.25,2707.31,2682.91,2996.31,2786.51,2992.76,3079.14,3061.7,2930.06,2696.9,2689.46,2890.12,2601.72,2459.45,2360.32,2110.86,2497.74,2327.04,2126.87,1669.93,1717.2,1917.02,2015.07,2122.11,2323.39,2629.14,2833.68,2688.98,2713.89,3007.84,3156.08,3347.1,3528.55,3385.57,3671.61,3470.17,3299.51,3252.35,3421.22,3358.5,3419.31,3304.96,3133.93,2894.66,3042.75,2684.51,2361.9,2334.57,2254.16,2298.66,2315.67,2256.93,2119.94,2187.2,1838.29,1946.37,1776.8,1798.33,1752.78,1900.45,2213.58,2427.78,2314.77,2145.07,1852.74,1937.07,1894.65,1962.16,1981.53,2190.45,2106.69,1972.74,2649.04,2546.36,2667.7,2693.73,2689.14,2884.4,3043.13,2695.49,2739.54,2839.42,2699.91,3332.3,3089.27,3119.38,3107.07,3111.59,3217.63,3517.98,3450.8,3145.48,3519.41,3365.26,2798.0,2959.85,3023.25,3092.37,3006.62,3127.86,3258.09,3376.6,3417.2,3148.54,2851.69,3079.72,2917.38,2851.67,2945.38,2859.28
GB0000456144,ANTOFAGASTA,GB,EUR,581572.2,627901.79,579554.01,588306.54,585517.8,577560.29,605783.48,577517.62,522372.63,502282.11,515816.5,524377.98,436291.26,529734.71,485970.63,541102.58,512892.7,488570.91,398652.15,422008.22,342211.17,367622.43,345384.68,312724.98,243829.06,311249.74,305024.38,320021.12,282301.71,281399.5,300433.21,292925.65,309157.97,301106.34,390985.42,378825.38,477135.44,458939.9,473950.02,499518.5,476430.03,478484.51,574617.77,614467.26,590987.27,588342.81,571454.66,631039.45,614521.9,556408.81,599692.01,641162.99,671721.78,625706.12,629841.18,501254.52,537337.1,483271.45,492164.51,480720.02,551417.2,600506.24,606630.92,587849.72,489980.35,587545.4,571108.11,523758.5,555541.78,562722.28,563023.9,609044.76,543499.92,481672.02,480644.91,517983.34,547288.27,585174.59,681194.14,726370.92,671386.24,675426.79,849131.7,999123.6,996375.73,1264506.39,1183108.36,1335853.13,1135506.46,1025635.88,1074669.38,1036366.91,961114.41,1022635.44,955507.89,948804.42,935624.95,1068061.26,1152820.06,1082683.33,1035319.36,779892.16,783833.58,712301.67,697586.75,758189.45,939679.79,1041468.87,1194852.34,1064794.97,1095106.07,1054777.28,952497.34,1067268.85,1240170.25,1061096.05,1008662.6,943848.49,1031173.01,1238169.58
GB0000536739,ASHTEAD GROUP,GB,EUR,25137.02,28440.97,30715.69,28607.43,28612.65,28984.85,29224.64,31841.0,33096.75,32693.23,32309.06,35159.8,32078.28,36101.82,31590.08,33969.01,33550.53,33930.07,30067.34,28914.61,28010.67,30708.55,32774.56,32794.26,25458.2,25706.84,24791.33,26539.51,28359.63,28395.31,31700.76,33575.79,33459.46,31620.96,39676.6,39565.48,41071.14,41888.63,42016.04,42892.41,41093.9,41955.83,43654.38,44185.36,49768.57,53121.22,53004.91,55563.77,61882.76,60215.68,56260.04,57887.46,64122.24,62038.06,63482.67,64217.8,66476.1,51731.45,46945.98,43611.15,53249.77,55922.78,50669.04,58067.11,49341.32,60214.82,58420.32,59006.76,59522.83,64822.08,64852.26,68227.89,69246.88,65294.46,46842.41,58703.24,63304.4,71887.71,68385.76,75543.99,78400.19,78412.33,91979.0,101785.58,110048.85,117717.92,129552.02,139742.2,158802.78,160803.89,162503.67,171008.35,166246.08,183316.39,174619.3,175753.26,153945.78,143098.64,139183.4,114759.68,114481.71,91350.7,122197.52,109509.38,101003.8,116005.13,131197.95,125727.41,145215.25,148070.14,136075.65,127696.48,134804.66,153631.6,164562.54,157204.77,137114.53,128195.61,135419.54,156378.76
GB0000600931,BRAEMAR,GB,EUR,931.65,958.04,992.95,993.81,995.25,1010.68,980.39,955.71,931.74,870.44,794.15,761.6,827.9,842.27,756.31,801.14,928.4,881.37,902.77,851.52,800.06,891.08,811.1,823.26,826.06,733.03,802.81,825.57,823.91,714.87,710.0,634.82,584.1,501.61,522.45,461.63,419.01,428.63,434.06,549.66,522.09,496.22,530.61,527.84,576.59,558.48,563.87,500.89,514.71,466.23,494.13,496.62,528.69,494.35,491.16,467.95,497.67,423.23,427.31,379.67,396.99,347.56,316.51,369.43,371.09,374.72,374.74,379.33,377.14,411.07,380.09,453.45,432.36,306.35,196.95,204.35,243.5,237.47,281.44,290.3,334.71,252.61,323.38,336.54,412.23,492.99,438.29,481.61,532.85,664.85,651.96,625.32,553.78,556.33,433.46,599.42,581.73,526.0,490.4,542.33,559.81,494.9,517.72,628.76,532.65,567.59,650.45,598.2,651.65,612.26,630.51,595.39,596.5,499.36,505.37,497.71,479.41,476.62,599.68,590.97
GB0000811801,BARRATT REDROW,GB,EUR,164099.39,194472.33,181371.28,165992.8,159402.68,169997.18,156849.96,163436.53,170839.63,181346.16,195105.31,198773.86,186340.89,215621.5,212347.79,218037.14,246719.61,263942.63,270632.01,268620.11,266627.92,266842.56,255203.6,260274.59,239887.67,231941.99,227254.42,222494.82,245768.67,154576.23,165680.16,184540.28,183143.87,166885.76,176615.93,172140.67,181067.65,191767.89,205885.99,228740.87,241243.42,223319.25,247570.44,245512.48,251536.39,278809.48,263144.99,280978.74,266953.36,238235.7,238679.69,250378.27,236513.7,221676.01,228197.26,229497.07,240877.01,229396.53,205979.84,205875.39,247467.83,278284.5,272716.04,278292.1,249476.84,258502.58,280235.24,273195.36,283255.97,307896.55,325136.49,372842.68,398926.08,364592.0,206132.5,246778.02,231624.29,230980.76,252629.34,265089.7,231877.97,235179.53,312027.47,345247.92,330675.74,350164.02,388412.02,406732.24,409148.57,365449.65,372248.22,387011.99,350074.64,357291.56,362737.74,398304.72,322595.05,322302.52,270411.03,249464.4,255634.13,223203.69,244973.0,199784.67,165690.04,187871.75,205431.14,207031.57,245526.12,246331.18,250186.38,278725.35,254396.22,233155.9,260613.69,254753.14,251748.43,234850.51,304147.89,335363.63
GB0000904986,BELLWAY,GB,EUR,48562.28,53407.3,52622.81,46202.59,44521.71,51501.38,49066.28,50980.75,48860.87,53819.29,56748.66,59258.23,53693.42,60306.94,57639.44,59999.5,70958.03,73910.94,74543.37,75845.4,74608.83,79435.14,78020.55,84491.95,79653.1,72339.25,76205.56,72457.41,81458.7,51957.48,56987.15,62490.38,63017.32,59153.5,62478.78,64592.95,65979.04,68465.77,71359.45,77736.45,78019.07,82641.55,89937.41,88262.66,94596.91,103655.76,102665.66,105590.58,103460.77,94057.01,93701.23,100057.75,97101.64,88155.21,85051.0,84301.82,87363.33,81540.06,74726.66,73799.64,85983.87,92702.75,91417.93,93472.51,81038.76,83143.15,85304.54,82873.68,96720.28,95917.24,104273.64,121761.16,126824.03,114809.46,64542.36,81095.86,76709.48,75950.13,80677.0,77227.59,73379.67,72891.6,92836.1,99217.85,92925.56,96430.63,115325.76,122838.92,126176.52,111037.93,113202.04,120145.59,109681.95,112660.31,102335.7,115048.0,96914.51,98527.39,81531.3,77936.49,76470.58,67695.08,77314.17,61747.52,49379.1,55475.21,62051.71,62491.06,71013.84,73098.45,74319.52,82566.08,77788.84,70190.59,79182.2,75166.89,77419.23,70363.87,84834.16,94640.67
GB0000961622,BALFOUR BEATTY,GB,EUR,7110.33,7918.91,7405.67,7225.46,6045.72,6094.99,6131.58,6160.82,4667.59,3888.82,4539.76,5227.77,5273.01,6129.61,5636.85,5896.01,6006.61,6016.53,5816.85,6628.07,6024.81,6086.56,6108.63,6298.22,5624.04,5540.74,5787.22,5527.68,5703.98,4545.37,4655.11,5847.18,5739.84,5249.58,5306.71,5271.83,5160.02,5461.19,5344.9,6028.24,5809.05,5612.74,5557.63,5532.82,5767.25,5836.23,5749.43,6444.28,6443.68,5861.06,6021.19,6553.86,6576.98,6057.94,6228.98,6090.01,5781.13,5468.76,5209.7,5165.08,5863.37,6231.59,5555.84,5327.25,4936.08,5076.55,4157.53,4327.83,4509.17,4852.05,4751.19,5760.72,5828.72,5231.4,4467.86,5447.25,5153.97,5360.71,5253.3,4967.14,4808.84,4594.49,5672.25,6144.33,6149.59,6405.29,6775.45,7186.21,7349.62,7080.21,7042.15,6579.64,6108.16,5820.1,5233.43,6004.08,5711.26,5443.81,5725.13,5157.59,5680.74,5343.74,5910.61,6348.63,5920.52,6020.95,6753.36,7112.13,7899.81,7734.66,8064.07,8430.77,8113.35,7724.15,8014.37,7391.41,6984.68,6768.04,7426.23,7616.12
GB0001110096,BOOT (HENRY),GB,EUR,123845.75,131245.55,121859.88,129977.4,118158.13,110485.81,110285.55,118015.03,111130.38,110527.12,104557.69,108696.58,112339.85,118076.55,124023.85,119884.64,127347.35,131248.85,134760.42,133933.48,123252.04,130759.07,126758.92,121008.56,115680.36,109818.78,119057.29,111434.78,113572.73,95326.85,89101.34,99506.51,96735.54,90457.9,92097.2,94119.78,98445.5,107134.36,108246.07,124963.29,151022.41,151958.23,153720.42,151113.43,156867.2,165711.0,159716.3,172155.68,188915.46,163240.73,160747.51,156257.76,156482.62,152911.14,135852.48,138719.89,150067.81,135043.06,134082.88,122390.85,136662.32,142436.07,132770.6,148999.36,126049.12,128318.24,123453.48,122539.51,126431.96,134103.25,146920.41,175182.12,180326.89,160965.09,102801.48,123399.26,129661.11,130301.48,136769.8,145107.13,135033.04,134238.8,141971.18,146512.69,156994.78,148088.5,153678.4,161664.21,171118.22,151606.45,161454.31,160987.79,163695.59,164650.98,153239.78,165017.21,162306.61,170952.7,178486.47,174505.71,177153.83,152795.04,150991.51,141349.18,120915.03,120672.35,122206.29,123965.24,127951.07,124232.97,120916.0,131734.98,129329.76,119057.16,124506.31,118663.85,108282.85,95020.19,105434.41,120019.95
GB0001367019,BRITISH LAND,GB,EUR,17567.98,19019.47,17930.86,19174.6,19723.24,19753.9,19706.1,20142.81,18908.85,19545.13,20169.56,20317.32,21078.05,21662.39,21080.34,21822.3,22436.78,21286.58,22579.2,21697.96,21852.08,23328.03,21784.05,20102.04,18385.16,16085.32,17812.93,18634.44,19055.65,14523.73,15945.77,15542.05,14705.94,12951.41,13389.56,14092.93,13443.64,14084.13,14152.96,15759.29,15186.24,14771.0,15115.41,14797.93,15168.38,15175.78,16190.18,17787.08,18283.45,16639.43,17521.26,18018.0,17552.06,17459.69,17037.6,16252.7,15824.15,15081.54,14362.69,13539.46,15261.55,16260.4,15735.12,15876.01,13798.87,14255.32,12940.49,12916.35,14992.36,16947.31,15712.38,17858.85,15624.27,13676.32,8909.24,10906.86,10761.6,10203.61,10269.22,10464.73,9322.12,9633.06,13458.66,14285.65,13405.17,14892.31,15152.58,15615.51,15772.46,15066.48,15644.58,16080.37,14714.39,14931.65,15119.03,16153.79,16579.7,15960.13,15685.23,14601.44,14878.06,12491.81,13774.03,11532.42,9006.54,9691.95,11111.63,11246.37,12887.96,12797.06,11346.45,11902.92,10059.61,9435.64,10659.28,10050.49,9480.44,8848.29,11291.54,12922.77
GB0001500809,TULLOW OIL,GB,EUR,8716.88,8984.32,8372.78,10076.03,9588.35,9895.87,8340.11,8266.52,7124.29,5299.47,4548.95,4400.55,3737.91,4081.16,2866.61,4337.05,4110.96,3642.81,2616.48,2340.7,1746.55,2136.67,2015.86,1665.28,1659.75,1605.91,1929.69,2793.8,2287.59,2389.98,1789.79,1945.92,2241.8,2203.58,2537.01,2634.62,2524.65,2277.39,1995.16,2174.44,1889.61,1567.44,1774.53,1610.61,1999.27,1935.26,1934.77,2232.45,2274.51,2005.77,2201.59,2511.27,2690.36,2590.05,2379.06,2423.9,2749.35,2310.23,1883.92,1826.48,2156.14,2348.43,2510.39,2388.61,2049.52,2168.36,1929.32,2041.97,2163.29,2186.65,1390.14,695.83,550.02,353.27,109.14,268.43,226.57,321.46,270.59,225.49,162.12,213.19,305.37,331.85,289.86,503.95,534.57,614.74,598.48,674.14,511.66,503.42,567.24,517.15,453.1,516.34,548.13,591.78,580.71,580.11,564.75,467.06,513.34,464.12,386.8,382.69,428.09,364.48,365.15,347.56,320.06,288.42,252.67,294.66,364.1,363.99,343.99,330.43,375.48,407.2
GB0001570810,XAAR,GB,EUR,1884.21,1853.84,1615.2,1376.07,1507.23,926.48,964.85,725.43,638.5,465.88,452.76,629.64,484.16,621.62,640.66,705.06,733.32,775.81,857.53,832.11,904.52,842.29,720.95,660.69,725.93,700.55,747.83,758.28,763.36,604.62,713.21,712.39,706.91,558.1,523.54,537.95,546.35,498.76,483.15,528.75,525.09,544.17,617.69,557.67,667.76,725.85,565.6,558.81,579.09,487.97,525.8,550.12,463.53,361.14,379.04,279.08,245.69,214.31,226.61,212.3,226.68,224.62,158.38,145.27,121.63,119.89,124.91,123.54,58.89,70.61,93.62,84.16,58.91,55.47,29.2,61.44,87.35,80.91,128.16,133.82,144.06,194.59,246.93,280.31,212.97,208.8,226.65,284.71,338.03,288.84,345.0,357.31,260.85,272.43,226.46,283.19,332.15,312.9,391.0,357.69,309.11,254.48,315.24,277.71,221.86,224.85,289.35,268.09,241.84,238.94,295.09,251.24,251.3,251.94,280.84,275.13,258.0,235.59,186.15,170.61
GB0001638955,WETHERSPOON (JD),GB,EUR,6049.95,6320.26,6599.51,6613.99,6254.66,6280.57,5829.01,5741.6,6007.45,6320.41,6014.31,5995.51,5570.75,5938.63,5238.21,5512.66,5660.93,5841.78,5263.16,5451.89,5255.23,5698.28,5127.34,5255.6,4574.89,4776.74,4816.97,4653.48,5230.35,4521.97,5419.96,5569.25,5853.62,5134.46,4952.35,5304.0,5698.37,5891.96,5712.07,6244.63,6447.28,6149.94,6545.73,6829.29,8172.11,8075.49,8079.7,8305.59,8744.97,8533.73,7804.36,7830.96,7957.17,8153.83,7837.72,7931.66,8347.81,7785.41,7195.01,6993.54,7878.83,8609.67,8421.72,8798.65,8301.48,8993.39,9276.52,9515.79,9451.86,9418.42,10302.84,10960.38,10171.68,8540.66,5450.17,5930.16,6993.33,6184.08,5517.67,6821.24,5380.18,5545.05,7332.73,7589.55,7863.37,8597.18,9321.46,9202.68,9313.91,8096.18,7850.9,7620.65,6996.59,6976.43,5644.08,6475.68,5953.93,5847.57,5119.16,4594.08,4680.62,3770.19,3369.14,2790.3,2247.02,2583.35,2627.06,2658.32,2781.89,3387.98,4398.27,4458.51,4522.84,4253.6,4327.2,4557.91,4199.01,3815.39,4320.56,5140.37
GB0001667087,CAMELLIA,GB,EUR,94117.15,96246.08,99341.37,107342.34,106737.62,123578.61,113577.69,105026.22,93245.6,90124.78,92276.83,89856.91,88492.04,90059.42,86818.03,92545.49,92888.08,98445.35,96911.46,96519.55,96388.24,96983.19,89378.07,87528.19,84447.63,80359.7,76373.71,77600.0,77436.28,70102.22,79187.44,73201.83,72004.92,69372.43,79111.09,88951.14,93087.1,90215.51,87553.72,93086.19,93289.12,90415.15,90657.23,89782.18,94624.58,99031.34,102779.7,107317.45,118530.58,113451.53,111482.15,116663.94,112483.78,102645.03,104662.03,92648.65,85338.39,88592.33,93039.9,92219.68,98619.68,100853.68,94129.5,96621.89,90833.39,90408.03,88247.2,82038.54,81304.75,82014.42,80190.77,80292.86,78069.68,73656.67,59048.91,69023.59,65940.11,63121.17,69095.19,66082.16,61117.97,59320.36,67116.31,69200.59,71689.39,72989.32,65965.71,71551.81,70712.79,66888.8,67569.06,65156.2,62806.81,66077.54,62581.43,66514.49,66128.14,61772.64,57289.07,54628.36,54837.21,53938.53,56060.49,49760.86,45435.19,41664.38,39658.53,42372.62,43821.5,43451.94,45475.94,45390.96,44483.81,54285.23,53970.44,52199.08,41791.6,41272.12,49256.93,44907.29
GB0001795680,CASTINGS,GB,EUR,291460.38,297372.55,287404.7,307823.51,315752.79,318228.61,351595.58,320674.42,304751.61,284007.92,265474.86,257412.37,235627.6,247175.28,237434.82,236711.53,248106.13,272369.94,279990.52,275793.14,273361.17,286682.01,308495.72,294013.91,279984.14,265705.25,310555.38,304522.39,281174.7,259150.47,275308.98,269244.99,258616.32,243137.57,247892.43,239156.8,264182.19,254679.02,275024.18,284547.74,292898.2,278097.89,288829.27,285352.33,301242.31,292662.23,290795.65,284549.83,312870.18,293610.7,288885.01,281343.33,265453.57,258023.05,267841.94,266347.49,252205.05,242107.25,258656.25,238983.09,255291.55,237746.82,229690.34,231407.8,261746.05,275322.1,267477.55,244240.22,243894.93,256106.47,247376.21,295578.04,301119.5,251742.08,194977.67,219785.14,225928.73,241554.41,248023.29,242020.68,230846.32,226632.71,260013.93,279840.64,288718.05,277708.54,287031.15,289572.23,294940.64,307268.33,312787.91,291587.64,270317.46,281053.87,278505.06,278893.36,270856.08,259300.32,226429.9,232522.44,219638.62,233871.04,243664.68,230079.79,194882.47,229098.5,267527.8,263372.77,282011.69,282689.8,269936.05,297466.12,296461.61,328745.05,349468.45,300290.08,282616.52,305691.49,330280.34,319460.74
GB0001826634,DIPLOMA,GB,EUR,1801999.96,2046395.41,1887164.94,1754216.44,1745506.18,1743958.18,1719291.6,1815434.96,1778595.06,1770500.87,1809327.55,1787603.58,1837212.35,1994128.09,1923947.54,1975511.9,2009687.67,2069977.71,1889961.14,1818868.56,1640856.97,1613856.21,1771693.94,1859345.28,1567245.27,1651776.36,1770286.14,1776354.18,1814692.22,1862191.28,1893893.2,1818966.37,1908315.12,1912949.42,1961780.36,2177803.13,2166151.78,2260773.21,2246310.66,2433826.72,2465870.36,2450107.94,2430441.21,2382101.37,2436751.31,2445871.88,2678059.46,2919791.45,2874917.7,2613848.17,2770442.25,2875143.44,2910695.71,3014409.63,3006424.82,3295827.78,3215887.76,2926272.79,2857185.14,2721577.96,2950397.17,3175873.64,3355218.49,3683692.24,3327049.67,3463512.57,3299579.47,3428902.2,3640331.92,3675485.73,4278370.08,4814673.86,4610973.03,4311944.7,3593602.53,3907031.89,4062538.97,3982582.5,4275224.63,4640279.05,5111767.2,5168279.63,5156618.51,5459150.08,5799344.93,5904503.46,6404952.34,7234683.58,7506374.32,7340382.93,7525049.7,7720697.82,7011545.4,7534338.34,7760868.82,8361710.62,6826425.22,6633437.57,6411972.27,6402012.96,6094106.29,5032196.23,6219197.44,5436082.04,4824807.11,5323181.53,6201490.28,6210286.41,6337234.98,6350671.6,6551288.29,6365763.61,7125769.18,7193742.0,7900021.99,7530397.48,6952586.01,6539383.98,8041781.54,8658818.94
GB0001859296,VISTRY GROUP,GB,EUR,1036.49,1197.55,1156.52,1034.02,985.58,1048.38,999.86,1085.82,992.94,1059.14,1058.93,1084.36,981.3,1174.37,1115.05,1154.3,1344.69,1409.96,1436.73,1366.46,1245.08,1292.14,1170.35,1221.13,1084.34,1089.19,1124.29,1072.68,1234.47,818.35,912.57,985.43,971.16,790.2,867.89,865.73,887.37,829.33,934.54,1052.04,1040.07,1096.43,1177.45,1199.78,1315.31,1399.46,1358.62,1420.14,1396.05,1297.09,1472.69,1568.48,1544.73,1393.93,1394.63,1347.73,1365.2,1208.57,1070.33,1071.38,1302.02,1404.15,1400.65,1462.57,1246.53,1328.8,1303.17,1265.37,1413.86,1559.29,1631.96,1907.43,2002.41,1798.27,786.17,1121.86,1040.38,966.35,887.8,937.37,809.01,775.69,1216.8,1413.65,1274.25,1295.81,1689.29,1921.11,2111.84,1822.32,1859.0,1867.15,1847.44,1908.1,1629.54,1829.78,1565.26,1533.99,1414.56,1250.83,1358.43,1209.21,1335.57,1069.88,783.09,859.72,912.85,931.73,1134.99,1228.57,1195.81,1267.76,1155.05,1082.4,1309.37,1278.1,1434.83,1105.84,1214.06,1507.65
GB0002018363,CLARKSON,GB,EUR,13514.28,14364.93,16738.18,18462.74,18622.33,17027.96,15423.35,16228.23,15976.56,15095.73,12937.91,12394.59,11841.08,12994.15,14007.32,14616.34,15880.14,18336.28,18373.52,15068.66,13275.77,16147.07,15090.61,14274.84,12542.07,11470.46,13728.65,15057.46,14359.31,12913.28,10710.08,12554.03,12037.02,10525.27,11726.53,11870.62,13015.16,13742.66,14373.35,16381.06,15534.03,14732.12,15816.38,16216.76,17369.11,17612.38,17597.97,17512.82,20269.64,21323.02,19170.05,15020.43,15695.01,14018.15,15441.8,17130.61,16395.51,14160.86,14021.54,11268.18,15681.28,15453.31,14410.91,15783.43,14412.5,15220.17,15022.35,13345.7,14542.83,17577.2,16760.42,19303.04,18540.89,15319.99,13796.94,15159.06,13666.99,13361.67,12992.05,15898.19,14385.73,12796.37,16993.18,18350.74,17069.12,17656.68,18864.91,20893.19,22181.28,22326.2,22716.58,26634.81,26137.95,27970.72,24397.95,26808.97,22551.73,22656.09,24851.77,23633.52,20282.89,18977.56,21700.81,18213.15,15401.18,16700.12,19085.51,20413.67,19858.93,20989.76,20042.52,20439.94,19026.83,20164.49,19235.12,18604.12,18085.26,17388.38,20026.78,21858.85
GB0002074580,GENUS,GB,EUR,1595.6,1446.27,1225.24,1271.05,1332.35,1455.91,1312.22,1385.74,1359.92,1466.76,1515.88,1462.54,1378.34,1581.64,1530.39,1558.8,1709.87,1690.01,1693.35,1594.81,1619.75,1692.16,1651.47,1741.41,1549.78,1516.21,1678.52,1678.31,1684.21,1597.91,1846.64,1821.6,1932.73,1749.38,1774.08,1707.95,1662.49,1660.67,1667.0,1714.73,1868.65,1786.87,1761.6,1855.22,2175.33,2412.77,2458.52,2665.4,2679.06,2340.5,2553.29,2722.16,2677.68,2718.63,2938.86,2893.7,2434.67,2209.9,2418.16,2152.96,2306.6,2294.57,2287.55,2486.54,2651.23,2665.03,2556.24,2532.84,2720.76,2961.36,3270.64,3347.55,3230.31,3209.35,3224.43,3433.02,3439.79,3481.21,3559.67,3599.36,3974.43,4230.83,4451.11,4596.91,5421.33,5641.77,5382.91,5654.24,5765.18,5502.9,6158.06,6559.83,5923.31,6087.76,5158.64,5392.67,4112.83,3548.42,3005.55,2555.19,2813.71,2463.79,2793.6,2368.16,2364.0,2378.62,2824.9,2923.91,2904.21,2921.05,2904.69,2761.64,2561.09,2250.92,2587.21,2411.28,2091.14,2120.64,2065.31,2283.93
GB0002148343,RATHBONES GROUP,GB,EUR,18583.66,19711.2,20501.74,22498.37,23804.41,23311.97,23564.55,23191.47,21501.19,21519.12,20977.35,22187.61,22969.7,24183.12,21413.02,23228.45,24002.91,23849.61,25097.48,23627.55,22281.36,24864.8,23752.32,23120.23,22858.06,22307.75,21644.26,21576.09,20351.53,17045.38,17400.67,17468.39,17412.82,15954.51,16821.15,17948.44,19159.23,20618.69,21937.16,22615.98,25197.14,24474.36,26212.28,26635.35,26092.28,25497.31,26112.53,25902.49,29063.21,26899.6,25661.88,24715.48,24688.95,26106.25,24558.26,26097.19,24081.1,22631.95,23796.89,22950.42,23421.17,23579.65,22318.08,25719.75,21166.11,22119.95,21137.56,21262.0,21648.09,21247.24,21802.0,22328.72,20570.2,16778.43,14698.27,15578.86,14562.56,14332.26,17368.51,18462.28,16524.71,15541.21,16378.62,17449.84,18326.44,17870.67,20128.7,19945.37,21712.13,21312.1,22254.36,24020.62,23435.79,23316.7,21112.2,23179.63,21594.98,19166.1,22487.31,23331.5,23030.35,20870.63,19491.28,18555.18,16470.94,19412.03,22607.45,22023.58,23149.06,22655.61,21291.79,22736.07,22878.48,21891.15,21439.93,21019.76,20370.4,17455.31,19328.93,21324.76
GB0002318888,CRANSWICK,GB,EUR,18563.57,17983.79,17434.26,17282.65,18157.64,18494.85,18548.47,19170.37,18727.36,19622.47,20079.75,18920.69,17237.88,19416.08,17857.57,19172.77,21431.14,21991.27,22885.62,22979.41,21487.65,23541.75,24042.87,25284.45,26503.6,24255.94,27420.5,29375.17,30176.06,25262.85,28144.59,28344.12,27500.93,23415.28,25342.11,26372.99,26542.74,26423.72,29149.31,31608.31,34867.92,33547.57,35238.64,35486.5,36479.28,37672.4,40134.52,41782.33,38671.02,38999.44,36927.02,37149.49,41555.44,41255.08,40214.06,39310.67,41321.18,34577.34,33858.26,31568.43,35727.57,30964.68,33402.8,35578.96,31858.46,30994.77,31188.38,32162.3,34760.66,38432.62,38739.59,43199.76,45294.0,40915.23,44108.16,45112.06,43859.42,43002.57,45735.6,48612.2,45627.96,40500.14,44728.07,47082.89,45873.84,46541.5,49088.12,50534.19,55026.38,53665.29,55816.1,54104.13,47741.32,47012.65,46660.15,49975.17,48994.75,47019.21,46244.61,39767.24,38311.45,37111.34,41205.02,36356.77,30329.45,34713.4,37137.3,37785.34,39977.79,38671.25,37905.45,41174.76,41107.41,42115.21,44573.1,44344.96,45020.99,44028.23,50481.72,50701.75
GB0002349065,REA HOLDINGS,GB,EUR,9500.28,9439.97,9439.71,9490.72,9985.37,10249.9,9636.38,8696.07,8292.38,8082.4,7928.95,6892.63,6264.63,6248.65,6002.41,6027.17,6092.03,6148.08,6054.06,5273.13,5269.32,5292.58,5109.92,5031.92,4861.13,4514.48,5483.16,5848.93,5082.04,4192.18,4094.96,4191.88,4241.63,5012.86,4879.44,5632.69,5810.28,5509.64,5227.17,5939.37,5550.89,5509.7,5538.71,5415.59,5508.64,5735.75,5759.22,5552.03,6050.24,5612.73,5605.52,5201.03,5747.41,5856.15,5479.17,5294.59,5025.42,4279.64,4306.44,4018.69,3912.59,3612.15,3395.45,3211.57,2542.7,2197.2,1773.46,2582.85,2517.88,2861.49,2918.93,2860.96,2915.01,1899.56,1603.49,913.45,879.32,910.78,975.95,1012.94,994.74,928.01,1148.1,1029.7,990.01,1048.64,1048.22,957.91,932.92,920.03,1042.83,1014.46,1015.69,1772.64,1787.88,2259.51,2402.98,2411.84,3013.74,2768.23,2575.09,2049.52,1919.89,1745.51,1667.34,1697.36,1694.06,1625.58,1584.08,1800.44,1602.96,1657.92,1430.48,1122.09,1023.29,860.3,1041.74,917.99,1174.63,1174.6
GB0002374006,DIAGEO,GB,EUR,97508.04,104828.64,103312.89,102193.19,107184.52,106243.69,100407.1,100017.95,98155.44,99741.95,105230.9,97766.17,100359.94,102585.46,94673.56,95475.94,95014.24,99300.62,95774.01,93062.05,93800.92,101470.8,100560.31,95704.71,93496.52,91703.12,95723.44,95720.81,96368.81,98730.51,101559.65,99386.27,103342.9,95767.44,90156.41,93833.73,99772.09,102635.24,103839.1,105694.02,109244.53,107158.04,117388.26,123349.53,121545.27,126140.35,128406.57,136139.98,133004.29,126444.31,126221.98,133026.6,137128.57,134062.18,137113.81,132533.9,134181.48,130967.52,136330.7,134711.26,144439.5,147965.79,156126.37,160951.96,160039.74,164444.21,160991.57,164971.9,158805.63,158326.44,158290.28,163932.84,153412.95,137905.52,125207.92,135420.16,134685.59,129351.38,143524.99,133282.03,135893.07,128169.62,152514.15,156049.91,160630.76,157477.35,165184.93,180265.55,193786.52,191480.28,198811.01,195044.82,197216.16,201938.2,203892.16,221732.01,202603.32,204415.78,208050.04,206346.53,189429.63,175360.74,193208.89,181307.35,175485.36,171486.75,187730.28,181754.21,179389.89,176861.06,186574.51,190080.2,173202.82,179366.35,182518.78,174189.57,156946.41,159787.78,148270.99,154305.14
GB0002418548,ELEMENTIS,GB,EUR,121615.28,139665.96,138121.36,138728.73,142132.06,131866.57,135056.55,138068.48,123428.92,125811.88,119093.86,121643.42,123703.5,132213.96,128375.1,143154.11,142708.23,123457.01,122690.25,111699.21,104194.22,111659.58,117878.88,104064.24,94119.95,100198.5,106042.45,101850.77,98759.93,85970.31,94663.24,91945.87,92034.22,94559.44,102413.49,111451.22,109589.99,121222.9,117583.8,132666.44,130682.12,128777.18,131722.68,117104.26,123417.04,128199.33,125210.35,132201.2,139553.19,136525.69,140712.72,132640.94,135470.42,115105.88,117712.54,115387.44,121848.02,99569.15,95253.98,88159.28,91156.14,90755.65,80489.55,80526.66,71141.56,70295.73,72171.29,71259.36,72193.04,76217.74,86794.17,93928.5,66782.52,51302.86,24066.4,34973.92,32589.88,31519.16,33168.87,38265.86,38918.46,38105.03,63458.43,62267.45,59886.9,69833.53,68586.59,82044.8,89076.69,82463.01,78533.39,83515.44,79579.21,75743.15,70746.43,70604.06,75676.31,68560.2,62062.31,60622.12,58956.88,47551.81,52540.26,51160.8,39906.06,42185.18,54672.59,57367.64,61053.19,61333.82,58330.95,62531.81,52628.0,51366.06,56367.18,57319.84,60046.52,56909.44,59371.64,64432.28
GB0002634946,BAE SYSTEMS,GB,EUR,7512.0,7335.2,7355.73,7426.27,7803.03,8138.46,7941.22,8127.53,8404.3,8217.84,8437.05,8241.52,8535.45,9206.66,8702.55,8950.51,9010.07,8135.71,8591.45,7973.83,7775.15,7942.62,9081.31,8600.94,8549.38,8350.47,8545.17,8371.59,8427.67,8387.0,8488.88,8444.35,8149.85,8056.23,9125.71,8890.01,8906.16,9535.7,9772.18,10068.93,10664.07,10214.2,9843.1,9716.57,10516.66,9926.39,9410.97,9758.24,10638.74,10054.7,10272.11,10831.83,10950.97,10991.13,11028.42,10137.91,10570.93,8790.14,8201.49,7651.81,8808.54,8109.6,8224.28,8652.03,7660.57,8470.55,9024.57,8926.85,9436.73,10191.36,10137.93,10227.13,11376.56,10622.02,8843.68,8765.28,8385.05,8164.12,8794.23,9767.95,8748.79,7360.24,9647.86,9580.47,9098.56,9700.56,9990.31,10336.72,11040.27,10635.49,11811.32,11537.28,11239.75,11344.23,10877.62,11168.7,11614.5,14480.98,14166.64,14220.0,14583.01,15431.69,14341.58,13823.84,13494.27,14535.87,15186.58,15962.44,16351.92,16853.53,18834.29,20079.01,18124.1,18567.29,18879.93,20112.99,19186.8,21338.71,21173.03,22549.55
GB0002652740,DERWENT LONDON,GB,EUR,8362.44,9489.62,9232.54,9385.57,9469.1,9448.03,9318.5,9560.36,9170.18,9844.99,9857.57,9746.94,10125.71,10723.07,10528.04,10949.52,11349.24,11174.68,11847.39,11593.05,11553.1,12559.34,11894.32,11343.47,9629.76,8859.02,9495.31,10082.92,10136.62,7389.7,7982.61,7569.61,7187.03,6282.26,6404.99,7285.99,6602.13,7464.64,7479.65,8101.93,7836.12,7565.41,8239.67,7872.44,8278.01,7847.44,8304.22,9314.38,9188.61,8741.74,9609.44,9702.76,9180.37,9402.25,9392.85,9065.53,8598.16,8637.06,8421.39,8385.63,9833.01,10025.39,9692.2,9537.21,9491.96,9286.55,8372.5,9080.25,9790.56,10829.89,11277.04,12523.91,12772.76,11804.31,9559.02,9389.3,8711.0,8220.42,9046.59,9074.87,8029.73,8305.97,9815.06,10227.98,10526.97,11184.14,10763.52,11314.35,12059.46,11258.5,12409.54,12814.08,11516.31,11450.32,11077.59,11424.56,11283.45,10087.93,10435.8,9517.01,9420.36,7972.69,8771.75,7124.15,5723.43,6323.96,7085.28,7229.95,8068.15,8032.45,7400.22,7839.35,6912.77,6767.45,7069.4,6113.36,6188.27,5820.24,7014.67,7915.65
GB0002869419,BIG YELLOW GROUP,GB,EUR,1067.17,1200.61,1142.12,1087.99,1050.5,1080.61,1078.82,1115.18,1074.13,1114.04,1189.27,1229.99,1190.6,1267.19,1247.1,1331.87,1291.82,1322.91,1450.61,1367.8,1447.06,1528.36,1583.02,1591.82,1458.81,1369.71,1491.63,1582.1,1626.56,1421.16,1283.17,1348.67,1379.21,1150.04,1130.11,1177.24,1203.0,1264.27,1269.55,1391.73,1414.73,1454.89,1444.93,1473.31,1436.31,1460.14,1595.6,1693.73,1776.4,1648.77,1723.07,1827.67,1781.98,1843.08,1827.37,1792.57,1752.68,1613.51,1631.72,1660.28,1881.71,1946.33,1928.14,2025.34,1914.88,1910.45,1837.09,1976.84,1942.34,2241.78,2168.31,2447.89,2393.16,2096.65,1916.96,2082.12,1903.71,1940.91,2092.51,2245.71,2103.58,2225.29,2377.03,2381.56,2412.08,2520.21,2443.22,2629.92,2952.96,2867.56,3246.33,3374.96,3024.67,3260.08,3472.01,3764.57,3263.69,3091.34,3292.92,2923.29,2764.14,2594.37,2869.25,2560.67,1957.88,2145.08,2147.83,2282.92,2510.2,2478.71,2437.7,2594.61,2403.8,2300.67,2380.63,2348.92,1975.25,1998.28,2364.16,2686.24
GB0002875804,BRITISH AMERICAN TOBACCO,GB,EUR,1200864.13,1364798.66,1435606.54,1489563.03,1559143.68,1535279.4,1518108.18,1544136.59,1476988.28,1484792.01,1554839.5,1427937.45,1474447.25,1529282.98,1392178.7,1484144.3,1479046.08,1443818.29,1594547.63,1458257.65,1503916.51,1624479.45,1586838.64,1514775.97,1506549.08,1490928.5,1643576.67,1707902.38,1708338.86,1810090.85,1790900.88,1748547.78,1809506.7,1618436.69,1551014.14,1613548.91,1741690.38,1786189.27,1915555.6,1950102.73,2063418.05,1965072.49,1796085.54,1820286.09,1832919.35,1891478.18,1856042.48,2002414.69,2021517.34,1745907.65,1730922.85,1645215.48,1537763.62,1529375.77,1666720.67,1462975.8,1413781.34,1330004.13,1076239.42,995989.77,1105665.58,1147728.22,1322677.32,1238768.79,1105543.16,1132401.59,1169922.29,1135235.75,1199559.52,1152261.42,1304425.74,1432698.52,1481200.83,1309139.06,1166944.78,1325412.37,1345057.82,1308470.01,1150595.5,1177502.56,1246904.99,1120280.12,1247199.28,1334796.89,1315893.96,1253042.49,1407092.91,1365208.87,1417843.55,1422082.42,1396932.79,1407785.31,1343311.81,1335473.23,1280600.74,1444304.21,1655707.46,1707125.97,1668166.58,1669118.2,1750476.04,1695222.82,1579376.79,1618524.55,1475683.85,1619665.07,1654565.01,1643798.94,1587235.07,1584815.91,1492474.28,1563359.87,1345404.64,1408990.17,1462764.08,1444450.9,1397891.03,1323424.97,1413315.44,1333396.26
GB0003062816,TOWN CENTRE SECURITIES,GB,EUR,78146.45,93345.16,86381.89,90407.1,89480.32,96214.04,89095.54,85690.05,89672.19,91554.59,94156.99,93494.13,92373.1,101812.86,99966.69,105554.93,103120.61,105388.27,106694.06,104981.23,105111.78,112422.61,111112.56,111932.56,99666.47,103410.66,99987.55,105474.29,105695.75,86115.79,91749.86,94340.9,91288.02,79221.59,84875.59,82423.74,81800.58,87502.41,88530.08,89531.69,92654.45,91726.11,96306.36,95070.71,102908.76,98624.4,100533.07,97711.57,99690.92,96592.34,99746.33,100695.47,97391.48,96295.87,92353.8,89533.97,88509.18,82193.74,77550.97,68868.55,77692.21,74367.69,69776.89,72888.88,68578.97,69587.66,65479.84,61229.06,57518.41,69716.91,76589.97,80683.36,81744.16,73550.16,47370.8,47140.78,37049.25,33501.76,36242.34,36303.96,31824.12,31552.28,43818.86,44931.9,46529.23,48385.16,54341.25,52727.89,55162.92,58371.67,56911.9,54820.35,51829.7,49472.95,50369.97,56243.52,64183.4,58307.59,59661.99,57637.2,56372.44,48999.56,64729.0,60311.37,51112.25,54456.9,59026.98,55403.2,59348.12,57618.83,52582.41,54802.85,51899.5,49661.75,51867.7,48309.75,46914.53,45504.04,56571.74,56399.17
GB0003096442,RS GROUP,GB,EUR,13823.75,14271.43,14941.79,15534.65,15197.87,14608.82,13063.47,13190.45,11753.3,11900.55,10666.49,11162.12,10241.5,11556.95,11936.86,12392.81,12143.14,11425.5,10667.79,9680.45,9305.5,10864.97,12484.83,12306.88,10392.96,11577.79,12157.39,13253.17,14473.73,12508.15,13998.56,14355.09,15858.73,16358.46,20109.94,21421.7,22181.52,21505.51,21528.21,24419.19,27535.37,27595.05,30094.39,30007.15,30675.65,33956.04,31710.07,31437.89,32340.99,32154.21,31257.43,31140.33,34767.59,37551.03,35320.75,36177.88,35142.78,29716.23,24893.98,24453.29,27061.59,27917.48,27744.81,31898.02,29034.09,30992.05,28676.8,27228.77,30529.9,33871.06,32824.94,34852.41,33922.61,30063.14,24851.22,28306.67,30504.58,32190.38,33429.41,35298.77,35763.63,34112.5,42455.6,46745.75,47647.25,53624.95,54174.0,58361.01,55646.64,56752.45,56451.98,58461.92,58030.39,61566.56,64140.35,65556.36,59821.57,53283.41,57280.16,53158.63,48986.69,42955.56,51165.26,51434.38,44027.57,44917.91,44832.17,44174.02,47456.2,48529.65,46344.11,47492.03,40487.75,40315.17,42109.9,40181.98,37441.63,34277.91,39900.51,44060.85
GB0003308607,SPECTRIS DEAD - DELIST.05/12/25,GB,EUR,9936.37,11203.87,10515.16,10222.84,10607.65,10455.26,8872.61,8906.23,8073.19,8017.13,8217.93,9114.52,8729.15,9355.87,8917.01,9175.3,10049.93,9347.74,8585.07,7902.41,7215.44,7325.46,7619.71,7557.23,6385.22,7165.33,7541.33,7590.28,7082.94,7075.2,7234.96,7353.37,7413.84,7315.39,7464.22,8357.69,8892.15,8842.63,9134.27,10441.78,9994.5,9710.05,9608.99,8834.39,9580.06,10149.77,10119.87,10044.49,11077.03,11209.93,11283.09,11061.94,11237.11,10426.24,9188.25,9257.57,9363.17,8371.51,9334.14,8869.74,10455.58,10726.48,9994.67,10947.41,9715.05,11375.0,9681.31,8740.35,9353.04,9704.13,11367.13,12069.54,10935.35,10876.37,9555.37,10546.78,9938.1,9781.39,10571.21,10645.72,10038.61,10286.67,11414.78,12377.1,13395.56,13629.48,14749.01,14476.1,14891.8,14589.38,16188.89,17685.54,17023.57,16932.53,15209.46,16260.0,14820.65,12355.86,11230.28,12154.93,12689.64,10984.12,12622.11,10830.88,10189.51,11699.16,12718.11,12150.12,13255.11,14326.2,15222.26,15896.93,15552.73,15585.16,15404.18,14367.03,14125.85,12928.62,14667.09,16557.22
GB0003452173,FIRST GROUP,GB,EUR,422.68,456.9,469.66,421.24,453.75,417.97,412.38,407.57,375.63,346.6,341.69,321.24,288.84,314.51,260.7,295.39,334.42,362.88,347.72,323.7,285.75,288.51,306.06,305.37,254.72,248.23,268.37,282.43,303.8,258.89,257.13,277.92,265.12,258.37,245.59,247.18,252.4,288.81,318.71,340.99,373.4,315.27,294.01,292.09,303.1,282.05,285.94,288.1,285.01,218.02,222.38,300.26,230.72,212.86,223.65,222.48,229.26,210.94,219.75,205.09,234.95,229.47,228.83,277.9,280.6,240.21,271.42,305.7,327.17,322.56,300.71,320.76,315.11,290.53,120.79,162.81,132.61,120.12,89.46,112.88,95.06,102.41,155.96,195.32,190.24,242.96,245.22,198.63,223.7,218.46,222.55,239.83,231.58,266.79,237.57,267.28,261.91,259.59,285.5,273.45,332.17,298.98,316.42,260.86,228.73,235.91,239.02,238.83,262.34,251.08,252.54,277.72,279.7,364.64,377.33,368.56,369.2,384.08,410.34,451.38
GB0003718474,GAMES WORKSHOP,GB,EUR,1539.67,1490.69,1558.86,1743.31,1784.68,1977.54,1943.2,1797.23,1801.1,1680.85,1619.1,1552.37,1414.76,1561.12,1462.99,1549.35,1529.43,1570.08,1745.71,1745.44,1686.59,1764.52,1866.57,1759.94,1524.41,1504.76,1438.27,1465.1,1546.97,1282.28,1370.21,1503.37,1397.2,1538.5,1620.15,1955.96,2387.84,2541.97,2801.43,2974.29,2841.59,3733.86,5059.15,5062.08,6450.87,7361.07,6472.21,8801.11,8239.99,8264.8,8115.2,8417.36,9684.88,10042.32,9961.04,11731.85,12625.49,10033.95,9905.2,10008.43,10373.48,10853.08,10683.31,14245.04,14786.48,16617.27,14602.96,14113.92,15506.53,15420.48,19877.88,21690.45,23612.74,21724.89,14494.94,20500.11,26568.15,26736.57,31111.28,33437.4,35862.59,36501.73,35762.56,41913.46,38834.44,36572.26,37815.75,41318.94,46879.82,43498.55,43663.58,44131.02,38471.77,36730.73,34537.84,37663.23,29946.36,28194.67,27149.06,26404.85,26255.41,23025.28,26750.08,23738.16,18672.28,21422.05,25498.92,29952.33,34058.53,33010.74,35154.69,37246.32,35024.64,41472.36,44777.24,41475.04,39213.27,36421.81,41210.57,38243.86
GB0004052071,HALMA,GB,EUR,293641.03,305183.48,286677.2,283047.84,296443.04,300910.83,287193.09,310105.0,299771.64,301150.41,317027.16,326129.88,318246.92,334986.92,315463.19,333111.95,354447.07,364588.42,362816.06,356640.09,335663.57,362156.03,398757.71,393825.95,366534.98,382055.57,404691.59,403638.65,426226.7,419959.61,433514.6,432121.45,424143.65,398262.71,366725.68,347221.72,364362.77,378901.71,400906.67,426536.29,463202.88,447365.18,457086.8,444315.6,474053.41,495187.15,546621.12,540167.21,575500.69,526173.63,524142.83,533839.8,569295.3,573213.99,588751.28,593730.71,601102.92,541290.68,558415.69,556729.72,590200.19,662417.95,698223.05,751812.94,733535.84,823899.43,784674.93,769857.24,782166.56,780699.6,877244.79,905458.31,897149.53,795873.02,769397.15,851531.02,930462.45,919159.33,923370.49,963530.37,983589.19,993390.01,959857.71,1089239.95,1103156.1,1031268.53,1065730.81,1165883.17,1204397.33,1210019.13,1312031.41,1349973.34,1251697.07,1326220.67,1296875.63,1419033.31,1096386.15,1059127.97,1081991.37,1017352.68,919736.61,798801.91,920992.44,794847.67,751512.63,801640.61,851524.69,784778.35,873972.43,865856.8,910870.69,958753.11,986775.73,956749.99,956150.31,902914.78,786348.72,744067.06,896589.94,971194.43
GB0004082847,STANDARD CHARTERED,GB,EUR,125152.3,130192.59,128339.26,132890.26,138292.4,125378.44,127738.19,125475.33,115162.68,93630.19,91408.2,93526.73,83042.59,95391.17,105072.81,106433.47,103314.98,103731.63,99007.89,76965.64,63495.46,72881.12,57645.98,57101.95,45918.24,41228.32,46679.92,55585.36,52947.93,51873.09,55169.99,57788.52,56093.32,59735.7,55050.59,56355.52,66934.05,61783.49,65573.08,64127.01,64937.58,69384.1,76717.64,68190.96,68382.29,68487.19,68696.21,72522.86,80103.53,76780.43,69415.07,73348.46,69715.89,63487.74,62660.05,56971.7,58007.88,49076.77,54347.77,54240.9,56446.18,55931.25,54851.66,64965.1,61643.34,64709.31,58995.95,54416.5,60568.38,65162.64,64802.96,67796.03,59752.66,51622.51,39709.17,36924.07,32718.26,39063.93,36375.42,37743.3,33071.19,32676.9,43368.51,45750.08,43798.9,46410.98,50174.22,52376.72,52553.31,46365.67,43728.88,45784.05,43001.68,49621.76,40277.11,44424.75,52680.29,52980.21,49783.87,51342.41,58823.99,55675.92,50882.37,51867.32,47147.04,44629.42,54788.01,55788.25,62306.68,71823.46,57452.28,59752.74,59408.36,65691.13,72750.24,68640.03,70426.85,58193.69,62947.16,64687.57
GB0004161021,HAYS,GB,EUR,2085.11,2289.52,2322.7,2444.99,2436.83,2400.26,1979.06,2130.27,1811.56,1923.17,2027.58,2213.36,2272.52,2306.7,2220.74,2316.98,2415.88,2519.19,2550.13,2407.82,2276.38,2162.7,2203.69,2137.22,1790.44,1591.42,1741.7,1879.3,1983.86,1307.31,1580.96,1712.99,1688.59,1694.66,1763.42,1873.34,1948.29,2058.58,2006.7,2263.97,2202.33,2204.02,2247.72,2410.28,2597.38,2617.75,2636.91,2617.28,3040.86,2822.48,2809.07,2626.28,2596.66,2619.89,2771.82,2811.43,2829.05,2323.03,2213.78,1973.03,2193.61,2237.17,2178.64,2202.9,2084.86,2228.62,2103.19,1900.45,2071.34,2401.35,2547.11,2841.81,2416.68,2086.7,1687.34,1616.63,1645.86,1736.88,1689.94,1907.47,1725.66,1631.23,2053.31,2309.06,2283.93,2513.61,2436.53,2672.43,2911.67,2588.12,2430.7,2588.13,2737.14,2856.61,2431.57,2485.97,2423.73,2285.79,2045.42,1956.77,1954.69,1714.58,1968.97,1726.69,1571.96,1746.88,1925.27,1921.42,2095.63,1970.57,1918.38,1990.34,1855.7,1808.01,1915.7,1888.43,1854.65,1690.65,1910.62,2018.24
GB0004170089,HEADLAM GROUP,GB,EUR,132079.64,138021.64,138604.42,141188.0,131680.92,126309.99,120677.94,121284.53,117817.82,111165.36,116589.36,123121.98,121288.82,122860.34,114688.66,128308.91,133021.02,133666.39,136648.53,135244.05,140026.85,153706.14,142060.95,137551.43,129609.58,126426.74,138281.53,132426.97,135346.37,111843.84,121649.57,112627.32,124567.42,116604.07,114596.61,118609.49,134444.14,143633.21,155539.7,165309.93,155559.37,143178.14,158821.85,165395.79,162178.45,160522.46,151856.0,163207.07,169869.24,157719.6,129684.44,127331.69,129579.72,138960.56,129578.22,126991.2,133599.06,124152.65,120667.75,114581.38,112862.13,122583.1,127524.28,123006.13,131370.92,139047.5,122767.25,115037.02,127200.76,141963.65,135783.22,164055.29,159582.62,149309.25,89118.55,87590.96,91574.94,81226.68,83547.73,88640.59,80198.98,79612.79,110941.62,113908.89,124283.35,130420.45,144672.32,147424.29,156973.76,140668.22,171311.54,165734.82,154224.86,146860.78,135514.39,136503.25,140267.91,123849.4,117812.2,107314.8,102739.73,91599.97,94566.14,79786.02,65486.6,72264.6,93976.45,94610.11,106446.75,104047.95,97892.91,95583.87,80826.82,85662.61,77641.19,75092.93,74313.05,60739.21,66517.91,76149.02
GB0004270301,HILL AND SMITH,GB,EUR,384078.73,402479.76,390335.56,406257.21,406238.33,376974.76,376297.72,400032.09,399028.82,397646.84,394409.19,401346.44,405913.84,396752.68,451280.37,473642.92,483870.38,480605.38,488139.07,497403.44,480318.93,475440.13,500093.92,508818.51,486782.37,492536.91,591880.66,623621.54,634199.13,550015.43,658964.73,706976.53,681372.72,566991.11,713942.77,689972.72,706610.28,639223.54,740748.51,800139.95,876025.4,845313.54,833070.95,780819.72,799710.04,827865.06,823076.71,860443.33,809949.81,795247.5,885614.75,868239.34,903162.63,941290.9,952936.13,664774.93,619827.19,610098.1,742479.88,742998.76,706020.36,763027.06,787418.88,808696.48,751903.8,737206.81,683819.19,692784.48,761961.47,838517.45,876308.3,972764.47,933784.04,851324.84,591235.14,725625.14,786404.08,766248.21,791691.06,811650.41,769496.59,773483.24,878501.21,967292.8,931744.18,892506.84,1019245.27,1022828.18,1094355.55,1047842.69,1146358.96,1294043.15,1243165.39,1276344.22,1133816.37,1243785.34,1024862.87,967312.19,990955.39,888441.31,898281.9,729269.18,830444.2,628739.99,527350.03,589880.43,737359.5,739079.8,813201.26,877123.64,869887.78,906678.56,946034.64,1016063.24,1080321.68,1208235.68,1118341.45,1064056.41,1222584.41,1304999.22
GB0004478896,HUNTING,GB,EUR,22513.03,25820.76,26111.03,26380.67,25385.3,27076.35,27109.0,27249.01,26703.99,21717.35,16768.31,15405.66,11103.44,13734.75,13530.17,17151.45,17918.09,18287.17,15274.78,15186.47,11575.71,10654.46,9579.46,8633.56,8329.45,9399.02,8825.66,10294.19,8644.38,12393.26,10462.56,11756.25,11500.89,11872.91,13030.86,14975.69,13498.24,12726.34,13645.6,14055.65,12604.0,12238.05,11909.02,10009.7,12280.15,13426.91,14144.3,15820.11,16836.56,16193.49,18193.64,21308.59,21704.08,19787.72,19812.34,20936.48,19670.85,16724.49,14015.87,11854.35,14246.26,14121.2,15021.6,14979.59,12490.96,12674.92,12182.45,10857.6,11020.08,10016.0,9945.9,10890.66,7949.77,7999.96,4273.76,4590.54,4121.96,5241.37,4695.52,4317.27,3322.39,3644.0,4744.26,6158.32,5545.64,7123.42,7135.59,6959.02,7580.39,6223.69,5965.51,5905.02,6212.32,4812.3,4041.46,4749.46,6005.84,6506.82,8199.66,7626.49,8751.19,5494.69,5505.77,7031.68,5459.81,6549.71,6901.33,8518.52,9124.03,8509.04,6205.53,6351.15,5861.26,5474.26,7335.0,6717.61,8051.97,7696.84,7211.6,8253.56
GB0004544929,IMPERIAL BRANDS,GB,EUR,2822.48,3155.19,3120.78,3335.64,3488.46,3474.15,3402.88,3420.26,3385.73,3400.19,3634.06,3466.71,3793.56,3989.64,3556.36,3966.07,4184.19,3924.65,4272.58,3980.17,4235.2,4426.9,4486.79,4391.36,4461.39,4368.36,4675.39,4586.92,4639.13,4592.17,4482.14,4458.13,4399.57,4116.32,3712.97,3789.23,4000.75,4146.22,4247.67,4298.16,4144.54,3962.8,3638.86,3677.62,3809.42,3636.12,3771.16,3893.48,3747.12,3355.37,3164.38,3335.58,3387.55,3499.98,3600.67,3383.89,3304.76,3216.29,2995.21,2948.87,3235.41,3334.51,3415.04,3171.22,2446.83,2382.72,2600.47,2662.92,2318.72,2253.96,2362.98,2655.65,2758.18,2219.83,2074.53,2367.22,2054.64,2154.3,1897.93,1932.61,2036.52,1823.1,2163.83,2499.6,2403.91,2294.39,2534.26,2569.59,2836.49,2682.49,2673.76,2682.47,2657.07,2672.62,2657.97,2852.62,3061.65,2944.43,2839.1,2800.54,3057.28,3020.92,2966.02,3023.1,2836.75,3350.1,3548.21,3492.89,3505.73,3488.21,3312.01,3553.73,3056.76,3216.03,3443.82,3340.11,2997.04,3129.74,3540.55,3488.07
GB0004657408,MITIE GROUP,GB,EUR,156520.92,172915.66,162013.38,160362.54,167912.29,165812.43,156684.72,159585.57,142017.52,146480.14,133521.39,134328.3,125662.92,144920.34,127014.28,136486.92,146786.14,156713.81,158953.62,144352.56,146243.39,157020.52,151949.92,147602.5,129082.43,125425.35,118944.91,127974.41,132027.55,109398.0,108960.0,116861.01,82214.67,84845.65,84764.86,93199.07,84870.3,86455.71,93264.6,91145.4,105093.72,120764.04,117959.27,116505.57,115399.18,105784.79,89496.01,88305.23,85295.87,73363.49,75499.18,85505.29,80534.25,71043.65,69457.25,66405.48,65861.94,63917.76,63605.62,49060.93,53788.57,59715.15,67532.29,59526.65,65146.34,66005.55,71620.08,63290.39,63953.98,72660.68,60068.68,68724.75,62678.38,63886.82,28835.59,33439.9,31183.47,36824.29,29791.71,30949.74,29434.29,25310.23,35307.81,38903.16,45753.41,50756.11,60239.83,59682.73,66998.5,65206.74,61187.38,72603.8,66452.21,62227.79,58958.08,61050.71,56254.67,52508.26,50697.9,47553.67,49673.08,48658.07,68171.66,60523.68,49996.83,58815.64,64840.62,64818.68,69361.71,70658.08,73056.98,83525.72,79587.54,90557.47,96781.01,91007.35,92710.92,88316.18,91669.5,94472.96
GB0004726096,SPIRENT COMMUNICATIONS DEAD - DELIST.17/10/25,GB,EUR,33837.75,38076.79,36049.88,35145.95,38343.52,35514.47,38002.94,37840.51,37475.63,26535.32,23257.84,26103.15,29624.0,31677.38,29106.21,30303.33,30690.45,32072.48,32788.03,27408.56,26045.56,25851.92,23654.72,24000.47,23906.0,26818.88,29315.84,26653.23,26819.56,25174.57,27849.72,26172.84,25042.82,23608.92,23499.11,28687.5,28765.04,30865.45,35648.95,36264.8,37652.31,36255.27,37269.54,30331.02,31175.0,31740.59,34648.36,33315.64,34557.68,34350.67,40920.5,41431.48,38883.1,38645.95,37601.33,39283.0,45014.81,38618.07,42281.35,38557.79,49579.16,50947.55,48597.7,53691.77,51256.68,50436.54,50175.76,58843.0,64056.78,67331.76,71436.19,87204.98,76423.08,70207.21,68392.1,80610.36,81468.26,78964.78,97453.04,104095.17,98610.9,99833.19,92041.91,96246.35,87530.54,87812.61,90758.22,97149.11,97859.88,93883.43,97862.83,113933.89,104591.51,109523.52,98294.1,103787.1,91714.19,90455.42,88102.07,81610.06,82205.52,84882.77,96412.86,85061.56,82995.51,84818.52,94818.19,88684.33,76531.48,73064.82,62201.53,65674.88,64580.58,60377.38,63158.24,58494.64,49556.4,34719.74,42535.13,46245.57
GB0004866223,KELLER,GB,EUR,2974.5,3253.45,2737.06,2573.44,2446.12,2447.8,2280.49,2396.99,2239.32,2094.38,2082.09,2153.81,2105.24,2457.31,2248.86,2454.41,2598.01,2569.6,2636.9,2433.8,2109.13,2028.52,2011.11,1978.66,1872.3,1861.88,1989.71,2084.54,2279.75,1986.28,2221.27,1954.62,1891.34,1377.76,1609.86,1729.43,1696.18,1774.7,1880.79,1986.68,1881.04,1933.43,1966.78,1826.65,1883.52,2133.05,2205.68,2255.26,2434.21,2136.4,2093.28,2452.19,2443.22,2349.96,2482.2,2400.65,2353.01,1470.47,1327.86,1116.24,1212.49,1251.98,1427.85,1627.62,1610.15,1436.38,1480.95,1485.12,1308.84,1262.87,1543.45,1861.15,2064.31,1552.83,1221.73,1453.11,1475.2,1467.42,1441.27,1637.45,1535.63,1281.15,1679.63,1896.36,2068.79,2181.33,2204.72,2275.77,2361.93,2264.98,2504.12,2844.01,2657.93,2602.74,2460.03,2762.5,2361.36,2183.72,2273.74,2199.33,2030.29,1877.57,2063.26,1777.11,1527.84,1570.81,1896.42,2090.62,2163.71,2133.02,1823.91,1824.04,1828.26,2004.3,2480.47,2231.61,2099.23,2153.71,2362.86,2569.15
GB0004915632,KIER GROUP,GB,EUR,3375.62,3462.3,3047.4,3103.31,3147.61,3354.1,3261.45,3129.3,3035.34,2713.21,2515.07,2646.13,2677.02,3064.13,2719.97,2874.22,2985.53,3231.41,3251.41,3328.89,3031.07,3152.21,3021.08,3038.9,2802.72,2745.26,2783.88,2627.57,2709.44,2121.75,2151.34,2463.69,2655.16,2582.95,2711.32,2641.08,2702.78,2820.57,2706.59,2738.9,2565.48,2519.72,2688.77,2397.61,2565.51,2270.75,2314.7,2419.92,2462.06,2349.28,2207.32,2493.12,2374.98,2134.11,2135.83,2076.9,2087.19,1979.59,1145.67,934.64,1220.89,1247.65,862.77,892.16,639.22,246.63,137.61,260.87,262.39,267.74,208.69,231.96,215.08,260.56,169.64,191.31,185.82,219.73,152.89,144.75,114.77,111.26,170.37,194.37,192.51,220.47,226.74,222.11,348.43,386.31,373.39,377.23,346.02,312.03,303.98,317.56,280.24,265.96,239.38,212.21,210.87,175.76,198.16,177.58,161.55,146.75,160.93,152.04,179.74,202.56,179.73,205.48,204.73,203.5,240.78,229.3,299.17,260.7,293.57,291.27
GB0005405286,HSBC HOLDINGS,GB,EUR,2762.0,2828.58,2766.53,2786.36,2910.5,2795.73,2963.02,3014.12,2825.37,2876.02,2804.26,2667.6,2573.7,2507.93,2450.44,2864.16,2760.95,2605.17,2628.49,2344.5,2220.03,2333.44,2372.49,2352.4,2078.62,1906.7,1917.45,2038.04,2023.64,1945.68,2053.55,2341.48,2381.61,2414.8,2547.36,2605.4,2731.48,2648.5,2679.49,2710.95,2904.51,3078.67,3323.53,3252.71,3326.28,3313.16,3375.9,3523.03,3629.1,3426.59,3237.13,3465.0,3359.1,3287.06,3356.88,3079.74,3094.09,2954.05,3038.51,2953.59,3012.92,2997.87,2986.74,3198.1,3025.48,3110.88,2992.03,2716.4,2902.94,2882.37,2848.14,2995.91,2779.14,2556.75,2152.02,1975.91,1748.2,1787.33,1716.04,1688.97,1489.24,1603.35,1980.41,1978.64,2008.15,2276.66,2287.53,2456.13,2535.6,2258.5,2164.93,2109.37,2087.21,2401.77,2201.81,2411.64,2809.23,2740.21,2825.17,2570.39,2743.37,2656.46,2552.99,2549.55,2161.45,2133.91,2515.12,2570.37,3042.29,3188.39,2900.6,3077.84,3165.09,3418.22,3596.24,3235.74,3447.07,3147.5,3382.03,3594.59
GB0005576813,HOWDEN JOINERY GP.,GB,EUR,825.83,930.89,907.76,803.53,794.68,785.46,849.46,870.84,815.68,817.13,913.9,937.62,952.21,1069.73,982.6,1069.01,1178.61,1230.18,1168.98,1119.58,1113.87,1089.03,1190.6,1180.33,1080.95,1043.96,1045.21,1100.71,1138.79,792.38,885.13,922.45,866.6,712.15,699.81,737.87,738.75,828.48,843.79,931.99,924.63,836.09,885.68,867.9,914.27,868.81,972.44,1009.13,1053.34,976.2,1031.25,1047.48,1079.82,1146.2,1013.3,1036.86,990.04,978.28,927.3,905.47,1085.08,1069.59,1032.1,1080.88,1050.06,1070.01,1126.91,1086.91,1145.17,1247.42,1361.83,1487.62,1515.04,1356.29,1059.93,1106.02,1216.98,1140.37,1074.39,1256.32,1274.75,1374.68,1406.02,1573.81,1540.65,1625.07,1688.46,1869.61,1935.63,1927.36,2131.24,2223.43,2063.63,2164.69,1966.17,2095.69,1870.42,1965.47,1735.65,1674.17,1505.76,1281.68,1441.55,1164.03,987.68,1046.3,1232.58,1194.38,1502.73,1534.28,1525.87,1558.4,1472.5,1479.15,1717.39,1697.79,1627.84,1411.4,1690.93,1892.05
GB0005603997,LEGAL & GENERAL,GB,EUR,124501.8,141757.0,120079.16,130031.44,140390.45,140126.64,143885.09,147699.17,136541.89,135984.12,142158.15,142631.02,148050.8,158935.08,152180.36,151649.84,153943.22,148571.75,154408.08,149393.93,138634.61,155299.09,157095.7,151722.51,132770.0,121600.53,129944.02,131127.42,139804.93,102282.88,109577.29,112630.93,116172.88,104545.1,120473.63,125110.24,120849.5,126352.39,126455.35,135657.35,138498.91,142954.56,150762.86,145147.76,150954.8,153495.11,156582.94,160080.44,166588.3,156638.5,156559.8,167654.38,161849.96,158323.25,155352.37,151698.22,156928.26,147488.5,143410.19,135026.63,156609.71,171295.57,164642.37,173602.66,154811.52,164181.0,153443.53,130858.87,149777.03,166963.48,177785.1,196405.52,197047.02,162496.33,117610.82,134603.51,127997.05,142360.4,146496.98,155028.0,129742.66,127316.96,179758.17,193886.06,178529.3,193164.29,205177.86,210156.26,225190.65,198293.07,202514.56,211146.68,215211.32,224857.49,211766.16,228797.67,218941.26,211186.67,203348.45,188710.52,195142.73,173417.01,189365.92,178696.38,146990.62,163090.09,182237.03,182536.92,190185.64,188425.49,179656.73,189566.76,182136.49,186176.41,193473.4,183295.54,179622.55,169668.83,191997.62,211720.94
GB0005746358,MCBRIDE,GB,EUR,195.81,219.25,206.43,193.79,202.79,192.24,187.85,178.48,164.75,149.5,146.35,145.71,141.67,173.3,160.83,168.74,174.68,187.38,218.74,211.99,267.18,293.23,280.47,288.11,259.69,288.88,275.87,271.12,265.91,247.81,257.58,240.44,289.89,276.63,261.26,269.55,246.4,274.08,298.4,303.15,297.79,295.3,302.51,274.55,342.87,351.25,374.7,383.6,311.41,264.44,273.02,256.71,211.63,218.83,230.46,210.27,229.76,205.67,216.71,202.09,223.76,168.85,165.41,179.95,139.41,131.1,102.96,86.72,84.73,121.19,140.2,154.97,108.9,114.64,93.42,98.37,93.15,101.92,104.1,106.19,104.24,106.85,120.03,150.86,145.64,151.66,155.24,175.16,172.19,169.19,157.56,145.22,136.83,129.14,113.6,109.38,90.29,80.36,75.49,61.68,54.62,25.33,26.29,35.24,35.38,37.11,33.66,33.19,40.76,39.11,46.35,53.79,49.46,45.26,64.42,65.66,63.98,70.55,119.27,133.83
GB0006027295,MORGAN ADVANCED MRA.,GB,EUR,14563.28,16516.93,17060.04,16164.41,16581.45,16160.25,15449.78,15396.11,14022.65,13171.67,13499.65,14601.81,13510.14,15033.64,14932.38,15258.2,16025.28,15491.1,16698.93,15548.46,12904.41,13040.48,11564.99,11161.34,9252.55,9043.21,9995.5,10577.53,11465.98,9792.55,11481.66,11813.76,11873.04,10500.28,11294.09,11296.46,12138.45,12420.82,12417.12,13841.72,12611.08,12056.04,12913.25,12650.86,13655.01,13641.57,14204.72,15075.76,16326.18,15426.23,14794.83,15648.75,15386.28,14578.6,15824.12,14941.09,14646.62,11923.36,12020.16,11500.38,12040.74,11773.26,10863.27,12496.27,10961.61,12447.67,10829.87,10951.46,11289.5,10907.83,13273.17,15025.27,14715.16,12704.76,8211.82,9860.89,9421.77,10654.28,10190.33,11066.38,11008.73,11565.58,13543.62,15320.47,14450.26,15619.21,15488.23,14969.46,17286.83,17782.08,19519.01,20124.01,17724.77,17455.58,17504.86,17871.13,15801.16,15012.23,15022.15,13321.16,15147.15,12543.52,14556.98,11603.13,9517.3,10861.03,13791.48,14507.04,14823.53,14391.59,13418.11,14772.69,13782.82,13699.85,13788.95,13082.54,11738.97,10976.77,13004.02,14504.36
GB0006215205,MOBICO GROUP,GB,EUR,1098.42,1167.3,1069.94,1105.93,1091.11,1050.46,1037.22,999.25,915.22,946.93,986.11,920.67,912.16,1043.64,1001.1,1075.6,1160.18,1176.96,1151.49,1108.31,1063.64,1140.05,1192.1,1209.39,1057.96,1130.44,1216.92,1199.73,1245.65,995.32,1130.24,1168.78,1140.81,1145.41,1133.9,1114.8,1085.64,1152.85,1148.25,1206.99,1249.55,1242.7,1253.35,1222.19,1254.48,1289.38,1302.89,1361.53,1377.37,1271.22,1434.33,1461.0,1443.85,1433.99,1435.41,1406.98,1394.51,1399.25,1410.49,1303.4,1418.94,1544.66,1447.64,1503.29,1404.61,1433.32,1441.5,1467.82,1515.34,1640.45,1703.0,1766.72,1673.38,1536.58,724.69,978.64,761.18,655.48,564.7,479.12,561.0,549.7,839.42,921.59,975.72,1187.17,1206.03,1178.03,1220.77,1045.92,1073.98,1003.68,923.6,889.9,802.54,989.32,952.54,909.94,871.23,887.1,950.62,670.47,635.19,579.61,534.81,553.24,583.4,444.1,465.7,428.05,427.34,451.76,391.53,366.05,355.6,320.11,327.13,228.9,255.43,325.51
GB0006449366,ECORA ROYALTIES,GB,EUR,413.95,459.86,409.11,439.14,415.05,421.62,447.83,379.68,300.38,297.0,256.24,228.3,186.92,212.17,181.78,216.69,211.77,212.69,203.18,204.42,179.03,171.76,158.55,140.69,132.49,122.71,171.5,182.02,179.06,184.55,209.89,212.62,244.09,257.51,248.08,279.05,289.06,260.41,264.95,263.97,253.27,257.75,276.95,325.52,322.71,327.42,352.34,377.47,399.29,383.06,390.0,407.09,363.4,354.36,332.51,370.18,362.74,320.05,350.2,364.23,416.35,422.27,425.07,539.18,496.27,518.65,495.58,453.04,481.65,494.52,459.39,508.92,461.51,333.79,282.74,402.67,403.65,344.08,326.71,297.88,344.06,290.9,285.57,372.19,373.33,415.1,389.39,415.26,444.74,414.33,417.65,411.58,396.67,398.79,391.25,415.34,424.13,436.53,536.36,523.02,456.8,414.48,452.61,451.43,399.4,419.93,404.26,431.85,439.9,394.65,352.38,362.45,332.83,361.82,364.26,345.55,329.71,262.66,284.55,322.52
GB0006640972,4IMPRINT GROUP,GB,EUR,77947.24,76792.37,74863.64,75979.93,76035.41,73687.41,79966.98,83814.29,80943.04,84750.94,87360.02,84462.57,89036.8,96607.13,102889.21,114447.24,113746.94,114979.38,130263.94,116195.93,128887.29,137238.79,130562.25,128445.67,114857.45,110737.33,124368.38,134375.74,138278.29,121042.28,131777.76,147074.54,159731.02,141301.5,144862.99,153935.78,147284.46,144108.57,156744.98,164460.75,158115.7,156035.87,149238.85,186779.67,176717.99,183702.23,177714.42,184894.78,204596.58,187334.24,166199.49,178207.55,175168.18,170819.66,199322.22,211875.07,196756.37,175350.06,197345.99,178160.27,197977.81,201695.23,243039.99,267799.67,254066.51,264379.27,262834.67,262317.98,286435.69,297769.46,310683.08,357192.82,338064.04,274133.54,185417.66,183535.68,222229.41,235985.02,242028.12,225119.78,187110.25,207375.98,253944.3,271662.35,254817.26,264312.38,261902.85,252096.01,316646.14,286317.86,302166.68,307188.12,315641.82,304894.55,290672.28,297055.27,292161.23,282791.42,287741.18,268770.38,264362.42,220937.6,304401.98,349604.13,299646.94,315882.8,397824.24,406588.32,445808.24,428830.69,471696.94,448194.51,479097.89,511725.21,479001.86,548055.52,543427.0,516597.06,458427.55,494065.55
GB0006650450,OXFORD INSTRUMENTS,GB,EUR,2354.69,2062.8,1811.21,1866.32,1882.7,1905.99,1824.06,1678.95,1430.39,1494.63,1561.95,1719.72,967.25,1011.3,1079.02,1241.85,1442.62,1326.24,1242.06,1122.58,778.82,708.79,876.36,998.7,914.17,857.5,855.38,854.24,831.95,844.25,844.99,893.45,741.29,743.46,701.16,814.77,800.68,897.33,927.83,1158.97,1288.47,1231.81,1251.4,1223.11,1188.31,1153.13,1091.97,1051.7,1195.21,952.16,953.96,1145.22,1119.82,1211.63,1148.46,1155.84,1197.59,1113.05,1118.53,1074.03,1095.91,1249.62,1184.2,1404.24,1376.41,1527.17,1485.22,1486.27,1477.22,1570.6,1933.98,1913.61,1906.62,1665.35,1488.72,1452.89,1449.55,1657.34,1657.08,1984.36,1930.51,1923.53,2329.21,2554.11,2555.49,2350.03,2472.08,2837.39,2766.12,2999.86,3149.89,3383.17,2904.61,2985.24,2875.0,3371.98,2749.56,3384.81,2629.78,2769.1,2654.42,2271.6,2650.21,2229.15,1898.08,2100.34,2451.71,2596.48,2757.29,2879.15,2958.22,3313.27,3273.05,3314.93,2949.3,2697.48,2557.23,2101.52,2579.22,2818.3
GB0006731235,ASSOCIATED BRIT.FOODS,GB,EUR,151185.05,170235.24,157093.52,169980.52,171524.15,177205.8,159420.5,161617.39,147624.47,149763.43,170500.32,168398.69,159632.6,165420.74,143291.36,150387.78,158268.71,155184.26,172912.87,169256.81,173882.55,183390.37,183455.37,170526.34,154688.13,164323.5,166640.17,155386.6,148342.98,126279.36,124128.22,138370.93,117338.16,104429.87,110687.4,119008.22,105323.46,114349.62,114335.21,127554.67,135703.43,134320.93,137627.24,150763.5,150880.59,155841.18,140549.47,135750.47,138302.23,129002.29,124349.51,132533.51,125482.81,129192.69,115093.55,106329.49,106727.89,108959.33,110534.48,94419.26,113990.3,108261.09,115327.26,121057.17,112878.89,114294.53,108041.64,100843.13,103477.37,105025.38,121161.82,127258.87,127994.43,106501.18,83168.03,88264.6,83243.28,87490.63,85656.25,101294.34,89270.34,81156.58,104158.57,114431.15,107490.41,122415.1,123201.69,118157.06,121993.66,113492.25,103450.56,101023.8,92977.33,90862.99,94319.23,102665.79,98302.36,97246.01,82603.86,76137.15,82303.68,72945.51,77446.74,67543.8,53601.89,59141.48,71666.98,73532.7,88626.97,94245.55,93040.7,95359.51,87758.27,98944.72,103102.8,98692.14,98664.76,96098.64,117675.12,120209.9
GB0006776081,PEARSON,GB,EUR,35109.7,32614.48,34046.6,37111.21,38926.02,39104.19,38176.38,37128.58,40451.52,37666.5,38793.04,37338.16,40830.68,44159.02,43344.89,41785.94,41083.64,39037.86,38670.72,36456.78,35715.53,27836.02,26013.29,22695.41,23415.24,25045.14,26311.63,25688.29,26585.62,28159.46,25509.38,25207.81,21752.08,20566.44,22102.33,22491.09,17318.18,18651.6,18978.65,19365.6,21364.92,21040.89,20305.15,18455.6,19390.39,22061.85,22632.66,23520.09,23299.43,23831.23,24812.68,27564.8,28795.6,28044.51,29110.75,28791.67,28024.16,27724.29,29680.53,28858.21,28777.36,27170.82,26309.92,26539.07,24323.44,25571.94,26157.76,25013.05,22466.51,21807.65,20661.65,20846.65,18509.66,17594.57,17368.07,14700.79,14521.67,18033.75,17665.68,19167.7,18169.58,16875.31,22104.71,23801.26,28555.76,26869.61,27718.98,29921.76,30283.55,29854.77,31473.44,27725.08,25188.43,21671.24,20596.88,21797.44,21661.88,22818.5,26417.04,26371.45,25414.46,24340.55,24610.85,27035.95,26057.19,29777.44,31916.37,30423.93,30619.99,29941.82,28626.95,30568.53,27125.23,28654.13,30501.83,29391.2,29302.36,31922.99,32800.17,33981.02
GB0006825383,PERSIMMON,GB,EUR,27346.0,30709.74,28437.56,28075.05,28441.48,29114.13,28295.54,29410.99,28926.53,31306.97,32111.85,32910.94,31981.7,36463.39,34884.92,36916.23,42306.23,43891.27,45138.45,45704.67,42980.34,43516.11,40733.98,42216.97,40810.54,43008.65,44678.02,43395.61,45612.65,28838.67,33392.98,35615.32,35150.05,30834.28,31665.8,32717.37,36181.57,38236.49,39498.39,45471.87,47807.66,46069.46,52221.61,54200.69,54800.02,58862.02,54390.76,58591.71,56284.33,56692.75,58898.08,62058.17,62537.71,57736.49,56209.79,54596.01,53245.67,50605.55,41853.26,42437.46,53938.27,55870.85,51530.06,53121.83,45180.69,48923.49,47351.54,44599.68,51474.2,56716.68,63691.36,68723.64,77467.88,69802.63,45743.19,53537.45,54568.43,54371.06,60685.64,68561.38,62484.06,59031.7,71105.01,75846.68,70245.57,72612.71,84745.54,90597.35,93846.63,85372.57,87574.72,87761.23,78027.28,80899.35,78540.32,83903.34,69666.11,70224.25,65050.29,60558.43,63018.93,54926.23,55657.4,41694.36,33536.16,36475.82,36774.74,35539.17,42200.27,42689.59,37701.05,42046.22,37911.07,33191.86,37964.24,34388.72,33481.4,31993.26,41114.06,45950.18
GB0006928617,UNITE GROUP,GB,EUR,917.08,1023.7,993.27,986.97,978.8,932.0,949.68,1006.33,952.06,950.1,1005.61,1008.4,1023.32,1182.14,1208.85,1299.53,1341.03,1268.88,1390.11,1409.15,1396.4,1462.73,1445.0,1377.07,1299.05,1212.73,1302.96,1340.47,1382.41,1199.08,1216.85,1187.09,1192.42,987.17,1020.25,1093.86,1077.89,1136.14,1162.67,1245.69,1210.33,1254.56,1316.46,1328.89,1372.67,1403.83,1460.52,1636.01,1704.32,1577.79,1669.65,1759.29,1732.27,1742.0,1760.93,1765.74,1803.31,1686.81,1647.82,1589.62,1854.73,1885.68,1851.37,1941.58,1892.11,1960.88,1997.85,2015.96,2148.07,2323.79,2583.06,2664.49,2676.57,2310.11,1586.42,1762.8,1713.97,1854.03,1967.32,2067.88,1731.42,1719.31,2108.74,2280.23,2104.34,2167.04,2349.95,2604.08,2604.73,2395.3,2598.15,2716.23,2381.56,2422.24,2278.79,2441.81,2252.11,2326.34,2475.19,2345.07,2401.74,2126.49,2333.05,2012.56,1594.47,1706.79,1827.83,1821.23,2042.13,1980.0,1973.86,2051.39,1887.83,1882.4,2131.69,2028.22,1888.0,1816.37,2118.6,2293.8
GB0006963689,PORVAIR,GB,EUR,1392.16,1549.46,1671.83,1653.29,1526.72,1588.32,1523.86,1382.82,1482.76,1371.82,1194.42,1299.48,1375.95,1380.93,1339.91,1451.8,1510.9,1476.24,1541.24,1445.37,1385.53,1385.07,1352.29,1306.16,1272.16,1265.71,1398.26,1448.2,1456.73,1432.04,1503.21,1569.35,1592.44,1385.11,1604.57,1641.96,1751.04,1884.9,1997.8,2096.53,2390.85,2223.24,2079.66,1953.86,1993.88,1932.4,1948.84,1905.67,2333.5,2111.66,2158.59,2090.16,2153.91,2005.57,1954.27,1968.87,1999.82,1779.9,1693.64,1648.82,1889.94,2160.25,2238.41,2284.23,2137.09,2325.78,2259.82,2170.93,2359.7,2445.24,2460.59,2787.06,3263.17,2695.28,1968.21,2714.06,2425.44,2181.66,2183.11,2252.61,2092.89,2085.01,2288.42,2299.71,2414.84,2405.38,2391.24,2617.37,2605.51,2576.21,2761.1,2909.43,2988.65,3029.52,2923.98,3123.64,2879.25,2832.19,2656.91,2386.73,2298.4,2120.87,2210.54,2023.46,1804.09,2017.04,2101.72,2395.07,2395.51,2441.8,2397.92,2518.84,2595.73,2621.29,2686.45,2529.98,2309.52,2137.73,2420.2,2561.89
GB0007099541,PRUDENTIAL,GB,EUR,125338.01,141027.06,133721.75,145047.61,146949.09,144985.18,145986.81,153463.42,142158.97,147071.28,154493.14,148257.77,155056.03,160482.61,160595.52,161972.38,160636.7,155942.01,152208.07,142287.22,137715.06,153056.24,151194.64,147223.43,126558.21,114335.08,125487.85,132468.81,134793.28,112766.15,118948.28,120979.52,120255.23,110378.25,131068.3,136238.89,130574.69,135517.63,145414.66,153127.18,154576.56,157774.19,168041.73,162639.58,166636.84,170982.46,174950.18,179207.14,188437.12,175347.81,176621.33,182777.68,170598.65,162115.26,167618.38,161088.83,163904.02,143347.39,140405.61,127551.96,139589.6,151073.16,146274.67,165140.67,145168.05,159454.43,151799.94,123084.34,134286.17,150970.46,154045.66,166076.86,154193.08,140015.54,113222.1,125520.3,114142.52,132764.04,127948.41,144715.24,126858.42,107863.53,138151.02,162920.79,142463.32,174241.45,188989.24,188914.92,189722.27,168715.28,167700.63,185894.56,180890.34,188887.81,155654.01,159166.84,152838.17,140601.81,138869.13,117939.79,121614.22,114761.35,113861.07,98292.35,93274.05,87269.16,109037.32,126790.25,154161.5,143678.28,128628.98,143748.98,123553.77,133039.79,131482.76,115578.1,102993.9,98823.37,103723.95,107378.0
GB0007188757,RIO TINTO,GB,EUR,188247.83,203144.64,200453.27,196152.31,184729.39,191481.11,206311.0,195460.24,179993.34,174112.94,171638.94,171322.0,160895.14,180667.36,154649.82,166619.22,163785.02,154499.55,145823.68,141896.38,129334.33,140726.63,128440.25,112720.82,93933.51,106725.77,113049.73,135548.48,113720.19,123345.75,131451.15,122860.0,136340.34,141333.24,152298.25,159110.44,179055.4,172184.47,168429.8,166253.48,168087.88,176734.22,194755.04,207441.72,200222.51,202486.32,203671.15,229141.28,239657.83,232445.64,225119.0,241540.76,250737.01,246489.11,244639.8,216626.3,230470.29,221369.71,206839.64,216386.88,250910.19,262701.47,285190.62,285577.87,280524.98,304741.97,282225.28,258255.39,265066.76,265443.09,277735.05,304856.76,275123.03,235515.42,247092.23,249058.38,285752.93,301218.24,324607.17,341021.23,330723.28,309566.07,354626.48,410872.54,421730.58,475319.4,441431.31,484966.67,496925.84,473766.9,489002.0,457609.06,409304.96,386210.61,376966.36,409357.62,429775.36,480041.42,526343.1,470947.07,476393.01,392517.68,393949.55,381747.85,375825.07,359202.63,457363.95,479591.12,534940.03,475521.53,480931.76,450599.83,420829.36,450047.81,470492.28,450986.29,461280.86,465776.94,499244.47,543985.05
GB0007323586,RENISHAW,GB,EUR,10558.37,12348.66,11137.95,10511.5,9757.91,9706.8,10695.03,9450.82,9215.02,9919.67,10594.81,10657.56,12151.08,14065.9,12703.69,13484.7,12833.81,12626.26,11456.49,11668.58,10882.29,10401.84,9864.92,9874.49,9159.59,8685.94,9465.78,9968.25,10228.17,10473.53,12394.05,12324.72,12462.22,11473.09,11272.73,11364.45,13044.76,13907.75,14218.76,16138.29,17456.71,17175.81,20080.9,21556.74,23540.69,24239.57,26503.85,26037.75,26025.31,24536.24,23353.04,23997.98,26399.43,25851.67,26509.09,26218.56,23070.13,20079.43,20364.41,20137.71,22908.81,21031.06,18069.22,22009.15,18439.9,20277.05,17657.36,16176.9,17112.18,18577.09,19422.91,18918.13,19863.75,16914.11,14868.74,16846.32,18039.24,18843.85,24055.76,24276.67,27536.02,27417.77,28334.72,29840.67,31226.15,30467.7,33596.59,32952.02,29889.39,25851.27,26989.67,28232.12,24320.12,26435.48,23051.99,24847.55,23356.36,24192.31,19637.77,20583.78,19739.61,16699.95,20344.89,16574.74,15126.58,15539.41,17221.16,17281.61,19017.6,18938.79,19905.87,17813.21,19719.43,19507.84,19732.49,18127.9,16904.47,14716.11,15916.72,18287.03
GB0007370074,RICARDO DEAD - DELIST.13/10/25,GB,EUR,73049.97,82386.41,71744.46,75798.02,76462.15,72562.4,71871.58,70423.68,72074.24,71154.67,66485.42,66091.67,67658.55,75710.41,78459.72,88046.14,96221.82,91918.62,95226.21,89160.54,90380.34,96011.8,92029.99,91578.38,77027.82,84626.56,83137.4,82202.94,85497.75,68270.71,70375.07,72769.81,86583.45,79167.35,78520.57,83326.92,84267.98,78467.88,76714.67,80009.39,80245.65,71130.65,71774.93,66429.19,78385.74,77834.56,86033.44,85927.82,100060.74,94383.73,92614.67,94508.24,103100.46,91351.53,76203.45,73632.72,79515.74,65387.18,67580.11,58651.22,59997.86,59198.29,62277.57,74303.15,70154.35,71783.47,64155.0,61820.83,58164.57,61460.93,68738.63,76634.67,77256.51,63805.07,38950.18,37684.87,35132.39,39762.53,34374.44,31879.25,32964.86,35750.58,35477.7,36220.43,40921.11,48428.02,45740.25,44833.57,50304.29,43668.12,40626.44,40320.54,44181.15,44386.71,43467.47,47460.44,48582.48,45340.04,40709.1,35953.95,35397.34,34539.53,39635.45,42293.56,40398.7,39855.53,42979.46,46300.29,50932.27,55123.9,55134.97,60700.57,55865.07,58533.16,60687.44,52016.25,49022.66,42974.94,48302.55,51255.29
GB0007388407,LIONTRUST ASSET MAN.,GB,EUR,523.34,506.65,515.84,570.35,549.27,540.07,535.49,483.58,450.98,448.17,547.66,555.49,580.31,588.0,525.46,575.66,563.62,651.12,760.69,669.62,546.21,572.11,582.8,555.73,510.92,473.75,493.45,550.36,543.88,498.45,598.5,607.7,586.47,557.15,609.1,666.96,701.22,669.06,686.39,784.82,826.73,840.51,873.96,916.88,968.68,928.17,992.95,945.04,1233.54,1098.94,1131.09,1158.68,1123.27,1229.78,1291.55,1260.35,1237.28,1105.58,1182.11,1118.48,1151.26,1212.25,1183.67,1333.71,1274.25,1378.87,1520.48,1451.94,1476.8,1630.89,1916.47,2277.47,2770.96,2215.86,1821.62,2109.34,2366.94,2520.08,2581.02,2707.66,2552.58,2573.56,2806.06,2851.97,2820.93,2827.21,3144.29,3595.31,3467.68,4168.14,4765.41,5291.24,4687.63,4888.85,4426.34,4922.39,3594.84,3355.73,2770.96,2426.57,2323.42,1931.95,2205.13,1857.14,1421.82,1713.21,2307.41,2398.26,2537.76,2573.19,2249.45,1924.19,1664.64,1733.26,1582.63,1590.01,1410.69,1291.58,1343.4,1588.55
GB0007668071,CLOSE BROTHERS GROUP,GB,EUR,252837.76,285043.53,276337.54,276713.24,261291.36,256518.87,251898.46,263774.34,272328.52,281651.74,285682.29,280129.28,274702.34,304959.12,281391.88,285877.35,297041.13,292182.61,275685.78,278816.75,274970.3,281717.34,266895.16,245534.4,227821.73,230073.61,229355.4,224498.07,246246.71,191513.09,211530.35,225388.57,225025.57,210760.0,221530.89,232273.84,237312.33,244117.19,253410.17,288437.88,272334.26,258275.44,267518.07,262319.91,260754.94,249790.87,260857.75,265264.26,303118.3,292950.45,276677.85,290778.53,267019.75,269650.82,286304.57,285114.57,283548.53,265907.81,271295.23,259282.44,276171.27,283947.89,272164.93,290443.09,248963.15,258335.22,233952.21,225348.63,249250.27,265731.32,285603.66,314338.07,277160.22,243335.69,208418.81,204336.76,197892.38,202734.0,213597.48,223270.02,195994.29,214775.34,266441.45,291360.53,298622.85,335303.96,333920.25,343087.94,364000.4,326583.41,334762.22,331367.28,325491.18,316693.8,274458.83,305104.68,276175.21,252085.14,256253.5,227733.73,225927.05,203418.86,220732.12,194140.99,169193.06,193762.06,218582.18,215837.17,204440.54,209966.06,195730.34,200513.41,197612.72,196899.3,207746.05,182779.73,189996.69,179971.32,180690.39,188358.71
GB0007669376,ST.JAMES'S PLACE ORD,GB,EUR,2041.7,2365.86,2219.09,2123.38,2143.54,2127.83,2003.13,1968.46,1956.36,1970.33,2055.56,2099.48,2130.26,2421.88,2293.31,2300.5,2332.96,2389.92,2562.46,2361.7,2185.89,2528.89,2596.48,2522.3,2295.04,2029.99,2241.27,2198.76,2337.1,1816.72,2128.45,2226.56,2159.07,2022.84,2059.1,2196.76,2362.4,2301.76,2328.3,2656.05,2708.02,2745.71,2869.23,2692.41,2786.34,2832.49,2978.07,3005.51,3062.84,2882.75,2762.08,2910.27,2948.89,2816.62,2939.93,2778.88,2818.87,2446.95,2424.12,2271.75,2331.49,2443.91,2531.1,2841.33,2563.36,2715.75,2341.52,2216.16,2392.96,2670.82,2791.61,3058.67,2989.97,2571.77,1867.45,2129.26,2305.23,2389.18,2509.64,2662.39,2442.59,2359.52,2763.55,3144.44,3270.29,3331.01,3600.12,3972.14,4185.98,4299.46,4649.43,4702.94,4312.82,4595.4,4348.27,4839.74,4322.72,3996.96,4047.94,3568.22,3570.82,2931.69,3270.67,2858.74,2566.63,2721.32,3038.14,2923.26,3340.15,3443.19,3323.1,3365.51,3169.91,3171.43,2774.27,2619.25,2372.95,1813.15,1918.22,2035.86
GB0007908733,SSE,GB,EUR,2838.76,3107.34,3236.63,3403.14,3449.29,3540.98,3382.64,3466.75,3448.74,3517.83,3531.8,3477.87,3382.43,3402.52,3112.6,3327.55,3556.2,3381.18,3444.79,3296.51,3301.86,3409.24,3145.27,3281.54,3056.92,2868.63,3187.15,3287.54,3314.03,3087.48,3112.8,3046.29,3149.98,3004.02,2850.01,2967.69,2949.49,3019.25,2905.96,2833.44,3059.02,2971.63,2994.95,3024.9,3087.67,3023.32,3052.84,2941.62,3122.76,2841.31,3013.19,3201.98,3063.17,3011.45,2905.44,2885.77,2648.08,2584.48,2476.74,2440.68,2798.13,2874.03,2812.03,2712.59,2471.36,2596.13,2604.62,2709.46,2966.7,3210.29,3250.3,3683.47,3906.03,3836.27,3178.51,3097.1,3014.95,3311.78,3494.61,3449.95,3196.1,3320.97,3663.94,4196.3,4237.07,3850.25,4173.94,4226.03,4557.53,4309.92,4339.31,4850.98,4573.59,4864.15,4433.33,4822.39,4657.77,5017.23,5050.46,5146.41,4899.29,4305.43,4884.51,4365.45,3871.21,4067.25,4619.29,4675.39,4900.79,4880.9,5149.12,5334.45,5386.13,5406.05,5208.35,4949.86,4719.47,4759.04,5571.49,5682.39
GB0007958233,SENIOR,GB,EUR,208473.45,204752.2,217783.08,207595.09,213722.06,208301.33,191586.5,204248.62,187034.8,185252.4,187846.47,204647.26,201281.03,227781.77,208973.7,211911.94,213833.78,197843.24,199112.87,192669.0,166783.86,154707.59,165417.84,149533.31,137208.93,128029.55,144804.35,143462.42,142476.4,123637.42,122437.23,139167.97,133938.65,96830.0,105116.48,109244.74,113290.53,103563.4,117267.28,128990.82,141258.63,141711.06,152288.11,164545.26,172137.01,179342.24,166326.25,165170.08,181059.17,187694.89,197533.56,190594.83,197773.75,190826.07,197960.29,196767.68,193696.09,165959.48,146954.96,115666.41,142679.43,146054.19,136335.83,144900.12,142157.74,134682.61,120569.82,120875.54,113366.19,118648.85,116034.46,113708.09,108957.73,89534.41,43242.73,40701.59,38052.07,42845.68,34012.02,34697.44,28559.71,35175.62,47785.4,60565.24,65000.55,71002.94,75821.96,74370.1,112203.53,103898.77,111815.34,121339.66,115265.22,109014.21,86432.74,98842.26,88716.77,93452.64,83403.37,79779.1,79083.08,69815.32,87717.04,75325.81,64837.97,74488.73,72780.22,74950.34,93494.81,100497.27,96608.55,103462.35,103883.49,111654.01,107328.56,114330.59,99614.58,95362.08,108775.17,113763.31
GB0007973794,SERCO GROUP,GB,EUR,14290.35,15352.19,14196.22,11615.46,12607.1,12640.42,12351.34,10426.58,9474.13,9728.75,5607.72,5118.36,4736.82,7020.61,5163.66,5178.73,5296.29,4681.03,5073.76,4383.77,3893.39,3650.16,4195.64,3513.28,3053.84,3286.72,3716.07,3547.25,3921.0,3756.34,4005.38,4228.58,4282.51,4225.2,4191.47,4466.37,4569.73,3697.59,3643.02,3772.43,3865.21,3764.66,3691.19,3825.52,3901.95,3905.65,3245.42,3372.93,3181.64,3162.69,3120.88,3343.94,3118.12,3295.22,3345.15,3201.44,3216.96,3097.29,2886.84,3071.17,3663.17,4338.06,4207.11,4097.25,4222.01,4622.76,4552.52,4481.9,4637.65,5091.81,5076.79,5409.96,5256.86,4916.55,3843.88,4097.93,3954.18,4752.93,5277.17,4748.57,4147.93,4220.33,3825.51,4120.35,4062.98,4584.53,4788.69,4892.83,4889.93,4776.8,5009.52,4674.66,4631.22,4437.62,4462.77,4673.01,4601.33,4574.16,4863.21,4894.79,5754.21,5481.93,5937.61,5279.54,4544.86,4900.5,5310.8,4869.24,4678.75,4919.54,4940.64,4979.79,4673.01,5222.83,5272.11,5111.97,4834.75,4613.07,5263.63,5493.6
GB0007980591,BP,GB,EUR,84513.53,92004.89,87099.66,91746.44,92895.18,96935.4,89969.73,89179.88,81956.52,80086.02,74438.93,72493.0,72111.76,79501.84,74434.31,82947.5,80102.41,76951.98,71866.22,65673.52,59926.14,70684.75,69857.29,62851.75,64265.63,60332.95,61994.7,67443.8,65289.02,73543.61,71159.18,71644.43,74729.17,75496.12,74681.71,81921.76,77395.07,74763.68,75789.74,75834.96,81166.87,77487.47,79177.61,78561.6,87706.79,92795.04,91990.61,98244.81,99009.93,92352.78,94836.44,104530.78,109603.43,109124.15,107484.18,103099.37,111378.54,105058.05,97617.98,92935.28,100663.23,106078.98,108608.25,108755.61,103151.75,105797.51,101248.48,93838.44,97913.23,97533.28,97139.34,97704.45,94149.72,80536.48,67929.0,62857.72,61751.9,62009.62,58996.83,58566.37,48200.4,42085.55,55806.26,58789.44,62929.01,69811.85,69577.88,71801.14,75362.76,75356.62,69630.29,71682.55,80481.75,84199.06,76420.73,79451.39,91154.47,87482.08,88631.86,88163.17,99219.87,85493.26,88247.0,94262.22,88709.99,101361.04,109851.44,105917.83,111585.13,124778.44,118247.28,125756.62,106355.7,110312.81,117644.36,118306.35,124217.43,116801.84,117559.52,115181.53
GB0008025412,SIG,GB,EUR,974.14,1070.8,1012.86,989.14,1010.8,986.45,864.53,948.47,826.17,723.16,788.14,839.12,855.56,944.75,930.44,935.1,959.62,988.53,1022.93,905.48,824.37,652.73,665.75,670.06,603.56,614.58,664.34,641.72,631.49,486.21,452.85,529.7,488.42,443.09,366.03,418.81,424.77,457.75,457.1,508.62,653.79,641.8,725.46,763.05,793.6,767.08,769.68,799.75,774.29,669.02,635.57,659.09,595.75,628.59,542.73,575.87,563.55,493.59,471.79,481.47,539.41,573.35,637.06,679.54,562.4,579.15,565.78,538.8,543.47,516.61,572.82,577.74,432.33,285.77,102.26,107.33,128.0,138.77,135.33,156.89,122.35,114.27,159.68,158.46,146.44,172.26,194.28,252.17,324.54,268.34,233.26,267.83,238.42,262.22,241.64,237.21,203.64,192.99,209.16,192.32,165.45,132.6,163.11,143.97,123.32,131.64,129.59,131.11,158.44,189.47,197.6,205.73,182.1,162.22,137.16,157.25,162.03,121.54,132.39,156.79
GB0008085614,MORGAN SINDALL GROUP,GB,EUR,153473.04,148556.13,149052.96,159561.96,162703.6,174113.21,160947.35,166341.08,158605.22,133383.27,123838.01,116979.6,121763.89,134266.64,141280.32,148391.45,154969.99,160008.71,156265.66,155719.63,137860.95,144228.26,142510.94,136720.7,127136.43,136958.43,145487.16,150666.06,147929.34,112422.51,98231.19,123471.31,122961.45,114385.55,118929.22,120037.21,134850.11,161128.91,159384.99,182526.35,213059.25,214379.48,240392.28,215578.59,254997.84,258087.65,249964.68,259903.49,241541.95,228841.87,220902.1,237378.84,267429.92,261341.5,254602.95,262651.0,236234.52,211974.82,219163.88,187770.53,216021.18,248567.59,228566.37,245495.94,232285.94,226149.69,197540.69,208362.44,215433.42,242265.61,270551.6,313903.72,353227.62,327695.12,217637.22,236890.77,220613.18,222657.06,200422.93,248331.24,215567.77,208792.71,278864.83,311116.03,301930.2,342715.03,361981.54,481412.19,480291.71,450052.41,491836.23,534700.99,486151.64,477555.85,481180.39,522694.53,435571.54,476698.78,486936.01,430016.13,412806.07,348447.03,388050.85,316266.48,259814.92,285236.02,309977.35,296071.96,325194.14,349785.16,336154.9,356240.65,377408.92,389265.2,410741.14,418508.84,419659.27,388897.76,439174.12,481361.45
GB0008220112,SMITH (DS) DEAD - DELIST.04/02/25,GB,EUR,56821.2,62245.12,56938.74,56542.87,56613.57,50312.66,47058.22,50139.01,45893.1,46209.17,49214.5,54785.64,51934.77,61921.09,55917.28,59281.85,59757.11,66947.1,68923.11,66945.59,65799.96,67237.87,70277.19,65776.93,58357.63,61001.79,66617.44,63453.41,64269.83,58663.97,59154.51,60777.67,58012.7,56582.05,57060.73,58601.05,64768.28,64453.41,63081.12,65581.92,66304.43,72269.82,74774.07,75354.47,77687.44,82994.11,87685.5,84016.69,85872.86,79270.01,79190.95,87199.67,89177.63,83392.67,86110.7,83630.08,81240.1,66779.18,56703.06,50705.27,59003.16,59359.47,58221.62,62839.16,53777.01,62292.4,58971.9,55907.98,59965.63,64592.2,68936.74,71046.0,62690.51,56020.56,47666.86,54916.05,58519.44,56606.33,47854.3,48351.41,53181.4,51096.0,61870.53,71477.41,69772.39,77555.83,78518.81,82111.82,83822.36,81363.35,82886.88,85809.18,78463.7,75616.44,68204.43,74795.23,72582.68,66526.21,61019.25,60720.34,56439.54,49220.97,51792.5,45527.4,41914.64,50831.6,54951.13,59960.47,67474.11,63312.5,60290.9,60430.6,58359.39,53575.86,61761.21,61355.64,56548.01,55847.02,59366.4,64471.62
GB0008475088,ROBERT WALTERS,GB,EUR,477.35,506.76,443.22,454.98,450.47,449.32,451.96,446.01,421.65,397.2,375.0,414.6,432.6,473.04,459.5,503.42,544.92,553.08,612.85,598.67,543.36,508.17,475.6,463.11,408.56,369.76,387.63,425.76,425.22,308.16,354.33,383.2,417.48,376.03,384.8,376.85,415.56,447.7,486.71,524.64,506.67,499.81,566.66,598.18,683.89,751.25,732.52,720.33,849.14,837.8,868.29,895.16,817.12,852.13,904.69,877.24,821.89,691.62,603.11,649.24,641.31,648.46,727.06,712.89,763.68,778.34,614.78,583.88,642.64,652.66,627.78,700.94,752.67,668.54,345.74,504.15,405.9,470.34,518.35,547.91,485.35,497.44,577.82,621.86,726.4,716.71,809.46,898.86,930.41,955.48,907.3,941.13,977.28,1147.4,1008.41,1027.05,969.78,843.01,907.63,783.72,634.45,574.69,664.06,606.86,521.53,587.23,707.02,662.6,630.42,624.89,567.57,568.78,570.08,556.41,563.11,504.1,551.53,495.85,532.36,613.25
GB0008481250,ME GROUP INTERNATIONAL,GB,EUR,236363.0,240165.11,234754.14,239880.9,243143.7,251453.33,256279.07,237679.09,227611.56,225475.22,239104.35,234528.33,216882.3,245851.45,232993.28,231729.39,229686.87,240989.08,257741.21,244014.04,258401.22,270247.96,255524.7,245320.68,241572.23,263061.68,281608.79,274093.05,260936.25,204137.66,230226.77,232233.55,225250.14,215370.04,205849.68,235956.39,225594.39,234729.29,229318.55,267038.77,254209.8,255014.5,255695.6,253354.99,276925.51,288921.89,306836.22,302732.73,315868.04,305381.33,280262.7,273197.0,181351.29,167151.93,181055.12,200048.89,201358.28,182761.8,180182.98,147351.66,162589.83,164228.17,134720.7,161177.9,159935.91,166505.59,166175.43,164453.4,161052.96,169246.5,161801.4,183282.88,168651.43,151941.05,69150.82,84197.14,82877.8,96577.24,84429.11,92146.3,93856.71,90367.22,107016.33,95145.62,92055.12,98310.81,111776.14,137249.14,142331.24,140094.48,148731.04,136426.37,118852.25,129429.3,109447.08,121708.17,142756.0,139704.6,133898.61,133063.38,130204.74,138447.3,184246.34,161127.91,149648.53,173581.77,203148.41,224737.73,256007.09,248804.39,252097.86,269799.48,284661.91,347174.38,335460.05,335875.13,321485.85,283967.93,275420.0,271268.99
GB0008706128,LLOYDS BANKING GROUP,GB,EUR,173.79,175.58,157.99,161.54,165.79,161.17,159.14,160.8,158.2,156.65,159.74,150.08,140.61,154.99,147.52,152.39,171.64,171.8,166.39,153.95,147.28,147.3,142.07,139.32,120.12,130.52,126.47,131.02,139.79,96.37,94.1,105.25,95.95,94.66,97.9,104.59,110.61,115.71,112.29,125.42,127.66,120.37,121.12,116.98,129.26,129.0,127.09,130.97,140.61,134.85,129.03,130.62,123.36,122.09,120.01,115.05,115.38,109.14,105.44,98.58,113.7,126.16,120.87,125.92,111.41,111.19,100.81,95.79,105.27,116.02,124.86,130.7,118.17,101.22,62.63,64.19,58.29,60.8,54.46,59.92,53.78,57.2,75.07,78.63,71.53,86.07,92.64,100.62,113.44,103.17,101.49,97.77,101.91,111.72,100.48,105.07,111.15,105.47,100.55,96.29,94.57,85.89,92.03,86.86,78.6,82.3,95.03,92.93,110.12,108.38,100.28,106.46,96.2,97.39,101.6,96.34,97.21,87.0,98.78,109.17
GB0008711763,TT ELECTRONICS,GB,EUR,44021.14,48362.89,46221.89,45830.78,45698.63,46696.88,41207.92,37248.84,35665.51,35764.09,21841.13,21538.2,22149.11,27431.26,26449.34,27431.54,29460.08,31277.84,31729.6,33483.28,27584.63,27359.69,31102.82,31986.95,31374.79,30872.33,29697.8,31486.92,27161.72,24612.71,25534.77,27431.71,26002.52,24425.71,24725.17,29093.79,27259.87,27007.94,36396.42,38497.73,37748.61,36977.95,41220.16,42850.9,45061.43,43974.6,47539.3,44720.52,44767.84,44604.01,41453.79,46230.59,50899.82,48406.09,45813.67,53058.57,51262.49,41261.62,41007.55,37984.86,41176.65,36063.57,43170.29,50176.49,49098.68,45627.39,41617.17,44795.02,48220.95,46989.57,47578.83,51838.6,48900.02,39785.54,29791.47,32970.94,33864.25,31814.38,34924.29,37095.15,40470.7,39667.43,43047.12,43861.75,43847.35,44423.58,49669.74,52603.08,58431.85,56785.56,59148.93,62174.07,56210.72,56153.6,48458.92,55703.45,50543.03,46559.08,43467.17,37546.54,40334.99,34925.08,38347.46,29189.28,26123.34,25833.69,33054.99,34787.56,37976.64,40001.86,38470.48,36418.28,34221.29,34150.04,34473.28,36931.25,35802.03,33081.27,32328.19,34357.88
GB0008782301,TAYLOR WIMPEY,GB,EUR,11194.42,12717.37,11922.63,10818.49,11073.93,12052.23,11618.48,11792.16,11330.17,11736.41,13021.55,13312.81,12599.82,13836.09,14247.42,15954.4,18221.4,19015.02,19740.83,20196.49,19318.07,19948.07,19109.18,19527.84,17803.71,16927.55,17842.77,17723.58,19625.96,12165.5,14128.43,14578.4,13813.89,11938.61,12786.35,13089.04,14507.6,15457.4,16662.97,18063.68,18303.97,16751.74,18372.13,18909.38,19437.85,19633.02,19611.71,20706.43,20086.31,18992.28,19190.65,19827.01,20033.83,18701.24,18170.59,17222.23,17738.68,16580.49,13737.28,13942.76,17455.49,19386.56,18369.34,19391.45,17078.97,17588.52,17356.14,15571.55,17435.03,19239.65,20249.04,23017.36,25473.4,23202.74,13089.03,16663.48,15949.37,15829.34,13955.09,14735.53,12595.81,12289.93,18464.7,20361.15,18067.1,19795.19,22366.94,22845.92,22384.71,20173.89,21025.57,23126.24,19300.29,20005.94,19727.58,22447.7,19106.12,19037.84,16802.97,15556.73,16009.99,13832.62,15102.21,12304.74,9624.58,11105.29,12665.09,12576.2,14839.97,15340.58,15733.62,17237.58,15141.37,13974.45,15739.26,15493.94,15315.86,15003.66,18301.62,20919.09
GB0008794710,TELECOM PLUS,GB,EUR,25695.73,25307.32,24504.77,21475.86,21057.77,18782.57,19558.54,20166.75,18037.51,18827.22,16159.63,16657.02,13844.94,13657.26,10932.55,9977.47,10514.45,13179.63,16338.88,14776.83,14592.65,13999.18,14683.37,13889.16,12605.76,10422.58,11640.98,11999.85,13216.31,12256.1,12438.87,12364.61,12942.31,13022.05,14080.11,13335.09,14039.19,13783.53,13735.79,14840.68,15649.69,13767.9,14186.49,13176.76,13669.41,15199.26,15417.21,15549.38,15787.94,16484.08,16406.64,14263.44,13193.99,14228.11,13258.76,13061.09,13308.66,15267.85,17383.11,18190.15,18499.23,18784.84,19754.44,18359.29,18680.45,17898.03,16581.53,14362.55,15409.95,15813.15,17843.8,20638.26,20672.94,17673.31,15973.31,17321.79,18619.15,18249.76,18641.49,19471.31,18306.89,18227.49,20612.64,21164.2,19333.55,17782.12,18918.58,19433.55,18171.83,16943.91,15808.54,15709.23,18170.06,18958.03,20995.35,24252.36,22750.83,21964.81,22743.1,23557.84,23904.04,26818.62,31357.72,25986.36,22066.26,28020.34,33892.91,30650.51,28553.7,24734.61,27127.63,26350.7,21868.99,24941.66,25526.79,24021.91,21683.25,22338.38,23667.1,25077.06
GB0009223206,SMITH & NEPHEW,GB,EUR,161383.07,178748.04,169877.54,176090.44,198987.28,201485.44,196456.72,196452.96,191216.96,193109.86,198508.33,211535.15,204269.25,209303.14,193935.16,198133.54,204314.81,194962.84,214164.37,206460.81,201591.39,199219.2,196799.57,206910.94,191550.86,189969.82,191751.06,199013.95,200473.79,199049.38,193949.62,189165.24,189909.79,171139.52,166844.06,178770.7,176354.03,178562.17,182304.16,196993.14,209568.03,206350.26,208641.96,215821.4,216833.21,227775.13,214046.53,210312.02,217824.66,210971.16,225374.31,234959.53,222521.42,225541.53,211666.76,215606.98,223013.08,200392.82,223907.67,229621.02,232468.33,235302.84,244398.34,240376.5,261206.68,270254.45,283493.19,298042.84,300658.35,267926.43,280545.67,304171.12,301676.27,278312.39,222866.55,249648.61,257883.39,236311.6,253019.65,258798.98,249057.67,221111.52,247861.31,264103.12,270845.25,247849.84,243263.96,281622.66,283615.28,279560.76,263264.6,248652.33,226584.91,224621.72,210319.05,228759.58,219590.37,234235.59,212902.63,216826.34,215984.94,184706.99,168950.67,156615.4,157387.97,159161.98,173500.14,179123.09,184148.48,192707.18,189297.4,225442.85,203278.33,219968.02,208043.42,185006.51,170375.2,154340.37,178976.85,189912.93
GB0009286963,VP,GB,EUR,76338.06,76860.62,72954.7,74473.46,73198.58,81309.11,75736.48,75169.43,69204.32,66110.1,67674.85,68801.58,63620.17,70154.33,69066.63,70792.35,74038.5,86605.02,87104.77,82652.94,80643.73,81890.25,81434.95,79762.15,70930.03,67372.14,68447.71,76104.05,76665.95,60767.93,69421.28,68769.43,67203.17,62848.0,68547.54,70177.53,74721.66,76864.27,75613.38,80825.04,81943.97,85826.93,84701.73,80302.02,84727.35,80347.02,92835.8,90660.96,95359.62,88195.88,90861.89,93411.69,94908.82,105546.28,114538.93,113491.11,110577.12,99669.3,97049.33,98080.31,103979.89,106959.59,107078.87,81009.41,72008.74,87826.12,77225.88,74268.89,80094.19,88673.03,92894.23,100847.83,106113.96,103028.45,64468.0,69462.33,70686.05,75849.41,77593.82,69832.11,67111.09,63875.37,81089.31,89953.68,91508.85,101786.22,93550.99,95725.1,104200.21,108604.59,113114.44,114324.49,117780.4,117976.25,106728.64,108584.73,113830.87,103268.54,95751.23,104891.14,102018.76,92379.49,95061.72,83426.99,75058.34,73718.89,72746.62,74624.51,79161.33,77846.37,75474.08,72852.09,72118.39,72544.1,68259.72,64834.97,60723.89,56994.47,72832.96,78053.24
GB0009292243,VICTREX,GB,EUR,2782.59,3098.06,3238.34,3038.28,2927.3,2831.89,2635.2,2808.75,2533.54,2637.25,2747.65,3159.05,3009.24,2959.06,2819.9,3079.51,3226.37,3093.01,3078.55,2814.75,2735.16,2911.45,2968.12,2709.45,2237.58,2257.76,2472.59,2140.84,2192.43,2125.7,2065.12,2097.77,2143.51,2249.77,2254.95,2511.01,2515.59,2549.69,2547.34,2657.74,2672.75,2629.86,2804.3,2832.69,3433.03,3436.67,3511.95,3851.23,3916.54,4024.21,4059.15,4069.31,4234.21,4355.07,4683.4,4661.16,4930.49,3835.91,3538.6,3298.67,3595.9,3731.38,3359.44,3791.25,2994.77,3314.99,3006.56,3046.06,3200.87,3420.32,3580.92,3976.77,3588.9,3289.23,3001.1,3093.18,3095.55,2967.8,3021.89,3178.2,2908.23,2930.92,3267.36,3939.95,4031.58,3705.42,3819.1,4071.83,4301.57,4428.81,4639.42,4592.37,4044.25,3949.19,3831.61,4168.29,3614.6,3448.46,3178.97,3028.02,2934.31,2872.78,3119.67,2707.62,2478.81,2530.62,2812.32,2554.35,3090.44,2896.98,2688.67,2875.54,2643.27,2436.6,2735.19,2620.46,2361.08,2300.57,2550.0,2671.38
GB0009465807,WEIR GROUP,GB,EUR,150112.4,187648.37,184419.77,200575.15,194059.85,197744.4,191375.47,193972.84,179110.53,162337.55,130578.68,128279.2,112146.19,117042.68,112232.46,130389.77,139390.43,120450.9,108247.93,97455.33,79985.1,75187.55,82556.13,67249.63,55984.44,60724.41,72662.28,82124.3,81529.35,89993.85,90869.92,92207.73,104135.94,97874.94,106522.76,110128.46,118952.13,110497.58,113039.67,123279.8,112200.73,107611.69,115717.83,110696.95,127216.67,125148.79,128158.59,138583.05,151583.9,135370.02,135012.1,143857.56,142558.54,129113.97,124979.39,119133.0,112417.46,100068.36,92867.17,81631.12,97759.45,107714.83,100248.13,108671.85,93068.87,98867.66,92074.9,89590.43,88239.37,88593.28,91781.82,101678.12,90350.67,84787.17,45456.92,61223.4,60724.19,66815.33,79849.57,86360.56,82332.18,94244.6,113703.17,138279.3,132313.23,140897.2,124661.59,134955.64,138774.12,130017.5,122159.8,122565.38,115967.12,121769.72,112955.42,118691.98,118772.33,108716.8,110626.83,100954.44,103258.03,85376.44,104817.53,87473.19,80981.01,91217.65,109781.85,104472.02,114160.36,119634.92,119610.7,121554.41,110383.83,117338.85,124093.45,122179.47,121984.36,109933.26,125842.63,127635.76
GB0009692319,WILMINGTON,GB,EUR,1524.92,1387.14,1304.79,1287.51,1111.35,1121.4,1108.68,1100.35,1172.13,1193.04,1161.15,1156.1,1113.58,1211.84,1196.54,1239.99,1400.74,1391.8,1417.56,1373.1,1429.89,1473.88,1420.66,1367.02,1310.64,1266.16,1324.59,1338.25,1289.37,1204.52,1176.16,1123.96,1183.22,1158.71,1246.44,1218.7,1176.32,1212.65,1151.45,1150.23,1295.14,1124.35,1150.25,1142.64,1148.95,1181.06,1143.56,1211.37,1289.45,1262.3,1311.32,1305.93,1314.96,1214.01,925.92,908.77,906.8,854.29,911.84,892.72,962.03,989.69,1109.15,1044.39,1040.03,1004.3,963.77,978.09,1110.63,1171.66,1256.0,1346.04,1317.79,1182.7,589.3,653.73,666.08,625.2,704.44,696.69,659.44,680.73,817.73,893.28,905.8,1137.61,1116.92,1120.85,1141.93,1212.72,1260.84,1265.15,1245.08,1386.08,1270.91,1226.94,1356.66,1322.84,1445.73,1373.24,1244.39,1188.79,1419.06,1441.1,1235.24,1450.05,1479.17,1619.45,1860.58,1871.74,1634.39,1496.38,1508.09,1546.97,1700.74,1752.62,1725.56,1731.45,1846.57,1893.7
GB0009697037,BABCOCK INTERNATIONAL,GB,EUR,1968.65,2124.44,1935.26,1970.58,1990.3,1941.96,1837.49,1845.36,1754.76,1736.46,1764.97,1643.55,1505.29,1555.04,1456.05,1544.81,1710.3,1692.19,1567.38,1509.73,1400.21,1508.19,1633.17,1526.16,1322.78,1299.56,1390.85,1414.57,1538.26,1259.2,1341.19,1426.67,1400.13,1257.46,1242.58,1234.83,1178.11,1237.05,1156.52,1219.63,1263.02,1228.67,1196.04,1124.71,1192.67,1158.38,1013.57,1038.18,1058.94,974.88,1018.42,1100.12,1203.21,1205.04,1046.2,1034.89,1052.28,871.62,808.84,704.96,789.88,814.02,727.45,774.24,638.48,659.68,693.94,726.71,818.01,852.81,908.49,1004.22,934.8,682.27,572.26,640.32,569.98,461.62,455.89,438.79,389.88,338.24,543.32,460.81,385.35,437.3,379.86,480.42,512.07,482.5,428.51,601.85,603.78,527.14,471.65,519.73,487.83,534.89,514.58,463.31,512.44,451.67,501.83,461.07,374.57,382.17,407.06,408.84,452.82,478.55,444.96,480.48,460.06,432.72,580.18,589.7,607.71,571.14,604.48,609.01
GB0009895292,ASTRAZENECA,GB,EUR,2060.42,2287.24,2159.76,2631.86,2401.12,2480.21,2451.21,2568.01,2437.89,2461.11,2534.52,2404.99,2411.88,2403.63,2390.02,2404.62,2321.87,2199.54,2345.93,2234.86,2233.94,2260.78,2390.42,2399.82,2245.08,2083.31,2041.65,2094.45,2133.99,2173.57,2439.55,2371.69,2397.83,2066.31,1912.45,2022.68,1946.42,2203.4,2342.12,2287.57,2576.23,2543.16,2296.64,2265.89,2574.36,2587.67,2504.08,2682.62,2690.91,2620.83,2735.63,2799.85,2897.33,2762.66,3064.67,3034.92,3133.24,3083.95,3144.78,3013.89,2932.18,3366.71,3296.09,3077.77,3031.27,3378.32,3564.77,3712.32,3727.11,4043.08,4018.35,4197.65,4076.41,3689.44,3804.02,4462.78,4509.76,4423.68,4759.82,4785.78,4685.66,4303.47,4465.74,4290.66,4408.56,4241.15,4367.33,4665.71,4995.74,5239.36,5021.09,5158.16,5317.14,5487.54,4819.97,5174.24,5089.32,5441.36,5972.02,6007.15,5898.1,5871.63,5907.45,5584.84,5005.46,5323.57,5996.19,6084.81,5878.84,6025.76,6353.28,6753.9,6611.1,6558.19,6584.14,6220.36,6238.86,5726.57,5902.05,6221.52
GB0030181522,TRIBAL GROUP,GB,EUR,231.3,261.66,263.27,266.31,232.43,246.85,220.6,235.8,220.35,200.55,203.18,199.81,193.66,225.14,174.26,180.7,182.47,199.67,201.25,165.6,143.81,102.33,78.45,28.58,28.37,44.48,58.94,73.98,87.39,76.14,83.25,81.57,81.82,76.73,78.87,80.43,103.6,108.93,113.32,133.58,132.38,117.17,107.08,104.66,123.46,121.46,123.81,122.78,127.67,123.7,127.52,123.66,122.3,123.44,129.65,128.32,131.11,123.97,117.56,110.4,113.58,110.46,105.11,104.41,105.08,105.74,104.56,92.75,87.45,89.59,85.83,94.78,108.76,102.44,80.84,83.69,86.31,78.42,77.24,100.43,90.63,96.98,113.26,139.24,143.1,152.67,171.72,165.82,165.24,162.21,168.4,173.23,163.31,157.89,150.03,162.85,144.18,143.79,136.8,140.14,138.43,128.09,127.62,119.22,93.52,92.29,80.39,68.15,81.62,68.59,59.62,58.94,58.19,61.55,63.08,70.67,81.54,95.79,98.53,86.57
GB0030232317,PAGEGROUP,GB,EUR,547.96,636.32,612.79,591.57,585.7,561.0,549.43,576.12,520.53,476.75,495.15,492.64,536.85,595.07,593.82,628.87,644.88,666.47,664.94,606.32,580.8,618.15,619.19,577.42,466.21,416.88,496.23,481.7,476.97,327.83,370.65,375.13,370.68,376.27,393.0,409.55,460.66,448.78,454.15,549.05,524.7,533.44,557.23,567.77,596.26,554.38,569.1,565.03,690.51,660.44,671.77,660.82,639.66,674.78,712.07,718.53,695.96,598.47,592.37,535.69,542.0,558.96,571.42,654.39,609.06,619.84,521.71,483.98,535.31,569.79,615.89,685.27,595.31,513.42,446.66,469.09,456.35,462.2,454.36,510.13,478.74,457.32,547.46,604.89,610.92,661.27,641.37,767.56,842.17,763.79,845.72,857.56,869.83,945.51,866.53,891.35,809.06,800.06,673.49,640.9,614.46,515.7,592.0,536.89,475.9,559.18,649.08,638.19,646.07,622.24,649.16,656.14,635.34,601.68,676.24,656.74,633.19,564.03,699.98,768.29
GB0030913577,BT GROUP,GB,EUR,2842.33,3098.75,2854.74,2807.58,3004.65,2969.52,2959.51,2958.99,2833.2,2706.85,2957.53,2909.96,2917.42,3273.44,3022.31,3255.48,3168.41,3291.06,3368.9,3185.08,3009.62,3400.53,3538.61,3323.08,3287.33,3240.62,3026.22,3103.23,3080.54,2619.73,2623.16,2476.72,2473.66,2246.65,2183.82,2248.07,1895.57,2018.4,1973.02,1955.06,1981.56,1898.51,2049.44,1935.23,1955.4,1774.54,1812.36,1920.03,1898.72,1727.0,1668.08,1795.84,1425.1,1502.98,1600.95,1544.61,1606.41,1680.55,1827.76,1690.84,1704.59,1592.3,1619.86,1664.95,1361.7,1394.15,1318.9,1194.64,1303.25,1568.67,1467.41,1545.35,1285.85,1096.52,886.17,887.32,871.19,854.22,784.31,849.38,770.97,794.76,945.23,1095.84,1045.49,1047.08,1294.65,1384.39,1506.64,1624.56,1463.09,1416.55,1306.1,1154.14,1271.92,1411.2,1612.23,1535.67,1474.17,1368.29,1450.19,1390.34,1209.94,1114.75,861.16,950.05,919.09,874.03,995.11,1093.98,1169.01,1294.71,1180.24,1008.68,1017.9,994.81,967.35,929.17,1056.63,1090.19
GB0031274896,MARKS & SPENCER GROUP,GB,EUR,33614.1,36649.75,32694.05,32350.97,33523.27,32347.02,32314.91,31765.43,29183.13,28949.19,34498.19,33666.35,32807.36,35158.33,35814.61,38357.21,40910.38,38764.6,39037.97,36883.77,34898.23,36433.57,35244.08,31068.32,28030.11,27609.49,27202.85,28906.02,25750.15,20769.19,20666.64,22008.16,20967.15,20266.0,20424.09,21508.25,20991.78,20719.87,20957.42,23587.65,24557.42,22213.97,21794.9,21130.34,24327.88,23445.79,22240.6,22332.27,22476.69,21366.08,19883.81,20787.52,20655.1,21294.65,22082.43,21425.76,20584.31,20672.0,20891.24,17611.9,21251.82,20312.88,20329.85,20849.71,17134.83,16188.01,15367.33,14133.94,13721.39,14177.96,15517.11,17457.9,14320.36,12488.44,7595.41,7170.59,7460.11,7550.46,7694.7,9182.02,7781.89,7114.28,10362.52,11500.28,11997.85,12245.61,12846.65,13502.86,14512.5,12487.76,11628.49,15248.32,15272.1,15534.28,19288.56,19345.79,18036.71,14476.82,12572.47,10675.01,11657.11,10157.31,10624.73,8755.23,6799.39,7497.56,8861.4,9154.88,11079.27,11956.36,12745.39,12750.6,13663.22,15121.92,16383.99,17739.08,17825.04,16238.33,19729.37,21518.29
GB0031348658,BARCLAYS,GB,EUR,52012.75,49738.98,45810.42,50135.79,48970.44,43007.39,45039.61,44261.79,43783.89,45744.73,45780.07,45274.52,41934.76,47341.72,43535.8,47427.44,50005.86,49724.5,54727.19,48977.78,45045.54,43641.72,41102.75,39470.03,32277.2,29332.31,26952.3,31407.2,33189.01,23162.57,25652.29,28375.28,27416.41,29223.23,33936.25,34728.42,34726.42,35451.73,35712.43,34839.82,34395.89,33414.19,33955.05,31394.61,33073.21,31482.62,33394.92,35032.74,36249.97,37505.32,37282.17,36738.75,33778.79,32114.67,32745.27,29774.87,29206.88,28737.78,27095.86,24994.57,27129.67,29162.52,26919.6,28603.53,25139.59,25463.11,25197.7,22675.48,25262.49,29596.36,30244.32,32437.62,30185.8,25896.0,15905.67,18207.21,19419.56,19270.46,17990.22,20433.34,17200.36,18780.4,24486.43,27329.74,24995.23,30601.79,35179.24,33324.34,35695.3,32419.9,33273.26,35277.56,35440.94,38433.6,33787.89,35113.07,36682.13,34017.48,27710.14,26405.37,30237.24,26389.97,27144.35,27525.9,23164.29,24464.49,27613.4,27421.14,32900.65,31285.01,26675.23,29735.06,27754.87,28854.12,29502.17,28134.12,29229.03,24060.42,26902.0,29537.07
GB0031638363,INTERTEK GROUP,GB,EUR,1397.35,1479.74,1537.63,1473.21,1485.24,1426.33,1313.58,1411.58,1289.37,1329.5,1116.38,1111.06,1051.4,1193.67,1132.12,1225.46,1179.94,1191.29,1180.61,1205.9,1138.5,1262.04,1324.75,1274.17,1249.69,1267.66,1417.03,1485.29,1436.42,1463.11,1514.13,1456.93,1433.73,1320.11,1299.94,1360.68,1349.98,1388.42,1556.17,1664.08,1773.87,1750.82,1812.36,2104.59,2146.55,2313.56,2273.56,2254.68,2294.37,2173.94,2109.69,2167.85,2357.66,2446.22,2500.21,2163.03,2110.16,1954.73,1955.65,1994.94,2106.85,2207.57,2065.3,2275.98,2206.92,2315.14,2310.76,2185.57,2245.91,2304.11,2373.8,2579.24,2526.14,2239.53,1949.63,1993.35,2295.67,2266.87,2380.51,2653.36,2776.48,2442.84,2499.65,2617.77,2569.21,2539.01,2620.67,2881.51,2650.37,2624.1,2462.39,2491.31,2319.73,2319.41,2442.12,2635.95,2478.4,2497.14,2377.61,2173.44,2050.72,1793.21,1869.46,1617.23,1465.33,1489.73,1705.79,1718.29,1894.15,1789.38,1774.53,1849.72,1854.04,1952.65,2021.1,1889.16,1823.64,1685.61,1833.05,1966.76
GB0031743007,BURBERRY GROUP,GB,EUR,1285.79,1395.35,1256.59,1354.83,1389.35,1370.08,1310.36,1295.36,1344.56,1344.46,1418.35,1408.42,1433.74,1597.28,1420.41,1479.73,1428.05,1364.13,1408.96,1217.76,1162.8,1150.9,1051.65,996.7,959.24,1040.98,1110.22,985.64,884.6,877.51,1014.64,988.76,1037.08,1042.59,1033.65,1078.56,1203.05,1252.35,1256.98,1217.53,1366.19,1258.02,1338.29,1373.78,1400.95,1498.52,1378.14,1447.24,1340.55,1261.45,1420.39,1499.46,1643.65,1726.65,1673.44,1759.64,1590.97,1401.06,1372.38,1346.92,1444.08,1531.49,1551.96,1602.33,1301.85,1469.5,1715.23,1634.24,1661.27,1640.13,1687.63,1820.88,1604.81,1312.97,1023.75,1092.92,1152.52,1231.98,1024.75,1205.65,1252.34,1092.94,1438.9,1524.84,1471.04,1582.25,1632.81,1778.8,1892.73,1779.12,1825.81,1628.23,1557.04,1682.33,1479.37,1576.83,1604.9,1667.33,1411.8,1279.48,1382.86,1304.08,1430.14,1330.95,1320.68,1367.42,1696.49,1610.62,1998.35,1969.15,2108.98,2148.0,1760.86,1815.64,1926.77,1864.28,1569.2,1383.09,1248.07,1230.19
GB0032089863,NEXT,GB,EUR,787771.63,865638.49,843883.28,850723.25,860633.56,855508.7,903054.56,930962.99,846002.52,814663.07,838283.14,846406.15,871151.96,928596.08,836066.74,913241.06,927796.83,947320.49,1030033.92,1009464.88,952284.59,1028646.55,992578.07,900886.92,831023.14,797571.81,656606.4,630177.24,669846.05,557541.61,576854.14,625653.47,536418.06,508389.45,529763.06,538166.97,421157.71,416245.11,472150.78,492223.93,497433.71,442658.11,478460.3,488836.91,648399.79,605643.25,561662.11,574078.7,685543.77,633450.24,632038.29,685380.39,730674.04,756211.8,750439.81,688958.96,690484.34,640846.26,602659.91,495608.16,621685.89,659864.66,708955.13,732924.77,708117.43,685741.47,738739.26,719248.27,758433.55,847389.92,869712.74,932872.6,911594.53,779497.0,506625.59,598141.95,603382.47,606760.3,717746.2,811208.81,771833.08,757681.16,877700.68,971916.34,1065095.12,1060559.78,1088964.53,1083901.2,1163605.25,1088959.48,1099602.44,1107254.8,1126225.35,1110637.42,1057953.57,1122779.12,1044533.73,956004.84,824649.74,785567.68,847720.47,738950.09,877668.13,716659.35,567931.65,601380.9,737007.0,748500.92,873184.14,887743.46,870883.2,907917.47,842941.43,940156.25,992550.76,969186.57,974690.8,914300.9,1098793.8,1142039.94
GB0033147751,BLOOMSBURY PBL.,GB,EUR,1818.97,1903.22,1871.94,1738.88,1797.3,1974.74,1909.23,1931.88,1760.27,1687.06,1703.36,1676.57,1476.7,1529.72,1503.9,1707.16,1786.25,1721.02,1689.56,1775.14,1753.48,1753.52,1637.16,1524.51,1462.33,1498.92,1454.55,1563.02,1635.52,1472.28,1519.28,1503.99,1418.03,1311.14,1442.89,1497.59,1520.31,1510.42,1598.11,1581.86,1603.79,1546.49,1694.31,1634.76,1588.33,1606.39,1887.0,1868.17,1953.32,1708.46,1838.34,1810.11,2311.88,2313.42,2121.87,2241.3,2208.92,1871.89,2018.21,1975.45,2222.18,2374.59,2281.28,2372.42,2225.97,2218.37,2244.47,2261.24,2336.75,2555.99,2773.31,3050.7,2972.82,2485.0,2136.64,2063.34,2130.36,1962.35,2204.49,2309.25,2107.85,2706.73,2880.24,3309.25,3460.07,3085.34,3249.23,3431.67,3722.23,3958.62,4329.53,4190.65,3873.08,4280.32,4203.78,4221.62,4402.43,4728.03,4833.37,4358.88,4506.49,3979.78,4472.74,4333.51,3623.48,4705.97,5131.89,4804.18,4873.05,4507.05,4899.72,5008.68,4514.97,4925.06,5055.59,4806.09,4451.72,4392.71,4821.95,5499.18
GB0033195214,KINGFISHER,GB,EUR,11749.37,12771.96,13589.25,13655.9,12929.69,12212.67,10097.1,10034.76,10447.01,9730.78,9824.34,10675.2,10352.02,11354.1,11360.36,10854.87,11572.87,11195.67,11537.43,11229.21,11133.98,11278.31,11002.11,10044.07,9566.8,9635.21,11197.72,11024.94,11266.43,9087.98,9412.35,10245.52,10320.64,9379.18,9380.28,9203.49,8993.52,8710.37,8670.3,9388.66,9117.84,8485.77,8432.07,8367.44,8700.59,9116.36,9928.95,10042.67,10836.65,10829.65,9010.99,9189.31,9158.25,8842.54,8776.73,8016.43,7587.14,7434.53,7286.78,6037.13,6692.27,7356.27,6989.37,7865.18,6158.83,6473.43,6445.37,5604.98,6031.69,6457.72,6539.34,6923.87,6476.89,5825.24,4297.55,4778.81,5782.67,6571.02,7646.99,8716.97,9238.56,8941.02,8797.7,8902.56,9184.7,8937.06,10577.35,11915.08,12335.78,12416.4,12630.1,11887.77,11187.95,11457.46,10457.55,11432.73,11083.66,10250.9,8390.27,7934.82,8579.77,7662.3,8127.18,6974.85,6354.02,6624.29,7546.73,7464.69,9027.83,9138.8,8488.6,8506.76,7802.8,8028.2,8615.74,8081.11,7427.99,7063.93,7706.77,8606.04
GB0033986497,ITV,GB,EUR,46973.54,49215.93,46438.46,46273.16,45991.45,45878.52,53053.71,52813.12,50723.85,49242.61,50861.7,50877.29,50099.04,52791.98,56923.94,61315.81,65374.4,65150.34,68916.94,60542.92,58626.77,61790.2,64664.04,64623.54,59990.96,54917.37,54953.48,55561.7,52655.76,40458.88,43828.38,44270.9,40955.7,35548.27,35844.68,43553.09,43656.88,43032.71,46744.0,48556.37,45151.96,42112.01,40761.78,36524.21,41889.79,39625.86,39263.2,40586.72,43078.67,39990.15,36681.01,39289.39,40697.97,43210.94,40675.08,39276.13,38719.26,36440.34,35471.49,30445.12,32566.35,33387.43,31710.46,35512.17,26947.12,27400.35,27081.62,28149.53,30927.77,35167.41,38137.0,40646.53,36267.08,30249.46,16633.83,19606.93,20167.12,18749.73,15116.17,16519.95,17763.11,18953.41,25521.56,29664.46,29548.97,31206.92,33683.79,34041.34,37087.25,35242.31,31697.82,32383.1,29206.02,29983.67,29557.49,30425.26,30573.92,30167.23,21916.58,19766.89,18768.88,16794.2,18963.19,15854.31,13549.29,16774.7,19386.42,19660.24,21652.45,23272.52,22262.78,22980.85,19580.7,19653.83,21066.88,20305.92,19509.43,18002.29,17681.23,18740.69
GB00B00FPT80,CHESNARA,GB,EUR,1091.42,1135.52,985.21,1110.1,1089.34,1093.39,1044.24,1100.1,1169.63,1120.13,1040.76,1075.06,1072.15,1143.25,1035.59,1034.16,1046.14,1074.89,1110.85,1163.57,1092.03,1078.66,1056.19,1057.84,989.97,979.31,1016.18,996.75,1004.94,818.78,924.83,988.87,975.2,882.59,987.23,1026.23,1029.86,993.18,1022.18,1163.45,1152.59,1181.09,1184.8,1207.21,1264.63,1222.35,1216.88,1262.97,1331.07,1301.23,1308.02,1375.89,1263.6,1178.82,1299.04,1211.81,1163.95,1105.13,1135.61,1106.35,1137.74,1188.87,1238.41,1245.34,1205.67,1096.35,1056.38,895.15,928.73,899.01,1007.75,1120.77,1148.75,952.38,966.03,1170.53,1104.08,998.12,1043.73,1104.06,993.74,971.05,1023.68,1167.65,1100.17,1082.04,1127.13,1148.7,1179.36,1100.45,1140.98,1241.1,1183.26,1217.71,1122.24,1190.7,1169.1,1158.84,1232.6,1173.23,1204.25,1103.4,1162.78,1138.23,1018.61,1018.06,1146.06,1133.62,1168.38,1146.96,1233.05,1219.95,1211.63,1202.84,1215.07,1209.95,1209.94,1106.67,1163.68,1201.68
GB00B012BV22,MARSHALLS,GB,EUR,41980.09,44624.16,42645.7,43254.11,40906.73,43398.55,40048.78,46196.0,48025.02,47455.45,53630.88,54385.8,54736.08,56091.08,61514.7,61961.85,68975.52,74082.87,75392.98,77789.04,81598.67,81326.85,75264.46,72798.5,66289.62,62245.61,77762.19,71507.95,72088.76,49346.93,56554.35,64001.21,57509.64,52482.55,57627.92,56702.93,57042.34,58100.12,69211.63,78042.5,83483.72,78197.37,81121.91,90665.32,93906.13,102369.39,95178.54,99512.25,95802.59,92869.47,94868.71,95464.03,92313.3,89343.93,94208.04,97269.75,89718.44,92050.24,92130.66,99130.63,112014.49,120835.01,134961.35,140808.77,136242.84,148198.12,132865.44,144200.72,139183.8,158104.84,173148.47,195644.95,178718.61,159464.26,124671.49,138086.73,137998.25,130705.83,133994.6,146237.12,144970.87,148656.96,162318.09,175468.88,153161.32,163741.45,162178.91,172853.89,179663.92,163723.24,175467.04,192233.22,173777.12,168895.76,159561.08,163118.53,163560.3,149105.32,155933.0,134323.28,117775.9,96755.31,107121.73,69238.41,58086.16,52888.25,62854.4,59809.86,76134.09,73899.95,70479.17,68762.57,68346.54,57546.15,65016.24,65556.56,58048.11,47568.31,60236.47,67845.17
GB00B012TP20,HALFORDS GROUP,GB,EUR,468.32,490.68,478.49,464.59,507.59,502.44,513.29,501.75,487.22,502.3,474.13,469.28,427.37,440.74,438.41,447.93,470.99,532.19,544.06,523.83,457.29,439.09,366.86,328.76,357.62,369.14,378.61,411.21,424.54,285.82,311.24,312.89,312.92,284.55,293.94,315.3,326.64,303.18,318.11,346.85,336.37,318.61,315.05,308.98,349.21,325.93,345.2,358.78,365.55,368.98,345.75,394.46,339.64,346.37,335.74,335.12,323.15,308.63,291.59,260.03,243.93,251.97,242.05,243.83,227.27,228.87,199.6,187.05,178.07,174.02,176.37,197.77,190.29,168.95,76.32,120.13,199.72,165.61,168.98,194.82,206.8,274.22,311.98,321.84,329.97,356.91,462.32,460.29,478.09,525.28,436.22,447.09,366.22,326.26,362.17,421.42,395.2,336.01,291.77,256.05,254.53,156.33,188.66,141.87,137.36,189.5,216.58,238.4,239.55,242.0,204.95,250.53,238.11,259.92,269.88,227.68,237.77,239.13,233.93,253.43
GB00B019KW72,SAINSBURY J,GB,EUR,23994.66,24304.54,22308.17,23995.52,25497.2,23693.25,23201.84,21174.77,17907.23,17250.36,16364.64,17222.06,17173.63,18812.66,17227.23,18721.12,17712.61,19249.29,19071.17,17220.97,18239.5,18981.28,17904.14,17876.04,16293.4,16614.76,18610.89,19833.27,18902.03,15019.92,14403.93,15222.2,15443.4,14816.06,14170.86,15125.17,15931.23,16350.41,16227.29,17494.32,18254.86,16452.74,16240.71,15277.04,16061.87,16205.26,16038.18,16669.18,18313.69,18201.26,17085.58,21707.15,21602.31,22134.56,22389.18,21994.39,21903.8,20755.09,20517.93,17794.91,19780.66,16059.66,16193.38,15293.54,13297.58,13682.79,13211.08,13103.13,14860.98,14447.81,15458.02,16983.93,14878.44,13943.13,14548.4,13934.31,13374.92,14380.23,13697.92,13723.83,13766.27,14536.32,16532.05,18081.74,19686.84,18551.2,19626.26,19305.4,22147.06,22666.43,23777.67,25256.28,23230.32,24774.71,22331.03,22795.76,23800.22,22573.82,20303.57,17874.27,17565.76,15833.19,17187.23,15125.63,12434.75,14304.16,17252.28,17042.53,21039.44,21131.16,22426.4,22609.18,21826.56,23022.3,24026.93,23040.08,20771.32,21018.08,24719.72,26346.55
GB00B01QGK86,NCC GROUP,GB,EUR,1378.15,1537.06,1310.64,1336.32,1271.19,1369.31,1490.08,1494.23,1346.93,1336.02,1364.22,1359.95,1450.62,1500.87,1240.74,1366.32,1379.49,1446.9,1567.1,1529.39,1790.53,1838.9,1876.4,1912.16,1947.6,1766.28,1564.37,1669.51,1825.76,1532.23,1875.43,1832.36,1997.7,1014.84,1030.31,979.68,1030.37,649.18,735.26,815.05,944.56,940.36,1130.72,1077.53,1305.9,1373.17,1348.01,1422.38,1294.68,1240.71,1195.19,1226.54,1281.39,1224.73,1305.96,1295.19,1199.0,1154.84,1101.56,1026.38,777.09,760.66,848.18,1058.3,970.44,968.08,1052.07,999.97,1015.3,1146.92,1263.33,1412.9,1340.45,1261.72,979.86,981.16,902.82,1043.48,1055.94,1147.33,1083.17,1142.82,1267.87,1667.36,1641.75,1786.29,1732.56,1829.62,2047.96,1976.81,2128.28,2163.63,1686.63,1678.34,1492.76,1558.28,1255.99,1250.2,1194.12,1141.15,1345.82,1129.17,1344.81,1132.75,1211.46,1154.93,1278.65,1212.71,1165.43,1049.05,642.59,686.45,572.9,625.17,631.39,642.44,732.39,657.79,803.9,858.87
GB00B02J6398,ADMIRAL GROUP,GB,EUR,1379.24,1396.7,1382.67,1420.62,1471.77,1593.92,1480.36,1334.27,1301.83,1336.8,1215.44,1290.18,1361.18,1426.72,1421.6,1498.56,1468.71,1410.02,1493.9,1540.95,1519.36,1663.59,1629.51,1632.92,1680.48,1611.9,1903.36,1816.65,1977.77,1873.71,1983.79,1853.81,1895.25,1666.54,1691.21,1607.49,1591.01,1619.76,1770.99,1852.58,1919.79,1899.44,1990.37,1816.5,1833.92,1922.09,1958.27,2037.36,1976.99,1910.36,1946.0,2065.09,1984.19,1950.28,2012.39,2093.63,2162.7,2050.82,2120.08,2078.69,2172.17,2314.08,2254.55,2290.93,2139.16,2312.98,2183.97,2152.15,2213.75,2219.23,2347.83,2594.44,2525.71,2288.09,2345.28,2492.74,2503.42,2465.54,2734.04,3064.57,3033.81,3195.82,3428.14,3570.25,3556.96,3880.31,3845.36,3893.72,3863.84,4016.89,4371.95,4596.18,4054.65,3806.36,3785.13,4137.21,4081.23,3864.74,3265.04,3066.03,2848.52,2770.82,2373.06,2510.47,2286.48,2484.53,2581.34,2750.21,2897.66,2850.82,2695.95,3107.65,3155.58,2898.62,2999.72,3455.19,3245.66,3316.38,3825.25,3827.75
GB00B033F229,CENTRICA,GB,EUR,1239.59,1295.71,1332.22,1399.89,1414.21,1342.81,1310.61,1332.62,1274.35,1235.95,1138.25,1111.01,1126.91,964.19,959.18,1035.32,1117.41,1094.39,1097.01,986.67,915.81,935.95,879.98,861.63,778.67,776.96,877.21,936.07,828.21,841.66,893.76,850.56,827.66,742.71,746.21,821.52,801.43,801.89,770.63,727.14,777.94,770.82,775.69,763.51,743.67,681.81,591.86,562.22,573.83,595.78,603.17,640.54,620.7,665.44,623.83,595.48,645.81,616.05,575.66,562.74,587.69,542.39,487.4,453.68,420.5,398.55,332.33,302.82,324.17,342.5,378.51,431.53,407.95,336.03,172.24,183.58,164.7,173.71,233.5,224.87,189.06,175.36,214.86,232.36,259.37,269.07,272.48,286.16,283.43,259.32,230.61,260.85,278.78,301.61,312.63,353.26,353.94,378.24,384.61,363.91,364.01,354.4,389.3,321.48,288.46,326.5,418.99,429.71,459.06,471.15,485.3,532.64,539.67,593.19,668.61,723.83,709.61,724.86,716.56,680.9
GB00B04V1276,GRAINGER,GB,EUR,9051.27,10666.02,10403.44,9334.63,9424.72,9332.47,9429.66,8952.36,7808.59,7851.4,8010.84,7686.48,7636.12,8534.0,8030.33,8546.68,8510.63,9460.24,9805.5,9526.58,9482.17,10114.6,9700.16,9104.88,8679.84,8009.77,8630.88,8652.79,9431.51,7555.16,7705.77,8101.29,7976.16,7203.26,7514.83,7945.98,8110.77,8523.84,8321.82,8742.93,9436.17,9293.5,9421.55,8952.69,9788.79,10057.32,10355.07,10763.07,11290.98,10348.68,11153.58,11875.83,11251.07,11250.8,11120.3,11040.14,10824.11,9580.58,8938.34,8301.42,9334.36,10206.93,9578.33,10206.47,9904.39,9778.08,8710.26,9303.34,9483.12,10395.1,11475.52,13124.94,12351.17,11976.03,10166.72,10661.39,11297.36,11251.62,12127.4,13343.81,12233.51,11510.83,12004.2,12500.36,11813.62,12118.0,11869.54,12750.59,13166.48,12777.59,13690.16,14265.96,13346.62,13737.39,12803.73,13992.33,13191.29,12400.21,12608.68,12212.49,12858.24,11275.71,11901.15,10304.13,8455.19,8629.43,9539.27,10160.82,10712.64,10307.44,9656.75,10895.02,10413.01,9769.82,10957.95,10123.28,9643.66,9333.09,10875.86,11585.79
GB00B06QFB75,IG GROUP HOLDINGS,GB,EUR,1177.07,1212.73,1195.95,1227.71,1153.41,1148.39,1177.35,1152.44,1101.79,1140.62,1258.64,1329.94,1301.36,1355.75,1263.13,1359.23,1431.17,1408.95,1401.77,1338.18,1398.85,1436.91,1434.83,1456.63,1295.54,1321.42,1432.7,1410.93,1449.94,1348.35,1464.07,1551.92,1447.16,1289.1,1343.17,780.91,857.69,867.73,809.75,915.62,981.72,960.74,1092.68,1082.25,1159.83,1170.37,1181.16,1310.81,1482.49,1521.41,1527.88,1561.3,1571.06,1552.47,1649.07,1604.69,1188.26,1110.12,1084.67,1043.36,1225.04,1101.16,993.72,974.68,1011.48,1090.41,1026.8,964.11,1142.88,1265.42,1345.36,1417.01,1373.17,1350.21,1346.92,1493.48,1484.19,1586.12,1515.94,1658.9,1668.48,1604.44,1754.57,1921.32,1708.32,1806.55,2061.98,2103.68,2020.7,1940.86,2057.14,2137.86,1864.62,1869.68,1754.51,1892.84,1879.57,1831.37,1883.35,1788.2,1574.92,1464.6,1691.78,1663.41,1549.99,1665.66,1774.86,1710.7,1782.15,1797.19,1596.63,1704.36,1539.72,1591.16,1684.05,1584.73,1524.4,1502.58,1680.61,1894.01
GB00B0744359,ESSENTRA,GB,EUR,773.26,846.01,825.07,775.9,760.64,749.84,746.7,817.5,747.87,635.32,683.96,660.24,721.1,910.05,863.71,864.86,893.63,914.56,833.9,767.84,702.97,767.79,771.91,720.56,614.75,686.65,714.25,714.33,725.48,411.83,386.7,405.84,383.92,378.73,301.32,346.48,313.29,411.38,410.27,437.82,463.9,458.25,441.2,430.02,468.74,446.74,432.7,452.94,459.96,389.99,387.73,396.14,411.7,413.64,411.67,377.21,349.74,323.22,324.27,288.77,324.92,331.88,356.37,377.29,349.41,373.92,357.56,335.28,364.66,343.15,378.81,401.04,384.03,318.47,226.57,244.68,250.14,250.0,275.05,285.43,229.21,221.7,283.11,291.02,275.74,284.82,278.19,309.45,312.21,300.02,277.03,280.51,255.4,281.97,285.73,330.89,326.34,290.26,293.69,282.96,287.2,216.27,216.27,165.94,147.81,187.85,210.71,206.29,192.83,196.65,201.46,218.66,191.85,174.62,176.94,158.38,168.54,153.89,164.0,184.52
GB00B0744B38,BUNZL,GB,EUR,156755.63,181151.1,182845.67,195055.81,195332.86,193163.07,187083.49,190392.36,181787.65,188870.76,196057.96,192802.03,199712.67,205388.73,190531.11,198098.96,205439.72,194089.21,203220.98,189915.88,190379.31,203865.91,206503.39,198510.08,189325.5,192474.38,207752.42,213416.48,215357.09,222760.28,227298.7,223553.51,214392.77,194344.09,187527.63,189875.33,191491.8,204457.49,211373.58,226988.4,231473.44,219117.15,222389.8,219452.85,224242.8,229589.69,212449.99,207992.3,217381.42,199889.03,218082.03,215760.91,229300.74,228005.45,223576.14,234539.12,236787.11,222204.08,233496.06,228540.93,239139.55,239082.4,249913.98,228008.37,205286.2,203565.24,202731.13,188789.92,201658.47,200096.35,213089.73,212275.61,200997.18,185344.91,156785.11,169082.9,180978.55,207674.32,223858.28,251642.96,251496.54,244193.76,247827.77,264563.18,255655.51,247775.04,253914.38,255245.77,261642.89,265844.08,298579.57,292225.7,266642.79,298345.45,307407.07,316580.25,300762.21,322742.95,316598.61,315626.5,286691.63,271469.35,307232.19,273686.57,253292.31,268912.26,300151.91,274430.36,302343.54,296720.63,312552.54,328842.67,326834.97,319798.24,311667.96,300779.99,299546.54,298414.81,320746.63,343215.92
GB00B082RF11,RENTOKIL INITIAL,GB,EUR,37374.14,42095.99,38699.67,38408.62,37865.04,36439.8,38273.72,40537.39,36762.12,37942.17,35904.57,36409.03,34954.22,40250.47,39064.39,40255.64,43752.71,45399.89,44712.89,44749.16,43716.07,46814.01,47135.0,46065.05,43610.01,45359.91,49855.98,51199.2,52026.18,51258.94,56654.5,55849.99,57569.08,55568.24,53403.14,54736.88,57311.53,59317.12,61500.13,64835.11,69007.79,71448.39,77105.79,79281.29,81491.1,90104.03,87006.58,86935.09,85340.17,80627.4,77013.63,86297.63,93039.42,94521.78,90834.47,86547.96,85070.94,82779.25,86266.94,87990.21,90827.61,95654.41,94323.16,105071.33,97678.31,104549.47,110074.99,113688.1,119534.31,121950.57,119328.6,124436.58,127647.99,128189.98,99707.49,124052.16,127356.64,130563.97,145384.8,147981.52,143577.96,141026.32,137667.56,144443.47,141687.03,135298.16,138581.29,145185.3,141136.29,143297.03,165139.43,168004.34,165506.0,169639.39,170742.25,166368.7,146228.61,143304.6,145663.87,146417.27,135272.33,122213.82,139645.06,129106.51,113517.04,133484.93,137309.36,130136.71,128651.87,132109.61,155779.95,170758.11,170031.43,167968.93,175518.52,164557.17,160717.9,109140.57,117113.35,121260.73
GB00B0FYMT95,HELICAL REIT,GB,EUR,310145.78,340202.04,339116.35,333590.36,365154.39,325700.87,318804.59,308562.68,313056.45,309605.41,305008.42,331239.64,318014.41,343093.21,324835.31,332643.53,351479.1,352209.11,373021.53,367427.04,349313.55,383280.22,384153.58,395347.75,323985.48,298613.8,317772.6,321986.65,329299.43,218387.69,216519.85,213960.38,201769.66,185432.21,208055.26,210877.11,214344.31,232184.41,226797.17,247946.99,250587.08,230874.99,268799.75,252823.95,238266.22,240934.53,241990.67,272763.99,269048.04,283264.52,270003.5,307784.58,297348.82,271924.62,255031.4,268491.99,262249.65,241434.2,250080.13,248849.19,270723.66,276997.3,263781.85,274683.19,279852.4,292930.21,272264.84,267754.77,299410.34,316422.06,343975.35,394759.67,397780.23,377809.66,272830.42,285468.74,264255.13,244477.14,255910.59,243920.57,244619.16,281500.53,311172.03,329185.92,335560.64,342546.73,367839.4,378505.77,403271.47,393913.65,414679.1,426712.16,390662.33,413326.02,380715.91,405758.77,380677.17,373179.92,357076.47,362860.69,355931.8,306299.85,319620.61,305621.29,267637.04,255880.2,268680.07,272595.78,301154.76,292038.97,252052.88,256221.66,205071.05,232098.69,243022.69,209088.54,181259.23,163590.2,192490.39,201099.22
GB00B0KM9T71,STHREE,GB,EUR,445.21,496.9,471.06,494.76,426.64,480.31,439.18,418.51,410.29,358.37,357.37,337.39,372.19,374.19,379.03,430.46,436.89,442.59,454.99,404.51,395.55,417.8,375.05,365.82,332.36,327.32,343.33,389.63,372.9,260.14,267.19,253.07,252.78,228.27,275.29,305.37,320.07,308.9,313.64,335.07,326.63,328.12,343.57,348.75,387.05,386.64,386.27,414.66,419.37,395.46,376.4,380.9,365.14,411.95,377.9,391.66,420.27,334.79,317.39,316.82,312.96,366.1,304.35,352.93,343.49,325.16,308.44,277.3,334.72,337.1,402.47,458.13,439.03,370.04,259.09,247.45,263.97,304.41,304.19,307.88,283.11,290.23,367.28,371.69,403.46,426.09,484.69,507.24,549.8,589.21,643.76,662.67,722.76,746.17,639.0,583.74,585.7,548.35,505.69,428.56,463.48,411.42,435.38,389.22,364.91,407.0,464.86,466.65,502.47,532.58,495.73,509.98,457.25,429.43,448.59,446.81,451.5,421.27,512.46,533.92
GB00B0LCW083,HIKMA PHARMACEUTICALS,GB,EUR,740.88,902.05,1039.42,990.12,1080.51,1084.01,1147.53,1087.75,1065.5,1149.79,1164.7,1170.29,1344.26,1449.43,1199.2,1200.94,1210.56,1160.59,1426.82,1339.99,1322.63,1279.91,1248.09,1298.82,1096.26,1003.9,1089.87,1245.34,1290.12,1271.02,1348.91,1081.07,1015.13,829.28,823.0,905.81,888.65,1036.07,959.28,979.45,851.69,746.29,727.55,634.91,639.43,608.33,548.72,603.72,541.19,467.21,667.19,707.86,717.84,790.73,858.91,1027.81,967.41,974.29,911.23,876.39,849.53,889.93,936.1,933.25,807.48,888.64,913.78,1001.6,1105.43,1060.53,1010.02,1075.47,984.69,931.22,1043.55,1236.32,1314.54,1134.43,1167.04,1319.64,1393.99,1349.06,1447.32,1430.76,1369.37,1299.48,1319.74,1419.81,1460.09,1420.12,1546.13,1475.52,1395.48,1393.77,1237.91,1269.62,1177.71,1180.64,1161.58,1012.24,916.3,840.86,901.16,661.17,658.69,622.32,780.27,807.91,910.23,907.42,912.35,1019.35,978.13,1058.79,1184.05,1232.83,1132.7,1025.52,969.74,1013.63
GB00B0SWJX34,LONDON STOCK EXCHANGE GROUP,GB,EUR,1432.43,1609.12,1555.75,1449.34,1555.73,1625.56,1566.6,1624.53,1574.08,1675.64,1835.61,1808.03,1854.45,2000.94,1905.81,2045.1,1967.85,1956.32,2138.54,2042.99,1931.46,2071.84,2102.7,2131.87,1849.86,1967.24,2136.51,2094.92,2118.58,1800.67,1960.83,1928.53,1944.02,1833.66,1835.06,1924.5,2132.28,2047.2,2119.31,2339.3,2385.18,2554.81,2665.51,2755.63,2782.02,2704.0,2769.52,2777.94,3023.42,3004.79,3133.62,3206.53,3253.24,3223.49,3149.73,3294.61,3278.34,3022.4,2820.79,2835.95,3301.95,3286.23,3393.69,3583.2,3681.8,3859.86,4485.2,4695.62,4993.2,4989.22,4928.49,5692.46,5727.17,5365.33,5004.95,5249.31,5541.16,5764.23,6215.28,6594.04,6421.75,5990.03,6056.32,6891.06,6675.11,7525.37,5358.57,5773.52,6066.98,6204.32,5868.23,6189.4,5678.26,5501.4,4862.54,5305.83,5475.62,4986.07,5928.81,5667.92,5320.15,5285.91,5550.57,5396.45,4874.2,4986.38,5622.58,4913.56,5219.02,5150.35,5568.69,6061.56,6123.26,6145.94,6291.27,6014.45,5832.93,5831.4,6543.65,6861.67
GB00B0WMWD03,QINETIQ GROUP,GB,EUR,215.57,225.53,221.03,208.9,205.75,207.52,204.91,214.47,216.99,192.58,184.78,174.68,169.2,185.82,170.63,187.46,217.39,212.4,222.87,218.98,208.81,211.49,241.93,244.09,202.98,200.01,201.86,201.85,220.46,183.13,183.77,189.17,192.75,176.11,190.25,203.48,209.49,217.73,220.29,240.01,254.49,221.62,200.79,190.3,212.7,208.14,187.83,201.08,189.85,183.23,187.64,205.85,228.03,230.87,230.15,232.01,245.83,233.72,249.52,240.26,264.38,270.68,260.34,260.63,243.62,235.87,234.89,236.82,239.79,274.82,291.27,319.37,314.91,297.87,270.67,259.95,247.24,249.11,272.09,264.86,243.47,210.43,269.67,300.95,286.64,289.51,302.15,318.56,350.31,328.95,321.7,334.49,307.24,259.55,242.7,253.23,254.71,278.12,284.12,304.39,326.28,316.48,332.84,291.18,264.59,297.21,297.5,308.44,322.96,295.71,290.39,337.54,322.09,325.25,304.56,310.18,285.69,294.9,275.13,289.22
GB00B128J450,IP GROUP,GB,EUR,527.64,657.23,633.4,531.0,548.95,624.61,559.63,650.09,605.25,605.19,609.87,584.42,647.23,700.73,613.89,553.95,597.53,594.25,579.93,629.26,637.49,672.01,658.58,552.87,483.04,461.55,461.82,460.77,448.49,347.34,382.88,455.33,398.85,336.22,318.23,404.26,441.77,362.04,358.54,330.24,328.84,320.4,344.27,272.97,337.32,360.16,372.09,354.12,332.52,289.87,294.6,337.72,336.02,306.78,298.08,310.12,308.28,250.54,272.63,253.46,255.53,246.18,209.66,238.9,185.24,173.99,153.93,126.76,143.85,132.79,142.7,172.36,166.92,155.89,113.84,128.29,141.83,144.69,159.95,180.1,184.79,188.37,210.4,247.74,239.06,296.18,314.02,325.78,324.68,297.15,295.98,324.19,350.13,306.62,283.18,311.01,239.89,233.44,219.79,194.21,205.45,159.02,196.44,153.28,124.79,127.84,147.92,126.2,141.33,148.89,128.79,133.17,133.83,137.04,146.79,143.09,124.45,102.36,122.99,142.49
GB00B132NW22,ASHMORE GROUP,GB,EUR,431.82,428.42,453.21,484.61,485.38,518.18,490.63,478.81,408.97,417.49,410.01,371.48,358.59,402.63,365.0,410.65,436.91,393.07,359.14,349.18,322.69,360.37,343.7,341.73,281.17,291.61,380.32,413.91,389.29,365.54,406.78,423.92,422.49,394.39,326.25,332.79,371.55,422.04,426.5,434.16,436.83,442.67,457.93,458.15,439.1,493.17,505.89,545.91,609.64,566.53,537.84,571.38,493.56,496.09,481.79,465.6,478.18,453.34,493.49,485.43,554.32,585.17,586.88,630.86,627.73,683.64,692.58,579.32,657.39,651.7,666.0,742.27,774.96,638.59,483.58,523.08,579.18,563.46,560.08,617.02,506.17,503.42,635.48,665.16,698.88,650.66,616.33,632.08,642.79,607.02,603.31,627.04,524.15,527.85,468.42,466.73,447.7,400.39,370.26,338.19,376.66,325.67,317.5,285.86,266.01,287.31,345.29,369.45,420.44,418.74,385.48,399.41,363.72,345.52,346.99,321.2,299.5,268.75,314.21,397.83
GB00B135BJ46,SAVILLS,GB,EUR,4465.57,4451.6,4838.0,4515.87,4747.59,4793.85,4462.52,4763.53,4446.03,4620.81,4639.08,4755.3,4923.93,5059.61,5406.17,5845.45,6816.72,6830.61,7017.63,6376.26,6373.93,6523.62,6233.51,6021.93,4938.67,4222.18,5037.26,5159.23,5371.38,3889.56,4405.04,4600.2,4439.83,4044.68,3995.96,4131.88,4657.38,5084.85,5497.56,5889.27,5471.68,5591.51,5904.35,5590.94,6156.93,6103.87,6265.35,6617.73,7173.93,6499.55,6783.1,6842.07,6488.98,5807.46,5876.19,5257.27,5180.64,4712.18,4715.1,4580.27,5567.19,6028.37,5995.25,6154.3,5587.31,5974.89,6097.63,5271.22,5709.11,6250.42,6741.72,7915.88,8633.18,7275.94,5385.52,6408.14,5617.0,5366.62,5168.57,5752.06,5305.38,5660.17,6466.28,6869.07,7612.57,8501.38,8295.07,8835.2,9010.26,8483.46,8523.26,10046.29,9770.02,10424.91,9479.9,10228.3,9663.91,9160.89,7866.71,7673.75,7845.34,6936.22,8172.68,6225.5,5048.35,5403.22,6414.8,5645.14,6827.31,6903.16,6969.44,7081.3,6608.69,6339.53,7343.14,6811.6,6236.83,5641.75,5930.68,7293.02
GB00B18P5K83,TOPPS TILES,GB,EUR,3797.52,3560.3,3497.47,3298.5,3028.01,2776.79,2735.34,2893.77,2583.18,2481.99,2836.48,2743.13,2805.2,2826.56,2680.66,2745.24,3258.12,3541.39,3744.93,3882.67,3446.3,3501.73,3817.72,3628.98,3045.24,3085.44,3341.31,3150.64,3452.67,2256.36,2536.98,2398.31,2321.84,1778.84,1720.89,1721.63,1720.71,1712.16,1991.87,2198.59,1913.66,1778.15,1815.65,1817.37,1680.77,1536.91,1684.57,1838.81,2255.28,2001.71,1867.93,1622.42,1680.99,1467.14,1373.55,1435.34,1422.01,1393.33,1435.55,1435.5,1560.7,1601.99,1780.23,1766.99,1631.33,1533.71,1547.11,1449.82,1530.02,1779.11,1747.72,1797.51,1937.67,1405.76,843.56,855.74,915.63,1033.87,1048.74,1337.35,1159.69,1055.09,1408.93,1483.81,1697.63,1680.98,1799.27,1826.46,1998.44,1858.82,1792.19,1914.07,1743.14,1627.43,1510.9,1739.25,1691.0,1590.4,1456.61,1388.96,1269.78,954.03,955.95,1129.71,865.68,888.23,1074.66,1150.02,1263.29,1244.87,1197.85,1361.86,1369.23,1326.41,1454.23,1410.16,1284.02,1244.9,1242.35,1452.46
GB00B19Z1432,PZ CUSSONS,GB,EUR,1169095.84,1220255.98,1163382.07,1158242.61,1169835.04,1173868.76,1182155.0,1230307.26,1191521.87,1186477.94,1080836.32,958939.84,953250.87,1057920.53,1030370.34,1114907.3,1110164.11,1153099.77,1097667.23,1003860.51,906320.94,957461.23,980037.14,864575.55,776275.51,753668.89,903165.28,980839.28,1060223.51,913976.84,938133.49,927009.33,997931.34,863898.7,815166.44,872769.01,809412.74,846425.47,855603.44,922448.87,950712.65,947192.57,1018929.93,957036.5,928493.76,950356.04,944712.41,947453.46,962580.43,850352.96,700816.94,741079.82,692688.66,650343.13,667943.15,697990.11,682208.52,626135.13,659488.41,606433.38,526578.3,575189.89,580048.23,606344.19,580508.57,617936.74,609789.0,595940.84,581475.45,607574.25,614874.74,643620.74,590984.95,546369.1,562626.39,557431.73,515975.72,539628.04,590582.92,651847.97,717982.47,718210.63,727183.51,752741.37,815362.39,828368.22,890871.51,883958.25,876609.55,816832.65,845631.81,803773.35,735306.41,723694.4,628311.39,683492.04,635191.87,693557.03,641615.56,641218.77,635820.48,595443.32,638179.02,564133.86,542870.57,585139.6,626423.0,640376.97,678852.16,560517.25,590519.71,649878.18,588093.21,531125.21,550125.46,518260.55,445692.91,418692.28,490002.64,517761.45
GB00B1FH8J72,SEVERN TRENT,GB,EUR,4772.16,5212.83,5110.08,5238.14,5550.29,5693.3,5630.28,5567.03,5244.29,5503.5,5514.08,5484.02,5666.77,5503.05,5359.06,5725.51,5877.91,5880.16,6179.4,5739.37,5943.81,6223.86,6090.64,5849.63,5660.79,5426.77,5693.89,5947.44,6081.75,6069.49,6062.84,5814.57,6067.42,5299.68,5094.92,5198.47,5407.26,5508.59,5639.55,5695.21,6110.63,5475.65,5705.15,5648.39,5632.32,5415.75,5579.74,5743.4,5455.37,4620.17,5079.87,5247.37,5197.5,5273.98,5120.9,5248.48,4865.84,4803.81,4805.65,4758.97,5410.81,5527.19,5299.46,5462.89,5162.33,5512.38,5217.94,5334.05,5642.32,6171.12,6243.4,7169.65,7315.74,6775.41,6083.66,6487.22,6494.08,6757.82,7094.43,6888.83,6956.57,6931.98,7036.65,7022.2,7125.19,6871.59,7140.34,7696.78,8019.99,7946.54,8953.89,8742.79,8075.56,8632.2,8781.84,9313.56,8993.89,9003.95,9456.09,9216.12,8572.05,7871.46,8557.43,7730.49,6266.69,6869.65,7698.95,7721.16,8394.01,8064.04,8619.09,8922.94,8321.56,8085.89,8144.93,7537.81,7154.72,7988.33,8308.02,8295.34
GB00B1FP6H53,MITCHELLS & BUTLERS,GB,EUR,376.85,414.35,387.38,379.18,359.82,339.69,321.81,347.29,295.62,309.92,293.63,305.24,326.55,367.21,317.09,327.47,352.0,366.0,300.87,283.83,243.86,279.26,253.77,263.17,212.77,201.82,206.66,203.66,220.5,161.57,174.46,175.72,186.28,177.31,148.13,165.34,178.88,163.73,163.05,182.91,169.51,161.39,171.75,172.11,182.16,182.81,194.8,210.2,200.86,185.08,192.13,213.3,193.21,188.8,182.4,182.01,189.06,182.44,192.69,180.03,204.58,209.49,193.78,182.92,191.73,200.24,204.42,233.41,259.19,302.73,318.95,334.29,289.57,234.99,123.8,122.88,122.89,127.57,110.28,126.62,96.13,111.34,154.7,180.54,224.73,258.76,270.47,265.86,263.95,234.31,236.16,246.84,194.39,211.3,188.31,211.1,204.53,194.25,187.41,174.27,159.29,136.19,128.39,109.45,78.22,81.45,100.71,101.06,123.37,119.77,123.83,133.99,154.38,158.05,180.16,170.18,167.94,153.22,170.79,200.08
GB00B1FW5029,HOCHSCHILD MINING,GB,EUR,76.07,101.44,85.25,84.43,75.35,82.77,83.39,81.23,66.47,47.97,44.51,41.58,41.19,41.21,39.92,45.17,44.39,45.39,36.77,31.58,32.13,39.15,26.3,24.36,22.84,33.42,45.3,78.16,67.32,82.43,121.54,107.95,129.37,111.93,93.83,89.9,106.68,113.96,119.54,113.6,127.71,123.03,144.08,126.84,106.76,101.48,107.53,123.73,112.91,97.7,96.86,100.24,100.65,87.79,79.9,78.94,75.19,70.9,72.67,69.98,87.47,92.92,94.79,85.42,69.42,86.55,90.5,95.54,90.41,92.71,75.46,86.76,79.4,73.0,47.22,62.88,88.58,85.88,126.17,115.29,101.23,101.8,101.58,103.11,114.65,109.12,98.02,93.38,102.01,77.59,78.5,76.09,66.25,72.21,64.42,66.08,52.07,58.42,63.54,55.55,52.94,44.81,37.69,28.92,25.9,24.15,32.66,33.22,33.08,30.49,41.08,35.51,37.01,35.54,39.05,45.54,39.93,44.63,52.31,53.68
GB00B1G5HX72,LSL PROPERTY SERVICES,GB,EUR,427.98,460.95,431.34,402.96,417.26,380.57,373.51,377.78,333.02,315.54,288.64,292.79,261.2,306.26,324.37,357.11,390.31,395.92,378.49,333.37,338.72,333.25,308.35,274.25,231.99,235.65,277.73,290.45,306.44,219.23,205.24,201.6,189.73,162.45,172.01,194.85,176.01,169.62,184.08,187.5,210.73,201.52,236.33,216.29,226.16,222.19,256.32,271.17,287.36,261.64,232.5,254.78,233.34,260.83,252.35,278.94,259.31,239.7,239.35,209.77,246.77,249.52,271.29,267.39,224.5,206.09,192.61,188.29,208.46,243.85,244.26,285.6,316.34,316.58,162.93,159.79,172.18,194.44,197.25,225.45,219.72,208.56,243.7,312.98,253.91,283.82,331.1,446.65,523.44,469.57,460.56,515.44,466.48,480.75,430.41,440.65,420.51,413.09,405.36,396.04,336.39,329.06,316.93,321.99,239.44,215.85,229.12,246.2,266.08,252.74,275.34,286.5,276.26,299.42,292.2,252.6,266.93,244.89,242.5,281.26
GB00B1JQDM80,MARSTON'S,GB,EUR,46944.92,47710.85,45717.01,47332.82,48998.75,47930.38,46901.7,47614.25,46196.64,46672.94,43838.81,44645.2,43871.58,47083.5,45080.08,48505.25,51527.76,51165.42,49284.6,47235.94,45939.6,50494.7,52383.71,51008.29,46496.42,45940.94,45409.81,43754.54,46970.49,38054.66,39871.97,40327.83,40245.45,34497.3,35513.83,36767.82,36252.24,36129.7,36715.76,40449.8,39036.99,35365.51,34128.44,33213.2,32545.9,31591.23,34740.14,35363.39,37373.47,33263.61,32919.78,34564.97,31555.38,31387.62,29634.1,28772.95,30768.79,30346.68,31095.41,30059.34,31129.61,32978.33,33582.98,33205.87,34739.17,38222.42,33685.28,39834.64,39165.6,41059.98,42575.39,45044.0,36892.99,30746.26,13669.06,12731.61,20522.55,17554.85,14103.96,18969.51,15205.47,16700.96,21715.7,27624.23,30209.91,35746.95,36253.84,35900.14,34711.33,32477.81,31144.69,31766.95,29194.66,29130.04,22987.35,27878.51,28780.61,27957.84,28613.87,25187.39,18377.41,16718.7,15529.34,11309.5,10634.92,10790.34,11937.74,12726.86,14374.47,12647.04,11852.3,11692.18,10469.22,9991.45,10833.94,10822.18,9918.48,9406.66,10101.29,11517.93
GB00B1KJJ408,WHITBREAD,GB,EUR,166987.44,203690.86,187956.32,186618.33,192341.93,206513.9,199008.69,199673.77,184476.33,191256.13,196782.06,204861.66,207048.33,223686.75,214462.92,222434.74,217560.91,216606.14,225528.61,205445.45,196898.5,213568.41,191843.37,181770.26,158998.42,153122.27,159494.64,158944.94,174297.17,132718.22,145668.15,155348.07,144624.47,125481.08,124103.68,133792.76,141598.95,136488.65,141921.21,149692.27,161309.1,150053.24,147725.96,141009.67,147133.12,142807.77,141872.33,158944.05,162115.69,157157.87,152462.92,173203.38,167532.75,156127.68,153398.44,178434.22,183737.72,167933.28,176483.35,175437.15,193390.26,194183.58,199054.35,174909.73,178139.47,179838.94,169058.93,162571.29,161528.55,160412.37,183055.55,197461.18,181239.66,152986.52,115560.95,115615.47,111894.93,98294.95,102438.9,121233.4,98355.65,99389.37,144874.75,151713.26,137018.75,169936.7,169231.5,160804.75,161940.83,154410.71,151622.45,158066.96,160076.11,160477.9,132767.6,145234.2,145158.65,140461.85,134675.93,126623.06,124428.55,109113.78,114628.48,105642.01,93171.91,107368.5,112636.66,113155.22,137031.97,136882.67,135183.47,149380.92,151339.11,159964.75,167292.57,161978.99,157110.65,150064.33,146904.95,174972.2
GB00B1L5QH97,RANK GROUP,GB,EUR,8196.23,8356.05,9558.05,9858.32,9762.51,10360.89,9997.67,9665.89,9652.2,9756.12,9497.89,9321.14,9775.33,10836.19,10303.96,10947.48,11889.3,12922.25,14242.14,14478.49,15331.44,16216.33,15765.88,15905.82,15012.54,13286.66,13922.56,13463.64,14054.44,10914.93,11265.95,10788.55,10396.81,9205.59,9454.56,9389.03,9741.0,10379.69,10267.8,10882.95,11148.92,12122.6,12137.67,11660.52,12000.93,12729.13,13433.63,13163.07,13006.59,12325.92,11779.06,9801.15,10107.31,10275.25,9686.38,9132.68,9292.19,8569.21,8503.32,7356.26,8755.89,9207.86,8710.69,8858.66,8147.23,8594.29,7883.64,8337.69,10229.58,13795.46,13960.03,16066.33,16506.33,14891.45,7107.53,9068.38,7818.2,7988.39,7917.54,7994.32,5326.63,5139.03,8501.64,8402.96,7580.26,10940.62,11442.49,11922.94,12649.17,10236.87,10094.07,10830.42,10241.68,9927.56,8004.25,9330.99,9302.05,9468.66,7826.28,5987.98,6055.4,4590.86,4836.57,3869.36,3362.06,2664.27,4759.53,4350.64,4920.19,4774.31,3991.48,5356.34,5303.65,4963.15,5216.07,4700.54,4511.5,3601.07,4220.89,4222.25
GB00B1P6ZR11,BROWN GROUP DEAD - DELIST.13/02/25,GB,EUR,317306.81,353194.9,340343.89,309427.21,281011.12,258360.05,265582.12,268086.69,225482.28,195411.64,194307.7,221466.2,240862.0,256826.49,174992.76,195099.9,189375.86,199372.6,188515.52,175235.49,175977.26,219677.47,203207.35,175982.63,170079.83,179091.04,181322.37,151835.69,139904.99,94312.47,93509.22,108154.21,99905.42,94294.27,100948.33,114375.47,114412.28,104728.0,109112.71,128364.89,154134.08,167518.01,176192.59,180258.16,201576.31,171112.85,163305.67,159838.81,125072.37,114740.17,108232.92,123188.02,120407.3,97708.37,87379.65,90217.55,81781.57,79428.74,68192.32,56448.17,54065.63,63424.57,60327.05,66209.5,85943.2,77804.52,71515.12,63898.17,67175.41,78852.31,80647.61,104969.79,53510.57,36380.61,9028.82,15338.97,13472.74,21360.56,21682.25,36412.13,34580.75,36635.65,39927.6,41293.21,42722.33,48057.18,45555.41,45541.86,47006.91,39651.6,34988.43,37016.18,34032.99,29742.22,25001.7,29293.39,26283.21,24884.73,19820.79,18396.24,20237.34,14443.0,15571.29,14538.93,13163.71,11728.24,14342.2,15090.34,22548.39,21870.09,17667.28,18290.61,17414.02,14896.4,14849.7,13607.28,12555.64,11538.8,10799.28,9915.24
GB00B1VNSX38,DRAX GROUP,GB,EUR,389.54,394.04,372.54,330.51,311.95,323.81,349.18,308.13,312.15,283.27,284.28,213.9,161.25,190.37,160.89,186.55,182.97,166.06,141.16,136.47,114.46,124.64,104.94,111.56,110.88,100.47,121.12,145.27,139.56,134.27,140.81,123.5,123.93,120.86,110.69,145.87,145.57,136.64,127.11,130.71,139.8,132.34,131.3,124.3,132.72,117.22,116.4,116.32,117.49,108.84,122.41,141.74,142.39,140.93,155.4,161.77,167.38,169.66,164.78,151.09,174.75,160.43,163.03,150.54,125.83,112.15,125.39,111.35,117.85,132.98,124.95,144.02,124.14,119.41,65.99,95.36,94.19,115.07,133.07,139.18,127.67,141.89,162.65,190.16,190.32,198.23,214.97,215.07,235.51,222.79,213.02,220.98,251.47,281.48,281.66,317.2,312.12,366.68,400.59,398.16,333.15,306.49,374.7,293.87,266.19,238.2,287.29,335.8,315.8,305.99,298.27,320.57,277.85,298.71,315.23,288.04,220.55,211.17,227.71,257.07
GB00B1WY2338,SMITHS GROUP,GB,EUR,96458.98,93572.57,87419.91,92927.42,91342.93,91421.12,88737.73,90096.67,84473.16,78657.14,76466.62,72252.2,71432.84,75327.89,70813.73,75076.52,78064.72,75759.17,75171.46,74087.6,64953.47,65195.19,68234.52,60763.9,58728.93,61275.47,68707.69,72109.62,72552.22,68476.47,74498.74,78027.2,84488.17,78453.26,79888.27,79289.05,85575.7,84305.39,91741.86,96953.04,94560.62,94790.5,92471.2,90969.82,96680.32,97171.13,93503.31,93882.19,105878.25,102523.2,98891.23,103433.38,110122.21,105382.65,99524.48,98461.3,91676.06,85929.34,85313.76,83597.09,91439.87,91562.11,89982.22,96425.69,88205.54,96764.21,97676.07,98776.75,93991.9,103479.86,106485.12,110764.83,110380.56,97048.29,75343.86,77550.64,80054.65,86470.02,88143.73,93039.04,88102.22,87379.9,99009.62,104536.82,99011.93,104040.83,107826.23,115237.13,112780.74,112467.99,110736.51,101650.6,99486.32,96880.67,99472.81,111548.02,108465.19,106969.09,99716.24,97586.56,103097.98,89412.51,98747.4,91269.8,88675.45,96227.89,101319.39,102984.55,113871.67,114346.72,113671.1,114048.51,107443.04,112820.55,117998.19,112174.22,106698.42,107651.67,114710.66,123608.27
GB00B1YW4409,3I GROUP,GB,EUR,543.59,624.97,587.61,568.08,641.73,629.26,583.61,597.96,569.0,581.45,636.71,651.67,640.39,708.14,664.8,722.58,797.54,774.51,823.55,721.2,673.47,737.75,721.22,685.34,605.34,589.47,633.35,669.84,789.06,728.85,815.78,801.46,841.49,815.82,857.26,876.19,887.05,862.97,944.0,1034.02,1163.76,1205.6,1269.02,1284.73,1259.72,1312.41,1254.28,1282.25,1374.35,1343.35,1250.36,1345.72,1315.84,1261.47,1318.76,1236.1,1302.17,1190.5,1128.41,1065.05,1208.43,1360.24,1387.52,1508.97,1432.33,1562.16,1501.58,1472.01,1584.56,1608.98,1527.09,1630.26,1631.8,1443.03,1100.93,1108.34,1143.14,1177.6,1336.52,1437.64,1474.81,1422.34,1635.94,1840.08,1774.26,1799.12,1850.02,2063.34,2053.96,1916.12,2103.56,2176.61,2043.2,2210.87,2169.83,2352.62,2203.33,2148.01,2191.48,1994.13,1917.91,1655.23,1899.47,1739.01,1500.19,1642.85,1974.56,2019.17,2426.2,2464.67,2606.93,2779.01,3032.65,3148.05,3232.53,3210.11,3215.37,2983.09,3633.39,3968.61
GB00B27YGJ97,SEVERFIELD,GB,EUR,2834.2,2884.05,2707.36,2972.64,2742.0,2727.55,2935.81,2864.03,2958.83,2759.01,2779.49,3058.73,2924.64,3031.56,2816.09,2826.87,3103.05,3096.41,3229.38,2971.3,2849.66,2760.17,2755.64,2794.06,2440.82,2143.95,2305.49,2232.28,2111.83,1920.11,2110.33,2158.9,2285.94,2085.05,2783.11,2779.24,3032.54,2882.89,3131.29,3414.31,3223.03,3019.01,2935.6,2699.67,2728.55,2659.93,3085.39,3283.12,3657.84,3184.59,3198.68,3363.15,3257.39,3519.03,3382.27,3202.79,3171.11,2891.72,3102.66,2952.83,3080.14,2930.72,2948.26,3266.87,2984.4,2879.59,2697.94,2603.52,2963.72,3370.35,3237.79,3821.15,3892.79,3684.29,2682.42,2988.59,2912.26,2588.15,2677.12,2483.48,2457.37,2530.98,3194.55,3431.17,3456.73,3811.02,3889.87,3903.54,4038.39,3974.29,3949.89,4109.14,3748.19,3608.85,3376.11,3444.2,3542.1,3431.98,3298.85,3173.81,3063.4,2815.71,2675.77,2567.28,2112.71,2176.83,2861.07,2880.61,3009.76,2912.03,2978.96,2983.62,3039.83,3408.95,3581.89,3397.69,3085.69,3057.85,3097.23,3306.01
GB00B2B0DG97,RELX,GB,EUR,44088.11,46401.81,46186.12,45448.64,49237.33,49610.8,49741.16,50740.67,49808.03,51093.91,54202.62,53336.92,53990.62,53728.19,53503.62,52615.05,52390.14,51506.94,55205.83,51199.28,54623.39,57168.54,57447.51,56202.23,55580.94,55138.0,59247.91,57502.04,59021.78,59672.59,61807.61,61837.36,62096.2,58282.98,56132.65,58502.59,58496.71,61193.85,63901.99,67278.86,71291.59,71603.95,72323.16,72866.2,73446.11,76959.37,78222.4,78668.05,74090.67,68792.79,68724.97,72889.26,74857.19,72923.83,74240.54,76230.06,72277.96,67927.81,71439.77,70612.05,76090.62,78876.78,73362.12,78649.7,81037.14,84803.46,83468.4,84149.84,83676.08,84478.43,85127.5,88696.89,93237.53,83814.5,75460.24,81091.31,82887.53,82685.84,76484.08,82252.81,80513.99,71265.47,84181.01,88412.01,89807.2,85382.01,90555.83,95570.12,96006.33,97360.19,107944.51,111017.61,107022.33,114729.29,114303.15,120275.16,112591.27,113145.33,115993.66,112696.58,107596.3,101404.22,110738.05,99370.71,92802.69,101758.54,103950.16,103907.7,111642.23,114404.08,122210.41,127421.14,119188.99,127668.25,129155.37,125986.47,130626.54,134218.95,148423.62,152902.86
GB00B2NGPM57,PARAGON BANKING GROUP,GB,EUR,82.49,98.08,98.19,86.42,90.09,86.07,83.9,82.58,79.93,83.26,94.64,93.56,90.55,97.2,91.61,96.0,98.07,95.28,94.25,93.43,88.27,95.69,85.1,76.86,67.52,66.19,69.95,65.66,67.88,49.76,55.58,63.79,62.51,62.12,70.08,78.67,79.73,82.82,81.99,94.9,92.42,87.08,90.6,83.75,93.57,100.16,103.94,105.29,113.82,109.08,107.09,116.91,104.61,102.76,107.16,99.23,102.42,89.21,87.95,80.64,92.56,98.01,96.32,101.41,92.96,94.73,87.96,91.51,102.41,112.24,110.75,123.01,118.59,102.92,72.99,74.52,77.55,76.58,73.03,84.41,76.24,67.59,95.42,118.28,113.8,114.68,115.34,118.99,126.11,128.59,142.28,143.26,136.24,139.26,126.81,142.12,146.17,129.75,125.94,119.13,118.57,113.7,127.0,121.89,85.97,96.13,109.1,132.23,144.33,145.57,129.61,127.32,121.27,136.08,139.9,137.39,123.67,110.85,125.82,183.11
GB00B2PDGW16,WH SMITH,GB,EUR,138013.22,158005.41,161480.52,148734.34,139779.58,147306.41,155377.66,155947.69,142739.54,146327.05,160805.79,171263.13,167845.74,171811.64,159633.84,182553.78,195544.99,198932.04,205774.25,192416.77,197593.68,219623.9,217830.21,217466.0,221635.56,213607.62,221646.8,208133.96,216181.54,178480.8,173676.06,170761.18,170922.07,153856.32,161188.89,164700.6,178827.29,183607.74,193332.89,199576.43,200833.06,194261.76,204102.39,209576.6,238511.91,239113.5,249099.28,279276.89,271612.26,249629.92,244124.48,240064.68,230379.82,235773.96,227392.42,241581.49,242145.77,223799.66,218994.74,197267.53,236225.83,256459.07,254117.7,245368.91,227266.79,230420.23,240317.59,220965.97,226899.28,262361.75,293424.72,319173.08,296926.14,231782.51,133228.07,148830.67,123755.14,127641.16,116180.45,148404.38,116019.26,121394.7,178144.85,194372.86,197847.82,251465.06,233474.13,235924.64,231444.9,209248.49,212756.83,211506.49,217503.43,201625.42,165199.7,188769.02,208210.33,205383.1,178045.4,172081.81,189176.94,160794.39,165416.03,156636.78,125776.52,127611.46,158461.38,168157.3,186037.14,181169.61,175076.3,187376.45,184298.01,186399.85,182919.25,177009.77,156204.69,134035.26,152732.83,161933.62
GB00B39J2M42,UNITED UTILITIES GROUP,GB,EUR,2997.3,3327.45,3346.27,3423.64,3708.55,3948.53,3934.13,3813.4,3429.6,3579.32,3712.81,3790.92,4093.97,3880.3,3676.16,3960.55,4033.97,3821.45,3791.81,3582.12,3816.81,4158.67,3963.17,3808.02,3747.16,3562.07,3663.84,3800.95,3899.16,3926.22,3831.67,3610.62,3697.24,3256.68,3130.62,3205.66,3321.87,3506.05,3577.11,3626.47,3824.92,3338.19,3505.21,3473.7,3396.25,3276.99,3290.29,3378.17,3159.5,2763.47,3021.29,3081.75,3107.86,3142.2,2941.98,3005.86,2862.9,2895.21,3025.5,2976.87,3469.78,3548.12,3369.23,3430.38,3190.92,3273.03,3172.27,3256.8,3343.22,3699.36,3626.54,4167.86,4455.42,4021.98,3733.18,3795.09,3783.21,3867.32,4061.98,3827.06,3804.51,3838.89,4133.6,4272.45,4422.43,4195.02,4460.71,4681.4,4882.78,4837.69,5361.54,5230.5,4692.7,5116.0,5156.5,5371.5,5215.69,5250.29,5391.81,5262.56,4855.84,4644.48,4973.23,4609.25,3719.99,4055.23,4572.28,4539.82,4958.37,4691.66,4989.34,5177.12,4777.13,4794.99,5041.43,4706.59,4539.25,5059.21,5417.13,5379.79
GB00B3CX3644,STV GROUP,GB,EUR,4635.98,4953.53,5312.46,5389.05,5052.22,5359.71,5395.64,5453.01,5153.71,5212.79,5102.66,5011.85,4959.77,5195.29,4836.95,4815.48,5655.99,6163.68,6664.23,6196.36,5871.22,6055.75,6105.97,6842.18,5881.74,5527.26,5506.24,5262.41,4941.5,3728.94,3941.12,4807.03,4609.13,4643.47,4033.29,4109.25,4216.01,4097.95,4349.87,4578.06,4657.54,4763.94,4907.49,4735.03,4777.13,4622.28,4390.63,4191.25,4474.8,4775.96,4387.06,4564.53,4898.25,5922.25,5686.23,5124.39,5186.74,4925.56,4625.28,4603.94,4513.43,4882.88,4976.52,5176.77,4884.91,4676.52,4797.44,4578.14,5106.36,5466.48,5485.25,5945.72,5916.32,5773.99,4230.56,3163.19,3266.7,3105.27,3249.09,3055.16,3534.27,3799.23,4023.37,4504.13,5062.32,4926.06,5221.32,5498.22,5471.99,5195.57,5613.53,5541.38,5573.71,5283.45,4951.59,5296.29,5283.71,4826.9,4589.5,4674.63,4223.97,4139.76,3897.56,3673.6,3490.98,3513.75,3634.45,3859.51,3771.42,4369.05,3558.24,3767.51,3774.25,3400.89,3242.07,2924.33,2680.52,2727.67,2972.76,3051.7
GB00B3DGH821,DE LA RUE ORD DEAD - DELIST.03/07/25,GB,EUR,65012.38,69434.78,68778.75,70089.27,72980.23,70150.62,64676.48,61965.2,40580.31,43867.17,43844.4,43280.04,41528.0,47716.73,43936.4,45032.09,41379.23,44030.77,43438.55,41478.32,40184.0,39375.96,37114.97,36601.53,35364.85,32850.7,35994.6,39763.44,45664.91,39495.37,48361.45,45850.56,44687.39,40482.97,41536.32,44579.48,43507.45,43873.16,45186.79,51874.46,51345.67,52140.99,52840.52,48084.3,52282.88,55858.62,51693.06,52800.82,54099.16,51578.98,43461.95,44434.05,42279.51,44681.39,41681.75,38566.12,39471.68,38394.77,37257.53,34463.66,35596.12,36077.63,32134.63,36736.26,24672.77,24832.12,19315.07,17606.62,18606.4,13724.68,13369.84,12744.19,12467.45,12011.6,4774.72,5692.21,3403.46,11862.8,12601.1,14397.65,12411.97,12872.24,15775.5,17061.02,16733.37,17904.13,20990.25,18180.52,19106.63,18996.81,18482.57,17990.22,18322.56,16926.23,13815.76,15544.6,11612.68,11316.28,10560.05,10292.13,8888.8,6977.9,8115.37,7390.4,7114.71,7992.84,7168.01,6973.73,6055.27,6079.86,4720.99,3898.66,3551.48,4506.84,4561.08,5221.89,5588.73,5242.56,6301.47,8124.91
GB00B3FLWH99,BODYCOTE,GB,EUR,59226.01,70350.68,74706.69,70171.16,71184.73,66873.66,66655.11,65661.91,61652.25,57195.93,57602.58,57843.81,58512.85,68486.11,63650.02,63049.42,67656.67,63211.36,63651.57,58790.02,49771.64,47841.66,52515.86,50400.86,46714.63,48074.07,52175.2,54272.52,55145.73,42795.65,48322.88,48074.8,47520.57,45339.6,44870.94,49875.86,52516.84,61616.38,62425.38,68487.94,63748.2,62163.24,76195.67,78237.9,78096.14,79469.53,74955.7,78880.14,87825.51,81223.73,80185.92,82402.31,87878.75,85963.3,87197.4,81993.31,78537.11,67999.59,62822.46,61899.78,66925.86,67537.71,71743.26,77659.4,68161.66,73117.43,62685.31,60654.38,61374.06,64986.6,79115.13,88460.09,79192.73,68448.33,49095.86,51624.16,52463.35,54383.66,51830.37,53943.97,54080.78,60403.43,68360.1,73183.97,69918.7,73159.71,82532.12,77030.47,90645.76,86058.58,92342.88,97685.79,87072.66,81262.48,81080.44,86924.74,79039.92,74170.74,61751.03,59293.9,61907.14,48432.28,55258.73,48519.68,39334.85,43770.46,53897.63,52456.88,61477.58,61663.63,61887.0,68077.29,62074.08,63923.57,69840.03,65998.49,62470.35,55240.14,57630.1,60105.59
GB00B41H7391,ZIGUP,GB,EUR,21424.52,23212.34,20181.09,20381.19,20382.65,20877.1,19375.96,19950.44,18510.55,18501.45,18332.34,22511.21,22004.74,22844.22,20867.11,23575.31,22847.06,21508.4,20339.42,18643.83,16679.03,15188.44,14573.85,14250.59,11641.15,13871.41,14239.28,14516.31,14104.87,10716.1,12461.87,13909.01,14155.83,12958.27,13213.47,15550.38,16330.71,17915.87,17556.09,17833.76,17498.58,14692.4,14528.2,13623.1,15263.02,15603.48,14893.61,13719.65,15373.9,11997.56,12618.23,13614.3,14761.35,14301.45,15264.25,14556.3,14832.76,13170.43,13521.34,13456.82,13533.05,13520.95,13557.73,13346.38,11378.3,12303.69,11207.05,11331.98,11733.09,12861.91,11793.31,12135.5,10328.24,9292.95,5076.71,6672.75,6933.53,6041.57,6394.38,7406.68,7302.87,7027.63,9844.76,11248.91,10429.45,11894.53,13146.55,15591.45,16931.06,17052.36,18194.53,18606.09,17237.44,17349.43,16618.85,19067.5,16637.27,16378.87,18344.28,16075.1,15323.64,13199.46,14403.49,12853.19,10923.69,12959.59,15216.22,17054.74,18386.6,16810.49,14700.87,16263.24,15930.17,16406.45,15231.31,14717.03,14926.55,14751.91,16443.65,17149.52
GB00B45C9X44,CHEMRING GROUP,GB,EUR,642909.44,747298.24,702868.27,623103.55,620351.94,578852.4,570624.76,634678.65,606708.05,650076.23,616762.39,621232.54,542049.97,582867.57,515972.74,555129.85,572380.31,581328.34,618769.04,581422.32,573596.64,451075.3,509949.11,474283.74,403464.38,337700.34,369187.23,406094.65,389380.91,329119.57,353261.05,363705.23,354438.59,343187.39,402061.73,407218.51,468273.7,468602.11,465426.17,475289.31,454736.19,468961.19,460528.52,447604.14,473948.43,449562.79,468225.21,487493.41,534724.31,520807.94,550611.47,570448.55,530011.87,582119.32,593967.86,507188.04,558764.91,464480.15,426174.25,409161.47,402681.93,397623.4,360451.39,406179.67,413104.39,475328.55,449876.24,442977.31,493910.0,529707.99,529503.42,648866.25,730224.78,626925.84,506319.78,515514.09,549379.63,616587.57,646842.57,671772.63,647278.19,698310.79,689190.42,809098.15,844113.85,802898.42,760867.04,762379.44,910699.52,831533.61,895109.15,962628.9,904822.07,843439.78,757004.97,843382.58,766265.03,873579.13,910889.49,937964.59,945568.43,813082.24,894901.72,778610.21,677752.82,743338.11,789240.02,765047.86,742188.87,759624.23,745069.47,773739.16,686401.02,779878.67,790658.57,805782.82,740142.82,741140.83,872796.25,976398.48
GB00B5N0P849,WOOD GROUP (JOHN),GB,EUR,621.18,751.65,751.66,786.76,785.04,820.07,753.01,780.04,737.17,634.1,554.6,556.86,513.45,615.75,564.38,646.38,682.79,618.32,595.44,605.3,574.2,568.31,518.2,556.45,562.2,536.01,544.85,577.8,566.28,580.88,553.03,582.82,630.34,599.85,656.96,691.57,673.59,600.67,607.58,642.34,603.82,543.87,526.14,484.02,605.92,627.05,649.97,583.33,611.37,560.54,502.73,534.98,609.55,566.19,582.26,645.44,695.33,630.63,559.88,445.51,491.97,478.33,456.9,439.01,352.9,411.73,465.36,337.05,343.76,321.44,333.67,387.64,364.24,343.46,141.72,187.65,174.53,175.88,184.13,243.63,202.01,201.38,292.14,311.36,295.44,307.06,274.15,286.29,255.63,222.86,222.56,252.44,227.82,214.89,195.75,190.06,219.1,177.74,156.33,205.95,220.81,139.12,140.24,110.52,104.39,118.28,114.12,119.38,128.14,173.75,181.58,208.03,127.96,126.31,139.64,148.69,139.19,126.44,129.3,161.1
GB00B5ZN1N88,SEGRO,GB,EUR,26166.08,28249.13,26921.84,28737.56,30146.02,28709.18,29390.24,30289.62,29008.14,29975.19,30275.73,28453.79,30523.22,32785.73,31232.68,33270.37,32820.92,32207.34,35343.83,32931.06,33198.48,35448.12,33890.08,32295.66,31769.4,29547.66,30889.88,32050.86,33385.24,29038.08,30808.54,31451.22,31235.59,28283.69,27672.83,29993.8,30765.41,32560.18,32396.34,35685.61,36876.69,36087.21,39456.26,39758.57,41243.08,41355.08,42582.4,45618.62,47417.34,45169.1,49293.27,52021.66,50911.12,51655.28,50985.36,50425.79,49024.57,46288.52,45364.18,44186.37,50166.49,51822.77,52737.43,53153.5,52844.51,55853.8,56238.39,57954.82,60569.82,66222.53,70101.95,72052.55,72767.12,63586.95,58682.13,64820.51,64299.07,68502.96,78799.05,79592.92,75204.17,72763.48,75962.72,80813.88,81748.82,79358.31,82065.4,88317.86,94101.61,95919.86,107386.81,112775.43,102830.65,113068.37,118966.06,124171.15,111481.39,111446.93,114500.74,108939.5,90254.34,76672.53,86123.82,71459.09,54741.66,58859.84,61331.55,59818.77,66560.73,64918.95,63298.84,69978.94,65929.66,60778.13,65474.05,63040.19,59239.64,58354.72,69369.08,76235.67
GB00B61TVQ02,INCHCAPE,GB,EUR,189455.35,207390.72,212227.51,213288.03,209444.82,217793.66,217929.56,227223.22,211618.52,225376.63,228074.76,229138.79,212034.73,230549.1,239217.05,259162.01,265575.1,262698.23,258089.11,233324.37,226179.56,256425.78,245869.89,240282.06,211365.89,213877.98,215958.15,206110.75,210046.61,177902.63,189633.93,196687.82,183123.09,170022.17,162757.12,185699.45,193248.1,199934.95,225267.48,236668.64,230258.01,213961.05,231115.71,236392.61,255151.63,228696.31,222532.56,233041.85,227039.63,206015.64,213610.35,220510.1,219978.05,232879.07,209145.91,205858.94,199675.24,158214.64,169812.71,160761.63,172517.37,172003.18,170294.59,183352.49,174375.37,185091.13,180531.25,168637.17,186432.48,199951.98,201734.09,224063.16,207481.07,176563.32,128683.97,151543.83,148238.14,145046.06,134955.6,162150.13,136460.69,153580.79,191422.67,210733.2,218769.73,237474.1,248892.27,259220.56,268831.86,256583.36,285790.61,308031.24,266176.17,275603.08,266968.5,299855.08,274650.85,243970.82,214729.07,218355.78,228382.35,210393.52,254769.96,222239.89,191464.5,215270.72,248553.33,247883.71,282158.35,276862.87,240659.31,255379.14,243918.34,255295.66,271992.58,252876.49,241981.67,211235.78,209455.38,238409.19
GB00B63H8491,ROLLS-ROYCE HOLDINGS,GB,EUR,3365.35,2888.18,3088.89,3097.8,3047.95,3193.64,3067.84,2962.65,2731.97,2383.24,2331.51,2397.16,2366.05,2591.6,2499.97,2879.25,2727.82,2450.81,2219.36,2048.24,1836.85,1928.08,1657.85,1538.96,1429.6,1718.3,1780.02,1799.93,1653.49,1745.58,1927.41,1850.8,1716.48,1637.69,1560.57,1524.01,1550.54,1808.21,1740.82,1956.46,2085.66,2155.43,2180.26,2193.37,2216.29,2418.19,2171.12,2144.36,2320.75,2165.06,2288.28,2183.71,2070.99,2462.48,2453.55,2465.45,2430.29,2034.53,2057.25,2006.17,2207.9,2410.7,2233.57,2280.36,2073.09,2045.61,2018.64,1796.27,1867.55,1765.84,1771.63,1742.01,1699.91,1524.24,812.87,801.16,646.28,678.74,585.07,621.34,323.48,517.22,791.47,852.93,706.26,844.53,814.85,812.43,853.25,766.45,777.55,886.6,1059.81,1013.6,908.99,933.48,861.6,778.89,746.59,586.51,612.78,565.01,609.29,502.52,435.7,504.66,607.29,628.79,730.12,984.17,1033.44,1072.59,996.14,1077.08,1333.96,1579.9,1512.22,1465.99,1908.57,2142.85
GB00B63QSB39,GREGGS,GB,EUR,14602.01,14830.97,14812.58,16305.68,15803.93,16542.22,15952.81,16396.94,17515.54,17665.0,18177.81,20830.79,22504.18,24735.43,27689.18,33846.22,33608.35,35059.45,39845.33,33039.65,31173.82,34801.29,35490.61,36735.23,28036.03,27358.84,29634.41,29284.75,31744.58,25094.09,26567.7,26283.54,25719.3,22778.38,22004.92,23403.4,23877.75,23763.51,25466.1,27699.95,27999.96,27940.63,28883.08,30873.57,33609.27,33986.36,36112.52,38017.96,37680.2,33076.79,34633.88,34334.1,28734.61,26876.65,28272.83,28253.39,28426.36,30651.56,36749.73,33315.12,42128.96,49193.95,49512.78,49065.19,57389.49,61254.81,57342.55,53921.64,55190.7,49247.06,57709.94,65235.98,63670.53,57206.11,42885.56,49518.16,48958.63,42893.98,33610.16,40657.21,32551.61,35659.93,48205.97,52433.5,61030.37,62496.53,66345.41,70020.32,75879.42,76820.27,82082.23,89713.93,85607.49,90188.5,85451.19,97342.12,77091.53,74409.87,70940.64,64594.82,63721.8,49036.09,55439.92,47944.38,43007.09,52285.81,62068.24,63505.77,74635.67,73886.26,77186.01,80959.65,76092.97,74218.63,81228.99,71424.67,68756.86,66178.87,71547.42,76330.58
GB00B64NSP76,COSTAIN GROUP,GB,EUR,409.53,411.73,453.26,426.23,418.29,416.78,416.28,446.46,436.54,441.42,423.93,413.59,409.77,442.52,443.38,473.36,499.89,498.49,503.67,576.67,536.74,566.84,524.57,537.37,487.4,474.08,498.77,459.27,526.75,421.11,450.04,460.59,471.88,456.47,445.97,441.69,469.1,489.14,581.23,648.58,643.52,616.76,637.84,592.58,625.82,596.97,604.3,658.45,679.23,634.46,678.07,672.59,647.66,616.67,607.83,586.4,584.06,515.33,508.42,431.58,551.02,531.44,468.85,463.37,438.94,245.11,211.99,201.42,217.7,244.41,283.52,238.83,291.92,239.52,49.22,112.27,114.4,105.42,95.11,87.05,63.54,50.73,90.81,97.25,94.89,103.33,95.67,98.17,99.25,96.29,93.23,97.58,92.03,88.13,85.06,86.92,78.36,70.62,62.89,60.35,59.07,49.91,64.2,55.93,53.66,49.05,58.32,56.92,68.05,63.94,80.98,90.02,75.66,70.28,77.15,86.8,83.92,74.62,95.01,97.83
GB00B67G5X01,WORKSPACE GROUP,GB,EUR,705.84,786.03,781.29,766.61,760.2,770.88,828.03,825.82,821.06,841.02,862.75,955.15,954.91,1069.62,1020.9,1043.85,1108.36,1138.52,1235.03,1121.05,1153.92,1200.97,1166.9,1147.34,932.25,824.3,918.79,998.62,1030.83,752.5,777.59,746.92,753.23,638.47,712.53,812.99,796.14,828.14,822.74,937.43,954.34,969.51,1027.82,973.84,1014.55,1001.36,1074.94,1154.91,1265.57,1123.75,1196.57,1313.43,1300.93,1226.06,1246.53,1210.1,1120.54,1074.46,929.44,884.3,1107.24,1156.69,1126.82,1139.47,984.97,985.56,939.38,940.4,1077.5,1193.16,1305.51,1429.72,1470.93,1326.83,864.19,903.99,829.88,740.97,768.62,718.45,662.91,759.67,868.91,1000.96,935.58,1018.45,1051.03,1081.09,1226.35,1097.08,1167.58,1245.42,1081.83,1095.8,1023.53,1064.99,1111.19,1017.84,884.52,821.28,881.28,662.22,719.55,610.74,447.83,474.41,507.97,538.27,637.02,634.51,553.39,614.83,638.78,615.91,678.91,675.89,636.25,621.72,710.23,769.37
GB00B6XZKY75,BARR (AG),GB,EUR,218695.3,225200.4,221849.05,227827.82,231765.51,240414.33,247461.82,235713.49,221132.94,209931.98,213674.84,204431.2,210762.71,232664.27,201063.55,213092.07,210214.23,218072.78,198789.16,194535.84,179129.45,185563.63,179328.5,178263.49,169792.67,163807.95,172858.38,185983.77,180841.83,149623.39,165730.28,153644.07,154040.43,133945.73,146001.2,144250.6,147017.9,150920.72,168537.34,187022.37,201170.73,189353.19,187189.53,192258.66,196212.74,197407.5,197844.62,214618.58,217319.92,216468.87,219386.9,228521.37,219105.89,219631.27,215040.91,220941.96,227356.87,237651.66,247557.91,244631.19,241461.24,247712.09,255997.76,270397.36,294790.27,291688.45,207672.24,179153.08,176404.1,178813.04,189372.03,191308.38,198567.82,170144.81,148806.96,154986.84,149446.32,138901.8,140520.52,141685.53,156758.94,151793.22,166037.04,176641.21,167533.58,174400.65,168670.14,175123.51,184752.09,178170.96,199050.85,190864.29,173566.27,173471.75,178051.24,178831.5,169276.15,176812.71,179545.88,185927.78,175296.54,162931.37,170838.92,151881.94,131948.33,134867.41,156898.92,167266.93,176648.23,175608.94,162577.49,164938.51,166656.15,159104.13,161532.72,164483.04,159571.58,159655.06,161818.08,175063.9
GB00B7KR2P84,EASYJET,GB,EUR,1024.93,1144.63,1134.71,1097.01,1018.5,926.27,867.7,879.9,915.54,952.4,1027.37,1034.05,1109.86,1090.12,1137.85,1134.71,999.96,990.24,1044.84,1054.21,1096.26,1100.74,1013.4,1044.49,894.3,886.33,922.01,911.26,942.29,613.1,583.69,611.18,552.42,483.12,522.36,524.44,504.74,529.17,573.68,675.7,816.24,789.35,728.63,689.11,730.11,795.1,851.04,885.56,1055.56,1034.45,1031.99,1004.11,1042.67,1012.73,973.73,908.8,785.65,703.02,650.81,645.26,762.36,784.33,699.52,728.65,527.5,582.78,567.04,563.63,680.78,769.57,831.41,906.54,882.12,701.97,353.57,379.96,419.83,419.59,323.27,423.39,323.84,326.6,536.97,566.59,499.51,688.14,673.99,716.32,714.49,617.3,587.54,547.08,530.1,506.54,389.63,446.69,492.29,479.59,434.7,417.78,386.94,264.08,288.29,248.33,196.26,237.93,276.27,231.61,359.2,349.29,380.2,370.98,346.48,363.93,345.19,318.09,309.36,263.44,340.39,385.64
GB00B82YXW83,VESUVIUS,GB,EUR,9193.97,9817.17,9074.43,9008.61,9833.01,10032.29,10050.57,9987.12,9472.23,8818.11,8431.31,8997.63,8546.27,9559.26,9428.3,9239.86,9017.61,8834.49,8438.0,8212.63,7147.39,7388.62,6864.97,6573.75,5730.28,5597.97,6383.57,6542.51,6975.98,5331.18,6791.62,6460.33,6422.2,6271.8,6927.08,6883.94,8372.51,8011.26,9172.8,9872.1,10770.75,9921.13,10316.05,10830.13,11510.54,11354.38,11032.82,11487.75,12448.47,11831.13,11902.58,12045.04,12407.81,11732.07,12368.02,12088.77,12627.61,10427.38,10086.91,9677.05,11100.12,12121.63,11601.45,12345.17,9652.86,10695.61,9416.96,8808.09,8717.35,8028.19,9114.12,10289.14,8907.29,8384.89,6209.75,7853.05,7071.04,7439.38,8318.3,8506.73,7940.41,8081.12,10241.79,11481.65,10706.44,11404.02,11642.75,11972.26,12851.53,11723.43,11910.68,12571.0,10694.45,10515.66,8902.18,9910.71,9960.97,8635.81,7310.12,6901.76,7562.26,6275.61,7442.5,7002.62,5983.13,6765.35,7831.2,8422.73,8722.56,8674.14,8863.27,9177.86,9224.21,9123.08,10243.3,10218.59,9695.42,8946.4,9954.15,11222.49
GB00B8C3BL03,THE SAGE GROUP,GB,EUR,41695.61,45751.44,44080.08,45532.22,43916.96,41960.34,39813.5,41774.03,37846.73,38606.73,40732.73,46393.68,46078.68,48644.04,45010.41,48521.52,56820.33,52792.56,53251.82,51929.95,49547.59,55130.15,57826.12,58261.06,57697.11,55294.27,60135.33,57684.76,59831.4,57865.42,63436.81,63674.59,64286.83,59070.8,55087.56,54274.15,51716.85,54698.71,53645.84,58980.71,63769.54,61270.38,60920.09,61177.37,64250.32,67873.33,71878.25,74009.98,73043.64,66405.1,62394.97,60879.62,61849.04,58234.38,57251.96,54302.21,53658.32,48810.44,52052.39,53745.9,57782.67,62747.58,65210.01,67491.66,67717.78,73449.79,63408.43,61367.38,61280.1,66991.51,70128.79,71365.69,70007.86,63537.7,53537.83,58897.53,62874.33,61092.72,70458.99,72982.62,68583.15,60485.85,59446.2,58552.7,60803.02,58630.79,63473.15,66315.63,70705.93,71602.19,73896.15,77379.58,72481.02,73809.75,77352.21,87481.53,74323.13,72472.51,70954.87,71152.44,64204.35,59814.46,66506.46,64568.53,60384.84,64924.99,73604.64,69586.51,75367.61,71425.06,75519.73,81087.64,85076.91,93358.65,95687.76,97698.77,95850.33,93519.91,113639.35,118685.23
GB00BD6K4575,COMPASS GROUP,GB,EUR,461.17,487.82,470.13,490.22,519.22,540.71,505.21,503.13,499.65,497.79,527.96,530.97,543.04,559.26,546.54,558.54,548.38,524.88,506.96,504.53,505.54,547.74,550.58,548.9,550.6,569.26,569.49,576.17,604.41,618.35,620.19,614.34,631.72,588.17,557.2,603.32,586.47,615.41,621.71,665.45,716.72,723.76,733.21,732.15,730.48,754.99,697.9,744.43,735.81,743.48,712.63,749.94,751.22,751.53,756.38,758.14,782.44,692.06,753.21,739.08,766.24,791.16,840.01,811.76,806.22,863.97,917.56,912.61,927.87,957.11,881.58,900.74,902.55,796.97,571.71,614.71,533.95,501.2,502.95,596.11,551.28,497.6,644.78,679.63,656.44,742.04,735.55,794.19,834.05,766.97,771.4,753.29,749.57,775.03,705.8,815.71,823.57,835.96,799.02,785.92,823.92,754.37,861.4,799.79,744.99,781.8,824.28,852.82,889.2,869.45,940.23,985.87,1020.83,1054.36,982.25,951.13,919.37,947.39,955.0,1030.33
GB00BDCPN049,COCA COLA EUROPACIFIC PARTNERS,GB,EUR,1440.28,1566.37,1597.37,1519.77,1526.46,1606.73,1528.38,1606.73,1499.52,1465.38,1493.84,1503.36,1431.29,1570.68,1512.06,1519.25,1513.09,1495.46,1758.47,1772.58,1673.53,1777.02,1750.64,1713.75,1615.6,1688.34,1776.88,1837.82,1901.76,1748.88,1829.24,1884.12,1964.69,1892.8,1598.34,1554.81,1709.8,1717.72,1866.27,1924.18,2056.61,2038.07,2166.36,2167.3,2097.74,2059.44,1977.54,2021.16,2036.88,1944.41,2130.57,2004.76,1957.41,2095.05,2125.98,2213.87,2360.8,2361.84,2537.18,2396.57,2487.0,2464.0,2704.44,2801.14,2931.52,2989.73,2925.17,2981.26,2934.17,2831.51,2706.03,2728.55,2821.33,2732.84,2012.63,2125.78,2021.74,2024.96,2207.83,2207.29,2081.27,1915.03,2454.09,2736.96,2552.41,2798.48,2864.94,3120.89,3324.12,3258.21,3408.7,3171.43,3036.86,2891.85,2794.72,3166.07,3235.13,2898.88,2751.7,2827.55,3043.45,2956.38,3100.16,2816.61,2441.4,2695.17,3107.77,3238.31,3290.99,3219.57,3464.85,3773.93,3693.17,3813.92,3752.36,3794.98,3698.49,3463.49,3662.97,4031.44
GB00BDFBVT43,OXFORD BIOMEDICA,GB,EUR,7.62,7.3,5.84,5.32,4.87,6.78,6.99,8.29,8.55,9.12,10.92,11.59,14.89,17.4,25.75,24.48,21.5,20.37,20.42,17.75,17.33,13.78,13.0,13.56,14.12,13.0,11.68,11.82,11.15,8.9,7.97,7.79,6.07,6.88,6.26,7.12,7.52,7.07,9.15,8.13,9.14,13.7,16.05,17.99,17.78,16.83,17.25,17.0,21.87,23.61,21.97,23.44,24.93,36.86,33.06,32.29,33.77,24.97,25.53,25.51,25.7,25.22,26.31,25.8,26.55,24.9,23.92,21.52,18.84,20.45,22.82,24.2,22.58,22.82,18.93,26.07,26.99,24.53,30.37,32.0,30.02,29.44,32.7,39.87,38.15,40.07,37.19,42.81,45.89,50.85,52.44,57.76,59.11,59.08,49.38,47.18,32.07,28.42,25.13,20.26,18.24,15.61,16.64,15.06,10.95,10.55,12.8,15.07,14.85,18.86,15.21,15.45,15.74,15.12,16.1,11.57,10.56,7.28,5.98,7.94
GB00BDR05C01,NATIONAL GRID,GB,EUR,1667.17,1798.08,1761.95,1824.73,1919.38,1907.88,1918.6,1983.25,1912.28,1967.91,1965.06,1931.49,1895.71,1848.65,1731.94,1822.55,1922.98,1790.24,1854.39,1842.65,1938.86,1989.5,1972.47,1955.73,1979.19,1900.47,2008.27,2021.13,2074.49,2134.95,2095.26,1997.2,2067.01,1894.7,1690.28,1741.97,1729.08,1802.05,1877.51,1916.65,2076.24,1875.65,1873.66,1905.4,1881.94,1825.25,1849.96,1827.42,1767.1,1574.94,1737.76,1792.59,1774.84,1771.74,1707.64,1685.15,1651.9,1695.89,1734.11,1588.21,1771.33,1840.33,1809.07,1778.63,1696.08,1805.53,1754.74,1774.64,1844.64,1979.61,1989.5,2162.61,2292.06,2170.16,2029.1,2036.21,1979.1,2112.98,2112.61,2018.27,2056.4,2124.21,2063.85,2154.51,2126.83,2054.33,2172.1,2297.3,2432.68,2398.74,2422.84,2442.91,2249.22,2417.9,2511.3,2754.14,2779.08,2911.09,2961.73,2876.2,2831.58,2525.11,2721.41,2479.18,2054.07,2158.16,2429.81,2412.92,2537.82,2551.67,2726.65,2893.08,2756.84,2755.2,2764.24,2613.35,2491.31,2473.28,2761.54,2863.4
GB00BF044593,CLS HOLDINGS,GB,EUR,2364.84,2646.64,2546.6,2713.31,2699.17,2588.23,2524.53,2502.44,2582.62,2516.49,2593.92,2742.28,2660.42,2933.01,2936.95,3241.84,3519.19,3364.71,3455.28,3219.7,3310.42,3197.57,3203.19,3085.52,2635.06,2317.9,2526.15,2665.65,2692.07,2097.34,2078.48,2371.18,2347.33,2178.11,2282.13,2173.16,2311.05,2414.7,2603.35,2952.2,3035.4,3101.57,3298.31,3400.65,3250.77,3482.55,3585.32,3959.71,3977.61,3583.96,3995.41,4164.47,3765.78,3648.53,3513.98,3596.45,3504.8,3402.89,3327.83,3282.93,3937.19,3818.55,3908.03,3912.4,3507.93,3399.53,3468.87,3667.95,3688.22,4125.12,4717.24,5022.79,4500.65,3951.41,3049.98,3346.35,3142.97,2943.87,3299.5,3423.15,3588.17,3339.37,3714.13,3998.81,3838.16,3989.74,4208.5,4592.14,4676.82,4425.45,4713.24,4422.73,4042.99,4128.58,3620.09,3979.33,4040.94,3671.39,3652.7,3552.37,3983.43,3394.32,3401.16,3009.68,2180.37,2313.36,2703.19,2676.49,2570.19,2520.71,2424.1,2486.19,2473.27,2507.36,2623.87,2343.81,2159.46,1566.8,1798.61,1936.49
GB00BF5H9P87,GREAT PORTLAND ESTATES,GB,EUR,39641.86,43131.66,41976.4,42245.73,43936.33,44306.06,43407.99,43869.05,41714.1,44191.54,45502.29,46534.29,47707.66,50026.85,48715.78,49560.41,51460.18,49675.95,52879.39,51866.54,52716.39,55917.05,53926.83,49880.21,44439.74,39757.9,42766.99,45384.43,44676.8,34491.28,37373.2,36542.88,33863.72,29866.77,31451.35,34228.55,32295.96,33413.85,33757.66,37097.81,33866.29,32390.5,33149.6,32588.65,34239.8,34472.58,35253.72,39154.26,39755.19,36376.34,39372.18,40486.57,39108.22,40174.72,39999.88,39943.98,37165.54,37972.55,37965.87,35970.9,41245.29,43420.22,41682.87,42154.58,39266.12,37719.22,35111.41,36737.4,40045.93,44159.14,46836.92,49654.41,53499.5,46907.22,36813.26,37206.71,35499.43,34443.84,34132.9,35647.58,34156.59,32907.19,38105.89,40558.62,39792.56,42128.71,41660.06,42618.28,46026.55,44016.33,47640.35,48238.8,45202.11,45060.46,42569.87,44571.39,46181.81,41272.58,42375.24,38846.51,37825.63,31837.77,34490.9,26511.93,22472.01,27075.65,27385.34,27483.61,32361.31,31739.94,28935.01,30950.97,27653.95,24751.97,25810.4,24979.32,23923.28,22201.54,22980.55,25416.58
GB00BF8Q6K64,ABERDEEN GROUP,GB,EUR,390.72,425.02,409.26,431.3,448.39,427.49,422.89,426.64,455.14,426.73,449.86,422.66,410.06,445.81,465.84,485.87,502.87,471.84,479.15,432.43,402.71,445.63,429.81,393.76,353.49,318.62,350.88,339.15,350.4,278.64,285.51,338.92,322.91,298.11,312.11,332.26,314.38,331.64,320.6,352.63,370.14,388.29,430.92,414.62,443.0,434.73,443.56,449.76,460.88,386.32,384.34,398.17,369.09,340.29,324.19,333.49,322.98,281.93,276.21,266.73,270.02,267.71,280.55,312.48,289.55,322.24,314.44,268.94,311.97,347.88,363.1,385.01,352.05,312.73,245.92,265.36,303.85,314.61,312.71,311.18,286.27,284.41,354.36,376.75,406.46,425.75,391.89,386.09,392.82,376.2,396.79,377.37,355.93,359.58,318.77,336.98,333.8,286.43,292.22,254.28,262.94,207.7,215.74,191.07,173.63,204.7,258.87,254.55,292.66,304.04,291.46,309.68,284.98,321.34,345.62,253.0,229.89,229.88,249.47,275.42
GB00BGDT3G23,RIGHTMOVE,GB,EUR,1399.2,1552.44,1478.8,1368.33,1301.99,1241.52,1300.77,1417.34,1181.5,1150.73,1165.39,1194.88,1190.86,1595.7,1516.62,1658.01,1752.8,1769.25,1952.13,1964.64,1896.98,2044.62,2076.95,2096.65,1948.38,1890.63,2087.21,1948.97,2134.55,1693.13,1867.38,1863.89,1904.13,1590.46,1598.82,1682.07,1763.97,1706.14,1739.29,1888.86,1967.28,1940.21,1949.73,1866.71,1907.32,1949.31,1928.2,2151.11,2217.59,2082.45,2154.85,2221.87,2327.9,2496.85,2275.68,2277.78,2187.55,2068.69,1999.22,1971.22,2223.22,2296.09,2379.57,2523.5,2630.68,2454.81,2333.91,2352.53,2447.56,2808.88,2925.06,3043.77,3144.4,2867.12,2191.55,2276.03,2628.94,2446.43,2632.96,3077.37,2938.48,2897.68,3025.8,3225.99,2983.79,2864.5,2912.86,3105.34,3131.09,3277.02,3566.29,3526.1,3380.74,3477.14,3624.92,3950.61,3198.55,3311.03,3056.83,2870.78,2799.74,2552.39,2877.91,2614.18,2004.39,2108.49,2454.08,2290.68,2690.04,2528.14,2592.15,2711.91,2438.5,2499.45,2757.73,2666.42,2595.29,2170.82,2607.56,2775.25
GB00BGLP8L22,IMI,GB,EUR,92369.63,96807.29,92073.62,97337.3,102944.34,97710.88,91937.64,87418.63,77404.86,75891.05,71795.24,76446.79,74392.96,82846.61,73473.47,76106.71,75149.29,69986.4,65492.91,63994.17,57592.39,58998.29,57564.97,50899.11,45744.87,47511.56,54878.12,56381.68,60213.91,53212.23,58588.62,57728.43,58177.7,50606.88,50537.78,53588.51,61172.58,64398.35,62208.5,70446.75,68920.28,66084.6,67520.62,63020.34,71861.1,69925.66,73262.14,77701.87,81437.33,72850.1,65283.47,66387.79,68130.71,65966.54,71910.75,70165.65,63929.12,56786.93,55507.36,53728.28,56257.99,56230.66,55785.88,62816.28,52378.34,60595.22,58719.18,57002.52,55107.71,60446.25,67531.48,72741.46,67777.36,59844.62,43161.01,48611.36,51820.4,53085.84,63816.66,67947.46,65294.56,64309.56,71795.24,76601.09,82301.59,88030.72,88531.31,107359.91,114788.97,115586.96,118766.48,122588.35,109364.42,109439.82,109958.58,114888.85,108099.84,95913.82,87686.17,84145.02,87957.6,70461.25,80354.19,66558.16,62185.41,70385.51,79917.65,77129.93,88682.75,93839.3,94423.36,101020.51,99551.55,105064.76,105615.95,96460.61,96995.96,90097.22,100283.02,108801.79
GB00BH4HKS39,VODAFONE GROUP,GB,EUR,7021.99,7678.76,6758.43,6958.59,6466.43,6365.34,6385.03,6555.09,6326.06,6331.52,7105.52,6732.95,6830.48,6725.6,6346.83,6871.24,7556.89,7236.04,7554.75,6979.4,6320.53,6623.55,6869.45,6628.68,6463.24,6230.67,6469.93,6534.54,6837.68,6412.07,6421.57,6342.79,6069.28,5782.83,5208.05,5308.78,5256.48,5401.22,5594.15,5536.16,6424.75,6330.37,6550.32,6384.95,6269.72,6407.8,6923.08,7246.21,7282.63,6401.23,6212.31,6645.44,5819.97,5802.02,5833.03,5111.59,5128.5,4515.54,5296.48,4784.97,4479.33,4388.68,4476.17,4548.7,4008.19,4161.89,4646.89,4780.75,5048.13,5150.36,5139.81,5037.44,5099.29,4446.63,3630.37,3664.92,4260.98,4259.02,4057.14,3991.34,3550.84,3562.46,4416.83,4562.48,4731.14,4708.12,5021.6,5227.25,5033.29,4767.69,4594.35,4774.01,4345.12,4212.23,4249.93,4467.15,5124.99,5181.34,4829.11,4483.11,4834.97,4654.22,4447.84,4072.77,3415.43,3540.79,3450.67,3197.01,3616.87,3811.17,3483.57,3802.91,2986.28,3121.6,3178.81,3079.32,3112.33,3049.12,3160.03,3058.55
GB00BHJYC057,ICTL.HTLS.GP.,GB,EUR,642.88,633.74,640.19,670.42,782.38,804.31,792.46,765.34,788.55,785.23,898.26,860.14,882.35,878.37,873.07,942.44,921.27,862.45,906.82,832.28,773.99,881.42,866.16,900.73,778.4,923.43,987.33,938.49,908.28,939.69,1031.5,1113.08,1092.88,1091.16,1127.59,1250.28,1264.71,1304.58,1343.07,1407.68,1505.09,1468.61,1476.87,1335.17,1367.02,1444.59,1505.87,1633.99,1631.57,1627.06,1495.89,1608.4,1687.26,1654.31,1649.75,1675.84,1684.65,1448.52,1480.24,1493.28,1521.89,1581.14,1639.02,1764.39,1813.05,1836.84,2031.11,1830.6,1812.74,1664.51,1788.46,1860.25,1673.62,1536.64,1255.7,1288.75,1382.68,1274.1,1255.88,1573.78,1462.34,1398.76,1658.44,1675.23,1614.86,1786.67,1777.03,1840.25,1757.74,1718.09,1697.01,1654.86,1698.8,1828.1,1589.14,1707.73,1736.31,1870.25,1877.41,1870.9,1784.08,1573.55,1753.33,1696.9,1591.67,1710.8,1747.6,1728.29,2039.41,2042.32,1961.21,2015.85,1944.97,2006.26,2125.14,2211.69,2256.27,2158.2,2271.87,2633.68
GB00BJFFLV09,CRODA INTERNATIONAL,GB,EUR,673730.08,723755.59,721414.89,749473.36,760975.33,648446.69,611183.82,632645.06,581049.71,641007.68,670936.45,724644.72,696681.15,736284.52,709861.52,770260.99,789128.27,765201.49,838723.16,794939.95,733381.13,799904.03,771581.75,801322.13,723034.25,740230.15,780652.91,788312.54,773836.13,758834.89,798327.63,783951.56,826351.08,779789.02,744153.48,721073.39,769091.2,797070.43,813731.52,889154.7,944267.34,931418.29,900556.95,922058.26,947810.74,1034839.86,1077305.56,1114634.4,1187627.5,1186128.35,1193497.78,1155915.38,1167039.05,1192690.51,1268421.23,1256274.3,1285639.33,1167205.32,1179057.33,1130829.82,1201893.93,1212757.68,1244152.65,1290581.87,1221032.65,1245107.23,1096830.18,1103539.54,1154155.28,1200970.15,1241387.34,1307119.76,1266108.39,1120978.73,1020814.95,1199969.33,1250340.05,1265523.47,1465516.5,1549694.22,1585042.55,1530501.09,1559845.29,1768736.29,1693314.89,1691656.26,1718111.44,1837138.63,1963506.58,2011950.69,2314029.02,2488605.44,2287958.48,2574790.76,2657724.43,2722248.1,2124178.1,1994296.7,2060538.82,1945889.41,1742644.54,1572805.05,1821920.78,1566091.57,1450053.61,1568435.75,1630473.1,1600844.58,1708334.68,1600911.5,1619081.82,1783611.49,1537040.67,1454148.52,1540705.48,1434660.89,1229996.9,1089237.54,1163877.01,1319952.86
GB00BJT0FF39,RM,GB,EUR,869.89,1089.73,1263.41,1193.45,1305.37,1465.91,1378.51,1312.96,1306.62,1190.9,1302.41,1216.71,1202.8,1150.37,1116.93,1128.04,1160.12,1261.63,1390.94,1436.95,1295.3,1300.27,1315.03,1282.73,1212.99,993.08,1040.24,1087.01,1075.11,847.92,1061.68,1004.92,1027.86,836.42,862.79,914.24,992.91,1234.44,1214.61,1290.27,1232.21,1261.72,1276.87,1182.49,1197.95,1223.36,1235.52,1527.08,1535.77,1671.6,1629.13,1663.56,1746.23,1709.59,1744.28,1644.48,1558.26,1470.7,1461.1,1514.42,1718.28,1869.87,1874.99,1793.79,1824.95,1823.69,1761.89,1888.61,2019.05,2268.78,2275.73,2290.66,2263.4,2038.72,1049.53,1635.78,1599.55,1777.94,1888.59,1521.89,1434.26,1346.54,1662.74,1814.05,1818.19,1766.63,1894.82,1931.19,1830.21,2007.33,2146.24,2039.49,1956.52,1760.5,1650.15,1662.2,1542.94,1325.58,1244.37,1083.74,1075.97,857.01,766.73,353.74,189.9,192.24,345.16,436.56,486.35,472.93,560.91,658.89,712.97,672.07,651.78,487.02,456.8,396.8,421.15,523.69
GB00BK9RKT01,TRAVIS PERKINS,GB,EUR,5803.0,6652.4,6380.9,5917.67,5802.57,5756.84,5812.69,5949.96,5544.84,5473.96,5861.07,5997.09,5978.71,6452.74,5995.53,6695.92,7093.61,6958.08,7352.38,6604.61,6244.33,6250.82,6464.6,6142.94,5468.57,5275.43,5547.12,5808.21,6005.15,4227.63,4443.83,4678.63,4303.18,3526.62,3633.31,3887.86,3961.22,4104.15,4102.42,4603.44,4659.06,4174.38,4420.18,4283.26,4336.63,4505.79,4861.92,4731.86,4636.19,3952.3,3864.17,3999.54,4096.86,4297.47,3589.93,3421.77,3179.45,3285.89,3272.25,3165.75,3740.38,4437.1,4150.1,4328.87,3689.62,3854.14,3974.24,3618.59,3780.11,4461.48,4791.2,5106.17,4920.76,4489.95,2633.1,3154.7,3258.63,3345.97,3500.53,3960.88,3378.0,3302.31,4117.98,4430.15,4458.67,4835.54,5117.13,5409.75,5933.54,5931.42,6017.35,6302.69,5422.55,5541.36,5025.97,5516.28,5228.64,5137.63,4356.78,4125.89,4065.81,3143.41,3427.75,2642.64,2318.42,2573.23,2990.93,2906.05,3394.19,3301.64,3212.13,3368.3,3027.4,2889.22,3134.18,3054.07,2883.03,2550.0,2722.92,3001.3
GB00BKY40Q38,GALLIFORD TRY,GB,EUR,79378.46,88257.97,92136.31,83544.08,78938.2,81322.23,89648.89,89569.3,85475.57,84323.61,81395.68,86480.9,85110.95,99687.62,92426.07,101117.76,110341.12,119356.1,121021.1,116991.46,104964.66,104099.17,99091.52,101205.42,94846.58,92365.95,94563.45,85700.35,92557.75,55927.24,59777.2,68154.04,78972.67,71803.06,75756.67,76523.35,81414.08,90496.36,90129.41,91223.27,79015.5,73844.36,87535.3,87828.01,88885.17,83320.84,82218.26,89468.59,79863.73,65051.42,68818.08,74286.07,75246.24,67754.69,71865.45,74071.6,77457.89,65611.12,57004.09,49269.66,57913.41,61077.44,55582.46,45220.69,50415.63,51355.6,46391.6,45634.94,52801.21,60703.68,63692.37,76384.41,125213.11,125718.72,103841.18,121434.94,92187.22,93078.86,79881.15,73351.24,63383.54,58742.98,92717.86,107480.89,107430.41,121464.39,112528.42,111590.14,114842.1,124825.32,142147.99,150340.26,157596.83,176060.5,145330.23,159235.41,153519.73,153794.4,154968.96,145444.5,146000.56,136669.35,137106.15,121395.48,108627.78,125909.98,128528.55,131143.32,142827.99,145270.06,148765.41,155787.26,155867.18,172661.81,177792.67,173329.49,207416.3,192706.86,209575.97,217319.14
GB00BLGZ9862,TESCO,GB,EUR,183814.31,192616.32,171942.51,178677.29,183914.41,175526.94,157337.03,137942.89,109034.64,100992.26,106176.2,107161.01,122743.88,137903.35,130552.58,123496.48,117967.63,121553.06,122397.56,107014.75,100907.97,102939.33,91520.55,80125.09,89441.26,91418.39,100243.3,91674.37,87381.32,85018.89,75315.43,79223.44,86417.34,93563.56,94816.28,92941.51,89026.03,85251.06,84392.35,86209.18,86233.83,79730.41,83509.94,84761.59,91303.66,88066.71,96031.25,103496.94,108656.05,106185.53,105595.39,118786.01,120491.3,124901.88,125838.01,118076.46,115247.17,101212.26,93603.13,89910.72,108985.91,111632.06,112313.63,120934.47,107781.44,108977.43,103273.41,100830.88,112174.09,116295.39,113383.76,129183.07,124363.61,111524.41,108405.51,113312.88,110937.03,110777.14,111996.86,115095.9,107978.45,105992.8,120889.75,126177.52,131136.57,125556.02,126135.88,122237.33,130108.3,126272.65,132814.92,143965.9,140024.71,153504.64,151917.44,162918.92,165331.61,161307.78,150778.56,141692.2,139523.95,132631.22,136591.85,123695.7,98674.85,107886.46,118025.48,117485.44,131877.59,134486.27,143115.69,153914.87,144439.83,141118.74,148336.51,150448.4,144097.52,148258.11,163905.87,167765.99
GB00BM8PJY71,NATWEST GROUP,GB,EUR,4601.93,4525.65,4270.11,4155.27,4788.02,4624.5,4940.25,4962.22,4915.99,5112.29,5098.43,5064.74,4482.63,4673.56,4156.84,4284.16,4339.51,4552.77,4397.92,4266.11,3929.67,4039.66,3748.94,3665.89,2952.15,2569.78,2636.16,2774.85,2954.84,1889.24,2103.82,2173.46,1912.85,1901.41,1999.3,2285.65,2298.16,2437.11,2493.25,2827.84,2764.31,2644.51,2699.21,2673.21,2964.58,3089.61,3083.63,3096.07,3369.45,3037.77,2989.95,3065.02,3014.8,2784.65,2759.15,2604.12,2706.94,2508.05,2311.61,2291.58,2631.21,2934.4,2790.51,2708.15,2335.27,2425.37,2303.7,2112.46,2392.83,2574.37,2736.7,2977.53,2691.56,2134.35,1309.38,1304.26,1276.04,1405.34,1301.29,1412.68,1282.36,1502.07,1930.53,2143.51,1895.78,2408.78,2572.65,2586.3,2795.79,2667.14,2673.75,2824.66,2920.63,2918.99,2708.99,2944.28,3132.25,2968.37,2834.38,2729.03,2867.64,2643.43,3016.41,2885.04,2536.97,2719.72,3137.83,3209.38,3814.72,3560.13,3404.34,3439.64,3360.68,3197.66,3283.18,3120.67,3075.05,2311.35,2813.25,2989.62
GB00BM8Q5M07,JD SPORTS FASHION,GB,EUR,1696.84,1674.54,1706.37,1894.62,1753.36,1781.79,1663.49,1723.74,1802.82,1917.24,2043.98,2056.12,1962.93,1969.59,1849.54,2293.98,2585.14,2913.63,3291.77,3530.45,3790.65,3907.34,3828.14,4025.37,4257.38,4189.95,4245.93,4800.17,5017.58,4062.58,4402.37,4460.06,5057.04,4888.15,5483.04,5180.78,5762.75,5773.85,6354.41,7593.12,7680.55,6015.78,6243.44,5526.01,6648.48,6283.63,5911.95,6033.41,6896.15,6993.82,6228.78,7131.73,6708.42,7727.8,8153.78,8771.6,7953.47,6930.75,6699.86,5905.56,8093.19,8234.6,8706.33,10907.86,10334.86,9945.55,10603.02,10013.55,12339.47,13250.45,13115.6,14788.78,14441.53,12549.48,7565.73,8901.95,10851.24,10248.81,10596.21,12955.28,13949.54,12776.14,13814.55,15671.72,13674.77,15477.15,15166.78,16951.42,17911.67,16951.22,16652.02,18550.43,18876.49,19913.04,19687.49,19694.34,16843.52,13525.99,13031.23,11181.31,10319.57,9356.34,10554.9,8799.38,7488.77,7511.15,10050.33,10170.37,13428.71,14694.58,14730.12,13566.93,12626.28,12440.5,13665.18,12395.6,12305.54,10419.7,13389.92,14273.41
GB00BMJ6DW54,INFORMA,GB,EUR,625.3,644.41,648.42,614.87,652.84,618.37,621.92,655.37,606.27,588.51,577.04,561.41,588.09,653.58,640.88,669.78,693.73,672.53,727.75,704.58,672.96,694.07,742.6,714.87,713.81,757.52,789.23,774.31,799.31,786.49,765.59,756.52,754.04,727.08,718.6,744.07,726.39,740.52,721.98,750.46,782.66,785.17,828.46,811.51,822.31,844.2,925.97,890.5,902.98,873.91,919.41,945.93,970.0,1024.5,962.31,929.02,931.85,854.84,826.81,752.48,834.18,879.39,909.15,970.2,935.12,1015.25,1022.38,1021.26,1012.0,966.63,986.7,1094.3,984.45,840.15,528.98,533.98,541.48,560.23,467.96,533.53,469.16,520.95,682.28,723.35,661.27,742.26,744.46,750.28,745.37,667.91,663.36,704.39,714.03,686.25,595.53,674.44,717.72,768.73,763.74,695.35,662.05,619.01,696.96,616.4,561.5,619.73,708.63,722.06,798.15,783.95,829.64,879.9,836.91,902.91,954.31,912.88,902.89,851.23,927.24,981.73
GB00BN7SWP63,GLAXOSMITHKLINE,GB,EUR,248117.57,274098.03,259624.57,269648.77,265847.36,264735.55,240089.23,245671.76,229811.25,227514.23,236448.82,218141.98,224014.54,245857.92,236858.83,240199.67,231945.18,217506.21,227813.38,218502.29,203239.25,229968.87,219335.51,217532.97,219420.22,216183.87,224954.39,236905.58,236200.67,240883.61,251694.43,243781.82,242380.29,224410.65,214791.09,221873.15,220987.15,239067.96,241906.74,233768.87,259356.42,250546.28,235475.24,236024.56,238539.33,215324.61,209799.29,216705.96,227445.8,222024.36,241054.45,248124.76,253195.8,252172.95,259033.22,256250.22,253209.57,243969.89,264592.77,242876.96,248502.67,258515.07,270069.38,266234.4,252873.15,263634.74,273910.58,276995.05,285685.6,304116.53,304856.59,316671.79,315991.85,271857.47,255866.74,285441.3,284850.66,278695.09,276721.43,274919.77,261837.4,232984.82,258475.54,259242.76,263338.99,239644.04,255793.79,266976.63,278885.33,286190.25,287709.38,297356.36,279691.11,305608.2,301915.71,325631.62,329862.26,315031.24,329501.78,342772.45,334434.15,328405.5,318777.75,246200.31,223589.94,252332.67,259590.67,267947.1,271519.95,269907.23,276355.38,283285.15,263568.94,278877.46,281380.06,280822.14,290594.88,282204.71,289642.56,297996.37
GB00BNGDN821,MELROSE INDUSTRIES,GB,EUR,1286.7,1401.11,1260.91,1249.91,1217.7,1153.52,1152.11,1174.22,1052.89,1074.3,1062.28,1090.78,1043.57,1205.71,1071.69,1081.96,1073.15,1032.21,1145.45,1100.21,1072.22,1101.48,1170.36,1148.71,1129.27,1227.37,1372.08,1475.51,1509.25,1535.67,2452.17,2780.28,3251.32,2955.15,3283.98,3504.83,3523.4,3806.31,3999.69,4424.23,4465.99,4554.71,4430.2,4099.02,4155.52,4250.32,3938.53,4174.15,4686.04,4578.49,4716.53,4631.25,4631.21,4141.35,4176.59,4272.56,3871.62,3200.5,3346.52,3099.31,3294.93,3435.34,3544.49,3977.17,3117.83,3472.78,3453.81,3324.95,3779.43,4195.04,4518.11,4838.88,4676.58,4069.01,1726.01,1914.69,2165.74,2142.9,1702.41,2073.63,2271.6,2353.59,3117.63,3702.66,3520.08,3528.61,3503.16,3446.05,3750.86,3273.7,3401.0,3485.59,3558.29,3279.67,2908.66,3283.8,3031.03,3016.0,2492.43,2266.92,2608.93,2779.52,2986.99,2428.32,1757.1,2072.93,2423.85,2491.81,2696.23,2794.08,3199.52,3807.23,4328.83,4766.21,5050.35,4810.52,4253.88,4209.31,4876.64,5372.83
GB00BNNTLN49,PENNON GROUP,GB,EUR,5322.81,5861.65,5827.29,6021.33,6190.64,6318.64,6477.43,6529.39,6197.41,6444.6,6770.12,6929.12,6520.41,6422.31,5991.52,6442.69,6363.85,6228.38,6218.19,5948.09,5907.6,6286.8,6596.08,6369.71,6377.1,5769.61,5921.33,6042.47,6380.78,6420.65,6240.1,5988.3,6037.52,5308.73,5325.24,5324.58,5198.44,5698.29,5828.42,5859.32,6283.26,5666.64,5784.67,5703.08,5828.4,5747.17,5862.08,5773.4,5661.7,4645.99,5000.59,5282.27,5505.7,5810.85,5646.54,5722.95,5328.02,5462.12,5262.71,5054.77,5846.35,6029.25,5645.47,5686.05,5385.78,5508.04,5317.3,5568.85,6170.66,7037.48,7142.85,8221.82,8958.36,8441.57,8251.74,8475.35,8640.53,8476.56,8818.55,8493.89,8404.93,8093.14,7962.35,8188.8,8152.64,7760.6,8543.49,9092.32,9542.62,9962.49,11147.91,10775.83,9584.54,10027.57,10167.98,9916.82,9216.1,8850.84,8977.56,8855.25,8001.79,7337.09,7964.52,7084.7,5726.99,6285.84,7111.18,6967.2,7465.49,6601.33,7142.45,7144.27,6336.23,5974.39,6227.87,5627.45,4924.67,6069.89,6162.54,6596.21
GB00BNR4T868,RENEWI DEAD - DELIST.09/06/25,GB,EUR,2228.77,2297.09,2149.32,2000.0,2089.24,2124.75,2163.49,2088.68,1735.22,1850.36,1755.4,1875.6,1779.51,1989.06,1888.36,1977.93,1991.56,1924.88,1915.33,1769.44,1710.07,1800.56,1805.91,1769.16,1565.92,1356.42,1483.88,1462.26,1457.41,1377.63,1793.17,1718.56,1812.61,1609.47,1688.02,1692.44,1779.38,1787.79,1777.86,1877.95,1816.23,1640.99,1851.67,1824.57,2084.1,2104.38,2127.54,2153.23,2213.14,1921.42,1621.17,1519.6,1515.23,1631.53,1454.77,1297.31,1177.64,1038.5,837.09,680.65,544.07,542.58,496.67,698.83,689.95,607.09,590.14,619.12,614.26,630.07,637.6,804.04,786.8,770.96,487.51,537.16,485.04,542.77,550.14,520.82,420.93,460.67,752.09,947.68,914.03,1019.68,1102.25,1183.9,1294.14,1273.89,1202.84,1259.87,1369.97,1629.44,1694.68,1719.07,1493.63,1385.76,1459.17,1452.45,1447.43,1472.15,1548.57,1513.91,1057.46,1021.17,1104.17,1206.05,1351.97,1398.53,1258.34,1264.4,1109.65,1097.76,1121.75,1021.9,1502.05,1194.25,1243.79,1365.77
GB00BP6MXD84,SHELL,GB,EUR,294.41,314.76,314.99,341.75,343.29,360.91,359.68,357.72,337.8,315.98,299.17,300.8,271.51,297.66,271.08,287.82,273.68,259.34,265.04,244.62,220.88,244.91,236.53,215.1,205.93,224.08,236.23,254.42,240.04,272.33,256.81,247.03,252.06,252.31,261.46,286.22,279.07,272.04,275.54,272.36,289.85,282.62,300.66,297.87,327.87,341.4,352.12,370.17,386.39,355.08,350.91,390.43,393.74,393.96,389.34,374.28,395.78,367.79,353.39,343.45,363.11,370.76,373.11,378.93,373.3,394.03,382.26,339.23,359.62,353.71,355.62,368.16,326.9,268.61,222.71,211.55,199.11,203.39,188.28,191.47,161.0,161.28,221.59,231.64,239.9,266.04,256.91,248.91,254.16,265.57,266.62,264.85,299.97,309.74,283.52,298.51,343.96,362.88,380.74,374.17,414.28,358.47,366.77,372.09,350.19,386.5,410.1,394.23,411.8,435.0,405.93,438.3,395.19,427.65,437.14,443.55,461.7,466.14,475.36,480.83
GB00BP92CJ43,TATE & LYLE,GB,EUR,63835.31,55168.61,57062.09,60695.13,59561.43,61819.98,55645.69,59343.0,50649.52,51209.36,50581.97,50320.62,54498.38,49253.32,47471.3,49059.89,47530.91,43726.45,47294.52,46356.02,49530.07,51315.47,50070.28,49773.7,50022.08,46119.13,46836.05,48561.28,51573.01,51873.93,55721.09,55763.89,56477.09,55278.47,49769.16,51363.07,49561.36,54395.38,56165.93,57502.75,55975.13,52006.06,53580.13,53265.18,52620.22,51922.3,55784.3,58335.8,55886.29,47281.45,46780.42,48461.94,56091.28,53991.43,51752.85,55092.49,56297.15,54386.17,58626.66,53793.65,57901.6,59159.29,60524.59,64039.81,58253.22,61834.34,60859.71,57646.95,59676.91,57300.89,63033.08,67097.9,69629.32,60048.0,54194.5,59852.82,55468.23,56647.89,58695.27,62691.81,59057.22,52850.72,59272.21,64171.09,65840.95,70752.51,73682.18,77102.39,75795.74,73109.2,73659.93,69598.69,66854.15,63681.38,60504.21,65091.79,68863.48,73431.25,70048.54,70882.14,67769.93,66857.02,71765.54,65322.74,55762.66,59289.68,64398.26,63302.61,68594.39,71880.3,71783.59,75798.15,72083.25,69512.69,72335.68,67422.13,63012.3,57619.47,59407.9,63895.45
GB00BP9LHF23,SCHRODERS,GB,EUR,444324.11,498263.49,482386.91,480680.58,483096.25,477222.38,449395.91,455282.62,436216.66,434086.32,474967.76,471326.35,489823.0,534793.18,543603.09,571001.49,589165.18,571581.24,564825.9,504301.27,490902.49,532272.96,521058.32,506783.33,446434.82,421208.66,455261.46,434776.18,465665.74,371821.37,410357.28,434980.36,417789.99,410585.93,412121.43,441932.22,440356.15,456195.69,461515.0,502237.8,496433.62,491123.7,553218.81,533918.99,553775.54,570666.47,574549.52,585151.72,650818.56,584651.89,564238.53,572919.95,542763.4,525378.71,514557.99,509402.49,514411.91,436452.25,410939.84,396563.34,437761.44,463658.0,462201.94,541994.16,482978.75,509578.64,477882.53,442159.68,503946.23,532620.05,567507.34,587384.11,563267.73,484807.63,421888.86,458541.52,500407.6,499108.84,533047.92,537851.17,482935.84,468493.5,595686.63,632278.21,650396.44,678856.19,684684.23,708292.77,716916.29,688099.12,720919.59,745151.21,694315.3,710758.46,651130.82,690666.31,649163.47,588864.81,625786.55,524510.16,549133.43,477347.92,531655.4,465835.48,380728.91,395104.03,461573.56,459479.91,515443.33,527563.74,515074.55,552846.44,511364.82,503477.72,535170.97,480077.2,457256.63,412285.34,467742.57,504203.88
GB00BPQY8M80,AVIVA,GB,EUR,17078.92,18534.92,18571.07,21121.26,20921.27,20777.19,20234.02,20595.63,20201.0,20072.85,19158.49,18192.89,19097.08,20059.57,19304.83,19937.59,19665.98,19068.25,19976.79,18318.12,16855.36,18740.24,19224.18,18988.78,17028.37,15247.18,16367.67,16341.68,16890.2,13584.87,13396.48,14475.19,14762.44,14180.77,14649.44,15765.26,15738.18,16255.53,17449.78,18348.89,18326.63,18475.32,19214.69,18205.45,18665.45,18444.39,19024.73,18816.76,20072.1,19160.21,19132.92,20820.42,19422.45,19014.12,18741.76,18358.54,18590.17,15945.32,15123.34,13927.7,15864.12,16393.3,15650.06,17118.89,15591.42,16206.61,15202.86,13534.99,15443.8,16862.81,16393.48,17409.06,16483.1,14063.42,10449.29,9572.6,9611.44,10610.42,10862.95,12123.61,11829.97,10663.94,13734.56,14545.67,15061.5,16556.08,18428.43,18758.51,19783.54,18978.34,18225.34,19157.81,18388.56,18637.38,17546.08,19148.29,20067.28,19403.21,20505.22,19391.97,19552.44,17583.58,17386.36,17989.87,16001.39,17774.97,19537.68,19667.93,20715.42,19955.57,19396.21,20634.08,18961.47,19499.61,19394.72,19003.99,19017.4,19285.11,21126.47,22150.61
GB00BRKD9Z53,MJ GLEESON,GB,EUR,123007.29,128398.7,124494.7,122979.42,120617.23,117831.28,117046.51,106256.42,117622.17,102949.98,111331.25,104138.6,101994.2,105526.46,113458.01,113251.45,118639.14,129239.73,133531.43,126678.07,135612.12,142632.9,149624.61,150729.66,161468.56,154505.07,168633.89,158043.2,156187.85,108167.22,134288.61,146976.39,147652.6,119723.09,137310.77,132162.09,134563.34,141645.59,159823.66,172413.67,164360.1,159711.41,180267.37,163287.88,178264.91,181974.98,197118.3,209092.68,211127.78,219697.77,210145.96,208600.84,206456.65,215710.13,204603.98,187754.65,199109.45,183524.85,179669.03,174468.66,202027.34,226345.96,226087.32,233506.27,237727.4,199947.75,223547.84,220766.09,214875.65,223400.23,228553.76,280831.75,280321.02,262550.43,146978.66,210553.4,197590.18,180473.27,179468.79,183085.53,172183.42,166469.82,194998.93,236980.44,219469.97,249518.73,258810.08,265903.69,276174.35,276414.24,255840.13,255704.24,237873.97,235663.88,216680.36,231635.92,218520.82,201843.31,177302.72,171933.66,158208.45,142474.04,147205.43,123229.53,104971.41,101146.96,100975.22,97459.63,116851.7,134014.94,127202.58,127809.84,124849.72,113232.87,128383.79,117083.47,121497.59,119089.65,136265.51,150567.35
GB00BV9FP302,COMPUTACENTER,GB,EUR,236.4,255.81,244.63,244.95,233.33,232.8,233.9,234.8,234.26,227.33,230.43,209.76,220.99,258.38,229.08,241.65,255.32,280.69,272.59,273.08,265.57,270.95,285.38,291.22,272.05,265.98,285.05,289.14,291.58,232.77,256.41,223.56,219.91,211.49,218.51,235.7,237.88,232.47,222.27,252.8,265.51,255.8,283.31,320.08,323.94,323.23,372.86,381.55,395.18,372.11,393.95,427.24,435.11,473.64,509.64,437.26,412.32,350.39,342.24,319.99,343.65,368.74,359.94,392.99,400.58,430.68,474.39,409.96,407.91,453.51,500.36,601.3,605.42,540.52,453.93,470.16,507.67,519.08,666.3,692.41,787.25,756.75,764.18,861.25,831.26,750.62,841.59,954.3,982.7,927.57,987.99,1055.58,962.39,968.3,978.35,1035.04,936.47,961.21,1017.22,882.93,839.31,765.23,846.32,769.98,584.89,564.87,641.09,623.09,740.15,742.29,716.55,782.23,779.4,804.87,780.41,763.68,861.32,868.5,953.39,992.76
GB00BVFNZH21,ROTORK,GB,EUR,390569.85,433858.48,425973.48,427013.29,426145.53,445583.75,456281.11,449853.12,440560.33,401751.26,338776.16,356461.58,340250.88,372737.07,361550.42,360875.25,384596.01,363842.57,331995.62,322978.38,250704.11,290664.82,275142.51,270439.34,243749.0,223234.96,263868.2,280431.03,293084.78,296279.16,295757.3,271957.21,283564.75,257430.11,302826.09,308050.26,332112.41,317691.74,314454.13,332920.31,318284.97,319985.43,319383.93,311869.07,368923.64,368381.83,369650.53,381832.58,443740.24,429220.47,421142.62,484152.85,474419.08,472121.9,504400.05,472469.95,463514.61,411978.96,359788.38,339141.83,388766.53,406971.67,396312.77,442578.88,394421.33,438582.22,411159.39,413461.13,420934.44,427678.54,464959.87,486652.36,439869.04,394426.05,292472.32,343856.06,360345.5,379381.55,402417.18,445818.18,405181.85,403521.53,442443.71,482771.38,496569.29,554019.23,546421.48,539051.09,542194.75,531288.92,566442.49,522450.3,535181.01,552495.01,512171.92,550548.96,516033.05,471182.52,489037.38,423618.49,405776.9,336714.84,364598.83,334032.32,304093.66,343104.24,414177.01,428984.14,455365.42,456250.33,452742.01,484638.17,469121.81,456929.47,467890.03,453783.2,453940.01,422714.26,464197.75,490799.83
GB00BWFGQN14,SPIRAX GROUP,GB,EUR,230517.66,249632.93,231439.43,238465.79,233615.52,227646.67,224037.41,239474.77,223181.97,223743.68,219400.9,220054.99,224785.11,243580.78,248405.64,258430.71,264505.6,265058.26,257033.53,240951.41,210749.0,234933.73,234934.55,242051.75,216562.48,219244.12,261708.57,253769.04,254724.99,253616.87,268256.65,287939.14,296195.9,274609.54,272038.95,263564.5,276113.93,282242.46,304013.97,346463.21,377292.91,357889.9,377493.08,372941.56,381746.11,388104.37,403667.65,393253.25,417444.86,406964.49,417599.06,415246.53,430045.67,450159.14,476415.19,484631.54,497828.15,434337.81,411252.92,417537.3,442660.91,465759.64,492229.24,569971.14,558409.19,619502.32,583686.72,517936.72,512327.03,545772.75,614402.61,626778.45,625784.2,570679.07,538813.92,591037.24,655097.31,661757.88,726478.27,736446.1,767975.45,785387.57,800504.85,831409.85,819313.09,806313.72,846965.67,886942.82,978822.33,1019779.05,1131509.32,1202115.5,1094404.12,1162768.93,1124061.9,1181705.9,966696.98,871222.59,897152.14,835565.7,729341.68,657107.24,795545.33,671468.83,635919.13,680761.88,733950.11,702310.01,780732.07,778084.45,806227.3,773997.92,751866.05,731715.0,794818.55,713114.64,645615.11,554829.76,653449.92,747456.75
GB00BYQ0JC66,BEAZLEY,GB,EUR,1025.44,1172.46,1166.38,1097.22,1087.28,1145.95,1106.82,1122.62,1185.43,1124.36,1140.94,1204.58,1164.7,1273.19,1216.26,1234.12,1292.8,1324.8,1501.61,1480.34,1555.11,1614.86,1703.84,1656.01,1529.72,1539.94,1590.44,1468.25,1634.31,1496.5,1618.2,1583.28,1560.27,1378.95,1477.04,1485.71,1583.36,1675.78,1727.31,1836.39,1967.41,2046.26,2180.64,2140.17,2091.0,2181.87,2147.1,2349.03,2454.35,2328.8,2649.77,2685.7,2623.15,2550.42,2425.89,2565.06,2471.81,2237.45,2367.63,2128.72,2157.18,2451.87,2259.42,2528.2,2376.43,2363.2,2376.67,2351.98,2599.28,2573.65,2333.59,2497.79,2420.62,2350.88,1667.73,1719.97,1635.58,1744.42,1886.43,1983.47,1361.31,1308.99,1679.79,1716.17,1472.46,1664.77,1671.36,1615.26,1471.38,1581.2,1878.64,1855.32,1760.6,1840.83,1824.08,2174.79,2268.35,2137.44,1958.75,1915.71,2167.2,2142.46,2331.77,2398.31,2225.83,2541.98,2734.55,2889.69,2894.32,2923.29,2670.41,2705.49,2712.62,2706.73,2550.94,2500.83,2441.95,2256.69,2452.7,2405.34
GB00BYRJ5J14,PRIMARY HEALTH PROPS.,GB,EUR,1555.99,1591.11,1568.79,1648.8,1609.27,1600.81,1567.97,1580.89,1508.41,1582.89,1573.63,1619.31,1582.94,1713.68,1730.59,1714.05,1763.53,1773.4,1832.68,1821.76,1809.35,1965.47,1931.25,1890.96,1807.71,1755.18,1765.44,1907.14,1903.77,1740.36,1822.95,1786.11,1795.57,1699.17,1731.04,1715.85,1684.67,1725.28,1745.51,1872.5,1856.08,1888.33,1973.04,1999.25,2120.66,2057.29,2030.74,2064.76,2174.38,2117.73,2050.75,2086.48,2012.17,2067.36,2017.44,1998.99,2016.23,1925.96,1933.71,1944.23,2109.83,2277.77,2354.81,2410.54,2426.35,2389.13,2290.89,2365.11,2323.09,2628.72,2735.49,3045.19,3008.66,2681.93,2887.59,2843.18,2786.71,2832.16,2982.57,3014.98,2834.65,2778.56,2829.08,3116.99,3005.88,3203.71,3082.51,3189.06,3330.47,3238.73,3503.34,3567.31,3129.94,3271.3,3083.35,3186.1,3028.67,2853.94,3100.98,2885.18,2966.27,2628.84,2886.24,2556.01,2034.16,2089.26,2164.92,2176.91,2286.92,2172.7,2107.84,2254.92,2081.56,2044.2,2085.29,2043.91,1946.77,1902.66,2157.49,2311.77
GB00BYT1DJ19,ICG,GB,EUR,2070.27,2297.39,2100.64,2281.37,2135.97,2106.71,2146.77,2138.47,2011.75,2070.65,2271.06,2298.95,2372.73,2431.55,2395.2,2597.69,2929.06,2843.74,2986.08,2693.36,2565.72,2866.64,3026.08,3067.3,2740.14,2673.54,2950.59,2985.36,3224.66,2236.72,2596.2,2657.85,2613.98,2521.37,2889.17,2983.01,3004.67,3047.05,3053.24,3484.68,3929.04,3816.18,4222.11,4038.0,4431.66,4559.81,5087.54,5517.69,5861.09,5188.51,4903.01,5323.89,5427.55,5271.87,5047.81,4940.4,5150.48,4407.68,4692.56,4360.38,4893.82,5104.17,5081.48,5642.32,6064.33,6605.62,6396.61,6114.97,6738.66,7226.82,7442.79,8093.51,8713.77,7716.36,4218.24,5399.1,5958.06,6219.39,6903.73,7147.43,6022.66,5912.52,8528.99,9309.99,9211.68,9549.73,10028.37,11943.04,11796.2,11784.24,12117.01,12148.89,11074.08,12061.81,11104.98,12035.91,10305.55,9314.54,9521.59,7869.13,8039.59,6710.78,7815.93,6714.69,4631.27,5161.61,6000.01,5956.89,7371.08,7321.75,6491.05,7056.56,7442.16,7834.16,8086.73,7666.57,7551.16,7081.12,8857.05,9737.9
GB00BYW0PQ60,LAND SECURITIES GROUP,GB,EUR,39669.62,42692.45,40222.87,42375.14,42331.87,42186.24,41935.99,42794.17,40413.69,42492.95,44638.75,43574.96,46216.63,46883.33,45224.49,46666.8,48713.27,46342.61,49573.15,47126.88,46980.0,50943.25,45648.6,43026.69,38524.49,34875.68,39561.34,41456.29,42427.46,35030.92,36634.21,36137.53,34950.11,31016.96,30819.58,33816.29,32105.17,34055.76,34285.84,37047.45,35763.99,34460.55,35251.45,34083.41,34484.76,33904.5,33768.19,36419.4,38049.63,34114.29,35483.8,36747.31,33389.38,34630.99,33901.02,32653.85,31980.96,30264.7,29195.1,28827.1,32024.83,33668.94,33908.74,34280.93,29753.85,30636.68,28166.28,27282.62,30952.85,35675.46,36797.18,38928.74,36701.64,31642.62,20492.96,24785.33,22230.77,20281.71,22463.39,22975.69,20050.21,19546.71,26520.73,27823.38,25499.01,28329.98,29012.36,30409.54,30458.75,28803.26,30456.72,30417.6,29296.57,29355.96,30315.66,33145.24,33415.58,33587.24,32978.85,30126.22,30811.99,26173.23,28880.23,24893.28,19153.55,21594.9,24394.52,24929.18,29085.67,28138.76,25955.67,28636.09,25213.45,25176.13,28727.23,26737.4,25207.07,24176.65,28072.48,31918.94
GB00BYZN9041,FUTURE,GB,EUR,10.31,9.48,4.38,5.66,6.01,6.55,5.88,5.59,5.45,5.07,6.41,7.01,6.52,6.05,6.04,6.36,6.78,6.67,6.54,6.45,6.26,6.86,6.84,6.33,5.53,5.63,5.43,5.09,5.23,4.81,4.8,4.63,4.33,4.24,6.06,6.86,6.29,5.48,6.16,6.06,9.04,9.29,11.31,11.09,11.19,12.38,13.13,15.54,15.05,14.47,14.55,16.51,17.89,18.63,17.67,17.47,19.9,17.6,23.27,19.28,22.43,28.92,31.14,34.96,44.58,39.09,43.86,45.78,47.89,62.1,54.2,60.88,53.52,46.83,39.33,41.29,54.11,50.01,57.45,63.11,79.63,81.37,71.48,75.35,75.77,86.55,83.84,103.73,128.07,137.36,152.28,168.21,157.95,153.53,150.53,164.69,133.94,113.23,108.85,88.48,79.29,66.48,70.68,57.53,46.82,44.56,53.16,48.42,59.0,54.05,45.64,45.15,28.5,27.33,34.36,31.33,34.55,34.18,34.31,32.29
GB00BZ4BQC70,JOHNSON MATTHEY,GB,EUR,83367.29,85826.49,85616.46,86768.52,84586.53,84385.02,79531.67,83495.27,75336.02,75747.07,83384.08,84794.32,78405.62,84337.99,80467.89,82291.45,85475.11,77670.42,73947.59,67630.95,60280.13,64899.64,69251.87,63662.21,57507.69,58606.89,64865.13,69555.94,69037.83,62659.17,72786.19,73158.23,71604.12,69669.02,65862.35,66219.68,68884.82,64215.53,64864.7,64910.11,67661.33,63969.85,63545.81,61092.65,78707.27,77015.22,70883.83,71865.05,85005.31,74626.76,73724.18,78383.21,80760.13,83827.23,86532.5,79720.79,81494.52,66647.05,65959.5,63025.92,70771.66,72735.62,72385.28,76913.12,68946.46,76406.9,70992.87,63911.62,67936.78,71641.64,67605.18,72177.62,62447.61,58326.55,40543.44,45704.68,47506.21,47827.25,54218.23,58670.53,56218.99,51265.72,55271.59,61706.94,75460.53,79509.52,77384.41,83764.82,80602.12,80278.29,78140.0,76488.71,68461.67,70843.23,52438.67,52969.99,49751.02,48292.88,47276.23,53395.9,50829.72,45899.76,51044.21,46022.03,40152.45,43718.3,48831.59,50760.36,55101.06,52408.42,48656.01,48961.99,42538.8,45416.75,47411.15,42259.29,40655.23,37091.89,40716.98,44903.41
IE0001827041,CRH PUBLIC LIMITED,IE,EUR,281.49,308.25,308.16,314.69,302.28,283.11,253.17,263.44,251.12,242.87,255.06,258.6,263.0,308.34,288.39,313.03,311.01,314.71,322.55,329.6,292.32,306.76,329.87,326.04,300.78,294.91,314.31,339.02,347.17,299.03,341.89,385.56,383.68,371.77,386.22,398.37,400.68,387.96,408.86,425.76,421.18,414.03,417.08,417.66,428.59,436.85,410.88,433.31,460.7,402.61,406.11,426.54,428.8,425.34,404.91,404.79,391.68,333.26,325.76,301.69,348.86,371.85,372.34,405.42,382.33,394.54,406.87,413.03,419.73,444.79,477.81,496.67,474.83,415.75,315.55,375.65,411.94,427.86,470.08,476.51,472.64,448.18,535.92,549.59,522.47,562.95,572.24,620.96,689.01,677.52,654.23,687.18,621.16,629.99,664.06,693.39,634.54,593.94,572.85,538.37,548.73,447.38,459.93,515.48,425.47,457.18,519.38,523.04,611.25,631.64,680.24,650.95,669.46,754.44,809.71,780.55,756.24,743.56,870.98,975.37
IE0002424939,DCC,IE,EUR,4258.7,4967.75,5093.51,4799.67,5600.28,5827.52,5437.7,5649.12,5276.93,5317.17,5348.57,5313.38,5081.94,5736.03,5727.83,6129.88,7690.68,7621.44,7653.07,7243.1,7324.46,7791.16,8758.93,8130.89,7472.72,7660.74,8615.41,8652.35,9006.16,8659.63,8809.65,8928.57,8977.02,8004.92,7579.41,7385.94,7962.13,8454.23,8693.33,9128.8,9515.6,9074.74,8782.04,9072.91,9714.99,9476.42,9735.6,10150.65,10584.9,9189.45,9250.1,9691.46,9759.25,9253.52,9400.62,9189.11,9232.76,8721.84,7719.26,7809.73,8389.83,8892.09,8858.11,9146.69,8705.12,9279.14,8853.59,8833.7,9081.86,9724.73,8945.74,9073.13,8459.87,7395.29,6618.42,7469.27,8835.32,8827.7,9519.22,9421.09,8245.47,6896.09,8128.78,7584.75,8116.8,8644.52,9299.56,9323.34,9284.52,8917.45,9138.69,9277.19,9115.59,9129.48,8068.32,9023.78,9168.98,8658.43,8592.15,8403.25,7952.43,6963.74,7322.71,6495.48,5887.41,6267.81,5960.54,5596.73,6466.4,6381.07,6652.41,7086.38,6673.71,6549.4,6798.52,6422.38,6589.36,6488.49,8015.72,8730.55
IE0003864109,GREENCORE GROUP,IE,EUR,1122.88,1228.63,1263.87,1214.2,1348.2,1254.51,1234.65,1225.62,1053.02,1167.45,1282.33,1244.96,1293.4,1464.08,1341.01,1529.4,1411.29,1389.41,1391.38,1290.45,1169.81,1320.54,1441.34,1483.04,1568.48,1509.69,1537.28,1509.49,1434.96,1177.66,1248.12,1321.28,1254.55,1161.65,1050.01,1071.42,1046.15,1139.85,1086.25,1043.99,1105.43,1135.07,1050.02,942.16,940.95,917.38,1021.11,1117.35,993.1,878.4,667.66,785.15,873.71,883.97,839.55,818.4,875.29,878.6,874.11,828.48,928.89,955.66,966.81,1103.45,958.96,1026.95,964.58,941.91,1026.21,1108.13,1157.77,1307.81,1193.04,985.19,753.75,846.96,616.47,572.87,618.7,620.32,466.97,431.08,576.25,586.99,589.17,782.8,799.45,809.92,738.27,639.56,668.79,720.34,701.77,652.79,609.57,646.53,610.75,660.74,623.63,530.34,506.36,444.51,451.24,364.78,297.08,284.34,282.69,284.43,362.35,363.47,370.3,397.27,366.16,342.56,415.92,393.51,341.47,401.88,461.73,453.21
IE0004906560,KERRY GROUP 'A',IE,EUR,13503.3,15177.04,15342.07,15859.45,15328.85,15113.4,14955.5,15195.87,14217.57,13699.65,15023.29,13950.97,14647.64,14744.68,13582.88,14868.33,15103.83,15016.51,15495.34,15087.15,15219.81,16597.66,16399.6,16860.37,16579.64,17797.38,19007.27,18178.06,18410.17,18101.03,17473.85,17328.85,17031.72,14825.85,14506.73,14664.63,14415.26,15794.14,16170.82,16769.09,18151.66,17657.93,18511.55,19138.9,19787.35,20748.55,21629.85,23155.43,22044.97,20637.71,20937.69,21106.42,21768.94,21653.02,21978.74,23688.0,22936.84,21273.34,21448.26,20538.29,21285.31,21430.6,23247.38,23286.85,24028.89,24924.25,24475.04,24888.23,24424.98,25265.66,26826.91,26082.79,26738.59,26446.11,24181.79,24040.24,25969.88,26002.17,27815.62,27646.36,27000.63,25170.6,29566.15,30543.82,28654.13,25587.46,26467.63,27407.26,28577.29,29542.89,31365.37,31042.87,28482.86,28482.76,25931.42,27339.3,26669.82,25354.09,23930.03,23582.02,22002.11,20363.1,22468.89,22090.28,19100.73,18609.66,19965.66,19273.69,20027.02,20638.87,21451.45,22671.01,20936.74,21023.17,21498.47,20196.52,18128.66,16679.35,17555.51,18859.76
IE0004927939,KINGSPAN GROUP,IE,EUR,14125.21,14788.92,14095.81,13941.73,13287.44,12454.07,12710.94,12979.87,11853.03,11657.26,12055.77,12969.17,13542.12,14729.46,14178.48,14876.55,17080.32,18096.02,19046.52,18432.11,18076.2,18305.55,19716.83,19889.01,19353.69,19019.03,20086.38,19904.53,21261.05,16397.34,17415.48,20761.63,20456.91,18574.08,20331.92,20715.92,22198.82,23497.05,24412.39,26566.28,26525.88,26236.01,25397.87,29629.31,32644.33,32122.58,31531.7,33631.03,35682.74,32705.12,32628.56,34972.99,35711.0,38705.36,35957.61,37711.76,36142.67,33742.08,33412.81,33192.05,31849.17,36733.91,36076.77,40944.54,40556.57,42451.79,38527.98,35763.12,38214.37,40587.15,42267.16,47929.49,48394.27,49200.43,41975.97,40018.67,48562.39,50632.67,56478.34,67659.24,71641.84,68552.94,68802.3,55222.9,53493.5,57508.52,66837.41,70141.05,73947.96,74337.3,85606.15,89963.15,78514.85,90865.33,90682.11,94159.0,75272.42,76970.47,78215.88,74207.74,65011.36,47446.98,50842.0,45093.96,35973.95,40053.38,43673.37,42882.32,50765.55,51947.96,54521.7,55137.91,52757.01,52998.21,64237.64,67674.79,60029.58,53648.42,63548.55,69327.96
IE00B00MZ448,GRAFTON GROUP,IE,EUR,994.49,1125.82,1107.08,1006.91,983.01,1017.86,998.96,1099.42,1047.63,1050.38,1037.89,1026.94,1038.01,1196.5,1253.27,1318.99,1298.6,1271.22,1167.89,1199.91,1059.91,1091.18,1076.96,1143.34,1046.83,972.21,1100.23,1072.43,1140.39,701.28,786.18,760.24,692.02,649.63,708.51,727.15,786.13,838.82,969.83,1046.21,1087.36,993.35,1099.0,1098.62,1217.31,1192.56,1141.0,1184.55,1227.38,1150.87,1194.3,1145.22,1115.95,1161.97,1110.98,1112.21,1100.64,1030.75,1006.51,912.45,1076.55,1184.13,1193.15,1300.61,1212.55,1160.32,1006.92,1036.62,1068.45,1152.95,1236.62,1310.32,1383.55,1256.1,751.14,913.76,881.51,930.35,963.55,1190.71,996.28,992.01,1296.9,1438.61,1377.04,1601.03,1635.04,1937.93,1961.3,1859.04,2096.12,2255.71,2029.57,2170.1,1821.17,1971.6,1824.67,1717.09,1527.2,1484.8,1425.37,1138.68,1241.45,1015.02,916.55,970.94,1132.82,1159.37,1382.3,1406.54,1338.29,1369.08,1270.59,1248.86,1416.2,1373.4,1401.84,1188.79,1301.5,1475.64
IE00B010DT83,C&C GROUP,IE,EUR,503.78,602.82,582.3,528.59,553.29,561.31,510.49,511.56,479.2,401.69,428.6,400.67,356.64,394.16,372.51,369.26,359.24,365.33,361.24,370.68,368.33,373.26,366.47,380.03,364.0,354.02,427.08,425.23,441.91,382.13,397.03,406.42,402.78,372.83,358.77,409.82,416.2,406.63,380.53,399.02,384.57,368.87,358.81,358.83,361.86,346.34,345.87,348.0,387.79,362.83,329.4,387.21,369.67,394.08,427.01,420.31,418.96,394.68,369.4,333.43,405.08,371.48,383.15,405.83,453.42,499.05,499.54,484.1,499.33,547.48,561.67,599.57,525.43,466.46,271.69,273.85,264.84,316.41,338.3,319.03,282.12,232.93,327.02,346.24,353.18,400.83,431.66,456.61,408.35,399.47,391.79,404.19,377.7,422.8,357.38,374.26,353.48,336.58,307.09,312.25,300.85,266.35,286.29,238.16,199.79,224.01,247.58,250.93,235.86,214.51,231.15,233.93,214.45,194.17,216.25,210.81,206.63,205.72,209.03,239.71
IE00B4BNMY34,ACCENTURE CLASS A,IE,EUR,612.5,639.11,611.28,622.4,631.94,627.21,615.11,628.92,630.93,637.84,678.81,702.24,660.73,707.9,736.68,736.32,763.26,769.14,819.45,749.19,780.9,861.1,861.26,839.41,847.77,805.35,926.97,915.73,964.79,918.73,914.83,932.59,990.74,952.41,978.55,959.7,932.99,1003.7,982.24,1004.23,1030.48,1023.94,1066.49,1082.55,1118.23,1189.99,1237.22,1279.68,1343.3,1345.89,1283.11,1275.21,1313.5,1379.71,1343.78,1425.93,1435.46,1341.57,1400.3,1200.2,1306.93,1373.58,1498.18,1567.61,1528.13,1585.63,1652.65,1700.63,1650.68,1598.03,1733.69,1814.79,1775.42,1562.41,1412.48,1609.78,1752.59,1866.47,1961.03,2093.2,1971.58,1899.65,2181.47,2287.62,2125.93,2204.85,2427.62,2556.07,2487.22,2598.56,2808.17,2975.06,2827.97,3180.88,3168.56,3675.23,3142.76,2808.91,2997.43,2677.67,2660.73,2475.21,2740.0,2580.75,2301.97,2551.33,2704.37,2398.01,2517.73,2395.93,2578.73,2538.9,2771.06,2795.16,2875.76,2943.21,2791.77,2711.83,3040.89,3203.09
IE00B8KQN827,EATON,IE,EUR,15137.39,15472.9,15659.0,15142.04,15463.82,16196.2,14355.81,14755.29,13394.11,14455.16,14440.65,14468.33,13431.53,15117.66,14578.78,14866.32,15484.94,14598.11,13221.46,12453.23,11196.13,12202.25,12815.55,11467.0,11129.87,12496.04,13920.96,14078.95,13842.23,13415.48,14242.02,15077.63,14889.56,14449.96,15214.68,15347.36,16191.47,16465.98,17103.52,17447.21,17988.86,18093.47,18191.11,16817.43,17996.25,18753.22,18366.04,18656.48,19827.67,19055.53,19018.78,17857.33,18390.86,17948.98,19973.46,20128.61,20997.76,17351.66,18794.26,16771.69,18625.71,19485.55,19853.32,20410.28,18517.5,20702.61,20431.65,20244.38,20853.81,22025.04,23387.85,23949.16,23885.95,22937.8,19832.14,21315.28,21886.84,22551.95,24008.5,26510.36,26492.18,26949.16,31655.37,31401.83,30764.07,34028.67,36340.05,37562.07,38370.74,39144.76,41752.13,44677.92,39622.59,43722.58,43196.25,46064.27,42228.69,41125.2,40671.93,38865.6,37357.29,33958.47,39996.01,37028.61,36139.75,40668.05,44523.5,42752.91,44185.73,47650.63,46898.79,45743.7,48389.01,55321.38,56482.28,63625.82,58905.73,57422.6,63137.42,66778.25
IE00BD1RP616,BANK OF IRELAND GROUP,IE,EUR,9499.34,12829.24,10136.38,9369.85,9188.4,8074.85,8467.04,9530.42,9350.68,9364.37,9823.58,9043.98,7221.03,9106.4,9078.24,9231.64,9110.79,9631.05,10104.28,9498.47,9275.53,8942.47,8902.19,8767.82,7854.59,6797.93,6938.87,7247.94,7283.64,4907.67,4939.95,5371.93,4991.12,5104.2,5091.44,5893.53,6399.85,5683.61,6001.53,6006.61,6471.12,6263.96,6615.94,6624.07,6520.95,6238.49,6220.18,6781.1,7793.9,7476.5,6970.54,7184.53,6596.38,6246.8,6888.16,6574.01,6155.33,5713.36,5102.69,4486.92,4856.27,5275.53,4844.64,5193.62,4370.31,4285.85,3658.35,3144.17,3284.26,3995.17,4187.74,4577.33,4098.05,3097.8,1598.36,1705.67,1519.83,1731.98,1748.54,1905.87,1569.48,2074.72,2666.36,3411.74,3161.69,3466.67,4200.74,4965.8,5417.47,4526.25,4484.88,5312.48,5002.22,5047.61,4577.64,4790.99,5647.31,5606.96,5464.55,5177.47,5712.83,5343.4,4826.31,5258.0,5478.66,6126.29,6834.27,8078.85,9043.19,9415.28,8635.21,8832.85,8021.98,8172.83,9086.82,8590.83,8480.2,7715.92,8113.47,7874.96
IE00BF0L3536,AIB GROUP,IE,EUR,1083.82,1210.19,1182.65,988.7,898.78,736.31,751.98,700.47,809.14,870.7,565.01,577.67,531.86,528.69,616.54,602.68,563.16,565.56,574.17,528.15,505.89,487.32,331.87,174.88,122.95,174.13,250.66,224.42,184.59,147.72,175.69,161.52,162.98,140.43,146.16,127.47,131.27,128.43,130.56,137.93,193.0,136.48,141.08,143.87,145.33,142.9,157.1,159.74,169.35,159.58,146.07,145.25,133.01,132.62,140.34,138.25,125.9,119.26,108.42,104.2,111.15,117.26,112.26,116.26,103.25,103.43,87.54,64.67,76.17,82.6,84.82,90.72,76.93,60.61,29.8,36.39,29.53,33.43,33.22,32.83,27.3,29.86,47.88,54.66,47.46,60.1,70.03,77.87,88.61,68.49,65.3,80.16,72.36,72.09,57.84,64.68,69.84,70.06,59.33,58.58,71.55,60.82,60.51,61.19,65.5,77.98,85.9,104.18,112.69,116.05,110.11,116.69,110.94,114.22,128.42,124.33,123.1,118.26,127.0,117.43
IE00BK9ZQ967,TRANE TECHNOLOGIES,IE,EUR,5499.74,5719.58,5377.45,5617.95,5619.82,5896.14,5545.26,5678.25,5338.24,5931.17,5972.85,6028.2,6314.45,6389.57,6502.57,6288.62,6569.43,6466.52,5889.12,5303.08,4895.58,5714.24,5657.35,5359.56,4989.27,5385.73,6044.54,6388.63,6512.42,6237.49,6490.2,6659.66,6686.5,6622.52,7336.05,7423.13,7849.49,7850.48,8085.01,8823.71,8908.23,9127.43,8776.88,8528.19,8952.83,8895.6,8797.2,9001.53,9550.56,8962.17,8674.52,8510.18,8880.45,9147.82,10042.93,10326.35,10483.91,9832.13,10608.94,9398.39,10305.99,10874.66,11177.34,12695.27,12253.14,13171.28,12858.3,12591.07,12867.43,13251.75,13692.47,13938.52,13971.03,13531.64,11225.3,11881.78,12260.98,12160.89,15289.27,16180.36,16645.59,18224.34,20076.29,20002.55,19753.14,21115.95,22901.35,24045.31,25784.07,25553.41,28255.3,27546.18,24029.24,25181.64,25977.74,28205.37,24166.46,21490.14,21410.5,19614.38,19357.79,18297.0,20708.98,21706.46,20489.02,22585.88,25244.46,23872.3,25438.8,26269.62,26233.75,26494.69,23275.0,27395.09,28566.75,29507.8,29169.97,27358.62,32512.35,35179.28
IE00BLP1HW54,AON CLASS A,IE,EUR,9410.4,10011.56,9857.18,9956.66,10550.22,10567.81,9924.4,10253.8,10313.8,10147.78,10913.59,11189.7,10654.8,11874.7,11373.01,11420.93,12013.16,11830.38,11994.95,11122.44,10547.51,11142.1,11312.86,11010.75,10524.28,11418.18,12515.78,12636.36,13135.23,13130.42,12909.25,13425.29,13562.73,13402.21,13797.64,13486.86,13668.47,14026.25,14394.95,14577.98,15924.59,16172.75,16851.37,16972.11,17818.52,17536.79,17144.32,16383.81,17426.75,17199.98,17201.21,17512.55,17192.96,16861.07,17645.31,17942.44,18955.68,19300.82,20404.39,17963.68,19356.43,21252.05,21149.22,22373.32,22364.63,23968.04,23559.43,24256.56,24097.22,24100.95,25404.82,25988.75,27535.92,26004.41,20633.5,21642.42,24685.67,24140.45,25777.38,25120.45,25913.04,23171.0,25800.27,26603.66,25632.79,28738.77,29041.66,31798.04,32042.11,30194.48,32948.86,36348.55,36210.42,40602.24,37537.29,38145.21,35148.76,37144.97,41403.16,36688.53,35119.01,34355.91,37148.43,35644.82,34191.01,36000.94,39427.23,38386.15,40828.93,38954.57,40394.63,41740.5,39572.49,44310.3,40962.0,42876.97,41697.64,39870.74,42330.78,37502.22
IE00BLS09M33,PENTAIR,GB,EUR,89416.0,97211.19,95442.88,89665.06,90087.5,87046.0,77652.88,82500.88,79373.88,81641.63,78792.44,80874.56,75653.81,81357.56,76975.69,76472.25,78785.5,84593.19,75215.25,68387.63,63130.87,69577.06,70547.56,61626.48,59056.69,59796.16,68005.38,73219.13,75942.13,73483.81,80893.69,81185.19,81426.06,70281.88,73252.25,71480.25,75163.13,74432.38,80483.38,83159.75,85364.13,85776.63,81728.0,80406.25,88064.56,91749.63,92661.13,91957.94,93548.13,89871.63,89138.94,88466.44,85451.0,82396.38,87778.63,85478.5,85222.94,79288.19,84323.94,74607.94,81703.88,84381.75,88289.38,77703.0,69392.63,74135.75,77719.63,71932.25,75697.06,83435.13,89229.56,92287.69,86723.38,79572.19,60118.53,70311.25,79560.06,77222.44,87491.31,92167.06,93453.38,101973.7,106195.3,108797.9,111994.4,115017.3,128158.1,133075.0,142275.3,139222.3,152416.6,159637.1,150264.9,153443.9,152863.1,151493.9,132570.1,120520.2,112819.9,106034.5,104822.7,95629.56,102602.6,93389.56,85267.81,90621.88,96571.94,94905.06,117383.6,118570.6,117150.5,123617.5,118062.4,137494.7,148414.9,150037.9,138271.5,124546.4,138304.0,155811.7
IE00BTN1Y115,MEDTRONIC,IE,EUR,18890.29,19792.05,20553.54,19734.02,20475.47,21391.38,20812.52,21523.8,20883.32,23088.88,25023.13,24559.51,24287.38,26392.96,26634.65,25425.69,26064.32,25433.56,26906.03,24812.31,23102.02,25510.92,26000.98,26676.73,26329.92,26839.74,26142.75,27589.32,28052.91,30245.42,30695.39,30485.21,30414.69,28872.83,25701.11,25225.14,26921.46,28653.19,28680.69,29581.41,30005.07,31596.46,30049.39,28850.57,27995.41,28985.35,29564.91,29232.53,31093.28,28921.2,29211.63,29178.85,31432.9,31174.36,33047.93,35311.44,36213.7,33066.13,35904.46,33672.56,32721.17,33502.27,33900.03,33055.13,34458.33,36248.61,38150.96,40377.74,40855.34,40960.65,41897.22,42876.73,43628.82,38046.72,34282.36,37114.51,37475.66,35087.73,36916.73,41121.9,39991.28,38702.11,43754.89,45307.14,43059.97,45241.39,45917.37,50888.87,49205.79,48492.59,51297.52,52145.25,49205.34,47050.28,41884.4,40860.32,40876.12,41468.58,44082.24,41463.93,39791.22,35932.6,37041.61,35199.93,32592.42,35252.29,31902.23,31647.56,34078.54,33716.14,33116.22,37359.47,33995.27,36474.45,36333.68,33741.97,32720.18,29463.2,33100.17,34687.99
IE00BWB8X525,PERMANENT TSB GHG.,IE,EUR,10.71,13.0,13.74,12.22,11.08,9.73,9.51,10.29,10.03,8.33,6.9,6.93,5.62,5.8,6.05,5.39,4.36,5.03,5.61,5.23,5.1,4.65,4.75,4.81,4.06,2.87,2.98,3.01,2.33,1.79,2.3,2.14,2.22,2.62,2.62,2.8,2.83,2.71,2.48,2.57,3.03,3.02,2.33,2.0,2.1,2.2,2.55,2.6,2.58,2.33,2.37,2.03,1.99,2.25,2.36,2.41,2.39,2.07,1.87,1.67,1.81,1.73,1.39,1.48,1.44,1.34,1.22,1.04,1.27,1.27,1.11,1.23,1.05,0.88,0.57,0.53,,0.54,0.55,0.59,0.56,0.58,0.71,1.02,0.94,1.29,1.22,1.58,1.75,1.46,1.67,1.59,1.63,1.78,1.67,1.75,1.81,1.85,1.79,1.52,1.51,1.33,1.37,1.48,1.48,1.6,1.76,1.86,2.14,2.65,2.42,2.41,2.42,2.33,2.42,2.18,2.19,1.91,1.76,1.81
IE00BY7QL619,JOHNSON CONTROLS INTL.,IE,EUR,1399.63,1458.05,1465.65,1419.8,1514.92,1582.96,1503.91,1555.14,1553.4,1502.96,1501.91,1535.52,1434.85,1484.42,1513.95,1391.23,1425.85,1359.44,1349.52,1289.13,1188.6,1301.82,1261.45,1139.27,1237.03,1265.45,1320.48,1393.34,1541.64,1540.92,1656.17,1595.6,1623.25,1571.76,1753.41,1614.92,1724.31,1644.33,1661.15,1639.46,1646.95,1720.16,1545.21,1570.6,1608.38,1652.3,1502.6,1531.97,1572.98,1482.13,1426.64,1371.18,1358.63,1364.53,1530.15,1540.76,1437.81,1313.33,1428.77,1227.93,1398.56,1460.68,1540.94,1564.3,1606.85,1734.41,1781.86,1792.35,1853.61,1829.96,1808.85,1730.37,1676.81,1554.4,1155.01,1247.12,1345.65,1473.69,1661.03,1758.16,1774.66,1833.74,2000.13,2035.4,2176.51,2437.33,2618.57,2735.74,2920.05,3024.39,3147.34,3296.29,3011.16,3245.14,3306.62,3612.19,3228.36,2885.84,2928.48,2673.91,2434.52,2154.26,2425.57,2435.91,2229.85,2620.36,3009.98,2915.45,3169.19,2857.14,2760.49,2743.08,2736.66,3141.2,3206.2,2722.62,2469.4,2274.95,2450.37,2693.86
IE00BYTBXV33,RYANAIR HOLDINGS,IE,EUR,1897.12,2277.87,2336.64,2113.44,2183.86,2108.16,2039.83,2099.35,2119.09,2121.67,2378.59,2643.94,2615.08,2627.72,2765.73,2714.7,2942.73,3047.18,3185.23,3186.35,3369.14,3438.63,3451.75,3759.67,3414.2,3578.9,3721.85,3482.11,3620.47,2899.64,3077.28,3078.88,3149.45,3184.62,3350.88,3527.53,3569.49,3503.54,3581.83,4004.72,4666.9,4723.04,4829.29,4894.42,4448.49,4520.57,4824.91,4166.77,4788.32,4555.77,4537.02,4320.75,4399.22,4254.8,3803.99,3807.98,3513.49,3119.28,3042.82,2833.37,2910.29,3189.99,3019.99,3083.96,2572.01,2655.96,2479.36,2321.28,2653.23,3107.33,3528.61,3786.56,3807.26,3103.73,2329.53,2626.44,2863.58,2759.3,2872.36,3332.45,3084.98,3175.82,4214.37,4585.8,4005.62,4644.5,4483.51,4690.77,4755.7,4364.02,4531.89,4315.47,4363.79,4524.09,3694.44,3998.61,4242.84,4016.66,3486.39,3553.69,3525.72,2717.71,3001.04,2862.12,2367.24,2801.75,3044.75,3004.66,3719.74,3594.34,3727.56,3776.24,4043.72,4330.51,3996.2,4055.16,3884.95,3455.77,4421.27,4858.52
IL0002730112,NICE,IL,EUR,177.77,185.0,202.0,198.01,181.13,187.34,182.35,180.23,186.29,187.05,217.92,233.81,224.7,274.33,283.93,281.21,296.7,295.23,300.3,290.5,253.74,287.24,283.49,269.08,281.43,282.94,306.61,296.43,301.04,292.26,321.62,320.34,314.2,311.6,311.05,326.51,329.46,327.97,323.13,318.22,367.47,372.97,350.89,365.38,384.6,389.15,408.6,435.42,432.2,460.6,437.82,447.96,495.13,487.62,514.57,554.0,534.25,500.22,555.65,508.12,519.87,555.06,580.0,650.77,657.74,654.68,727.52,722.01,694.04,746.53,707.43,732.05,805.64,770.99,698.62,789.27,861.06,879.67,968.38,1081.71,1068.16,1070.52,1136.03,1323.27,1248.5,1083.06,1022.11,1140.13,1031.8,1153.52,1300.66,1378.93,1316.97,1337.22,1347.03,1443.52,1198.87,1068.77,1036.85,976.93,949.99,903.82,1000.08,1025.07,875.27,898.44,885.26,909.79,971.37,977.0,1065.28,952.87,948.73,961.11,1024.28,934.64,814.96,728.86,908.4,950.49
IL0002810146,ICL GROUP,IL,EUR,611.0,621.65,682.51,692.03,682.47,680.33,648.25,618.13,573.43,538.81,540.04,588.03,581.42,571.01,575.83,570.32,586.75,578.87,565.14,468.59,428.9,456.58,419.75,343.32,346.26,326.98,367.48,414.06,352.03,333.5,346.91,364.1,338.9,309.77,333.94,368.03,404.79,375.29,379.6,379.99,377.31,413.25,427.99,388.3,395.51,375.64,367.16,365.86,384.75,395.9,396.53,414.61,427.26,425.45,444.33,557.79,572.25,540.4,560.53,536.52,547.9,534.39,504.31,504.57,476.08,515.64,525.08,430.19,484.56,433.41,448.81,464.12,401.64,370.14,316.11,347.6,333.06,295.82,321.16,371.85,356.27,366.85,477.62,514.9,528.51,582.94,595.72,673.22,735.9,693.69,750.9,729.4,756.58,901.41,902.85,1002.55,929.25,1195.19,1260.88,1163.84,1169.48,973.26,967.82,1065.87,881.52,1004.9,928.57,822.95,898.13,829.57,785.34,704.03,645.92,646.26,790.7,720.21,676.02,581.29,603.77,612.11
IL0005930388,FIRST INTL.BK.OF ISR.,IL,EUR,384.05,385.41,402.09,401.16,409.91,399.6,400.89,390.94,380.44,349.99,344.92,322.22,311.52,332.35,345.64,352.82,340.68,362.33,367.83,316.48,315.75,320.47,309.03,304.51,306.84,297.57,319.49,321.94,324.51,315.78,328.47,323.18,329.27,331.74,367.49,391.14,402.81,419.78,446.9,441.64,476.18,501.28,500.25,505.62,518.29,525.66,571.62,582.64,635.82,619.34,604.37,587.93,627.65,599.54,616.4,683.97,655.03,625.09,662.79,617.56,694.55,704.18,707.49,745.48,712.39,753.52,779.5,779.44,808.36,833.23,944.65,887.04,840.52,802.51,763.87,776.72,708.0,657.83,717.7,730.84,647.25,699.41,778.7,825.87,817.31,808.36,869.81,955.38,992.32,997.88,993.23,1148.69,1163.35,1264.34,1270.84,1355.14,1363.4,1420.74,1449.23,1395.06,1285.27,1259.35,1406.88,1603.11,1334.44,1486.97,1494.36,1371.46,1398.43,1234.17,1280.77,1292.57,1357.89,1412.37,1531.02,1482.38,1589.52,1243.47,1466.75,1532.43
IL0006046119,LEUMI LTD.,IL,EUR,186.66,188.26,193.1,193.71,196.2,193.53,195.36,192.06,200.67,176.79,173.68,170.39,165.86,174.48,184.06,192.77,191.21,209.66,217.87,180.25,184.85,191.56,179.18,171.93,161.23,165.73,177.82,180.17,181.97,174.1,178.78,185.24,188.21,186.83,201.64,203.96,204.83,217.27,217.44,228.9,242.51,243.57,239.33,262.37,265.39,277.12,278.23,306.38,312.36,307.29,305.92,302.93,318.9,305.95,323.23,351.92,343.92,325.19,348.13,318.5,347.73,348.41,348.27,362.65,357.74,380.86,394.13,371.02,386.1,395.03,389.39,398.19,390.58,344.57,306.5,301.06,287.21,276.67,275.92,283.87,243.89,266.79,310.99,325.62,341.16,338.31,364.94,392.45,432.53,420.33,423.96,464.85,478.87,530.51,560.53,622.3,614.97,626.45,633.86,608.15,580.2,522.68,570.59,631.25,490.83,569.47,528.91,496.95,525.11,465.6,470.7,481.09,425.31,462.7,490.38,483.88,527.19,399.31,466.49,513.43
IL0006954379,MIZRAHI TEFAHOT LTD.,IL,EUR,159.72,163.41,180.65,176.7,178.54,171.2,167.85,161.31,158.06,146.48,139.3,139.01,145.71,138.32,134.37,148.02,154.43,164.71,171.12,154.93,157.51,163.2,157.88,159.36,148.33,147.5,156.87,152.26,157.63,154.92,164.07,162.57,171.45,175.76,189.98,199.41,208.69,226.5,232.94,218.74,242.35,252.15,247.45,243.81,247.11,249.02,253.08,256.53,271.09,257.24,265.57,255.92,269.07,258.45,273.65,254.78,246.9,237.26,257.27,238.06,261.79,269.95,289.6,304.36,306.0,323.93,340.45,325.65,357.26,356.5,379.95,385.91,390.73,365.18,273.54,301.98,285.88,272.79,296.31,298.2,259.46,291.73,312.37,337.87,341.02,347.89,381.79,412.36,435.36,450.17,447.13,495.12,502.28,535.44,563.7,587.77,583.84,594.96,603.54,560.27,503.56,507.35,559.92,634.57,527.98,589.63,561.87,506.69,515.13,467.07,509.89,513.16,515.02,536.11,582.5,537.38,597.39,503.73,582.24,648.72
IT0000062072,GENERALI,IT,EUR,10728.6,11152.42,11053.7,11567.17,11553.35,11173.18,10660.87,10447.84,10727.64,10436.0,11051.04,10486.06,10756.07,10520.42,10023.85,9985.02,10179.84,9493.17,10444.59,9647.54,9628.25,10041.53,10023.05,9691.25,7867.18,7338.87,7828.84,8044.1,8101.58,6546.11,7357.38,7091.06,6816.2,7206.05,7062.32,8318.04,8896.98,8023.8,8900.36,8837.11,9306.85,9681.65,10647.07,10533.19,10975.36,10732.87,10802.85,10751.69,11719.86,11093.4,11319.85,11914.41,10560.64,10432.23,11058.58,10377.58,10745.94,10060.4,10483.24,10377.3,10912.64,11112.45,11519.7,12055.05,11490.25,12373.51,12301.86,11900.27,12718.19,13303.7,13404.98,13548.08,12793.6,11718.38,8934.11,9353.1,9479.01,10326.15,10217.92,10615.79,9624.46,9150.72,11691.68,11908.92,11683.41,12883.0,13685.34,13709.07,14870.66,14501.17,14453.06,14746.47,15416.76,16173.33,14796.35,15707.5,15442.44,14764.41,17133.57,14156.72,14287.95,12524.84,11702.71,11584.22,10808.33,11813.75,13725.78,13954.33,15297.54,15613.66,15714.33,16402.25,15817.67,17013.68,17895.13,17388.45,17170.5,16593.6,17366.27,17675.55
IT0000062957,MEDIOBANCA BC.FIN,IT,EUR,3952.31,4291.44,4919.54,4758.42,4313.13,4286.3,3812.29,3767.08,3699.5,3782.55,3942.79,3598.48,3811.59,4057.39,4215.11,4292.32,4512.65,4304.44,4811.88,4405.18,4309.86,4440.12,4322.67,4355.67,3596.21,3069.53,3255.17,3708.63,3501.49,2584.37,3161.51,3342.13,2936.2,3301.92,3249.18,3848.48,4044.89,3782.11,4252.06,4521.48,4465.33,4636.43,4889.84,4821.74,5050.48,5157.66,5650.43,5552.34,5962.67,5874.65,5739.65,5944.05,4603.4,4543.9,5081.01,4558.68,4884.58,4293.26,4594.71,4383.1,4531.0,5222.09,5406.18,5505.33,4791.97,5367.06,5240.32,5157.94,5678.7,6176.4,6082.82,5987.86,5428.41,4889.67,2998.63,3148.12,3528.5,3900.97,4356.43,4733.62,4269.11,3854.39,4859.46,5014.47,4862.65,5685.83,6040.66,6151.81,6485.97,6349.15,6371.94,6403.51,6576.63,6488.25,6365.68,6655.02,6560.33,6063.28,5938.09,5869.51,5924.01,4997.12,4934.19,4602.8,4570.62,5247.15,5928.96,5992.18,6689.23,6693.59,6292.78,6713.06,6859.26,7472.72,8350.89,8186.58,8290.21,7444.38,7920.9,8339.81
IT0000066123,BPER BANCA,IT,EUR,490.65,604.95,654.07,595.81,580.33,515.86,485.08,480.15,454.33,434.18,405.68,377.53,386.19,471.94,498.78,473.09,494.49,510.16,507.46,489.97,470.84,464.41,439.75,437.72,340.61,292.92,272.89,334.67,296.57,213.32,240.4,225.07,218.02,274.44,235.5,312.63,331.71,268.27,293.19,320.21,290.93,295.49,325.46,333.83,354.97,289.23,325.19,299.98,347.23,352.32,330.59,343.56,291.01,333.92,339.9,268.56,281.43,231.18,247.6,233.65,206.09,257.03,248.4,291.71,237.13,256.58,235.87,223.19,243.1,281.1,304.72,316.44,289.2,248.59,193.19,155.11,150.18,156.23,158.53,173.04,146.59,110.05,162.8,168.8,171.49,204.61,204.89,212.26,234.78,206.11,184.87,205.95,212.13,207.59,179.27,196.3,196.85,190.9,167.46,160.32,200.87,160.33,134.68,148.07,151.54,181.07,198.67,200.34,267.45,278.8,241.63,274.91,260.76,310.61,355.08,309.66,313.88,331.97,382.98,342.09
IT0000072618,INTESA SANPAOLO,IT,EUR,2838.68,3248.7,3550.72,3572.16,3591.87,3307.69,3195.5,3193.7,3254.81,3137.09,3308.3,3138.61,3139.43,3584.38,3641.31,3619.42,3936.72,3964.01,4232.94,3988.99,3854.04,3828.8,3752.82,3670.05,3099.13,2784.08,3034.51,3032.52,2992.14,2201.97,2565.46,2762.53,2583.33,2693.54,2589.31,2979.87,2731.02,2722.37,3171.03,3390.99,3557.92,3931.66,4263.34,4186.87,4392.33,4174.9,4178.4,4130.32,4889.27,4689.09,4510.54,4736.55,3911.03,3868.31,4106.62,3298.21,3406.23,2948.51,3089.89,2954.62,3049.95,3290.95,3248.1,3489.75,2994.14,3140.2,3198.0,3216.02,3475.02,3671.24,3716.36,3862.54,3646.04,3538.17,2392.79,2283.61,2530.09,2803.47,2957.81,3163.18,2754.11,2422.72,3374.52,3428.74,3213.23,3795.23,3978.69,4093.69,4394.21,4108.76,4112.03,4209.35,4229.2,4398.9,3797.29,4123.82,4682.78,4107.91,3696.75,3288.52,3607.07,3085.93,2922.98,2873.17,2766.46,3161.65,3748.33,3804.72,4490.09,4660.09,4412.75,4516.14,4094.14,4664.9,5163.98,4779.77,4602.22,4625.78,5423.08,5494.93
IT0000784196,BANCA PPO.DI SONDRIO,IT,EUR,354.79,374.26,431.8,455.56,424.61,384.52,356.54,357.17,336.98,313.25,313.05,293.25,304.73,359.45,357.45,357.71,380.77,386.77,406.5,391.63,362.67,364.19,361.25,357.96,301.76,280.78,278.73,296.16,266.41,208.25,219.8,218.36,227.46,270.88,257.66,268.19,287.97,259.3,280.64,302.55,318.07,325.44,360.0,342.57,355.69,327.2,329.19,302.13,334.67,335.72,327.13,391.49,342.29,339.21,365.58,328.81,321.59,266.18,262.37,253.52,225.09,246.97,230.66,229.09,199.73,191.62,180.81,161.63,158.13,172.5,204.28,204.29,186.0,204.65,130.63,136.83,139.54,163.0,191.52,207.95,181.12,151.55,231.54,232.4,212.5,250.04,289.79,363.75,435.16,380.11,386.32,398.44,374.32,380.86,337.31,368.48,364.62,348.79,362.47,351.44,374.46,317.01,304.49,297.12,306.66,331.08,365.26,372.3,451.6,470.14,392.43,419.95,369.51,412.28,479.73,471.38,511.2,539.04,614.23,641.04
IT0001233417,A2A,IT,EUR,228.11,274.49,274.06,257.99,253.45,252.94,250.58,240.76,217.45,219.39,229.09,222.23,208.84,222.6,227.85,253.6,272.65,269.85,290.59,277.47,280.45,311.82,317.94,308.35,269.66,259.97,294.83,323.04,322.79,306.49,332.6,310.12,330.82,318.59,279.49,303.83,312.32,326.25,355.18,348.11,400.66,401.42,410.38,406.05,416.36,415.92,456.02,448.19,466.2,429.86,462.76,487.67,426.16,435.94,462.33,433.24,436.58,405.82,423.06,451.96,459.31,446.06,459.19,419.84,428.17,457.49,463.11,463.56,483.32,528.35,495.62,494.1,525.87,455.29,327.27,358.26,388.61,396.48,401.86,409.61,407.21,356.05,428.12,446.99,455.9,474.03,510.82,548.49,612.54,599.18,622.25,643.49,603.07,616.59,569.7,573.24,551.77,525.68,506.89,504.56,517.73,391.93,396.15,348.21,302.98,343.01,406.72,411.02,463.25,457.77,494.03,546.4,540.01,597.24,626.09,628.39,584.06,612.5,704.37,671.95
IT0003128367,ENEL,IT,EUR,159.14,178.96,197.21,196.76,197.34,209.02,204.76,190.32,190.49,183.01,173.59,160.51,162.23,165.77,162.34,170.36,173.84,167.88,175.56,166.84,165.04,171.86,163.44,156.75,151.16,149.22,164.69,168.08,168.15,170.56,177.64,170.04,172.01,165.76,156.07,170.4,164.63,169.75,186.12,187.35,210.93,211.07,228.38,242.75,241.86,249.09,261.18,247.35,260.72,238.72,250.33,260.68,224.84,227.47,234.97,208.66,215.73,206.73,228.33,242.74,261.26,261.92,276.91,273.23,268.37,302.32,305.07,320.97,330.14,342.22,334.13,350.89,392.84,375.53,313.88,308.23,346.42,389.17,420.77,417.85,400.47,366.48,460.95,466.2,467.47,447.28,468.92,467.51,462.7,436.33,443.83,438.25,370.83,402.85,363.19,385.47,376.12,366.73,334.06,324.56,320.34,270.01,257.25,242.66,212.68,229.54,271.68,275.9,311.91,300.39,325.7,364.6,332.72,358.5,380.29,370.65,338.86,348.07,389.18,408.86
IT0003132476,ENI,IT,EUR,986.26,1047.88,1089.33,1126.0,1140.62,1223.41,1140.64,1118.16,1098.57,981.65,923.31,809.2,774.86,862.26,798.38,887.27,856.45,845.39,840.4,781.3,768.2,804.11,797.71,734.33,703.86,689.26,742.4,796.7,771.83,814.56,772.48,761.46,750.4,754.25,726.04,849.9,799.89,803.64,855.11,831.66,847.96,803.31,843.64,837.99,912.11,901.37,907.47,913.21,994.55,921.81,968.39,1078.67,1021.36,1049.01,1088.16,1050.2,1095.96,1031.33,934.85,910.79,984.61,1000.84,1025.17,988.39,901.99,991.4,942.59,897.91,939.66,929.76,928.64,954.55,861.52,752.71,621.31,586.17,582.49,614.72,574.85,601.36,514.31,459.16,651.33,685.89,665.4,754.78,808.82,783.91,825.42,817.66,798.02,828.5,935.47,1003.5,916.09,971.47,1042.92,1086.07,1034.03,987.48,1096.55,853.82,861.31,856.06,785.72,962.96,1101.96,1059.45,1147.03,1059.04,1066.54,1154.29,1026.34,1112.04,1183.63,1198.72,1268.91,1281.12,1320.07,1352.41
IT0003153415,SNAM,IT,EUR,565.69,587.06,603.72,619.08,627.36,643.2,630.05,622.49,590.76,576.59,567.58,529.73,522.4,541.57,518.31,557.09,556.25,535.65,557.54,550.56,577.62,586.1,572.22,591.04,629.53,609.29,706.64,687.68,677.92,704.79,684.94,655.13,656.53,623.03,555.84,592.0,545.51,572.93,621.75,633.68,691.5,655.67,709.75,732.54,725.92,769.73,760.91,738.05,751.3,690.88,706.48,740.91,630.15,666.58,686.51,656.81,665.5,660.98,699.77,696.97,780.87,807.43,839.06,829.77,819.1,836.15,830.21,850.74,848.64,862.04,835.67,883.59,918.06,841.09,790.01,766.86,797.1,861.05,941.26,907.54,910.39,863.3,995.13,995.8,950.94,943.1,1004.99,1018.91,1062.93,1077.61,1128.16,1101.06,1036.07,1056.32,1043.59,1123.44,1058.37,1061.48,1108.07,1049.0,1103.09,1026.4,980.89,935.31,797.74,873.89,984.45,948.94,1020.03,990.07,1067.4,1118.12,1047.63,1085.73,1096.05,1074.87,979.19,951.44,1048.58,1069.02
IT0003242622,TERNA RETE ELETTRICA NAZ,IT,EUR,524.83,552.15,578.98,584.28,574.11,588.68,587.29,576.38,561.48,561.95,550.42,517.21,497.95,513.85,500.55,536.8,540.91,517.9,550.09,546.07,568.85,599.51,585.87,615.05,635.54,621.4,680.32,671.4,660.49,678.1,665.61,630.51,630.16,597.81,540.36,571.41,545.92,578.31,619.08,627.63,704.1,688.89,727.19,753.64,746.68,771.22,803.23,754.24,783.16,721.2,757.35,779.75,685.85,724.31,750.63,705.25,715.69,692.72,760.9,770.51,838.87,847.33,863.04,814.1,828.94,890.76,855.94,878.29,897.51,923.1,910.61,946.8,988.42,932.07,896.87,887.53,956.51,999.57,1084.72,1053.91,1019.04,983.42,1107.3,1128.64,1074.73,1033.32,1116.74,1089.1,1127.43,1130.99,1206.5,1199.62,1079.27,1131.41,1140.05,1246.01,1199.97,1270.1,1334.26,1261.82,1301.72,1237.73,1205.62,1128.83,968.13,1048.26,1207.55,1181.46,1263.54,1212.72,1318.8,1392.15,1339.61,1402.86,1396.24,1362.28,1243.08,1258.11,1349.64,1395.68
IT0003497168,TELECOM ITALIA,IT,EUR,315.7,322.75,334.78,363.36,352.74,359.36,328.44,327.25,325.29,320.87,320.5,302.85,330.76,339.29,332.79,336.75,347.21,359.8,377.78,344.35,349.05,397.8,366.82,362.21,313.8,277.19,306.55,276.27,268.83,231.71,242.27,257.09,235.66,245.89,214.78,250.51,243.8,230.82,255.84,251.84,265.8,261.51,291.23,271.41,265.86,246.27,237.86,245.5,256.37,256.11,269.07,280.52,227.63,211.18,218.94,181.25,172.37,166.93,184.69,156.77,158.25,173.13,176.64,158.56,139.07,155.18,161.32,151.37,161.95,166.11,177.77,177.23,153.08,155.88,115.95,112.39,104.8,114.39,117.37,138.9,116.8,98.85,136.74,134.48,125.04,138.89,157.86,159.97,156.17,148.0,131.03,134.8,117.19,106.22,154.26,147.1,139.0,126.45,110.55,87.4,94.97,77.77,65.67,61.71,55.54,58.33,63.25,68.77,85.38,97.69,98.46,87.78,78.71,83.79,86.16,92.64,93.39,76.87,86.66,96.82
IT0003856405,LEONARDO,IT,EUR,784.37,877.89,880.95,823.19,732.81,848.23,824.84,836.67,868.28,803.65,867.47,834.99,975.42,1082.68,1061.56,1144.64,1181.54,1121.19,1293.14,1206.53,1114.28,1172.76,1291.71,1250.17,1055.05,924.27,1133.52,1127.06,1056.68,897.92,1018.55,1016.39,1011.54,1085.48,1159.27,1255.22,1149.21,1229.48,1268.01,1401.81,1587.77,1494.39,1563.89,1521.32,1687.36,1555.74,1078.03,1072.66,1090.43,972.02,1038.6,1045.58,931.59,904.23,1097.13,1027.08,1102.86,994.0,901.78,802.9,887.83,923.54,1064.13,1055.43,1027.78,1177.4,1140.28,1137.03,1091.26,1077.36,1085.73,1088.19,1149.36,941.32,618.05,639.51,577.87,628.54,606.79,642.96,556.12,451.65,688.02,685.88,660.96,763.33,769.64,775.74,824.52,766.24,746.39,772.36,782.03,695.7,638.66,679.54,678.59,852.27,951.91,983.0,1018.06,973.43,896.27,790.02,685.44,773.27,759.25,827.65,987.84,1083.07,1131.05,1147.71,1041.7,1104.8,1322.69,1407.76,1408.83,1465.73,1495.46,1607.21
IT0005218380,BANCO BPM,IT,EUR,24.19,31.02,40.45,38.27,35.91,30.63,28.92,29.08,27.32,26.89,25.71,22.64,23.55,28.75,29.08,29.62,31.3,30.59,32.45,31.93,27.45,27.96,26.81,25.88,17.15,15.31,12.81,13.45,9.43,6.12,7.23,6.4,6.05,7.39,5.28,6.21,7.3,6.43,7.63,7.46,8.0,8.58,9.35,9.73,10.65,8.95,8.81,8.08,9.8,9.73,8.89,9.36,6.65,7.53,8.17,5.79,6.33,4.83,6.01,5.78,4.98,6.23,5.31,6.1,4.79,5.23,4.83,5.17,5.25,5.83,5.72,5.84,5.26,5.59,3.38,3.13,3.29,3.83,3.86,4.34,4.35,4.64,5.68,5.68,5.65,6.62,7.35,7.51,9.42,8.47,7.91,8.72,8.29,8.18,7.31,7.9,8.09,9.11,7.88,8.95,9.75,7.96,7.2,7.0,7.4,8.48,9.56,9.98,12.57,12.26,10.98,12.05,11.55,13.73,14.85,14.19,14.22,15.1,16.39,15.64
IT0005239360,UNICREDIT,IT,EUR,5421.91,5737.16,6584.04,6433.97,6392.3,6132.81,5743.93,5683.42,5792.71,5286.67,5429.16,4729.07,4327.19,4884.78,4979.98,5294.74,5218.45,5015.89,4982.06,4881.12,4645.58,4853.56,4383.61,4168.13,2868.53,2789.68,2699.19,3013.18,2496.31,1706.4,1911.18,2002.39,1815.46,1931.58,1672.38,2248.37,2120.02,2091.35,2404.49,2531.21,2724.02,2901.34,3052.37,3161.19,3314.47,2977.91,3135.2,2910.69,3440.44,3311.38,3251.31,3439.13,2612.84,2643.36,2809.9,2291.01,2384.52,2030.49,2041.7,1791.12,1833.18,2157.84,2032.11,2236.18,1837.32,1995.17,1920.01,1792.84,1908.98,2052.4,2241.45,2365.2,2166.82,2050.96,1269.06,1245.9,1379.99,1488.27,1477.52,1596.72,1336.92,1206.59,1673.13,1514.37,1485.73,1677.55,1714.26,1691.18,2106.43,1936.13,1966.75,2046.97,2186.92,2169.25,1974.36,2527.22,2573.3,2098.74,1799.16,1630.7,2026.8,1645.0,1695.62,1710.2,1778.45,2152.72,2327.83,2458.83,3371.45,3561.64,3283.46,3617.93,3488.77,4238.02,4632.2,4473.63,4395.86,4561.48,4979.62,4957.03
IT0005495657,SAIPEM,IT,EUR,3643.24,3654.16,3791.95,4155.0,4050.85,4187.66,3627.42,3693.64,3302.87,2431.71,2227.91,1646.78,1406.85,1599.61,1583.29,2063.53,1967.9,1639.12,1362.05,1493.6,1241.77,1465.67,1341.35,1263.35,761.41,509.3,494.91,590.55,505.17,491.25,539.17,564.45,522.15,507.03,554.91,696.02,629.84,565.02,561.31,531.35,500.7,454.96,503.17,457.23,531.94,518.43,495.92,563.7,579.46,506.98,482.69,473.01,525.53,567.99,645.27,660.57,760.42,675.72,539.66,460.36,587.51,641.16,653.01,624.39,526.86,614.54,616.89,587.34,558.33,558.68,564.39,603.12,512.32,462.68,303.16,316.27,294.16,308.7,262.54,265.9,213.15,217.5,303.0,334.18,326.24,348.51,338.32,286.51,312.12,299.8,284.36,293.46,305.63,271.85,245.59,259.88,187.59,146.91,157.94,141.38,156.7,131.8,40.75,34.76,30.82,47.99,52.08,59.38,75.29,79.38,74.14,75.5,62.23,68.64,79.21,79.85,75.49,74.92,79.19,80.13
JE00B8KF9B49,WPP,GB,EUR,87768.94,91671.93,86245.76,89965.68,90280.82,92809.09,85165.63,89365.67,85646.16,83850.12,90299.95,90243.36,94744.09,102076.64,97798.58,100910.1,101120.19,98207.74,100452.63,90989.63,91073.45,99715.73,102324.06,102017.18,95293.05,93990.54,103557.45,103534.95,102612.82,93556.42,101660.72,103707.87,106258.1,98948.34,97328.51,102284.02,105748.14,107602.88,99861.26,97480.98,102624.86,97734.4,95014.96,85298.43,86624.49,83937.26,83829.93,86017.61,86111.86,91008.43,75275.08,81414.59,77708.4,76893.25,76334.15,81124.51,71588.83,56535.99,55005.65,53688.88,56972.7,54693.04,52607.5,62083.15,59069.51,65195.44,61469.55,61125.64,64898.2,66005.05,68534.63,74820.62,65968.97,50921.25,36207.42,41494.78,40042.21,41275.88,39479.73,45777.75,41625.69,42860.34,52077.26,58789.01,56533.08,64172.34,68282.46,72616.27,74431.93,73380.96,70502.94,73810.13,73556.3,79926.78,76119.81,83725.4,85304.77,78346.96,72919.12,69671.14,64064.15,56482.02,60659.12,48853.68,47220.37,50754.67,59324.28,56779.19,66867.21,71344.17,68210.92,67067.8,60898.64,61943.67,64836.12,57420.15,52939.58,51770.61,54025.76,57959.52
JE00BJ1DLW90,MAN GROUP,GB,EUR,1232.59,1595.34,1548.79,1576.33,1593.68,1703.92,1903.15,1903.6,1862.92,1915.82,2167.7,2420.72,2603.36,2864.12,2926.44,2919.02,2683.52,2431.06,2504.45,2492.77,2334.7,2596.37,2471.58,2602.41,2320.5,2164.79,2205.2,2223.02,1973.81,1590.19,1583.46,1507.89,1549.23,1612.55,1500.66,1548.27,1772.29,1929.6,1950.91,2156.72,2202.46,2180.89,2287.81,2393.55,2499.63,2852.81,2975.61,3103.48,3427.37,2625.94,2671.15,2834.49,2745.94,2648.01,2584.78,2606.39,2685.03,2318.43,2164.65,1977.16,2190.3,2144.83,2065.46,2451.41,2213.9,2380.99,2517.15,2497.5,2649.96,2285.03,2415.47,2575.71,2496.47,2304.27,1900.44,2141.23,2240.3,2054.29,2071.9,2147.53,1945.76,1819.99,2056.53,2468.84,2628.4,2742.84,2908.08,3122.22,3397.13,3333.84,3690.94,4075.24,3765.9,4360.66,3877.77,4210.66,3530.75,3540.19,4211.95,4148.16,4539.66,4265.23,4657.08,4067.9,3584.26,3574.73,3566.14,3683.08,4386.78,4607.05,4170.23,4248.31,4049.03,4132.61,4570.9,4074.24,4141.19,4043.42,4039.63,4501.37
JE00BYVQYS01,INTERNATIONAL WORKPLACE GROUP,CH,EUR,175.15,198.81,186.92,181.68,166.14,159.94,151.14,147.74,142.65,163.67,159.72,168.49,157.31,189.59,167.65,201.0,206.54,215.34,229.71,230.43,244.61,272.17,275.75,258.66,220.92,212.49,239.75,227.97,244.56,205.62,215.73,208.91,181.32,162.58,155.75,162.63,168.07,188.41,213.41,227.36,232.04,227.22,233.89,209.51,225.92,155.62,145.09,188.96,205.49,175.79,174.55,188.64,228.72,233.21,219.96,172.41,176.49,163.75,165.22,148.31,164.11,170.68,180.93,250.05,240.47,244.54,261.8,286.71,285.83,281.42,299.8,327.26,330.2,254.82,121.26,170.29,207.44,185.74,171.83,213.88,190.67,185.86,244.46,266.12,244.12,285.5,266.56,288.0,290.28,235.56,247.33,233.5,224.1,240.65,209.76,223.58,215.98,213.18,195.53,173.77,179.65,128.89,132.95,106.2,79.94,86.21,107.65,113.27,129.58,125.88,115.34,120.99,102.22,99.38,111.59,128.81,97.97,90.86,102.55,136.89
LU0075646355,SUBSEA 7,GB,EUR,34.17,38.1,37.06,39.8,39.88,38.34,34.28,34.32,29.37,22.13,20.52,20.99,17.48,20.48,17.69,22.83,21.49,20.06,18.1,17.26,15.43,16.1,16.38,14.65,12.13,13.02,15.58,18.92,18.27,19.98,22.03,22.34,22.07,23.1,24.01,26.11,28.02,29.16,31.79,35.34,30.75,28.58,31.41,30.61,35.0,35.77,31.25,32.06,33.33,32.45,27.22,31.34,33.98,35.63,32.34,30.39,32.94,28.22,23.97,21.69,25.32,27.27,27.61,29.0,25.45,27.55,24.89,22.16,23.67,21.44,23.98,27.33,24.62,19.94,10.8,12.72,13.14,14.38,17.2,18.64,16.4,15.05,21.82,23.48,21.53,24.02,23.03,23.82,22.83,22.5,18.8,17.82,20.42,20.98,16.33,16.79,17.48,16.01,22.08,19.87,24.66,18.91,21.31,21.37,18.83,23.74,26.31,27.23,29.42,31.03,28.07,27.92,24.78,30.61,33.0,31.95,33.99,32.15,34.55,35.8
NL0000008977,HEINEKEN HOLDING,NL,EUR,8018.39,8998.63,8979.61,8968.84,9288.76,9243.71,8963.75,9798.29,9367.81,9170.95,9707.63,8898.31,9291.54,9874.66,9748.33,9989.04,9942.88,10045.12,10006.75,10046.08,10237.69,11613.01,11335.13,11117.68,11019.02,10471.83,11264.88,12044.73,11974.43,11855.79,12227.39,11790.29,11784.55,11290.8,10331.03,10248.84,10316.89,11191.45,11716.82,12435.25,13816.07,13590.03,14531.43,14737.51,14046.81,13876.67,14429.59,14804.12,15919.58,14902.29,15384.88,15374.21,14695.01,14486.43,14614.92,14538.15,13788.16,13192.24,13433.43,12831.11,13237.92,14739.86,15260.86,15617.43,15195.2,16176.77,15822.54,15351.2,15434.05,14765.01,14865.79,15030.36,15268.03,13584.01,11877.47,12248.35,12964.08,12869.13,13641.99,12913.12,12255.61,12155.41,14571.5,14827.72,13872.16,13593.01,14030.3,15772.17,15999.55,15979.81,15602.59,14748.61,13880.45,14771.58,13176.29,14687.48,13871.88,13004.85,12590.58,12702.39,12751.39,11702.91,12655.45,11551.85,11207.07,11081.55,12037.88,12477.71,13331.22,13929.65,14905.83,15798.52,13958.21,14301.87,13527.47,13322.39,12556.12,12605.84,12921.71,14055.52
NL0000009082,KPN KON,NL,EUR,195.45,186.61,184.77,185.67,193.35,190.42,166.73,173.84,167.5,172.81,175.42,167.6,163.36,180.42,178.8,198.51,193.93,204.59,214.94,210.24,203.57,201.23,207.41,206.89,210.02,202.02,228.89,217.65,221.25,220.19,202.64,200.71,204.47,200.53,177.6,182.75,177.27,174.36,185.9,182.4,216.42,202.72,231.99,226.84,220.55,221.74,236.0,224.25,225.61,201.3,192.47,205.99,180.7,180.97,195.73,173.08,178.35,178.89,199.97,197.78,208.39,208.72,214.46,213.23,212.19,213.83,203.12,224.18,220.47,219.22,217.91,208.76,198.42,170.89,168.76,169.96,180.13,194.75,194.21,196.69,176.18,202.29,223.78,227.79,234.27,246.06,254.62,266.45,256.65,241.24,257.62,251.45,246.96,234.79,229.78,243.66,257.52,268.86,274.46,279.38,293.01,286.63,268.72,260.8,222.19,228.93,247.85,252.37,279.1,281.21,289.44,307.75,289.02,300.45,310.6,299.71,282.58,287.18,293.83,294.75
NL0000009165,HEINEKEN,NL,EUR,7057.2,7823.57,8050.86,8101.0,8244.94,8387.64,8217.95,8968.51,8799.73,8779.7,9272.33,8388.25,8794.66,9211.8,8970.42,9365.68,9291.03,9008.96,9415.04,9437.06,9632.95,10969.46,10618.19,10222.52,10343.57,9626.47,10843.16,11318.46,11218.34,11101.36,11399.84,10839.82,10693.33,9996.66,9115.85,9133.05,9091.23,10058.3,10370.69,10938.3,12098.37,11915.65,12757.28,12938.15,12211.39,12034.65,12602.06,12889.6,13931.27,12883.18,13257.8,13164.47,12476.99,12535.05,12638.02,12447.36,11786.52,11333.09,11499.2,11089.12,11301.44,12677.41,13274.02,13695.7,13304.56,14192.0,13821.5,13619.98,13818.07,13042.07,13253.2,13619.24,13927.16,12666.81,10681.29,11014.51,11886.55,11940.84,12599.24,12017.45,11527.92,11499.19,13718.55,14460.24,13526.53,12848.17,13341.73,15150.77,15576.11,15817.05,15197.01,14322.64,13682.51,14513.46,12955.65,14714.36,13941.58,13286.38,12608.27,13027.11,13287.36,12024.77,12955.27,11993.25,11700.43,11112.85,12081.22,12465.9,13213.1,13601.39,14304.53,15449.4,13547.27,13819.36,13217.96,13212.12,11975.6,12139.4,12406.64,13765.25
NL0000009538,PHILIPS ELTN.KONINKLIJKE,NL,EUR,3638.97,3657.75,3670.89,3341.2,3420.09,3432.24,3340.74,3304.39,3452.41,3021.1,3270.98,3161.21,2996.05,3248.16,3069.97,3109.95,3037.61,2839.86,3123.93,2868.51,2623.76,3034.12,3052.83,2858.69,2960.35,2844.18,3186.49,3070.41,3118.31,2877.41,3087.09,3354.03,3428.52,3481.3,3329.67,3537.56,3391.52,3506.72,3726.84,4007.42,4192.96,4203.51,4524.81,4478.18,4894.37,4826.41,4610.72,4488.8,4852.0,4558.03,4542.8,5042.18,4955.08,5154.99,5324.24,5428.14,5523.6,4521.21,4562.83,4285.67,4779.04,4830.86,4942.55,5157.2,4902.34,5396.32,5869.97,5860.57,5749.82,5436.64,5766.45,6062.31,5693.45,5277.82,5026.36,5398.06,5630.57,5904.37,6571.12,6001.59,5968.47,5880.66,6567.03,6782.25,6914.84,6908.92,7243.16,7145.21,7254.5,6389.11,5945.36,5941.35,5728.53,6075.86,4526.79,4803.56,4246.73,4393.21,3977.59,3400.03,3438.7,2875.38,2749.96,2240.02,2097.46,1695.17,1955.38,1999.97,2298.42,2192.41,2447.67,2819.55,2629.84,3020.93,2914.12,3155.66,2806.87,2644.48,2862.75,3255.97
NL0000226223,STMICROELECTRONICS,NL,EUR,343.78,379.98,391.69,404.14,423.32,382.6,355.27,358.11,333.44,287.44,324.07,327.51,364.52,390.75,411.22,351.32,375.3,364.62,349.66,322.72,305.72,313.31,327.17,306.37,297.01,262.57,257.48,284.58,277.26,272.3,341.02,348.79,383.98,447.8,480.09,536.93,622.65,722.91,726.47,766.52,782.74,681.96,809.27,823.12,922.95,1122.27,1082.72,1044.96,1145.18,1097.27,1059.56,1048.75,1138.51,1070.96,1044.9,988.74,876.02,731.89,704.7,689.51,768.63,790.54,716.41,889.39,739.64,863.78,904.86,863.39,942.24,1106.14,1198.55,1314.08,1368.76,1309.45,1067.99,1271.82,1203.38,1332.91,1380.72,1478.53,1511.91,1495.51,1927.58,1820.91,1986.52,1907.26,1878.51,1845.29,1844.09,1788.03,2017.79,2193.33,2158.68,2335.27,2394.1,2435.07,2282.54,2103.94,2177.42,1863.47,1971.35,1552.65,1864.22,1729.64,1566.13,1548.36,1840.54,1748.19,2324.23,2391.43,2643.22,2115.83,2150.82,2473.12,2667.08,2357.62,2161.2,1894.18,2361.48,2492.1
NL0000235190,AIRBUS,NL,EUR,539.94,561.7,546.46,523.97,548.84,512.87,444.74,473.25,483.71,459.06,470.71,386.19,411.64,480.23,503.13,539.41,528.58,505.08,556.88,508.67,462.39,548.98,567.76,529.93,493.07,512.86,526.0,495.72,495.23,457.32,469.29,465.41,484.53,476.28,514.01,533.82,547.19,595.17,617.46,655.18,667.07,667.71,677.81,684.73,776.52,836.22,852.55,817.4,946.38,986.17,949.72,970.07,937.63,967.44,1026.28,1024.25,1042.08,919.42,890.96,799.25,959.06,1080.01,1106.55,1143.05,1072.48,1190.93,1197.27,1160.36,1093.65,1207.17,1240.56,1236.69,1248.1,1004.63,551.56,537.04,534.29,604.37,621.17,697.43,616.58,617.6,889.0,930.58,856.25,986.21,961.18,1019.16,1104.7,1089.4,1162.26,1157.02,1130.05,1084.26,941.33,1082.42,1064.74,1093.69,1041.93,945.84,991.08,823.07,911.83,840.34,744.46,926.99,963.49,1016.5,1071.1,1130.69,1153.02,1209.63,1127.32,1247.54,1277.54,1272.29,1165.39,1158.49,1291.28,1343.16
NL0000289213,WERELDHAVE,NL,EUR,1552.81,1752.51,1738.68,1807.85,1920.12,2001.09,1915.72,1986.26,1772.92,1763.89,1692.54,1706.29,1780.66,1704.84,1660.51,1664.12,1566.15,1472.71,1544.08,1484.27,1493.65,1627.91,1490.41,1497.43,1451.4,1353.8,1493.32,1419.44,1403.34,1246.99,1356.97,1341.77,1420.53,1276.32,1193.19,1287.23,1274.63,1274.28,1285.84,1363.63,1428.61,1450.19,1454.92,1474.28,1422.67,1397.98,1428.87,1477.35,1561.86,1159.55,1196.96,1290.87,1211.96,1260.92,1216.67,1199.9,1149.56,1150.63,1093.5,1038.63,1096.19,997.23,934.27,897.27,854.69,920.58,776.0,724.89,804.82,881.0,891.23,841.29,710.85,613.31,282.79,338.58,327.31,354.79,334.24,324.41,353.43,359.17,507.06,508.72,568.02,651.02,661.69,692.38,714.46,681.62,659.75,634.11,568.32,620.71,535.76,582.21,610.69,730.47,785.92,702.25,715.82,641.38,644.32,579.94,492.15,523.96,583.29,569.47,639.83,682.81,660.07,712.77,677.93,708.94,831.56,809.51,740.53,698.11,778.35,741.41
NL0000337319,BAM GROEP KON.,NL,EUR,11162.01,12935.11,12997.41,11875.21,11482.83,10754.67,5978.19,5202.59,6489.58,5262.2,6226.67,6843.53,6636.76,10428.94,9785.11,9203.79,8595.79,9273.38,10241.04,12147.74,10209.34,12180.18,11431.11,12235.21,11756.73,9952.65,10415.35,10624.2,10379.87,8035.38,8658.04,9885.5,10230.13,10254.71,9546.98,10213.76,10426.97,11555.4,11942.03,12636.92,11927.72,12205.69,13311.15,13454.74,12847.95,12691.87,12221.87,10333.57,11034.42,9945.55,10453.87,10993.81,10756.11,9693.33,9471.65,9447.62,8850.64,7937.27,7212.13,6620.1,8255.06,9390.73,9942.79,11576.42,10068.45,10592.74,8045.48,6987.86,5947.42,6032.92,6497.74,7176.37,6573.13,6420.91,3329.74,3967.78,4034.9,4303.98,3698.26,3674.87,3014.31,2955.36,5153.31,4965.36,4690.11,6425.32,6042.31,6607.15,7001.54,6610.57,6723.04,7855.92,7569.37,6913.61,7046.04,7280.97,7876.44,6704.69,7250.83,6648.83,6817.58,5613.36,5761.42,6366.14,5903.95,5198.66,5465.09,5512.36,6038.24,6113.28,5673.56,5598.13,5177.23,4918.81,5962.65,5459.01,5449.63,5273.24,6993.73,6826.92
NL0000360618,SBM OFFSHORE,NL,EUR,3807.43,3059.63,3596.04,3604.06,3215.42,3185.61,2656.4,3031.14,2866.92,2469.07,2673.07,2336.81,2158.13,2325.32,2454.39,2555.45,2625.81,2338.42,2422.42,2356.13,2490.36,2718.79,2773.31,2500.91,2590.34,2505.78,2515.45,2689.77,2373.93,2338.93,2683.27,2936.23,2853.32,2880.14,2900.06,3158.85,3263.71,3096.99,3301.83,3353.78,3139.22,3258.37,3507.48,3254.84,3693.91,3634.08,3383.34,3586.91,3812.71,3472.01,3254.27,3479.31,3263.8,3216.22,3213.48,3349.27,3743.23,3579.06,3137.81,3054.37,3420.62,3905.29,3935.62,3902.25,3719.42,4075.79,4212.45,3535.12,3504.33,3624.79,3554.53,3925.23,3628.74,3295.69,2784.5,2829.32,3056.18,3267.89,3472.25,3872.69,3580.92,3603.87,4231.85,4257.5,3847.05,3984.86,4104.03,4097.0,4063.36,3573.24,3411.3,4282.7,4196.51,3716.84,3293.64,3501.34,3700.6,3578.34,3771.04,3641.95,4054.48,3382.81,3471.64,3505.33,3160.3,3387.25,3916.57,3914.16,3919.05,3678.3,3716.84,3804.83,3645.65,3686.69,3918.42,3903.96,3540.5,3341.34,3584.12,3700.18
NL0000379121,RANDSTAD,NL,EUR,2449.78,2430.24,2258.27,2290.6,2295.9,2136.78,1955.45,1918.5,1835.58,1737.18,1950.38,1911.01,2087.4,2328.11,2391.28,2408.88,2331.65,2624.7,2777.8,2546.52,2395.42,2420.61,2521.15,2520.56,2187.64,2088.83,2238.69,2243.93,2257.17,1677.62,1797.25,1966.46,1903.26,2147.97,2122.72,2270.08,2428.41,2436.97,2416.65,2578.45,2506.36,2523.4,2601.35,2526.67,2677.98,2663.1,2670.05,2662.89,3066.82,3107.05,2953.56,2899.46,2679.56,2646.54,2854.24,2822.43,2436.36,2302.85,2220.23,2090.74,2204.43,2439.02,2345.22,2741.88,2473.74,2642.87,2436.23,2246.14,2420.53,2726.89,2869.82,3009.07,2835.37,2526.35,1738.07,1975.54,2066.57,2193.37,2367.48,2571.67,2571.19,2461.09,3062.86,3207.6,3078.35,3307.62,3566.52,3659.09,3942.74,3869.9,3669.27,3720.8,3502.13,3743.71,3261.98,3551.06,3355.95,3545.85,3288.61,2902.36,3045.59,2612.6,2716.46,2528.73,2517.15,2873.18,3263.95,3503.78,3672.96,3551.12,3598.33,3296.11,2965.76,3197.1,3563.25,3566.86,3363.81,3131.35,3606.92,3800.7
NL0000395903,WOLTERS KLUWER,NL,EUR,16591.28,17365.97,16956.68,17304.56,18633.31,18406.03,17219.41,17266.59,16589.85,16587.33,18267.97,19074.81,18625.75,20216.59,20302.01,20629.97,19776.1,18898.23,21225.92,20150.43,19676.96,21799.48,22133.23,21555.3,21729.87,24227.05,25616.29,24805.89,25988.11,26466.71,27416.86,27443.07,28036.92,25309.96,23635.01,23776.47,25023.38,26907.39,27292.68,28236.66,29202.89,28114.33,29493.57,29173.37,30906.62,32781.0,34704.7,34913.25,35514.08,33994.79,35519.88,36758.65,38057.29,38239.78,40942.71,43379.17,42574.22,38809.45,41227.2,40325.44,42625.75,45083.72,46541.32,48073.12,48079.63,50296.35,50356.54,50076.17,50679.52,51117.25,49861.56,50654.57,52239.02,50557.5,48873.46,51625.37,55991.85,54831.82,55519.73,57780.66,60391.43,57303.14,59457.09,59743.91,58787.19,56368.17,61592.24,64809.97,68605.32,71872.13,81504.14,82723.87,76348.3,75452.61,80368.58,84746.14,72767.23,73376.26,77297.4,74078.51,71762.17,70353.43,78583.76,71669.86,71603.89,77752.46,79234.24,76320.89,79559.75,84902.46,92467.72,97028.4,84180.24,93807.2,93086.09,89807.22,90323.42,95248.96,102542.23,105795.08
NL0006237562,ARCADIS,NL,EUR,2583.74,2735.08,2780.6,2563.39,2614.02,2546.36,2309.71,2447.0,2446.98,2270.61,2313.14,2229.14,2247.52,2457.9,2374.43,2342.15,2141.41,2076.0,1994.34,1895.69,1770.83,1914.85,1822.25,1523.22,1009.28,1090.67,1410.66,1350.74,1315.01,1189.22,1055.95,1055.6,1135.15,1037.27,917.21,1108.68,1071.2,1072.52,1246.48,1402.67,1432.95,1461.73,1650.43,1757.17,1745.85,1872.75,1873.37,1853.02,1847.33,1947.89,1588.62,1646.56,1686.24,1505.47,1526.29,1482.73,1395.88,1129.27,1051.09,1016.32,1083.35,1403.67,1299.84,1616.83,1587.68,1630.29,1760.93,1624.65,1601.84,1692.73,1744.77,1999.58,1953.18,1949.09,1363.84,1332.32,1468.46,1550.12,1758.72,1973.52,1865.68,1997.0,2631.23,2836.14,3009.71,2938.46,3502.06,3611.75,3806.44,3570.06,3859.39,4319.65,4364.26,4258.89,3857.75,4198.95,3789.22,3980.68,3968.54,3672.57,3570.37,3029.5,3310.17,2888.53,2971.67,3067.51,3576.92,3536.11,3894.29,3752.91,3703.67,3733.53,3720.05,3840.97,4045.79,4316.0,4147.87,3880.57,4621.82,4961.94
NL0009432491,KONINKLIJKE VOPAK,NL,EUR,789.47,841.48,801.91,732.44,750.73,719.48,682.5,756.6,794.47,737.01,741.39,767.46,823.62,776.03,812.59,786.81,744.5,756.0,788.33,616.77,597.09,605.67,650.19,645.99,649.68,684.18,747.6,832.32,798.46,763.89,787.67,775.43,804.12,772.38,716.5,724.93,657.36,649.6,669.55,708.49,712.0,727.37,745.69,663.98,689.03,680.26,664.89,689.76,712.1,744.3,769.82,796.52,790.25,744.69,759.68,832.66,794.52,730.52,704.49,731.12,821.39,789.05,772.09,737.2,676.8,764.2,821.76,790.2,850.84,908.15,882.93,897.79,887.26,784.35,861.04,974.95,927.86,894.5,927.16,931.03,953.34,879.39,890.96,889.8,856.77,811.27,843.97,800.45,825.35,792.7,738.63,755.49,687.72,694.78,659.28,611.29,596.13,647.66,570.31,492.94,521.63,459.12,420.84,402.36,334.12,373.12,530.51,540.16,547.07,583.72,643.8,722.85,662.75,674.91,715.01,683.71,649.52,636.26,650.37,636.33
NL0010273215,ASML HOLDING,NL,EUR,6161.56,6317.6,6722.21,6039.45,6296.52,6824.26,6939.35,7029.2,7297.32,7295.81,7760.01,7937.5,7714.33,7942.1,7461.16,7998.95,8234.04,7623.36,7391.43,6755.27,6439.41,6898.92,6818.41,6619.02,6726.16,6786.57,7509.39,7135.32,7439.88,7340.69,8270.91,7940.01,8206.65,7907.72,7741.29,8409.12,9080.6,9091.23,9945.93,9976.11,9974.8,9824.51,11406.34,11712.85,12856.3,13614.12,13286.43,13158.01,15348.91,14852.22,14869.19,14492.34,14881.87,15089.58,16351.85,15563.02,14232.21,13022.93,12857.4,11940.82,13389.7,13972.47,14297.77,16015.64,14531.66,16116.83,17391.62,17155.16,19082.72,20193.38,21066.35,22897.56,21795.45,21080.23,20578.0,23046.95,25334.63,28545.13,27552.56,29223.54,28690.26,28254.07,33967.31,37962.01,41665.1,44082.99,47421.09,50844.53,52362.77,53778.58,59306.72,65090.83,58589.5,63448.05,61791.07,63060.73,52267.63,52782.72,53256.31,45362.22,45360.06,37648.31,44739.84,38591.7,33638.75,37410.87,45889.49,42708.67,51981.32,49300.44,54072.46,50549.83,57157.72,57751.04,57410.22,52793.6,47365.08,47812.09,54529.43,60412.05
NL0010583399,CORBION NV C,NL,EUR,14137.12,15205.58,15921.65,15606.34,15182.17,14347.75,12971.01,11419.95,10023.19,10977.58,12004.32,11376.05,11318.46,13197.39,12921.3,15568.06,13944.11,14206.34,15234.96,15789.47,16451.26,17754.9,17141.0,17428.42,15939.62,16010.66,17098.45,18355.44,18594.88,17938.04,17985.0,20350.52,20135.46,17220.43,18551.44,20045.79,19137.82,19297.47,20498.15,23194.23,23575.11,24788.27,24974.35,23365.69,25005.3,25942.53,25123.19,25165.16,25489.76,24160.21,23502.36,24871.0,24824.92,25255.81,27164.51,24946.04,25767.82,24096.15,22913.94,22154.74,22511.74,24270.53,23843.51,25307.31,24732.37,26360.62,26564.11,22998.82,23473.48,23353.26,25022.91,25511.9,27981.07,29207.39,23997.0,28903.09,29713.12,29093.83,31707.76,38167.41,37857.34,37460.69,42701.48,46445.51,48064.32,47024.79,45918.66,48240.12,48414.99,47552.6,45556.8,44703.08,40263.48,39568.38,38280.3,39204.17,34487.01,30759.96,28786.59,29013.83,30562.16,25542.6,29264.0,24108.66,21282.43,22558.18,25489.12,28769.71,32419.4,31926.15,27815.44,26637.91,23637.88,20591.18,20351.72,20689.85,17239.29,14902.32,16343.71,18483.85
NL0011794037,KONINKLIJKE AHOLD DELHAIZE,NL,EUR,4177.17,4676.1,5022.32,4983.37,4701.4,4851.55,4515.11,4426.07,4185.77,4320.12,4577.23,4614.88,4676.7,4860.46,5093.78,5140.94,5383.15,4963.75,5310.32,5234.13,5153.4,5425.44,5766.53,5610.33,5975.46,5826.3,5974.36,5928.55,6038.03,6022.58,6496.98,6502.34,6201.93,6200.29,5369.7,5746.46,5789.4,5797.85,5835.59,5805.25,6186.93,5351.43,5715.28,5031.74,5242.01,5274.91,6013.99,6170.82,6274.72,6325.06,6632.84,7001.3,6645.61,6934.85,7373.47,7063.88,6644.54,6639.56,7446.96,7309.52,7651.42,7479.16,7716.49,7188.78,6707.0,6732.51,6807.54,7108.84,7589.84,7553.56,7819.7,7590.1,7461.37,7055.62,7082.97,7513.71,7854.62,8435.03,8957.52,9516.87,9342.43,8669.91,9054.65,8921.96,9042.61,8364.62,8807.39,8654.98,9275.26,9546.92,9974.69,10997.45,10859.47,10615.07,10882.67,11174.55,10511.12,10064.43,10563.14,9839.27,9142.62,8629.17,9102.12,9303.31,8645.58,9427.79,9670.83,9672.8,10042.52,10748.07,11552.72,11862.94,10883.61,11738.38,11909.77,11451.46,10558.02,10348.58,10132.91,10048.88
NL0013267909,AKZO NOBEL,NL,EUR,4479.01,5154.22,5076.47,4784.64,4762.63,4758.53,4577.68,4498.03,4350.43,4243.37,4425.24,4456.91,4622.5,4758.33,4831.85,4976.12,4934.82,4719.83,4675.94,4388.12,4201.08,4645.93,4639.37,4372.31,4170.7,3845.81,4454.17,4713.18,4514.95,4163.67,4309.28,4485.74,4504.59,4317.77,4169.88,4190.55,4539.48,4500.35,5561.36,5942.72,5695.57,5899.42,6124.79,6206.83,6278.0,6200.7,6180.1,6333.78,6787.22,7027.33,6817.58,6706.44,6496.72,6344.1,6858.98,6942.67,6932.35,6268.24,6248.93,5993.65,6393.82,7091.63,6927.95,6752.03,6698.11,7490.28,7572.1,7140.62,7096.9,7366.01,7665.28,8137.95,7560.83,6338.71,5266.48,6194.63,6691.18,7319.76,7706.46,8106.92,8282.39,7912.34,8750.58,8830.07,8366.23,8530.55,9198.1,10029.89,10735.31,10304.06,10293.51,10276.59,9121.04,9637.63,8761.2,9192.42,8597.75,7997.15,7290.17,7484.66,7435.39,5589.08,5726.47,5411.96,4877.99,5306.7,6040.41,5741.65,6363.59,6314.21,6725.02,7280.46,6590.98,7154.59,7524.3,7147.72,6362.95,5909.51,6794.36,7304.84
NL0013332471,TOM TOM,NL,EUR,45.72,42.5,44.51,46.76,48.84,51.45,47.93,50.62,52.53,47.69,46.32,44.04,43.54,55.04,50.52,58.57,73.36,74.33,71.63,66.02,67.01,71.94,82.18,82.99,68.09,59.3,64.36,59.98,58.46,50.53,56.27,60.34,63.03,53.15,52.81,59.34,60.34,57.27,64.26,66.91,67.26,63.05,69.72,68.59,71.48,75.0,71.22,65.25,71.94,63.32,60.59,65.11,63.41,59.63,67.47,66.85,53.95,55.16,59.63,59.45,59.22,54.44,55.38,56.72,56.39,75.04,77.58,79.46,73.09,73.55,68.37,68.82,70.85,65.28,50.85,51.33,55.2,51.46,52.07,52.35,48.96,43.74,53.29,67.21,75.75,61.46,60.24,57.23,58.93,54.53,54.64,52.13,51.71,56.08,55.71,67.43,61.8,54.5,60.97,56.99,53.82,48.04,58.37,52.52,46.96,50.98,51.5,45.05,46.05,50.39,53.35,55.72,49.54,50.56,57.01,51.78,46.58,38.87,43.1,45.91
NL00150001Q9,STELLANTIS,NL,EUR,5433.43,5707.83,6345.32,6557.38,5698.59,5378.2,5281.88,5339.57,5258.22,6079.0,6812.72,6329.23,7193.07,8427.45,8864.93,8150.89,8691.69,7976.72,8608.09,7655.74,7060.83,8077.45,7779.71,7647.18,5699.82,5670.21,6654.24,6603.57,5905.5,5048.15,5326.41,5705.35,5250.43,6046.18,6394.89,7557.7,9026.12,9076.92,9065.25,9356.09,8689.67,8705.31,9986.0,12488.38,14882.14,14355.43,14277.45,14866.69,20133.01,17796.8,16852.36,18630.84,18804.68,15836.17,14183.6,14066.76,14605.59,12654.54,13701.15,12038.07,14214.39,12275.17,12374.58,13374.08,12268.73,13445.29,12898.68,12548.04,12458.09,14956.19,14242.22,14255.7,12514.39,11885.71,6940.83,8450.9,8503.37,9669.16,9811.21,10626.18,11815.21,11819.24,15044.0,17265.27,16762.81,17956.82,19649.3,18843.64,22508.19,22229.56,21739.37,22633.11,21682.75,22604.57,19297.05,21486.5,21541.27,20819.74,18646.28,16715.86,18218.19,15046.36,17326.5,16389.52,14674.22,16478.2,18715.68,17278.74,19056.18,21427.08,22193.75,22025.72,20110.32,23348.28,27340.1,24794.07,25642.23,24742.78,28881.21,31075.39
NL00150003E1,FUGRO C,NL,EUR,2217.17,2463.56,2605.76,2802.39,2534.66,2512.47,1692.14,1595.84,1328.59,605.96,1008.35,916.62,952.3,1050.74,1177.39,1263.69,1159.89,961.35,924.92,916.16,774.26,836.33,813.68,718.01,645.36,751.32,843.96,893.28,782.45,773.28,775.91,693.08,710.44,783.21,722.08,673.29,691.05,701.15,685.53,647.09,639.34,650.72,702.16,556.47,620.79,565.71,619.58,684.56,734.28,638.86,579.14,695.96,691.35,637.19,633.43,564.49,579.82,566.88,533.71,378.57,485.16,497.75,446.96,399.37,361.92,377.95,361.69,310.48,295.79,396.1,413.15,491.57,462.05,346.7,179.04,163.44,165.89,170.85,175.31,188.01,172.61,166.34,246.43,274.7,309.35,315.0,310.56,308.31,320.0,283.16,279.15,292.92,310.08,250.58,215.67,231.29,234.06,284.68,358.52,365.85,441.11,371.81,349.1,377.53,301.84,383.92,457.77,353.11,391.71,373.1,375.19,418.42,423.59,459.58,527.62,499.18,455.04,486.77,544.37,565.85
NL0015001FS8,FERROVIAL,NL,EUR,528.73,581.21,596.09,610.18,595.98,612.47,587.56,571.4,543.19,571.22,589.38,570.17,569.23,609.44,610.02,652.59,627.57,631.1,712.36,695.71,693.69,738.66,701.66,671.36,645.61,574.11,637.73,637.77,638.6,583.88,624.12,593.04,641.93,598.71,546.7,552.36,557.79,586.26,618.25,655.5,706.3,694.24,673.71,712.86,689.6,695.57,706.03,727.53,736.86,693.69,667.97,686.01,663.02,668.68,674.13,706.15,676.35,653.53,686.03,674.48,748.79,769.27,781.76,820.62,806.35,867.17,886.98,963.73,977.69,998.58,1021.14,1040.39,1091.48,976.89,824.64,858.19,946.63,927.64,854.67,932.75,847.95,754.0,981.85,973.3,846.87,881.82,919.6,1001.64,1042.72,1041.7,1052.15,1027.29,1037.79,1119.62,992.42,1125.11,988.77,984.63,963.81,931.24,933.9,918.25,965.6,912.07,832.05,886.77,974.23,965.25,1085.36,1029.25,1087.82,1160.05,1140.75,1168.17,1228.19,1173.31,1133.58,1111.03,1280.73,1348.16
NL0015435975,DAVIDE CAMPARI MILANO,IT,EUR,625.87,669.7,642.9,680.48,680.23,687.39,620.26,613.74,573.52,570.84,556.6,496.04,537.85,538.66,554.15,615.16,612.33,611.07,646.78,599.68,638.65,691.54,705.68,698.37,701.26,633.05,804.48,775.92,785.37,801.35,838.87,882.5,915.57,816.97,784.14,795.94,814.65,824.3,944.35,960.63,1145.7,1151.79,1207.03,1183.1,1188.05,1311.81,1276.33,1266.66,1307.01,1177.81,1237.94,1230.02,1230.53,1356.95,1391.73,1463.52,1405.42,1270.11,1378.54,1392.66,1485.03,1575.12,1620.8,1670.57,1616.81,1627.69,1555.34,1557.55,1499.45,1520.51,1515.54,1515.95,1605.09,1374.05,1192.35,1295.23,1358.21,1408.97,1683.77,1718.72,1827.81,1746.43,1939.58,1911.48,1803.62,1904.0,1877.76,1986.45,2176.47,2252.7,2365.23,2324.78,2374.04,2389.98,2436.31,2458.52,2090.79,1841.33,1975.05,1924.41,1801.33,1774.4,1866.06,1668.11,1509.88,1520.21,1745.93,1712.06,1805.31,1900.43,2067.39,2192.14,2213.01,2353.67,2292.31,2226.99,2009.51,1874.16,1858.54,1918.36
NO0003028904,VEND SERA DEAD - DELIST.28/10/25,NO,EUR,347.57,393.45,369.92,341.62,353.09,313.77,291.84,306.82,327.27,318.59,396.97,380.74,388.77,360.38,349.35,375.31,388.89,376.25,425.4,391.09,410.66,408.94,441.23,400.82,353.22,333.43,355.1,354.19,380.06,363.33,385.06,387.81,359.0,293.5,263.94,281.35,324.06,323.57,314.56,304.68,294.46,296.5,312.94,298.51,317.58,317.12,333.05,353.36,397.54,327.25,343.66,360.78,350.53,377.2,429.77,445.87,465.97,431.52,449.28,415.84,435.43,496.59,488.21,437.76,445.13,465.52,459.81,514.22,499.58,496.06,462.47,509.27,509.46,422.43,319.26,358.83,418.23,438.53,614.8,739.41,745.46,686.81,693.08,721.65,638.6,686.91,709.4,851.51,831.26,818.6,898.61,903.41,808.13,872.99,752.1,653.7,497.12,488.04,422.77,359.67,360.98,304.99,320.54,315.53,232.34,263.79,319.89,322.57,372.16,350.0,289.18,302.51,326.42,304.19,371.51,368.63,391.93,345.87,427.39,498.78
NO0003053605,STOREBRAND,NO,EUR,112.92,120.74,109.85,106.49,113.13,107.12,105.85,106.01,105.98,97.5,88.77,74.14,57.47,68.08,69.3,67.35,68.11,78.25,77.14,64.54,62.26,66.88,70.2,75.16,76.45,74.83,74.4,80.59,83.08,71.34,72.25,80.4,94.08,98.09,99.5,101.55,116.26,128.92,126.55,129.22,128.06,134.48,162.5,161.39,166.09,167.21,156.66,159.97,176.0,172.09,158.88,174.35,166.22,163.99,173.38,180.63,181.51,169.71,159.23,144.72,155.77,161.81,158.51,178.63,153.58,155.99,144.92,122.19,134.14,150.22,152.16,166.66,163.21,133.07,84.36,106.72,108.95,109.12,115.5,131.2,110.99,111.21,151.37,159.1,164.38,182.57,214.12,211.74,221.32,199.92,189.73,195.64,211.43,236.06,202.12,221.4,233.37,218.61,222.72,202.95,205.69,163.13,191.73,184.92,159.21,178.68,202.17,199.32,198.97,191.11,176.33,184.49,173.04,187.74,210.65,193.02,196.93,200.44,208.1,213.15
NO0003054108,MOWI,NO,EUR,0.81,0.8,0.82,0.88,0.93,1.05,1.05,1.05,1.09,1.12,1.12,1.08,1.03,1.01,0.92,0.98,0.93,0.93,1.01,0.98,1.04,1.11,1.13,1.12,1.12,1.2,1.3,1.31,1.42,1.42,1.45,1.35,1.56,1.59,1.6,1.6,1.57,1.59,1.38,1.51,1.59,1.57,1.71,1.83,1.86,1.84,1.7,1.64,1.67,1.91,1.96,2.13,1.99,1.98,2.18,2.18,2.33,2.45,2.39,2.15,2.25,2.39,2.31,2.24,2.43,2.45,2.54,2.54,2.45,2.59,2.66,2.78,2.56,2.27,1.64,1.86,2.04,2.05,1.96,2.14,1.92,1.71,2.21,2.42,2.41,2.64,2.7,2.69,2.85,2.77,2.78,2.92,2.8,3.18,2.5,2.62,2.7,2.87,3.03,3.19,2.92,2.54,2.58,2.31,1.44,1.69,1.77,1.95,2.11,2.01,2.14,2.2,2.0,1.86,2.06,2.12,2.11,1.92,2.13,2.14
NO0003078800,TGS,NO,EUR,128.98,158.29,164.08,172.25,163.2,167.18,148.68,147.35,133.17,122.04,116.48,112.82,121.15,128.14,116.06,132.87,137.6,127.4,116.03,104.45,100.95,108.36,105.36,87.45,78.53,80.85,84.54,92.61,84.15,90.98,92.97,98.16,101.6,114.47,111.67,126.56,136.41,125.92,121.19,125.25,120.39,117.67,121.18,124.1,138.12,132.96,141.2,138.61,147.2,144.74,143.49,186.81,199.08,217.96,226.04,226.58,242.33,200.24,167.25,144.38,177.78,164.57,165.14,157.54,152.87,171.2,149.46,148.86,156.73,160.01,177.48,189.27,158.81,142.51,70.29,97.36,90.84,92.09,94.62,84.2,77.65,59.19,90.73,100.85,87.26,103.63,104.78,100.15,89.79,84.57,76.92,74.4,71.36,61.67,62.89,65.25,72.71,77.11,103.72,108.44,115.1,97.35,103.93,107.33,86.34,95.9,94.35,95.07,116.71,129.73,128.1,111.57,98.93,107.61,97.42,94.44,100.51,99.39,94.35,95.93
NO0003733800,ORKLA,NO,EUR,5031.36,5135.97,5535.13,5634.6,6054.25,6088.59,6214.45,6197.71,6184.29,5220.27,5093.84,4664.01,5036.62,5393.77,5170.35,5580.28,5556.87,5579.88,5706.88,5175.85,5263.33,6075.1,5785.8,5634.91,5714.8,5864.11,6447.34,6434.04,6670.83,6504.03,6850.99,6741.47,7616.58,6970.95,6570.56,6695.32,6888.05,6503.46,6598.45,6922.06,7647.22,7725.37,7818.43,7808.25,7827.66,7926.93,8161.45,8633.58,8477.55,8909.28,8694.03,7769.89,7551.84,7335.05,7091.19,6908.57,7070.03,7246.39,6910.07,6579.18,6749.38,6605.31,6436.66,6804.65,7529.03,7721.89,7476.75,7978.93,7923.94,8370.5,8431.58,8807.1,8399.53,7276.08,7374.77,8111.01,8031.19,7810.47,8811.14,9158.39,9015.77,8422.93,8598.35,9082.08,8717.53,8288.33,8778.52,9446.36,9635.93,9414.49,8395.95,8242.84,8489.13,8971.84,8396.67,9256.08,8785.78,8670.67,8278.27,7873.35,7533.12,7654.04,8273.12,8074.66,6981.64,6482.4,6739.87,6917.69,7157.3,6491.65,6811.26,7164.96,7167.0,7196.6,7915.88,7641.28,7516.47,6887.16,7388.71,7763.25
NO0005052605,NORSK HYDRO,NO,EUR,1727.24,1892.38,1903.2,2038.7,2125.64,2090.26,2320.07,2302.22,2186.22,2184.08,2290.91,2211.52,2298.63,2242.71,2055.0,1845.24,1879.75,1687.43,1505.7,1372.91,1335.52,1445.97,1554.57,1503.5,1320.01,1597.51,1654.61,1747.47,1651.69,1500.75,1771.76,1758.84,1785.33,1854.73,1952.93,1987.3,2365.5,2352.61,2404.45,2369.14,2299.58,2350.22,2732.23,3061.98,3094.11,3283.27,2901.89,3242.69,3114.37,2893.08,2489.72,2658.18,2765.02,2638.04,2515.18,2440.4,2644.14,2294.42,2074.56,1995.5,2036.17,1827.44,1788.53,1883.53,1599.5,1635.77,1583.36,1448.21,1610.47,1616.18,1618.64,1698.51,1439.11,1287.07,984.99,1170.97,1161.03,1259.43,1279.31,1469.6,1257.95,1278.69,1929.71,2210.13,2115.88,2646.02,3045.43,3037.62,3194.76,3099.88,3230.3,3347.52,3644.29,3551.65,3138.68,3827.72,3701.9,4613.66,4780.88,4166.04,4190.24,2926.12,3527.03,3617.49,2897.43,3405.39,3905.95,3993.93,4316.18,3923.99,3986.21,3926.02,3498.29,3460.58,3814.16,3228.68,3669.92,3312.43,3384.65,3913.89
NO0010063308,TELENOR,NO,EUR,72.07,77.06,77.17,81.55,86.65,83.16,84.04,84.03,80.19,82.03,77.22,73.81,78.38,73.63,73.83,82.55,84.33,81.49,82.27,73.47,69.52,70.69,66.54,63.89,61.52,57.04,61.73,65.64,65.46,64.58,65.69,68.5,67.37,64.25,59.58,60.42,64.0,65.95,67.08,65.32,68.93,68.8,82.84,84.03,88.03,90.04,95.47,91.31,99.84,96.01,95.73,94.24,89.57,89.18,85.13,82.21,87.27,84.33,88.67,88.65,86.72,89.47,91.91,91.79,96.61,99.8,96.35,96.53,94.4,90.05,87.71,86.05,86.98,76.23,69.47,73.9,75.01,71.83,76.74,80.99,82.71,78.29,86.94,86.63,84.44,82.74,89.63,90.84,91.27,88.67,91.3,92.03,88.73,85.28,79.47,85.03,88.98,80.25,78.42,77.17,77.52,74.59,68.08,61.79,51.45,53.45,56.2,54.68,61.43,66.24,68.89,73.12,62.59,62.13,65.62,65.51,69.86,64.9,68.53,72.92
NO0010096985,EQUINOR,NO,EUR,59.22,66.27,70.75,75.92,79.86,79.95,74.46,74.11,71.77,59.63,50.36,46.59,44.11,51.04,47.75,56.87,51.0,48.57,46.37,40.85,40.22,44.5,43.43,39.21,38.06,41.55,44.89,50.36,46.05,49.72,45.52,46.24,49.03,48.02,50.85,54.6,55.32,53.34,51.31,49.69,53.05,50.26,56.75,58.15,61.59,62.22,62.6,66.64,72.95,72.6,73.89,80.59,83.37,84.13,84.24,82.23,90.1,83.42,75.23,68.5,73.88,73.38,71.5,72.56,63.23,65.21,59.72,57.35,63.85,62.11,62.65,67.86,61.61,51.45,43.08,48.42,51.09,49.82,52.05,57.73,50.21,44.87,56.34,60.26,64.44,67.88,70.18,73.06,77.77,76.24,70.28,76.97,92.52,91.65,91.68,97.71,100.71,116.32,139.14,126.59,142.6,128.89,141.89,144.86,123.44,137.42,145.64,136.81,119.63,121.91,112.36,112.4,103.58,118.49,124.0,129.2,138.19,140.35,138.97,136.5
NO0010208051,YARA INTERNATIONAL,NO,EUR,99.85,98.52,107.17,114.24,114.94,125.94,115.04,126.62,126.32,115.37,107.08,111.97,130.67,139.09,127.94,128.96,130.81,135.0,130.09,114.54,103.51,118.54,120.51,112.5,97.44,101.01,97.91,104.13,98.62,86.18,89.03,96.95,90.85,96.74,101.16,107.99,115.5,104.12,105.23,101.87,105.26,105.67,111.92,115.12,126.48,133.78,125.95,129.99,136.23,125.86,119.04,119.44,118.53,119.28,127.06,132.76,141.18,124.12,115.44,110.78,118.86,121.19,117.84,129.42,125.69,142.06,138.85,127.06,126.22,114.1,110.44,121.65,106.5,105.38,91.79,100.04,104.61,105.82,128.07,128.94,117.47,106.35,130.28,133.34,150.17,155.13,167.1,167.79,179.69,176.8,176.8,168.36,175.1,183.39,172.12,177.6,179.44,179.3,177.9,181.59,194.03,156.49,159.69,159.49,132.12,167.63,169.52,168.01,170.09,183.56,166.58,154.16,142.88,155.72,180.31,160.93,167.66,143.81,149.59,156.55
NO0010215684,AKASTOR,NO,EUR,90.0,99.31,91.84,98.55,108.44,107.17,91.29,93.68,111.73,95.61,83.57,79.98,68.06,65.35,55.84,54.16,48.06,49.05,37.74,39.23,35.8,36.42,37.89,37.64,27.77,22.23,29.37,38.61,31.54,30.82,27.59,29.26,29.56,38.35,40.44,52.25,49.94,42.52,41.86,41.16,38.07,45.57,56.22,54.6,60.68,63.79,58.27,55.66,56.42,59.06,53.89,55.17,61.14,60.97,57.59,56.17,60.27,54.3,40.92,41.87,42.52,44.37,42.3,42.83,38.06,37.9,35.85,34.63,33.12,31.45,26.68,31.4,27.68,24.18,10.43,10.93,12.57,13.81,18.22,21.59,17.8,19.81,23.89,22.96,20.19,23.05,19.71,19.01,18.95,20.65,18.26,18.24,19.08,19.3,17.03,16.81,18.21,21.78,25.97,24.43,25.1,23.41,25.21,27.64,22.01,27.29,27.15,25.98,29.74,33.54,30.27,27.42,24.84,28.66,29.97,27.93,30.94,26.09,28.28,31.87
NO0012470089,TOMRA SYSTEMS,NO,EUR,64.72,70.8,72.74,71.97,65.59,63.1,64.37,65.63,59.19,58.04,54.6,59.5,62.07,70.93,65.23,76.89,76.58,72.13,70.54,68.15,74.18,84.83,85.86,85.34,76.13,75.76,82.48,93.56,89.61,85.46,88.25,89.84,93.51,87.64,80.45,84.72,88.39,90.39,88.19,95.8,97.69,100.18,116.62,123.73,123.51,114.64,122.08,132.27,139.76,146.04,171.87,155.45,191.01,175.35,172.96,184.9,208.35,207.83,226.84,188.02,216.8,221.02,249.43,251.1,255.77,279.76,253.58,239.14,227.51,229.41,253.64,269.51,251.01,266.2,236.06,283.34,305.52,311.36,349.77,415.14,365.57,344.82,370.42,422.89,395.69,368.9,371.67,429.83,444.32,476.51,499.1,529.92,452.23,556.36,589.5,617.7,428.33,407.59,445.54,350.99,356.69,324.37,407.65,401.88,309.7,283.5,329.49,294.9,307.61,281.56,294.81,270.42,280.94,285.58,273.68,243.69,203.6,140.19,174.92,215.6
PTBCP0AM0015,BANCO COMR.PORTUGUES 'R',PT,EUR,73.13,88.98,102.21,99.2,85.45,85.38,80.75,76.75,73.67,63.48,58.25,44.75,40.02,52.53,57.86,56.21,52.59,48.92,43.54,39.74,27.33,32.52,30.08,29.9,23.69,21.04,22.9,24.95,19.18,11.38,12.72,11.29,9.74,9.98,9.4,8.48,7.37,6.98,9.14,9.72,11.27,11.72,12.41,11.58,12.64,13.02,13.38,14.24,17.49,15.68,14.58,14.65,12.78,13.1,13.69,12.72,12.91,11.76,12.24,11.44,12.05,11.96,11.27,12.22,12.24,13.6,11.31,9.35,9.13,9.95,9.49,10.0,9.33,7.84,4.94,4.91,4.81,5.28,5.1,5.19,4.14,3.86,6.23,6.62,6.1,6.25,5.99,6.58,8.55,7.03,6.25,6.8,7.98,7.94,7.1,7.04,7.41,8.15,8.46,6.86,9.03,7.61,6.5,6.44,5.27,6.3,6.94,6.9,9.36,10.68,9.78,11.35,9.67,10.57,12.08,12.33,12.17,13.51,14.84,13.38
PTEDP0AM0009,EDP ENERGIAS DE PORTUGAL,PT,EUR,266.61,307.75,329.69,344.38,354.23,375.28,350.66,363.04,326.51,321.6,307.68,291.32,285.08,295.88,280.0,299.46,307.01,298.82,293.1,275.9,287.59,293.06,262.46,284.17,274.18,244.52,280.59,280.04,278.87,255.9,286.95,279.92,280.94,276.06,241.96,255.31,242.97,259.43,284.02,275.97,326.87,289.92,314.04,340.42,334.31,316.81,311.77,307.58,312.91,298.12,337.19,350.41,368.7,374.28,384.91,369.13,348.02,331.6,329.56,328.62,345.12,346.24,371.06,357.04,363.03,380.44,369.61,378.45,388.18,411.5,404.48,433.57,501.15,463.34,401.21,421.52,492.47,500.43,543.52,544.18,527.66,528.76,573.3,676.7,673.98,617.94,613.96,619.79,640.79,590.5,578.17,611.73,585.48,629.6,606.11,612.1,566.8,546.0,553.39,544.27,581.27,540.56,584.92,556.15,505.21,507.95,540.43,577.16,574.93,588.26,632.97,665.49,586.37,588.74,564.92,550.34,502.38,505.9,577.06,606.64
PTJMT0AE0001,JERONIMO MARTINS,PT,EUR,14629.96,14570.1,14431.66,15063.86,14772.68,14235.45,11340.09,11808.77,9601.77,7649.51,8935.82,8878.0,9520.98,10485.78,11144.01,12968.46,12210.2,11421.39,13349.15,12376.62,12045.52,12674.65,12467.92,11732.53,12530.3,12784.26,14827.24,14831.83,14711.11,14300.49,15245.94,14689.94,15840.59,15708.14,14485.36,14260.23,15540.35,14835.3,16520.47,16944.35,18458.17,18108.69,18261.47,18623.43,18495.77,17090.3,18561.01,18402.13,20287.16,19805.51,17391.09,16837.34,15107.13,13949.34,14445.16,14621.78,14400.75,12084.14,11777.44,11720.72,14141.65,15087.03,14807.73,16351.38,15289.17,16272.02,16435.41,16738.6,17118.47,17057.83,16270.65,16790.59,17604.21,17879.82,18496.01,17346.83,17612.1,18056.45,17475.23,17042.59,16687.07,16532.87,17910.37,17669.32,17139.36,16363.7,17728.05,19253.42,20408.81,19262.81,21541.2,22442.53,21154.38,24086.33,22995.64,24333.34,25519.14,23277.99,25870.57,22418.22,22000.45,23432.44,25001.27,24162.65,20354.47,22687.62,23960.51,23717.47,23924.38,22822.65,26112.53,28159.65,26871.15,30795.25,30581.15,28629.82,25317.6,25953.33,27980.46,28809.02
PTSON0AM0001,SONAE SGPS,PT,EUR,1304.27,1489.95,1554.02,1551.94,1490.04,1393.88,1277.08,1295.23,1231.38,1137.31,1160.2,1052.16,1115.28,1219.12,1291.31,1181.81,1150.61,1147.82,1221.35,1114.13,1074.69,1052.01,1032.54,1032.67,1013.86,938.29,1094.64,1007.78,934.04,710.43,705.97,755.63,693.14,720.87,764.96,836.17,779.31,799.02,919.66,930.45,974.74,1050.11,1083.29,1057.53,1140.99,1132.05,1148.55,1278.1,1522.68,1388.15,1273.0,1288.3,1212.69,1181.97,1118.39,1048.61,1018.82,984.99,931.48,910.05,1027.98,1049.78,1017.51,1094.86,1023.07,997.92,970.48,937.17,961.52,1039.74,1035.55,1053.7,959.67,802.19,667.21,808.95,827.15,799.08,778.39,790.56,752.41,651.86,892.8,896.95,889.91,914.7,1013.96,1040.55,1127.29,1116.46,1161.74,1280.83,1239.08,1295.8,1248.45,1342.26,1342.95,1282.1,1364.34,1277.44,1467.53,1516.36,1401.96,1249.28,1000.54,1191.78,1228.23,1236.09,1259.15,1362.2,1352.53,1414.01,1258.19,1284.7,1424.35,1379.41,1272.95,1283.3,1323.97,1305.85
PTZON0AM0006,NOS SGPS,PT,EUR,61.3,71.7,71.92,66.0,63.78,61.68,56.04,54.89,56.6,53.78,58.19,59.47,59.71,62.33,67.95,68.36,70.64,76.58,81.68,77.35,78.83,80.0,73.94,75.42,69.34,66.51,63.98,68.75,73.05,59.51,65.85,66.49,66.9,65.21,55.77,58.45,55.33,58.38,53.72,56.28,62.4,61.8,64.67,65.2,63.16,61.1,69.42,67.1,69.67,62.55,60.06,60.68,58.12,59.45,63.23,62.04,65.0,60.96,67.36,65.65,70.51,64.84,69.42,72.75,72.63,75.86,72.18,67.84,62.95,68.47,62.57,62.1,59.8,45.19,38.59,42.97,47.46,50.28,54.99,50.27,44.08,42.6,47.49,43.39,42.81,41.78,45.26,47.11,48.52,47.58,50.28,57.2,54.71,53.0,51.36,52.63,53.31,52.35,57.6,57.59,61.77,58.4,54.85,53.74,47.71,57.05,57.64,58.81,62.31,64.58,66.71,70.92,59.25,57.22,61.38,60.7,59.38,58.81,59.86,56.94
SE0000106270,HENNES & MAURITZ B,SE,EUR,35787.82,37453.75,35314.58,34917.47,36381.91,37533.94,35202.66,36647.96,35704.38,34105.51,36881.98,35742.69,35423.03,37482.03,34825.71,35200.51,34806.75,34028.13,35401.34,33963.45,32241.14,34617.68,32811.81,31696.97,28821.75,28744.11,29537.2,31479.31,28092.05,26668.22,27767.52,27897.13,25892.1,25818.0,26599.53,25568.12,26215.02,24284.44,23510.68,22712.16,23401.74,23335.05,24401.28,23685.65,24239.62,23543.51,22710.21,19856.14,17035.09,15926.41,14353.14,16455.06,14935.26,14813.24,15454.94,13387.56,18332.25,17566.41,18865.54,14558.16,15916.83,15509.5,17115.6,17838.6,15743.78,18806.05,18551.56,20226.24,20481.03,22096.58,20903.01,22026.63,23769.64,19356.19,13984.82,15094.84,16337.81,15685.4,16817.87,17307.26,18716.63,17585.04,22992.26,22670.95,23259.55,25644.43,24434.6,26730.19,27655.56,25694.55,22660.96,21673.1,22069.03,21114.08,19856.16,22150.91,22120.48,19146.28,15247.92,14395.01,15919.45,13792.26,14675.44,12084.07,10786.16,11642.45,12998.25,12798.99,14539.64,15043.78,16937.48,17361.62,15118.03,20827.51,20441.21,18581.17,17383.7,16233.98,19864.41,21727.53
SE0000108227,SKF B,SE,EUR,1051.64,1062.34,1046.51,1055.61,1051.33,1044.33,967.68,946.87,856.07,817.83,845.16,862.57,967.72,1030.98,1084.07,1025.13,1010.74,956.31,825.99,800.64,768.99,743.27,731.84,682.89,637.14,692.78,758.83,803.65,766.08,689.94,692.69,733.48,753.55,739.77,783.82,804.21,877.66,832.03,892.61,987.85,921.27,909.69,892.42,897.03,977.48,1045.37,1020.45,1000.28,1114.5,946.4,944.92,945.22,899.98,864.88,955.06,892.82,915.15,746.51,732.84,703.86,779.02,781.64,802.65,891.39,747.29,887.37,798.67,778.57,797.89,873.59,921.32,975.58,883.94,835.53,681.01,786.07,905.59,917.33,911.36,987.74,1024.11,1010.33,1219.27,1282.55,1359.19,1352.06,1443.13,1310.19,1368.43,1291.26,1347.68,1290.66,1202.61,1174.28,1157.71,1200.69,1101.11,943.98,876.52,879.62,934.45,779.28,885.8,801.16,718.39,767.31,862.55,810.46,934.28,1014.29,1082.62,994.15,869.18,955.79,1050.61,893.32,922.66,887.09,1035.1,1099.22
SE0000111940,RATOS B,SE,EUR,251.73,254.06,265.08,290.31,278.09,264.79,234.14,232.77,207.62,191.64,187.21,172.23,179.19,201.24,196.29,205.57,194.73,194.69,190.14,186.29,181.63,177.81,172.43,174.89,161.7,162.25,193.87,189.02,174.58,156.23,163.59,152.13,153.49,132.81,133.24,153.28,174.1,150.42,152.27,159.13,166.97,161.67,161.87,158.54,165.65,162.84,150.03,148.49,160.23,137.81,131.8,134.94,119.08,121.45,135.05,126.3,132.12,98.09,98.74,95.23,104.06,79.36,73.62,82.25,100.17,102.75,94.83,81.67,94.18,95.5,130.11,132.02,130.06,112.21,77.26,88.29,97.45,98.91,131.78,141.74,138.58,137.38,162.93,176.41,173.91,190.49,209.03,226.47,251.27,233.07,272.51,253.64,226.09,220.82,223.67,245.82,199.56,206.31,206.25,203.83,215.21,167.14,195.87,166.52,135.08,147.34,167.74,156.72,158.1,123.78,123.25,139.41,115.87,113.08,134.48,125.13,121.35,112.22,123.27,144.7
SE0000112724,SVENSKA CELLULOSA AKTIEBOLAGET SCA B,SE,EUR,1057.0,1127.68,1090.1,1064.22,1061.65,991.83,940.3,917.83,909.29,849.7,900.21,821.73,921.71,947.04,877.5,988.47,1016.34,991.94,1118.25,1110.8,1088.42,1158.79,1126.43,1141.62,1151.54,1166.95,1221.91,1259.07,1276.63,1268.06,1191.17,1225.32,1187.85,1132.91,1064.25,1131.2,1201.64,1230.19,1292.81,1351.98,1442.56,1718.93,1879.51,1893.47,1922.54,2135.23,2228.15,2348.58,2360.98,2264.52,2457.48,2576.39,2559.93,2517.91,2398.71,2696.71,2620.81,2193.58,1862.09,1794.03,2032.82,2135.34,2054.67,2059.84,1804.18,2056.57,1979.19,2041.2,2110.97,2413.98,2354.06,2399.58,2367.74,2235.44,2397.23,2547.92,2949.83,2811.99,2860.94,3055.32,3250.8,3207.56,3834.4,4125.72,4185.1,4088.54,4192.49,4205.9,3976.94,3927.43,4453.46,4220.79,3733.88,3733.76,3891.29,4252.08,4129.55,3945.68,4714.24,4782.23,4405.8,3634.39,3534.66,3675.58,3118.77,2873.99,3225.04,3086.62,3368.61,3419.33,3266.02,3398.59,3281.66,3158.44,3302.3,3309.39,3425.74,3397.81,3691.47,3721.37
SE0000113250,SKANSKA B,SE,EUR,558.71,615.16,665.84,673.35,684.77,673.16,614.05,612.11,611.21,598.96,636.84,632.93,654.59,735.56,661.78,680.37,634.21,618.44,647.2,597.56,596.91,598.96,608.02,597.09,586.68,650.81,698.18,702.64,700.04,660.78,680.39,698.61,746.25,694.17,732.97,755.76,781.4,762.7,754.33,795.21,792.54,787.55,754.23,749.59,768.22,729.15,732.06,689.97,677.54,664.35,677.11,684.96,642.65,636.19,658.88,656.99,686.16,550.99,549.49,555.98,611.11,630.96,659.22,629.45,591.49,654.33,682.09,678.86,734.18,772.18,800.26,818.7,837.55,780.03,553.38,693.66,723.0,736.33,730.73,739.56,767.71,692.61,878.39,940.93,958.12,898.43,966.03,1044.0,1081.28,1020.54,1085.88,1106.01,969.94,975.93,883.39,994.57,931.34,877.88,912.99,779.01,692.77,615.86,680.6,598.62,505.94,625.74,635.78,637.36,706.57,735.61,644.95,688.4,554.22,590.26,673.62,618.66,698.86,631.81,678.27,763.23
SE0000114837,TRELLEBORG B,SE,EUR,430.75,425.39,434.24,469.35,482.35,469.4,423.41,423.56,382.99,376.05,359.41,372.12,399.62,446.09,436.55,441.29,438.69,416.65,392.11,367.57,356.01,383.52,441.67,440.84,387.92,375.21,446.77,422.26,431.87,406.38,423.3,440.37,454.05,404.76,422.61,457.0,480.76,476.92,497.68,555.55,556.71,538.69,555.56,562.08,590.52,585.34,569.85,548.3,632.61,606.55,591.9,566.94,527.75,516.28,502.85,472.23,492.06,436.66,411.98,379.48,405.76,396.91,387.04,411.85,331.22,354.4,347.18,340.76,350.28,403.68,411.51,449.03,409.58,381.47,270.21,321.21,337.47,363.11,386.03,436.32,443.74,414.38,515.85,554.19,567.74,638.01,635.18,665.05,656.03,592.27,630.17,618.8,545.47,582.2,578.39,669.54,633.87,518.57,599.04,581.6,607.82,525.49,636.33,546.48,494.18,575.26,622.58,603.82,650.34,677.46,743.05,670.95,661.81,647.05,713.24,679.78,669.88,673.89,830.77,895.66
SE0000148884,SKANDINAVISKA ENSKILDA BANKEN A,SE,EUR,830.27,904.15,921.09,923.6,914.16,897.81,902.22,879.79,898.86,859.22,889.63,854.74,811.69,847.75,822.3,890.5,866.21,897.86,852.38,816.29,748.75,744.14,747.48,745.3,674.56,688.2,715.65,715.24,716.03,644.12,657.95,730.15,752.71,755.86,744.7,786.85,840.83,858.07,881.85,909.69,954.03,954.07,998.73,1026.17,1038.14,973.49,941.9,928.85,1000.8,933.3,879.4,794.78,757.61,801.79,901.85,899.75,939.89,873.26,877.33,817.96,882.56,857.9,784.87,862.23,800.84,837.65,858.62,778.12,832.41,868.66,776.02,851.12,893.79,853.14,613.34,744.04,784.85,783.52,875.59,899.21,804.9,775.38,959.17,930.7,992.01,1046.48,1147.26,1207.05,1201.41,1214.31,1272.49,1260.33,1330.4,1468.4,1403.51,1344.26,1237.08,1124.03,1125.42,1166.09,1128.0,1003.03,1101.05,1026.81,985.23,1079.29,1149.62,1178.54,1233.5,1286.49,1128.93,1236.59,1134.91,1201.01,1321.64,1264.26,1309.31,1211.28,1319.53,1499.52
SE0000163594,SECURITAS B,SE,EUR,389.3,412.74,432.59,450.48,450.68,461.96,453.41,426.8,433.3,429.18,471.55,470.19,475.32,554.59,558.97,582.42,541.72,527.94,576.56,508.73,486.57,525.33,610.01,616.33,586.84,598.92,663.14,631.74,646.83,627.04,677.95,713.4,689.65,635.8,603.06,648.58,654.29,628.68,644.28,679.33,673.89,710.61,701.83,692.75,705.35,740.64,744.51,738.24,783.78,727.98,714.42,685.54,698.36,715.4,781.98,772.93,755.27,745.35,731.1,696.41,696.84,681.11,703.1,757.89,736.55,782.68,697.03,667.99,683.72,714.42,739.55,768.85,701.84,599.59,483.46,526.92,590.7,600.73,665.57,636.25,683.62,630.78,735.17,745.96,716.01,711.18,786.24,788.37,759.91,749.85,837.46,787.13,754.45,784.82,683.13,653.52,568.8,578.11,542.19,566.85,526.34,425.18,496.85,435.23,415.8,486.12,476.09,496.27,541.48,515.34,529.17,532.18,445.53,496.89,517.14,494.58,483.97,484.72,557.15,604.72
SE0000163628,ELEKTA B,SE,EUR,199.28,181.79,181.72,190.74,176.89,173.68,167.44,159.99,138.21,143.05,143.0,142.56,150.31,146.14,125.75,130.8,98.42,87.75,93.57,86.56,93.72,109.87,117.42,120.8,105.01,124.9,105.67,103.35,111.18,113.78,112.72,120.56,137.37,123.07,116.97,125.73,128.15,134.93,139.54,148.4,142.63,134.56,136.62,147.81,147.69,137.5,119.77,118.33,136.98,131.89,153.07,163.74,175.2,189.86,202.23,189.44,194.62,183.83,174.43,172.04,193.47,166.81,181.6,172.43,188.92,211.54,208.84,187.29,193.59,204.88,184.29,193.38,168.09,154.39,122.72,136.87,155.95,137.58,151.63,187.59,188.44,174.81,202.67,200.64,215.8,202.2,193.84,201.45,221.2,217.99,219.47,190.09,170.68,176.3,178.95,192.11,154.18,134.21,122.58,104.89,119.56,106.13,110.33,90.41,80.4,79.67,91.09,94.58,113.64,124.88,121.38,133.54,116.35,122.81,129.15,115.7,110.72,109.8,126.17,132.03
SE0000171100,SSAB A,SE,EUR,116.37,115.06,112.24,126.17,139.78,135.41,141.21,135.08,125.18,105.4,103.54,84.88,70.89,86.29,71.68,88.09,82.15,76.03,69.81,61.04,49.77,53.02,50.39,39.06,34.92,39.51,52.57,61.26,50.39,44.64,61.22,57.66,56.7,61.61,74.97,73.9,79.82,77.02,77.13,84.67,79.38,88.5,97.9,98.45,93.33,95.31,91.71,106.47,123.56,116.48,108.95,112.8,106.93,93.75,97.8,86.48,99.59,79.27,70.89,68.17,78.39,77.76,71.44,77.82,63.33,72.03,59.17,57.22,57.52,57.76,64.28,72.46,63.58,62.36,47.49,50.5,51.1,56.84,60.87,67.65,68.95,60.03,65.42,73.66,88.73,89.69,109.37,112.59,107.74,101.11,117.97,112.29,102.17,117.56,101.16,119.59,120.73,131.17,145.73,145.02,137.96,97.74,107.48,108.6,99.91,107.82,125.9,122.53,159.2,163.92,165.28,178.85,160.95,179.1,160.46,145.03,143.39,151.05,191.4,192.11
SE0000190126,INDUSTRIVARDEN A,SE,EUR,1103.85,1166.42,1192.93,1276.23,1277.63,1253.46,1158.39,1151.79,1092.47,1092.25,1123.63,1083.36,1114.21,1198.36,1174.83,1272.37,1273.56,1203.03,1223.66,1161.18,1163.76,1211.89,1184.86,1160.67,1062.14,1056.11,1154.63,1210.51,1183.99,1104.24,1167.19,1232.6,1268.72,1209.08,1173.25,1261.6,1311.83,1347.44,1475.31,1583.81,1640.3,1655.42,1683.47,1624.62,1733.75,1766.57,1676.17,1682.32,1839.82,1640.41,1576.28,1476.99,1459.87,1356.66,1467.38,1471.26,1529.55,1431.18,1401.2,1383.27,1411.77,1422.15,1441.3,1589.12,1414.06,1569.01,1543.29,1476.03,1547.72,1522.44,1622.8,1703.45,1662.94,1573.86,1343.06,1427.13,1536.91,1559.59,1699.46,1829.7,1864.61,1848.6,2130.37,2294.84,2325.05,2454.73,2532.85,2706.85,2865.62,2742.24,2814.15,2590.79,2265.05,2323.68,2087.35,2244.72,2201.48,1965.14,2032.54,1881.3,1869.86,1624.35,1871.69,1613.02,1470.6,1637.18,1817.23,1759.22,1906.16,1998.29,1950.39,2115.3,1988.11,2049.9,2107.24,1933.43,1969.83,1911.47,2230.37,2418.38
SE0000202624,GETINGE B,SE,EUR,515.62,540.04,428.92,449.79,394.97,402.9,374.03,401.99,387.49,355.48,355.75,348.39,378.81,423.89,384.96,378.22,374.93,373.7,383.7,344.73,345.43,391.54,393.51,410.2,340.95,345.1,364.09,333.9,336.16,321.55,320.74,307.2,306.21,258.8,240.94,253.7,255.18,268.35,281.35,312.38,333.22,312.4,276.95,300.7,303.27,319.12,292.94,286.74,271.01,249.06,223.65,187.55,194.3,182.93,216.65,239.56,231.21,197.51,207.39,180.96,226.16,237.65,234.35,284.46,273.73,319.06,299.83,279.47,283.49,345.91,351.43,376.11,345.44,334.14,389.46,389.68,373.28,378.76,489.69,454.57,445.81,399.76,437.2,477.39,528.7,519.22,567.82,699.17,729.14,778.87,897.2,845.6,825.07,923.34,861.59,900.5,799.4,810.26,834.76,612.31,605.21,482.68,468.53,389.9,361.43,424.69,474.42,434.34,468.83,452.42,509.88,538.88,487.54,372.04,397.02,369.71,377.23,381.47,452.59,473.35
SE0000242455,SWEDBANK A,SE,EUR,150.15,162.13,162.76,161.0,161.89,161.03,155.97,155.12,153.14,160.33,159.68,151.72,147.32,158.06,153.16,149.2,150.02,149.3,151.12,146.08,141.29,148.02,141.98,142.23,133.86,129.84,138.27,147.53,150.2,141.71,143.98,156.9,160.8,160.28,157.59,165.71,172.84,169.13,169.0,172.29,175.52,176.91,189.41,196.19,200.53,180.4,174.33,175.68,186.36,183.34,173.66,169.87,161.42,166.75,184.29,181.15,192.66,175.38,180.74,173.48,176.32,142.99,122.05,139.65,123.07,129.53,118.77,110.82,124.21,120.81,112.28,128.39,132.56,128.68,96.42,101.79,107.98,110.45,139.94,146.51,135.53,135.07,156.47,151.24,163.23,156.27,159.52,158.92,162.43,168.22,176.16,174.26,183.1,203.6,188.65,188.84,182.61,152.72,153.38,162.47,152.89,127.92,139.41,131.86,134.15,151.05,160.86,172.51,194.05,207.84,175.88,186.01,163.54,180.46,196.83,190.05,198.61,175.33,196.76,216.23
SE0000379190,CASTELLUM,SE,EUR,234.79,257.61,253.78,259.53,263.5,271.06,256.86,250.07,232.93,233.92,248.02,238.52,240.68,261.81,239.14,246.79,226.56,222.23,227.03,223.65,222.12,238.6,222.69,226.61,235.34,239.01,261.66,263.18,257.75,267.98,287.15,285.73,284.02,256.92,249.42,260.35,261.03,257.15,257.38,264.98,289.2,283.68,300.11,302.4,308.85,316.43,320.95,333.44,341.04,311.75,327.9,326.75,322.56,326.42,363.26,364.21,365.87,353.21,357.74,376.8,387.45,372.77,404.61,373.74,394.11,398.2,426.23,444.53,453.0,432.59,452.5,496.56,518.65,481.63,365.97,378.86,404.35,403.2,463.3,442.92,499.66,456.59,543.81,557.07,528.92,514.1,492.85,543.64,576.69,568.02,625.0,648.83,555.37,602.39,635.76,609.95,529.03,507.83,567.05,456.8,442.78,297.0,368.58,326.94,265.31,268.88,282.16,289.25,325.59,306.39,277.17,289.29,265.28,270.85,324.41,303.64,291.26,271.01,347.53,404.08
SE0000667891,SANDVIK,SE,EUR,744.9,740.95,748.41,747.03,785.58,751.98,694.47,688.36,621.79,601.95,577.86,537.39,577.76,617.92,615.81,692.38,684.96,629.42,579.45,549.34,483.75,536.22,590.36,500.52,473.49,519.49,590.46,603.05,573.2,580.36,630.93,636.36,646.59,668.38,694.48,728.37,792.55,800.56,880.54,961.12,939.64,940.17,941.86,987.53,1030.19,1093.05,1031.95,1050.42,1182.19,1116.0,1089.45,1050.76,1061.01,1088.53,1121.18,1072.88,1086.37,970.97,908.47,872.82,976.83,1006.85,997.06,1158.96,965.89,1153.37,975.25,900.28,978.34,1109.12,1141.22,1223.91,1146.36,1024.85,894.27,971.68,1038.31,1172.18,1166.45,1234.91,1232.81,1116.96,1411.21,1537.51,1572.21,1692.87,1717.09,1598.94,1702.93,1651.15,1683.99,1645.09,1485.61,1635.9,1597.36,1802.25,1676.86,1416.07,1393.23,1273.55,1354.38,1072.3,1209.71,1066.86,934.06,1061.32,1217.04,1228.62,1397.95,1406.09,1440.3,1414.34,1218.83,1354.04,1415.76,1317.88,1291.13,1180.76,1374.47,1505.79
SE0000667925,TELIA COMPANY,SE,EUR,16.18,16.8,16.4,16.81,17.24,16.96,17.42,16.99,16.09,16.02,16.61,14.96,14.33,14.75,14.76,15.3,14.45,14.45,15.03,13.84,13.2,12.65,12.06,12.3,11.56,11.3,12.78,12.19,11.93,11.95,11.67,11.5,11.43,10.62,9.96,10.72,10.76,10.69,11.17,11.12,12.51,12.54,12.8,12.99,12.82,12.96,12.34,12.5,14.1,13.29,13.11,14.25,13.51,13.21,13.89,12.81,13.25,13.4,13.69,14.05,12.92,12.89,13.42,12.99,12.75,13.57,13.73,13.37,13.68,13.82,13.58,13.49,13.42,12.27,11.3,11.12,11.03,12.02,12.54,12.43,13.25,12.65,14.03,13.89,14.8,13.64,14.58,14.3,15.07,15.33,15.16,14.8,14.25,13.98,13.67,13.89,13.93,13.29,14.39,15.22,14.92,13.94,13.4,12.89,10.53,10.01,10.15,9.68,9.75,9.81,9.62,10.73,8.95,8.44,8.48,7.95,8.18,8.49,9.55,10.26
SE0000695876,ALFA LAVAL,SE,EUR,132.6,148.3,147.44,147.71,146.45,143.74,126.95,127.76,119.53,114.47,111.28,105.72,103.75,112.0,109.68,106.66,107.66,100.52,105.8,96.21,93.31,101.19,105.73,105.11,98.0,89.86,93.72,93.23,89.18,92.04,93.39,91.62,92.74,85.0,88.56,98.06,110.29,107.18,111.89,124.15,122.05,123.67,134.93,136.86,147.43,153.28,143.6,143.21,159.22,146.26,142.43,153.58,153.79,146.58,169.67,165.47,167.15,157.72,132.7,131.94,139.62,134.98,141.91,146.23,129.21,137.74,119.08,116.23,124.65,146.07,155.25,158.96,157.71,140.6,109.66,118.51,127.18,138.39,149.4,154.6,140.11,127.91,159.58,173.81,166.28,196.21,191.05,217.6,242.42,227.09,268.35,260.29,241.3,275.05,247.85,258.57,214.39,211.01,224.25,185.68,176.94,158.04,194.53,176.33,164.75,161.71,183.34,189.78,205.11,217.26,234.14,244.24,238.95,242.75,250.11,234.7,230.78,215.33,249.2,267.06
SE0000806994,JM,SE,EUR,142.59,175.13,174.34,185.52,202.39,203.86,174.11,179.34,175.95,176.81,175.31,174.8,181.29,195.03,183.01,168.49,160.04,154.21,150.87,148.4,151.76,161.24,165.23,169.71,155.5,134.35,147.09,169.86,165.52,146.08,152.6,148.83,160.56,169.19,159.36,170.02,177.23,184.92,185.95,212.94,227.88,213.73,211.86,193.79,189.59,159.56,139.83,138.04,136.74,132.47,136.83,127.9,122.02,115.0,118.66,132.42,126.17,122.38,121.56,125.47,129.71,132.01,123.81,131.1,137.69,158.62,179.71,172.14,176.39,176.73,188.68,204.27,210.69,186.64,124.51,132.67,139.93,160.83,211.24,218.79,222.58,206.78,234.58,258.54,256.72,257.03,258.07,282.5,302.22,263.47,269.05,294.24,270.44,308.1,339.68,343.66,286.19,238.09,245.13,186.34,175.77,131.77,146.84,137.94,111.19,120.1,124.91,131.74,147.94,166.88,142.91,138.17,103.51,114.76,135.78,113.75,117.75,91.72,120.6,151.93
SE0000862997,BILLERUD AKTIEBOLAG,SE,EUR,62.74,72.97,72.17,75.98,80.57,77.74,79.25,77.66,75.99,77.93,79.22,76.96,81.56,85.0,86.43,92.73,92.63,86.0,84.62,83.59,78.56,99.91,104.69,102.12,86.93,86.34,89.65,85.13,86.66,83.83,98.84,96.57,100.44,93.24,94.07,95.47,94.48,90.19,91.74,90.9,93.3,92.22,92.19,97.23,98.73,100.51,100.2,100.21,90.14,87.0,90.02,86.23,91.5,85.44,71.96,71.28,77.84,71.59,80.57,71.76,76.09,78.59,80.2,81.89,73.46,81.73,71.66,67.97,66.49,73.84,71.26,73.94,80.41,75.3,68.5,79.13,88.42,92.93,103.92,109.37,108.99,101.68,104.99,114.98,116.39,119.45,120.84,132.66,131.58,132.09,143.93,145.48,127.27,139.01,138.08,125.4,104.75,94.11,99.74,103.87,99.07,85.75,94.27,96.35,87.17,95.01,101.45,89.81,85.16,85.46,75.65,70.6,62.21,60.6,68.24,65.35,74.51,73.99,78.08,81.15
SE0000949331,NOBIA,SE,EUR,39.8,46.48,45.33,47.33,46.37,43.59,39.93,39.37,45.51,42.38,44.43,46.58,45.4,50.92,46.19,57.68,58.31,56.09,63.05,62.59,65.04,65.95,65.62,67.18,59.54,51.17,55.96,62.88,57.45,47.47,51.88,49.98,52.38,48.06,45.3,51.46,49.6,54.05,56.77,58.88,61.9,57.33,58.33,55.15,56.59,46.68,46.42,48.22,46.1,47.54,51.05,49.89,51.67,48.65,47.52,46.98,44.64,40.23,37.97,35.06,36.59,38.53,37.09,39.67,36.43,39.4,44.17,39.76,39.25,43.21,46.03,50.39,49.85,43.36,24.12,25.38,30.37,31.99,40.0,43.64,45.38,40.77,46.79,54.19,52.81,49.56,51.56,60.42,63.96,59.25,56.92,56.17,45.86,42.72,38.0,41.79,37.7,30.74,30.96,27.5,25.26,19.97,21.55,19.35,14.05,12.44,15.62,15.26,13.0,12.64,12.81,10.88,10.05,9.46,8.07,6.28,5.61,5.54,6.35,8.15
SE0001662230,HUSQVARNA B,SE,EUR,13.87,16.16,16.65,20.45,19.38,19.18,19.49,18.73,17.49,18.31,18.2,18.2,17.15,19.3,17.88,18.44,18.91,18.73,18.27,16.13,16.26,16.86,16.56,16.88,16.09,16.11,18.6,20.46,20.32,18.93,22.07,22.14,22.41,19.6,19.24,20.3,21.79,22.35,22.93,26.09,27.27,26.04,26.65,26.43,26.94,26.04,24.41,25.42,27.89,28.54,25.61,25.99,26.41,25.57,21.31,21.41,22.91,20.78,21.64,20.36,20.96,22.54,22.5,25.28,23.12,25.97,24.82,21.52,21.12,21.7,22.12,22.69,21.36,18.75,14.27,17.15,20.82,23.18,27.03,30.85,31.23,29.97,30.97,37.6,36.08,35.66,41.85,40.68,42.78,38.8,40.88,39.11,35.05,42.13,41.57,47.39,40.86,35.92,31.36,28.89,26.94,21.98,23.71,20.27,16.75,18.36,23.48,21.7,26.16,27.56,26.8,26.94,23.03,28.28,30.78,27.0,24.12,20.69,24.52,26.4
SE0005190238,TELE2 B,SE,EUR,104.75,117.94,117.62,120.95,118.61,117.83,122.11,124.85,121.02,126.74,129.86,121.41,113.32,117.43,119.66,133.54,135.53,134.26,120.95,113.93,112.23,116.37,117.67,116.17,95.62,95.67,107.34,110.34,108.67,107.65,105.07,103.03,107.19,106.49,98.21,103.48,113.58,115.39,123.31,129.64,140.56,142.55,161.95,158.46,155.65,173.42,175.18,167.83,171.06,162.03,163.02,177.75,172.64,166.32,189.85,174.46,170.01,160.79,176.76,180.02,176.33,186.22,188.68,188.32,198.14,210.07,207.59,211.95,223.7,218.46,225.06,221.26,229.99,219.3,205.28,197.62,207.25,206.58,221.0,221.35,220.7,194.4,211.5,216.79,227.3,207.95,221.57,217.5,226.35,235.24,253.57,258.35,256.09,249.23,251.35,251.93,255.44,235.4,269.78,264.66,242.86,226.15,226.23,212.52,172.08,169.0,179.58,168.5,177.74,190.59,205.43,219.14,193.15,175.91,160.74,150.59,164.22,157.25,174.27,190.63
SE0006993770,AXFOOD,SE,EUR,119.2,141.45,143.15,137.52,141.66,140.73,131.99,129.3,134.29,159.22,153.63,154.49,157.48,150.5,142.02,169.24,164.4,171.62,183.99,181.76,176.97,195.19,195.35,187.28,187.51,180.32,210.88,211.24,209.56,217.1,205.41,202.13,201.4,178.37,165.91,179.65,187.48,174.63,179.53,189.09,199.6,198.51,200.22,210.41,203.82,215.36,225.2,229.95,240.16,220.12,212.64,232.5,230.87,240.27,252.93,238.53,233.41,222.82,216.84,213.45,218.41,231.03,242.43,238.24,249.38,257.42,275.59,272.77,276.43,280.35,280.13,289.37,269.43,240.05,270.52,281.2,296.97,289.39,299.55,293.85,309.43,313.55,307.52,314.89,325.32,322.95,328.81,344.14,378.57,379.9,371.7,362.75,334.83,342.37,377.28,401.76,354.23,368.23,465.07,420.74,418.32,409.98,451.42,431.62,332.3,357.94,382.85,396.96,371.57,347.79,359.25,364.62,316.33,310.84,375.54,355.66,344.32,329.73,372.95,404.69
SE0007100581,ASSA ABLOY B,SE,EUR,1203.87,1228.41,1280.92,1272.89,1239.84,1246.5,1206.68,1241.43,1266.89,1295.33,1334.5,1298.71,1340.07,1470.74,1460.79,1423.25,1462.34,1401.89,1521.57,1423.57,1331.84,1491.94,1585.02,1573.34,1570.32,1432.42,1472.58,1588.33,1570.72,1536.96,1665.24,1529.94,1539.41,1378.04,1429.4,1408.45,1433.43,1475.32,1561.92,1665.25,1729.0,1686.27,1643.35,1658.96,1750.98,1621.81,1564.63,1599.2,1707.1,1723.55,1654.71,1647.97,1679.23,1669.14,1552.11,1595.82,1571.3,1561.88,1454.19,1395.29,1454.64,1618.93,1692.53,1695.68,1548.36,1800.07,1848.79,1662.48,1773.11,1891.28,1890.26,1861.49,1892.9,1763.71,1507.41,1450.48,1629.38,1636.37,1763.78,1866.03,1889.07,1726.76,1937.97,2001.72,2018.21,2045.97,2337.77,2335.29,2515.56,2466.83,2626.0,2612.65,2391.82,2396.38,2305.27,2514.52,2234.15,2197.27,2254.47,2130.72,2041.06,1762.91,1948.07,1694.25,1570.93,1677.67,1874.19,1800.61,1965.79,2051.58,2008.25,2014.03,1873.99,2030.98,2039.42,1909.83,1857.07,1800.49,2193.14,2463.72
SE0007100599,SVENSKA HANDELSBANKEN A,SE,EUR,2170.9,2385.14,2402.79,2401.53,2442.08,2346.76,2317.64,2253.96,2258.97,2282.09,2347.29,2246.17,2277.45,2415.22,2261.86,2312.6,2259.03,2192.05,2313.86,2241.0,2148.94,2057.14,2023.55,2013.04,1880.98,1926.93,2021.97,2114.41,2028.77,1906.53,1915.28,2044.56,2183.66,2166.94,2200.04,2211.29,2370.68,2212.92,2273.69,2344.8,2330.56,2361.75,2454.45,2466.01,2487.05,2367.61,2267.36,2263.55,2411.03,2276.64,2209.64,1990.66,1943.71,1976.45,2196.05,2154.7,2241.58,1934.17,1956.22,1969.07,1927.63,2026.88,1982.64,2043.79,1842.02,1856.34,1703.94,1651.15,1757.48,1880.74,1840.86,2020.55,1841.37,1865.47,1573.03,1733.08,1774.19,1779.47,1774.66,1891.31,1577.56,1518.83,1909.69,1885.39,1885.7,1986.58,2128.69,2271.09,2193.23,2208.42,2207.37,2197.63,2198.2,2337.8,2156.29,2206.82,2159.81,1964.21,2011.71,2202.5,2118.68,1840.48,1928.21,1776.95,1781.15,2004.07,2137.43,2176.15,2242.97,2298.39,2041.1,2081.37,1855.95,1970.42,2071.72,1965.63,2115.58,2003.2,2234.75,2558.61
SE0011090018,HOLMEN B,SE,EUR,771.27,835.86,816.53,814.83,844.91,827.91,781.0,740.79,706.45,763.9,782.97,787.54,836.55,804.98,781.76,792.37,716.62,698.9,688.28,673.55,670.29,727.58,758.14,743.89,686.63,700.59,786.03,860.25,851.85,793.94,846.73,869.86,889.35,854.53,842.06,896.9,911.84,967.82,1009.09,1088.29,1162.31,1118.95,1163.23,1126.7,1205.59,1268.52,1282.33,1374.31,1363.57,1341.23,1395.95,1316.27,1251.01,1208.89,1184.45,1368.61,1381.84,1219.02,1119.45,1048.37,1136.69,1123.54,1154.23,1152.0,1062.0,1170.93,1171.93,1287.33,1299.62,1620.04,1634.0,1670.85,1623.85,1525.03,1510.01,1602.49,1799.26,1749.44,1880.32,1957.14,2061.89,2100.6,2402.12,2655.96,2547.83,2450.23,2437.62,2683.86,2618.14,2569.13,2993.22,2887.1,2510.16,2521.85,2537.77,2730.83,2732.32,2817.87,3288.95,3402.77,2977.25,2353.07,2370.83,2506.55,2223.09,2106.86,2342.93,2308.62,2385.79,2357.33,2328.68,2284.01,2280.94,2169.51,2334.39,2295.3,2370.76,2277.7,2539.34,2555.14
SE0011166974,FABEGE,SE,EUR,113.63,124.43,120.64,129.62,131.11,131.07,126.95,122.17,118.08,118.53,122.54,119.09,126.81,140.66,136.57,145.04,132.51,129.68,132.91,134.44,139.19,152.27,151.64,158.1,147.01,147.33,160.9,163.08,158.03,164.56,174.83,180.79,178.24,165.15,154.19,160.03,166.53,165.11,160.29,173.08,189.05,192.9,198.03,201.18,205.48,212.1,209.8,214.17,220.31,218.18,216.82,238.69,242.63,246.12,291.94,275.49,285.24,263.49,256.45,274.55,300.2,276.91,299.84,291.3,314.37,316.36,327.43,351.57,346.49,313.93,328.48,349.35,360.31,340.02,269.87,255.02,257.8,248.95,272.2,260.15,295.8,272.55,339.65,339.8,323.34,301.66,295.92,327.06,356.75,351.67,379.97,396.71,336.24,375.34,369.54,371.62,328.59,334.02,334.75,274.36,286.86,212.95,230.15,200.89,156.57,166.1,186.81,194.88,217.85,196.93,179.0,186.59,165.79,168.69,203.91,201.42,190.12,175.85,211.97,253.97
SE0015811955,INVESTOR A,SE,EUR,2200.27,2411.09,2457.06,2630.88,2752.95,2618.63,2531.87,2618.28,2487.34,2509.16,2659.96,2578.2,2585.45,2795.68,2809.49,2862.05,2840.4,2678.27,2799.86,2597.28,2445.46,2698.13,2730.23,2685.05,2416.85,2406.91,2580.13,2672.57,2674.02,2509.8,2596.04,2668.0,2751.1,2684.74,2540.59,2838.9,2992.36,3003.06,3209.36,3467.78,3595.76,3701.05,3630.52,3597.65,3792.66,3811.5,3636.18,3532.09,3785.02,3521.64,3429.59,3387.79,3294.98,3243.91,3482.01,3631.8,3702.2,3509.2,3529.36,3460.09,3562.94,3581.81,3664.34,3849.98,3578.82,3981.85,3972.06,3838.21,3990.14,4180.48,4356.4,4519.8,4558.59,4097.83,3802.46,4156.51,4379.65,4447.19,4984.5,5383.6,5530.14,5092.35,5868.59,6187.22,6257.85,6302.25,6756.57,7241.36,7922.84,7877.54,8577.53,8263.76,7499.28,7971.53,8316.52,9131.77,7803.3,7750.23,8194.83,7331.2,7327.49,6307.3,7183.62,5884.82,5440.4,5984.28,6634.13,6582.54,7025.72,7294.4,7206.24,7740.5,7361.34,7171.37,7303.62,6864.17,6858.84,6515.2,7424.76,8293.38
SE0015961909,HEXAGON B,SE,EUR,1418.15,1584.38,1513.04,1418.36,1422.58,1455.86,1403.46,1481.71,1435.46,1517.33,1439.0,1396.85,1433.81,1631.18,1606.41,1676.38,1673.51,1654.37,1486.2,1469.14,1390.99,1597.31,1658.39,1706.31,1513.46,1557.29,1781.25,1823.89,1794.63,1671.0,1830.5,1881.34,2023.67,1622.18,1637.84,1658.3,1831.92,1873.68,1866.18,2016.01,2055.1,2223.61,2309.9,2294.57,2316.12,2401.37,2310.56,2350.2,2798.01,2750.8,2773.47,2720.97,2663.91,2644.7,2890.54,2816.12,2774.89,2324.86,2359.17,2179.76,2311.97,2492.83,2476.76,2612.44,2223.19,2664.41,2349.02,2131.63,2314.36,2452.97,2711.82,2688.98,2612.52,2535.01,2051.84,2391.11,2632.91,2799.57,3118.9,3482.14,3631.02,3503.37,3991.67,4416.87,4250.96,4052.22,4471.34,4657.28,4866.78,5062.14,5654.59,5908.62,5305.6,5485.98,4966.29,5417.08,4542.99,4657.45,4863.37,4479.85,4187.46,3572.61,4020.13,3546.68,3250.81,3404.96,3817.6,3604.53,3924.54,3837.64,3949.2,3925.27,4028.64,4283.59,3381.75,3116.18,2995.76,2829.45,3489.1,4183.01
SE0015988019,NIBE INDUSTRIER,SE,EUR,645.5,798.29,755.14,823.47,863.41,934.8,798.07,823.89,752.2,788.2,795.78,763.73,756.89,728.22,740.18,792.6,894.79,815.81,852.91,907.01,878.87,975.17,1013.64,1015.72,867.69,940.93,1033.28,1046.76,1119.53,1003.14,1048.8,1088.33,1085.15,951.15,946.76,1009.21,1053.93,1029.34,1024.73,1132.02,1206.81,1216.74,1228.84,1185.95,1296.83,1290.58,1235.29,1238.49,1259.78,1225.08,1217.25,1322.12,1324.57,1402.16,1468.0,1503.03,1562.47,1364.45,1352.17,1338.01,1481.07,1633.27,1674.65,1751.21,1655.74,1931.38,1878.27,1650.53,1673.76,1805.95,2015.97,2286.73,2285.13,2112.77,1923.74,2467.61,2924.99,2913.05,3165.64,3713.65,3403.51,3177.86,3724.72,4351.91,4446.18,4185.38,4117.15,4855.24,5794.75,5606.11,6363.37,7416.84,6736.2,7928.37,7571.04,8044.41,4996.13,4792.02,6003.53,5299.14,4659.33,4014.61,5348.71,5050.28,4831.75,4270.62,4921.75,4991.91,5748.16,5568.01,6085.27,5979.59,5125.82,5107.5,4857.61,4043.35,3560.52,3094.78,3185.55,3784.88
SE0017486889,ATLAS COPCO A,SE,EUR,2665.47,2756.09,2822.75,2913.6,2963.4,2914.13,3018.27,2945.13,2897.21,2905.29,2914.76,2814.76,2991.67,3252.64,3267.45,3183.82,3153.16,2921.87,2873.52,2629.39,2505.67,2781.75,2839.52,2618.24,2257.96,2389.94,2669.28,2784.76,2773.58,2757.32,3027.47,3043.81,3241.35,3194.87,3286.96,3322.34,3487.56,3569.86,3853.17,4110.32,4073.9,4208.26,3975.02,4300.43,4643.45,4864.98,4785.91,4798.4,5217.87,4753.67,4783.77,4456.46,4602.33,4495.38,4419.03,4399.98,4442.27,3823.09,3780.84,3661.16,4013.85,4180.48,4150.42,4839.53,4190.66,4985.66,4825.21,4658.12,4806.21,5570.05,5767.28,6278.85,5582.2,5502.67,5301.98,5520.7,6229.7,6730.97,7031.83,7368.41,7613.95,7014.8,8097.52,8213.49,8756.75,9193.45,9769.6,9785.41,9780.01,9882.49,10910.11,11060.64,9811.84,10430.64,9928.99,11221.44,9447.87,8504.19,8565.58,7554.67,7456.44,6222.46,7723.51,6823.05,6300.71,7188.93,8151.37,7951.07,7928.3,8046.13,8537.15,9792.65,9849.09,9757.7,9662.72,8978.05,9192.47,8824.04,10563.1,11773.75
SE0018012494,MODERN TIMES GROUP MTG B,SE,EUR,99.55,104.97,102.69,97.6,107.41,98.04,89.09,86.23,72.37,70.28,72.8,72.53,64.66,70.62,69.96,75.84,75.0,63.59,67.72,64.22,60.84,67.81,70.02,60.98,62.66,64.16,71.17,71.21,70.43,65.41,65.09,62.48,63.85,67.12,65.72,74.0,76.85,80.84,83.6,81.26,89.48,89.23,90.09,93.93,93.8,99.02,109.37,109.3,119.42,117.34,104.99,102.47,103.79,112.55,98.76,96.33,98.48,99.41,91.15,88.78,90.45,91.09,98.57,99.15,88.8,86.04,71.77,59.02,63.69,71.33,80.67,91.55,76.47,67.44,60.35,77.73,87.37,83.3,104.73,105.02,107.81,102.36,113.57,137.12,132.13,127.73,125.99,133.46,123.11,117.64,123.29,123.6,105.58,99.36,86.19,88.59,115.14,112.67,128.27,92.81,102.04,91.7,117.58,100.69,76.18,85.61,88.01,97.81,100.94,79.64,83.04,91.83,72.2,72.81,74.57,77.77,77.81,91.48,92.46,97.78
SE0018012635,WIHLBORGS FASTIGHETER,SE,EUR,58.84,64.28,62.51,63.8,63.73,63.68,61.89,61.55,57.21,58.09,59.78,60.65,65.13,70.18,64.21,66.22,57.4,55.71,59.39,59.62,61.23,67.34,67.53,69.45,65.68,67.45,72.81,71.81,71.75,71.83,78.56,76.73,75.28,68.55,64.16,65.9,67.52,70.44,67.25,71.16,74.83,77.04,88.64,88.5,89.1,86.69,85.38,87.53,89.1,84.38,84.31,87.74,81.77,87.3,89.77,90.94,90.59,85.28,85.78,87.03,98.08,100.15,102.95,103.04,112.46,112.52,114.16,124.88,126.22,117.46,129.97,142.92,148.54,146.8,108.27,114.64,128.67,131.1,134.47,128.43,158.85,144.51,177.15,180.82,165.56,155.8,152.26,168.71,185.07,179.05,192.25,200.26,164.38,195.1,194.46,187.07,169.0,164.08,174.58,149.68,144.33,119.29,144.29,123.32,103.69,111.94,130.65,128.72,140.01,143.02,130.74,142.97,126.43,128.05,138.89,136.44,124.78,114.51,144.09,165.84
SE0020050417,BOLIDEN ORD SHS,SE,EUR,12.37,12.9,12.33,12.32,11.53,12.01,13.46,13.15,13.45,13.62,14.02,13.27,12.99,16.76,16.46,18.04,17.95,15.27,15.58,13.83,13.08,16.16,15.42,14.22,11.59,12.64,13.44,14.64,15.17,16.5,18.94,18.15,20.21,19.92,22.15,22.49,25.06,26.28,25.68,25.06,24.03,23.89,27.48,30.62,29.6,30.67,27.84,30.04,31.89,31.19,30.61,31.38,32.26,29.77,27.33,24.01,25.55,20.97,20.53,19.85,22.87,25.09,26.14,27.19,21.77,24.51,21.97,21.19,22.04,25.81,24.71,25.42,22.78,19.6,17.53,20.3,21.46,22.52,26.93,29.6,29.5,27.05,34.21,35.12,32.68,39.42,36.79,39.57,41.4,39.72,40.26,35.97,33.32,36.42,35.45,39.92,41.32,46.33,52.97,46.57,46.19,35.02,36.46,35.64,34.45,32.1,40.12,41.42,49.25,45.5,43.38,41.04,36.02,34.22,35.01,31.59,34.34,30.34,31.69,37.02
US0528001094,AUTOLIV,SE,EUR,365.83,390.82,407.09,413.7,432.2,434.56,405.73,425.03,376.78,376.04,407.9,437.42,437.17,465.95,487.77,491.71,524.8,485.69,437.64,427.24,455.93,507.08,528.69,524.23,431.84,448.7,500.45,517.3,520.32,455.99,448.99,453.09,455.74,412.98,444.12,485.72,496.5,451.88,441.34,432.41,481.53,476.67,470.54,474.23,539.63,545.13,561.2,557.51,667.76,631.9,642.91,590.53,654.57,633.56,629.2,550.75,535.85,515.2,535.0,437.36,497.26,513.45,461.49,492.62,389.98,446.61,456.99,437.41,504.43,497.78,526.64,543.97,493.83,433.51,298.91,389.92,413.05,419.09,422.47,508.94,473.47,492.44,578.52,598.33,576.31,584.69,602.88,653.94,692.84,638.8,659.19,577.58,564.18,637.43,638.62,685.13,656.17,583.1,511.05,492.6,539.88,482.51,579.8,524.45,453.13,546.44,605.78,524.78,631.27,634.42,644.25,592.15,566.99,591.62,702.17,679.0,675.69,641.87,730.56,776.88
US8816242098,TEVA PHARMACEUTICAL INDUSTRIES ADR 1:1,IL,EUR,9453.79,10591.03,11241.25,10417.2,10788.92,11224.66,11480.96,11294.43,11584.48,12198.41,12330.93,12471.86,12355.52,12417.88,13600.35,13219.53,13173.3,12978.63,15185.61,14199.68,12475.68,13110.25,13963.88,14592.16,13691.21,12405.49,11965.04,12199.27,11647.05,11303.73,12064.63,11389.19,10422.96,9706.43,8586.96,8282.8,7663.95,8052.77,7405.7,7312.09,6476.5,7751.38,7531.97,3734.09,4165.52,3286.5,3549.77,4557.33,4926.49,4533.47,4155.18,4388.66,5267.44,5975.87,5900.38,5664.89,5341.49,4972.43,5370.57,3844.68,4949.21,4196.23,3909.5,3794.81,2156.71,2301.32,1977.19,1720.38,1715.39,2032.04,2598.02,2443.44,2593.04,2874.78,2238.99,2677.81,3124.11,3074.24,2877.27,2460.89,2246.47,2174.16,2371.13,2406.04,2937.11,2682.8,2877.27,2667.84,2593.04,2468.37,2406.04,2348.69,2428.48,2179.15,2056.98,1997.14,2101.86,2027.06,2341.21,2171.67,2268.91,1874.97,2338.72,2253.95,2012.1,2224.03,2186.63,2273.89,2627.94,2470.86,2206.57,2176.65,1795.18,1877.46,2094.38,2433.47,2543.17,2139.26,2448.42,2603.01
US91822M5022,VEON ADR 1:25,NL,EUR,70.38,73.79,65.59,61.01,60.79,61.01,60.57,61.88,52.44,47.06,38.36,30.51,26.3,40.04,38.29,41.43,45.38,36.32,42.23,34.12,30.07,27.62,26.56,24.2,24.27,26.11,31.43,28.11,28.03,28.62,30.1,31.5,25.67,24.64,25.05,28.7,31.53,30.64,31.93,32.32,30.36,30.6,32.01,33.94,33.62,31.45,32.49,30.89,30.56,23.24,22.49,23.43,20.36,20.28,25.81,25.83,25.83,25.02,24.22,20.84,22.53,22.35,19.95,22.33,21.95,26.72,29.87,26.11,24.01,24.01,26.41,25.31,25.91,21.16,16.14,18.28,15.92,19.24,18.06,15.18,13.47,13.36,15.5,16.14,17.21,19.02,18.92,19.24,19.45,19.56,18.7,23.41,22.23,22.55,18.49,18.28,15.28,5.51,7.3,7.23,5.19,4.92,5.17,4.7,3.42,3.32,6.41,5.24,5.37,7.54,7.58,8.49,8.18,8.74,7.66,7.21,8.34,6.72,8.58,8.42
